START TIME: Tue Aug 18 03:11:02 CEST 2026
Total dataset prefixes: 49
[Tue Aug 18 03:11:02 CEST 2026] WANDB API key detected. Enabling WANDB logging.
[Tue Aug 18 03:11:08 CEST 2026] WandB logs will be sent to:
           Organization/Workspace: unknown
           Project: fineweb-40B_gutenberg-3B
           Experiment: test-llama3-1b-gated-attn-scf1-fineweb40B-gutenberg3B-3108079
[Tue Aug 18 03:11:12 CEST 2026] Running gated attention test...
 1: LANG_RL Log directory: None
 2: LANG_RL Log directory: None
 0: LANG_RL Log directory: None
 3: LANG_RL Log directory: None
 5: LANG_RL Log directory: None
 7: LANG_RL Log directory: None
 4: LANG_RL Log directory: None
 6: LANG_RL Log directory: None
18: LANG_RL Log directory: None
17: LANG_RL Log directory: None
19: LANG_RL Log directory: None
16: LANG_RL Log directory: None
27: LANG_RL Log directory: None
25: LANG_RL Log directory: None
26: LANG_RL Log directory: None
24: LANG_RL Log directory: None
10: LANG_RL Log directory: None
 8: LANG_RL Log directory: None
29: LANG_RL Log directory: None
30: LANG_RL Log directory: None
31: LANG_RL Log directory: None
28: LANG_RL Log directory: None
20: LANG_RL Log directory: None
22: LANG_RL Log directory: None
23: LANG_RL Log directory: None
21: LANG_RL Log directory: None
12: LANG_RL Log directory: None
13: LANG_RL Log directory: None
14: LANG_RL Log directory: None
15: LANG_RL Log directory: None
 9: LANG_RL Log directory: None
11: LANG_RL Log directory: None
 4: INFO:datasets:PyTorch version 2.11.0a0+eb65b36914.nv26.2 available.
 6: INFO:datasets:PyTorch version 2.11.0a0+eb65b36914.nv26.2 available.
 5: INFO:datasets:PyTorch version 2.11.0a0+eb65b36914.nv26.2 available.
18: INFO:datasets:PyTorch version 2.11.0a0+eb65b36914.nv26.2 available.
16: INFO:datasets:PyTorch version 2.11.0a0+eb65b36914.nv26.2 available.
25: INFO:datasets:PyTorch version 2.11.0a0+eb65b36914.nv26.2 available.
 1: INFO:datasets:PyTorch version 2.11.0a0+eb65b36914.nv26.2 available.
 3: INFO:datasets:PyTorch version 2.11.0a0+eb65b36914.nv26.2 available.
23: INFO:datasets:PyTorch version 2.11.0a0+eb65b36914.nv26.2 available.
22: INFO:datasets:PyTorch version 2.11.0a0+eb65b36914.nv26.2 available.
14: INFO:datasets:PyTorch version 2.11.0a0+eb65b36914.nv26.2 available.
 7: INFO:datasets:PyTorch version 2.11.0a0+eb65b36914.nv26.2 available.
 0: INFO:datasets:PyTorch version 2.11.0a0+eb65b36914.nv26.2 available.
13: INFO:datasets:PyTorch version 2.11.0a0+eb65b36914.nv26.2 available.
29: INFO:datasets:PyTorch version 2.11.0a0+eb65b36914.nv26.2 available.
30: INFO:datasets:PyTorch version 2.11.0a0+eb65b36914.nv26.2 available.
15: INFO:datasets:PyTorch version 2.11.0a0+eb65b36914.nv26.2 available.
31: INFO:datasets:PyTorch version 2.11.0a0+eb65b36914.nv26.2 available.
 9: INFO:datasets:PyTorch version 2.11.0a0+eb65b36914.nv26.2 available.
11: INFO:datasets:PyTorch version 2.11.0a0+eb65b36914.nv26.2 available.
20: INFO:datasets:PyTorch version 2.11.0a0+eb65b36914.nv26.2 available.
24: INFO:datasets:PyTorch version 2.11.0a0+eb65b36914.nv26.2 available.
26: INFO:datasets:PyTorch version 2.11.0a0+eb65b36914.nv26.2 available.
19: INFO:datasets:PyTorch version 2.11.0a0+eb65b36914.nv26.2 available.
17: INFO:datasets:PyTorch version 2.11.0a0+eb65b36914.nv26.2 available.
10: INFO:datasets:PyTorch version 2.11.0a0+eb65b36914.nv26.2 available.
27: INFO:datasets:PyTorch version 2.11.0a0+eb65b36914.nv26.2 available.
28: INFO:datasets:PyTorch version 2.11.0a0+eb65b36914.nv26.2 available.
21: INFO:datasets:PyTorch version 2.11.0a0+eb65b36914.nv26.2 available.
 2: INFO:datasets:PyTorch version 2.11.0a0+eb65b36914.nv26.2 available.
 8: INFO:datasets:PyTorch version 2.11.0a0+eb65b36914.nv26.2 available.
12: INFO:datasets:PyTorch version 2.11.0a0+eb65b36914.nv26.2 available.
 0: using world size: 32, data-parallel size: 32, context-parallel size: 1, hierarchical context-parallel sizes: None, tensor-model-parallel size: 1, pipeline-model-parallel size: 1
 0: Number of virtual stages per pipeline stage: None
 0: accumulate and all-reduce gradients in fp32 for bfloat16 data type.
 0: using torch.bfloat16 for parameters ...
 0: ------------------------ arguments ------------------------
 0:   _is_global_batch_size_explicitly_specified ...... True
 0:   account_for_embedding_in_pipeline_split ......... False
 0:   account_for_loss_in_pipeline_split .............. False
 0:   accumulate_allreduce_grads_in_fp32 .............. True
 0:   activation_func_clamp_value ..................... None
 0:   adam_beta1 ...................................... 0.9
 0:   adam_beta2 ...................................... 0.95
 0:   adam_eps ........................................ 1e-08
 0:   add_bias_linear ................................. False
 0:   add_position_embedding .......................... True
 0:   add_qkv_bias .................................... False
 0:   adlr_autoresume ................................. False
 0:   adlr_autoresume_interval ........................ 1000
 0:   align_grad_reduce ............................... True
 0:   align_param_gather .............................. False
 0:   allow_ambiguous_pad_tokens ...................... False
 0:   app_tag_run_name ................................ None
 0:   app_tag_run_version ............................. 0.0.0
 0:   apply_query_key_layer_scaling ................... False
 0:   apply_residual_connection_post_layernorm ........ False
 0:   apply_rope_fusion ............................... True
 0:   apply_wd_to_qk_layernorm ........................ False
 0:   async_ckpt_cpu_priority ......................... 10
 0:   async_ckpt_io_priority .......................... 3
 0:   async_ckpt_use_cpu_shm .......................... False
 0:   async_save ...................................... False
 0:   async_strategy .................................. mcore
 0:   attention_backend ............................... AttnBackend.auto
 0:   attention_dropout ............................... 0.0
 0:   attention_output_gate ........................... True
 0:   attention_softmax_in_fp32 ....................... False
 0:   auto_detect_ckpt_format ......................... False
 0:   barrier_with_L1_time ............................ True
 0:   batch_invariant_mode ............................ False
 0:   bert_binary_head ................................ True
 0:   bert_embedder_type .............................. megatron
 0:   bert_load ....................................... None
 0:   bf16 ............................................ True
 0:   bias_dropout_fusion ............................. True
 0:   bias_gelu_fusion ................................ False
 0:   bias_swiglu_fusion .............................. True
 0:   biencoder_projection_dim ........................ 0
 0:   biencoder_shared_query_context_model ............ False
 0:   block_data_path ................................. None
 0:   cache_mla_latents ............................... False
 0:   calc_ft_timeouts ................................ False
 0:   calculate_per_token_loss ........................ False
 0:   chat_template ................................... None
 0:   check_for_large_grads ........................... False
 0:   check_for_nan_in_loss_and_grad .................. True
 0:   check_for_spiky_loss ............................ False
 0:   check_weight_hash_across_dp_replicas_interval ... None
 0:   ckpt_assume_constant_structure .................. False
 0:   ckpt_convert_format ............................. None
 0:   ckpt_convert_save ............................... None
 0:   ckpt_convert_update_legacy_dist_opt_format ...... False
 0:   ckpt_format ..................................... torch_dist
 0:   ckpt_fully_parallel_load ........................ False
 0:   ckpt_fully_parallel_load_exchange_algo .......... broadcast
 0:   ckpt_fully_parallel_load_process_group .......... dp
 0:   ckpt_fully_parallel_save ........................ True
 0:   ckpt_fully_parallel_save_deprecated ............. False
 0:   ckpt_fully_parallel_save_process_group .......... dp
 0:   ckpt_load_validate_sharding_integrity ........... True
 0:   ckpt_step ....................................... None
 0:   classes_fraction ................................ 1.0
 0:   clip_grad ....................................... 1.0
 0:   clone_scatter_output_in_embedding ............... True
 0:   config_logger_dir ............................... 
 0:   consumed_train_samples .......................... 0
 0:   consumed_valid_samples .......................... 0
 0:   context_parallel_size ........................... 1
 0:   cp_comm_type .................................... ['p2p']
 0:   cpu_offloading_num_layers ....................... 0
 0:   cpu_offloading_retain_pinned_cpu_buffers ........ False
 0:   create_all_gather_group ......................... False
 0:   create_attention_mask_in_dataloader ............. False
 0:   cross_entropy_fusion_impl ....................... native
 0:   cross_entropy_loss_fusion ....................... False
 0:   cuda_graph_impl ................................. none
 0:   cuda_graph_modules .............................. []
 0:   cuda_graph_warmup_steps ......................... 3
 0:   data_args_path .................................. None
 0:   data_cache_path ................................. /iopsstor/scratch/cscs/elyulina/datasets/cache
 0:   data_parallel_random_init ....................... False
 0:   data_parallel_sharding_strategy ................. optim_grads_params
 0:   data_parallel_size .............................. 32
 0:   data_path ....................................... ['/iopsstor/scratch/cscs/elyulina/datasets/tokenized/fineweb-edu-dedup-160B-datatrove_0.25/dump_0/00000_tokens', '/iopsstor/scratch/cscs/elyulina/datasets/tokenized/fineweb-edu-dedup-160B-datatrove_0.25/dump_0/00001_tokens', '/iopsstor/scratch/cscs/elyulina/datasets/tokenized/fineweb-edu-dedup-160B-datatrove_0.25/dump_0/00002_tokens', '/iopsstor/scratch/cscs/elyulina/datasets/tokenized/fineweb-edu-dedup-160B-datatrove_0.25/dump_0/00003_tokens', '/iopsstor/scratch/cscs/elyulina/datasets/tokenized/fineweb-edu-dedup-160B-datatrove_0.25/dump_0/00004_tokens', '/iopsstor/scratch/cscs/elyulina/datasets/tokenized/fineweb-edu-dedup-160B-datatrove_0.25/dump_0/00005_tokens', '/iopsstor/scratch/cscs/elyulina/datasets/tokenized/fineweb-edu-dedup-160B-datatrove_0.25/dump_0/00006_tokens', '/iopsstor/scratch/cscs/elyulina/datasets/tokenized/fineweb-edu-dedup-160B-datatrove_0.25/dump_0/00007_tokens', '/iopsstor/scratch/cscs/elyulina/datasets/tokenized/fineweb-edu-dedup-160B-
 0: datatrove_0.25/dump_0/00008_tokens', '/iopsstor/scratch/cscs/elyulina/datasets/tokenized/fineweb-edu-dedup-160B-datatrove_0.25/dump_0/00009_tokens', '/iopsstor/scratch/cscs/elyulina/datasets/tokenized/fineweb-edu-dedup-160B-datatrove_0.25/dump_0/00010_tokens', '/iopsstor/scratch/cscs/elyulina/datasets/tokenized/fineweb-edu-dedup-160B-datatrove_0.25/dump_0/00011_tokens', '/iopsstor/scratch/cscs/elyulina/datasets/tokenized/fineweb-edu-dedup-160B-datatrove_0.25/dump_0/00012_tokens', '/iopsstor/scratch/cscs/elyulina/datasets/tokenized/fineweb-edu-dedup-160B-datatrove_0.25/dump_0/00013_tokens', '/iopsstor/scratch/cscs/elyulina/datasets/tokenized/fineweb-edu-dedup-160B-datatrove_0.25/dump_0/00014_tokens', '/iopsstor/scratch/cscs/elyulina/datasets/tokenized/fineweb-edu-dedup-160B-datatrove_0.25/dump_0/00015_tokens', '/iopsstor/scratch/cscs/elyulina/datasets/tokenized/fineweb-edu-dedup-160B-datatrove_0.25/dump_0/00016_tokens', '/iopsstor/scratch/cscs/elyulina/datasets/tokenized/fineweb-edu-dedup-160B-datatrove_0.25/d
 0: ump_0/00017_tokens', '/iopsstor/scratch/cscs/elyulina/datasets/tokenized/fineweb-edu-dedup-160B-datatrove_0.25/dump_0/00018_tokens', '/iopsstor/scratch/cscs/elyulina/datasets/tokenized/fineweb-edu-dedup-160B-datatrove_0.25/dump_0/00019_tokens', '/iopsstor/scratch/cscs/elyulina/datasets/tokenized/fineweb-edu-dedup-160B-datatrove_0.25/dump_1/00000_tokens', '/iopsstor/scratch/cscs/elyulina/datasets/tokenized/fineweb-edu-dedup-160B-datatrove_0.25/dump_1/00001_tokens', '/iopsstor/scratch/cscs/elyulina/datasets/tokenized/fineweb-edu-dedup-160B-datatrove_0.25/dump_1/00002_tokens', '/iopsstor/scratch/cscs/elyulina/datasets/tokenized/fineweb-edu-dedup-160B-datatrove_0.25/dump_1/00003_tokens', '/iopsstor/scratch/cscs/elyulina/datasets/tokenized/fineweb-edu-dedup-160B-datatrove_0.25/dump_1/00004_tokens', '/iopsstor/scratch/cscs/elyulina/datasets/tokenized/fineweb-edu-dedup-160B-datatrove_0.25/dump_1/00005_tokens', '/iopsstor/scratch/cscs/elyulina/datasets/tokenized/fineweb-edu-dedup-160B-datatrove_0.25/dump_1/00006_toke
 0: ns', '/iopsstor/scratch/cscs/elyulina/datasets/tokenized/fineweb-edu-dedup-160B-datatrove_0.25/dump_1/00007_tokens', '/iopsstor/scratch/cscs/elyulina/datasets/tokenized/fineweb-edu-dedup-160B-datatrove_0.25/dump_1/00008_tokens', '/iopsstor/scratch/cscs/elyulina/datasets/tokenized/fineweb-edu-dedup-160B-datatrove_0.25/dump_1/00009_tokens', '/iopsstor/scratch/cscs/elyulina/datasets/tokenized/fineweb-edu-dedup-160B-datatrove_0.25/dump_1/00010_tokens', '/iopsstor/scratch/cscs/elyulina/datasets/tokenized/fineweb-edu-dedup-160B-datatrove_0.25/dump_1/00011_tokens', '/iopsstor/scratch/cscs/elyulina/datasets/tokenized/fineweb-edu-dedup-160B-datatrove_0.25/dump_1/00012_tokens', '/iopsstor/scratch/cscs/elyulina/datasets/tokenized/fineweb-edu-dedup-160B-datatrove_0.25/dump_1/00013_tokens', '/iopsstor/scratch/cscs/elyulina/datasets/tokenized/fineweb-edu-dedup-160B-datatrove_0.25/dump_1/00014_tokens', '/iopsstor/scratch/cscs/elyulina/datasets/tokenized/fineweb-edu-dedup-160B-datatrove_0.25/dump_1/00015_tokens', '/iopsstor/
 0: scratch/cscs/elyulina/datasets/tokenized/fineweb-edu-dedup-160B-datatrove_0.25/dump_1/00016_tokens', '/iopsstor/scratch/cscs/elyulina/datasets/tokenized/fineweb-edu-dedup-160B-datatrove_0.25/dump_1/00017_tokens', '/iopsstor/scratch/cscs/elyulina/datasets/tokenized/fineweb-edu-dedup-160B-datatrove_0.25/dump_1/00018_tokens', '/iopsstor/scratch/cscs/elyulina/datasets/tokenized/fineweb-edu-dedup-160B-datatrove_0.25/dump_1/00019_tokens', '/iopsstor/scratch/cscs/elyulina/datasets/tokenized/gutenberg_rep_1_256/rep_128_tokens', '/iopsstor/scratch/cscs/elyulina/datasets/tokenized/gutenberg_rep_1_256/rep_16_tokens', '/iopsstor/scratch/cscs/elyulina/datasets/tokenized/gutenberg_rep_1_256/rep_1_tokens', '/iopsstor/scratch/cscs/elyulina/datasets/tokenized/gutenberg_rep_1_256/rep_256_tokens', '/iopsstor/scratch/cscs/elyulina/datasets/tokenized/gutenberg_rep_1_256/rep_2_tokens', '/iopsstor/scratch/cscs/elyulina/datasets/tokenized/gutenberg_rep_1_256/rep_32_tokens', '/iopsstor/scratch/cscs/elyulina/datasets/tokenized/gutenbe
 0: rg_rep_1_256/rep_4_tokens', '/iopsstor/scratch/cscs/elyulina/datasets/tokenized/gutenberg_rep_1_256/rep_64_tokens', '/iopsstor/scratch/cscs/elyulina/datasets/tokenized/gutenberg_rep_1_256/rep_8_tokens']
 0:   data_per_class_fraction ......................... 1.0
 0:   data_sharding ................................... True
 0:   dataloader_defer_npy_index_mmap ................. False
 0:   dataloader_fast_cache_load ...................... False
 0:   dataloader_type ................................. single
 0:   ddp_average_in_collective ....................... False
 0:   ddp_bucket_size ................................. None
 0:   ddp_num_buckets ................................. None
 0:   ddp_pad_buckets_for_high_nccl_busbw ............. False
 0:   ddp_param_name_patterns_for_fp32_local_accumulation  []
 0:   ddp_reduce_scatter_with_fp32_accumulation ....... False
 0:   decode_only_cuda_graphs ......................... False
 0:   decoder_first_pipeline_num_layers ............... None
 0:   decoder_last_pipeline_num_layers ................ None
 0:   decoder_num_layers .............................. None
 0:   decoder_seq_length .............................. None
 0:   decoupled_lr .................................... None
 0:   decoupled_min_lr ................................ None
 0:   decrease_batch_size_if_needed ................... False
 0:   defer_embedding_wgrad_compute ................... False
 0:   delay_wgrad_compute ............................. False
 0:   deprecated_use_mcore_models ..................... False
 0:   deterministic_mode .............................. False
 0:   dino_bottleneck_size ............................ 256
 0:   dino_freeze_last_layer .......................... 1
 0:   dino_head_hidden_size ........................... 2048
 0:   dino_local_crops_number ......................... 10
 0:   dino_local_img_size ............................. 96
 0:   dino_norm_last_layer ............................ False
 0:   dino_teacher_temp ............................... 0.07
 0:   dino_warmup_teacher_temp ........................ 0.04
 0:   dino_warmup_teacher_temp_epochs ................. 30
 0:   disable_bf16_reduced_precision_matmul ........... False
 0:   disable_jit_fuser ............................... False
 0:   disable_msc_deprecated .......................... False
 0:   disable_straggler_on_startup .................... False
 0:   disable_symmetric_registration .................. False
 0:   dist_ckpt_format_deprecated ..................... None
 0:   dist_ckpt_optim_fully_reshardable ............... False
 0:   dist_ckpt_save_pre_mcore_014 .................... False
 0:   dist_ckpt_strictness ............................ assume_ok_unexpected
 0:   dist_ckpt_workers ............................... 1
 0:   distrib_optim_fully_reshardable_mem_efficient ... False
 0:   distribute_saved_activations .................... False
 0:   distributed_backend ............................. nccl
 0:   distributed_timeout_minutes ..................... 10
 0:   distributed_timeout_seconds_after_init .......... None
 0:   dsa_indexer_head_dim ............................ None
 0:   dsa_indexer_loss_coeff .......................... None
 0:   dsa_indexer_n_heads ............................. None
 0:   dsa_indexer_topk ................................ None
 0:   dsa_indexer_use_sparse_loss ..................... False
 0:   dump_param_to_param_group_map ................... None
 0:   embedding_init_method_std ....................... None
 0:   embedding_path .................................. None
 0:   empty_unused_memory_level ....................... 0
 0:   enable_chunked_prefill .......................... False
 0:   enable_cuda_graph ............................... False
 0:   enable_experimental ............................. False
 0:   enable_ft_package ............................... False
 0:   enable_full_sharding_in_hsdp .................... False
 0:   enable_gpt_oss .................................. False
 0:   enable_msc ...................................... False
 0:   enable_one_logger ............................... True
 0:   encoder_num_layers .............................. 16
 0:   encoder_seq_length .............................. 8192
 0:   end_weight_decay ................................ 0.1
 0:   eod_mask_loss ................................... True
 0:   ep_overlap_early_attn_memory_release ............ False
 0:   error_injection_rate ............................ 0
 0:   error_injection_type ............................ transient_error
 0:   eval_global_batch_size .......................... 288
 0:   eval_interval ................................... 100000000000
 0:   eval_iters ...................................... 0
 0:   eval_micro_batch_size ........................... 3
 0:   evidence_data_path .............................. None
 0:   exit_duration_in_mins ........................... None
 0:   exit_interval ................................... None
 0:   exit_on_missing_checkpoint ...................... False
 0:   exit_signal ..................................... 15
 0:   exit_signal_handler ............................. False
 0:   exit_signal_handler_for_dataloader .............. False
 0:   exit_signal_handler_for_training ................ False
 0:   exp_avg_dtype ................................... torch.float32
 0:   exp_avg_sq_dtype ................................ torch.float32
 0:   experimental_attention_variant .................. None
 0:   expert_model_parallel_size ...................... 1
 0:   expert_tensor_parallel_size ..................... 1
 0:   export_default_te_spec .......................... False
 0:   export_force_local_attention .................... False
 0:   export_kd_cfg ................................... None
 0:   export_kd_teacher_ckpt_format ................... None
 0:   export_kd_teacher_load .......................... None
 0:   export_kd_teacher_model_config .................. None
 0:   export_kv_cache_quant ........................... none
 0:   export_legacy_megatron .......................... False
 0:   export_model_type ............................... GPTModel
 0:   export_moe_apply_probs_on_input ................. False
 0:   export_offline_model ............................ False
 0:   export_qk_l2_norm ............................... False
 0:   export_quant_cfg ................................ None
 0:   export_real_quant_cfg ........................... None
 0:   export_te_mcore_model ........................... False
 0:   external_cuda_graph ............................. False
 0:   fake_process_group .............................. False
 0:   fault_injector_delay_start_iteration ............ None
 0:   fault_injector_fault_delay ...................... None
 0:   fault_injector_fault_probabilities .............. None
 0:   fault_injector_fault_types ...................... None
 0:   fault_injector_mtti_seconds ..................... None
 0:   fault_injector_num_ranks ........................ None
 0:   fault_injector_offset_seconds ................... None
 0:   fault_injector_ranks ............................ None
 0:   fault_injector_seed ............................. None
 0:   ffn_hidden_size ................................. 7488
 0:   fim_data ........................................ False
 0:   fim_eod_token ................................... <|endoftext|>
 0:   fim_fragment_rate ............................... None
 0:   fim_middle_token ................................ <fim_middle>
 0:   fim_no_prefix ................................... None
 0:   fim_pad_token ................................... <fim_pad>
 0:   fim_prefix_token ................................ <fim_prefix>
 0:   fim_rate ........................................ 0.5
 0:   fim_split_sample ................................ None
 0:   fim_spm_rate .................................... 0.5
 0:   fim_suffix_token ................................ <fim_suffix>
 0:   fine_grained_activation_offloading .............. False
 0:   fine_grained_offloading_max_inflight_offloads ... None
 0:   finetune ........................................ False
 0:   finetune_data_split ............................. train
 0:   finetune_hf_dataset ............................. None
 0:   first_last_layers_bf16 .......................... False
 0:   flash_decode .................................... False
 0:   flight_recorder_dump_on_timeout ................. True
 0:   flight_recorder_dump_path ....................... None
 0:   flight_recorder_extra_dump_on_exec .............. True
 0:   flight_recorder_include_only_active ............. True
 0:   flight_recorder_include_stack_trace ............. False
 0:   flight_recorder_trace_buffer_size ............... 2000
 0:   fp16 ............................................ False
 0:   fp16_lm_cross_entropy ........................... False
 0:   fp32_residual_connection ........................ False
 0:   fp4 ............................................. None
 0:   fp4_param_gather ................................ False
 0:   fp4_quantizer_factory ........................... None
 0:   fp4_recipe ...................................... nvfp4
 0:   fp8 ............................................. None
 0:   fp8_amax_compute_algo ........................... most_recent
 0:   fp8_amax_history_len ............................ 1
 0:   fp8_interval .................................... 1
 0:   fp8_margin ...................................... 0
 0:   fp8_output_proj ................................. False
 0:   fp8_param_gather ................................ False
 0:   fp8_quantizer_factory ........................... None
 0:   fp8_recipe ...................................... delayed
 0:   fp8_wgrad ....................................... True
 0:   freeze_all_layers ............................... False
 0:   fsdp_double_buffer .............................. False
 0:   fsdp_manual_registration ........................ False
 0:   ft_num_warmup_iters ............................. 5
 0:   full_validation ................................. False
 0:   fused_residual_rmsnorm .......................... False
 0:   gdn_state_carry_ratio ........................... 0.0
 0:   global_batch_size ............................... 288
 0:   glu_linear_offset ............................... 0.0
 0:   goldfish_h ...................................... 50
 0:   goldfish_k ...................................... 50
 0:   goldfish_loss ................................... False
 0:   gpu_sniff_test_interval ......................... None
 0:   grad_reduce_in_bf16 ............................. False
 0:   gradient_accumulation_fusion .................... True
 0:   gradient_reduce_div_fusion ...................... True
 0:   group_query_attention ........................... True
 0:   grpo_clamp_eps_lower ............................ 0.01
 0:   grpo_clamp_eps_upper ............................ 0.01
 0:   grpo_entropy_term_weight ........................ 0.0
 0:   grpo_filter_groups_with_same_reward ............. False
 0:   grpo_group_size ................................. 2
 0:   grpo_iterations ................................. 2
 0:   grpo_kl_beta .................................... 0.001
 0:   grpo_prompts_per_step ........................... 32
 0:   head_lr_mult .................................... 1.0
 0:   heterogeneous_layers_config_encoded_json ........ None
 0:   heterogeneous_layers_config_path ................ None
 0:   hidden_dropout .................................. 0.0
 0:   hidden_size ..................................... 2048
 0:   hierarchical_context_parallel_sizes ............. None
 0:   high_priority_a2a_comm_stream ................... False
 0:   high_priority_stream_groups ..................... []
 0:   hybrid_context_parallel ......................... False
 0:   hybrid_layer_pattern ............................ None
 0:   hybrid_override_pattern ......................... None
 0:   hysteresis ...................................... 2
 0:   ict_head_size ................................... None
 0:   ict_load ........................................ None
 0:   img_h ........................................... 224
 0:   img_w ........................................... 224
 0:   indexer_batch_size .............................. 128
 0:   indexer_log_interval ............................ 1000
 0:   inference_batch_times_seqlen_threshold .......... -1
 0:   inference_coordinator_port ...................... None
 0:   inference_cuda_graph_all_prefills ............... False
 0:   inference_cuda_graph_scope ...................... InferenceCudaGraphScope.none
 0:   inference_disable_ep_consensus .................. False
 0:   inference_disable_triton_nvls_kernels ........... False
 0:   inference_dynamic_batching ...................... False
 0:   inference_dynamic_batching_block_size ........... 256
 0:   inference_dynamic_batching_buffer_size_gb ....... 40.0
 0:   inference_dynamic_batching_cuda_graph_mixed_prefill_count  16
 0:   inference_dynamic_batching_cuda_graph_sizing_distribution  exponential
 0:   inference_dynamic_batching_enable_prefix_caching  False
 0:   inference_dynamic_batching_mamba_memory_ratio ... None
 0:   inference_dynamic_batching_max_requests ......... None
 0:   inference_dynamic_batching_max_tokens ........... None
 0:   inference_dynamic_batching_num_cuda_graphs ...... 16
 0:   inference_dynamic_batching_paused_buffer_size_gb  None
 0:   inference_dynamic_batching_prefix_caching_coordinator_policy  first_prefix_block
 0:   inference_dynamic_batching_prefix_caching_eviction_policy  ref_zero
 0:   inference_dynamic_batching_prefix_caching_mamba_gb  None
 0:   inference_dynamic_batching_prefix_caching_routing_alpha  0.5
 0:   inference_dynamic_batching_sampling_backend ..... torch
 0:   inference_dynamic_batching_track_generated_token_events  False
 0:   inference_dynamic_batching_track_paused_request_events  False
 0:   inference_dynamic_batching_unified_memory_level . 0
 0:   inference_fuse_tp_communication ................. False
 0:   inference_grouped_gemm_backend .................. vllm
 0:   inference_logging_step_interval ................. 0
 0:   inference_max_requests .......................... 8
 0:   inference_max_seq_length ........................ 2560
 0:   inference_moe_disable_fused_quant_kernels ....... False
 0:   inference_moe_token_dispatcher_type ............. nvls
 0:   inference_rng_tracker ........................... False
 0:   inference_text_gen_server_logging ............... False
 0:   inference_use_synchronous_zmq_collectives ....... False
 0:   inference_wandb_logging ......................... False
 0:   init_method_std ................................. 0.02
 0:   init_method_xavier_uniform ...................... False
 0:   init_model_with_meta_device ..................... False
 0:   initial_loss_scale .............................. 4294967296
 0:   inprocess_active_world_size ..................... 32
 0:   inprocess_barrier_timeout ....................... 120
 0:   inprocess_completion_timeout .................... 120
 0:   inprocess_empty_cuda_cache ...................... False
 0:   inprocess_granularity ........................... node
 0:   inprocess_hard_timeout .......................... 90
 0:   inprocess_heartbeat_interval .................... 30
 0:   inprocess_heartbeat_timeout ..................... 60
 0:   inprocess_last_call_wait ........................ 1
 0:   inprocess_max_iterations ........................ None
 0:   inprocess_monitor_process_interval .............. 1.0
 0:   inprocess_monitor_thread_interval ............... 1.0
 0:   inprocess_progress_watchdog_interval ............ 1.0
 0:   inprocess_restart ............................... False
 0:   inprocess_soft_timeout .......................... 60
 0:   inprocess_termination_grace_time ................ 1
 0:   is_hybrid_model ................................. False
 0:   iter_per_epoch .................................. 1250
 0:   iterations_to_skip .............................. []
 0:   keep_fp8_transpose_cache ........................ False
 0:   kitchen_attention_backend ....................... sdpa
 0:   kv_channels ..................................... 64
 0:   kv_lora_rank .................................... 32
 0:   langrl_env_config ............................... None
 0:   layernorm_epsilon ............................... 1e-05
 0:   layernorm_zero_centered_gamma ................... False
 0:   lazy_mpu_init ................................... False
 0:   linear_attention_freq ........................... None
 0:   linear_conv_kernel_dim .......................... 4
 0:   linear_key_head_dim ............................. 128
 0:   linear_num_key_heads ............................ 16
 0:   linear_num_value_heads .......................... 32
 0:   linear_value_head_dim ........................... 128
 0:   lion_beta1 ...................................... 0.95
 0:   lion_beta2 ...................................... 0.98
 0:   load ............................................ None
 0:   load_main_params_from_ckpt ...................... False
 0:   local_rank ...................................... 0
 0:   log_device_memory_used .......................... False
 0:   log_energy ...................................... False
 0:   log_interval .................................... 1
 0:   log_loss_scale_to_tensorboard ................... False
 0:   log_max_attention_logit ......................... False
 0:   log_memory_interval ............................. None
 0:   log_memory_to_tensorboard ....................... True
 0:   log_num_zeros_in_grad ........................... False
 0:   log_params_norm ................................. True
 0:   log_progress .................................... True
 0:   log_straggler ................................... False
 0:   log_throughput .................................. True
 0:   log_timers_to_tensorboard ....................... True
 0:   log_validation_ppl_to_tensorboard ............... False
 0:   log_world_size_to_tensorboard ................... False
 0:   logging_level ................................... None
 0:   logits_load_decode_threads ...................... 4
 0:   logits_load_dir ................................. None
 0:   logits_load_ignore_errors ....................... False
 0:   logits_load_kd_loss_alpha ....................... 1.0
 0:   logits_load_msc_prefetch_depth .................. 2
 0:   logits_load_prefetch_factor ..................... 3
 0:   logits_save_dir ................................. None
 0:   logits_save_dtype ............................... fp16
 0:   logits_save_top_k ............................... None
 0:   logits_save_top_p ............................... None
 0:   logits_save_top_p_min_k ......................... 1
 0:   loss_scale ...................................... None
 0:   loss_scale_window ............................... 1000
 0:   lr .............................................. 0.0004
 0:   lr_decay_iters .................................. None
 0:   lr_decay_samples ................................ None
 0:   lr_decay_style .................................. cosine
 0:   lr_warmup_fraction .............................. None
 0:   lr_warmup_init .................................. 0.0
 0:   lr_warmup_iters ................................. 1
 0:   lr_warmup_samples ............................... 0
 0:   lr_wsd_decay_iters .............................. None
 0:   lr_wsd_decay_samples ............................ None
 0:   lr_wsd_decay_style .............................. exponential
 0:   main_grads_dtype ................................ torch.float32
 0:   main_params_dtype ............................... torch.float32
 0:   make_vocab_size_divisible_by .................... 128
 0:   mamba_head_dim .................................. 64
 0:   mamba_inference_conv_states_dtype ............... torch.bfloat16
 0:   mamba_inference_ssm_states_dtype ................ torch.bfloat16
 0:   mamba_num_groups ................................ 8
 0:   mamba_num_heads ................................. None
 0:   mamba_state_dim ................................. 128
 0:   mamba_training_ssm_states_dtype ................. None
 0:   manual_gc ....................................... False
 0:   manual_gc_eval .................................. True
 0:   manual_gc_interval .............................. 0
 0:   mask_factor ..................................... 1.0
 0:   mask_prob ....................................... 0.15
 0:   mask_type ....................................... random
 0:   masked_softmax_fusion ........................... True
 0:   max_position_embeddings ......................... 8192
 0:   max_seqlen_per_dp_cp_rank ....................... None
 0:   max_tokens_to_oom ............................... 12000
 0:   megatron_fsdp_enable_fine_grained_param_gather .. False
 0:   megatron_fsdp_grad_comm_dtype ................... None
 0:   megatron_fsdp_main_grads_dtype .................. None
 0:   megatron_fsdp_main_params_dtype ................. torch.float32
 0:   memory_snapshot_path ............................ snapshot.pickle
 0:   merge_file ...................................... None
 0:   metadata_path ................................... None
 0:   micro_batch_size ................................ 3
 0:   microbatch_group_size_per_vp_stage .............. None
 0:   mid_level_dataset_surplus ....................... 0.005
 0:   min_loss_scale .................................. 1.0
 0:   min_lr .......................................... 4e-05
 0:   min_offloaded_tensor_size ....................... 1048576
 0:   mla_down_proj_fusion ............................ False
 0:   mlp_chunks_for_prefill .......................... 1
 0:   mlp_chunks_for_training ......................... 1
 0:   mmap_bin_files .................................. True
 0:   mock_data ....................................... False
 0:   modelopt_enabled ................................ False
 0:   moe_apply_probs_on_input ........................ False
 0:   moe_aux_loss_coeff .............................. 0.0
 0:   moe_deepep_num_sms .............................. 20
 0:   moe_enable_deepep ............................... False
 0:   moe_enable_routing_replay ....................... False
 0:   moe_expert_capacity_factor ...................... None
 0:   moe_expert_rank_capacity_factor ................. None
 0:   moe_ffn_hidden_size ............................. None
 0:   moe_flex_dispatcher_backend ..................... deepep
 0:   moe_grouped_gemm ................................ False
 0:   moe_hybridep_num_blocks_permute ................. None
 0:   moe_hybridep_num_blocks_unpermute ............... None
 0:   moe_hybridep_num_sms ............................ None
 0:   moe_hybridep_num_sms_preprocessing .............. 108
 0:   moe_input_jitter_eps ............................ None
 0:   moe_latent_size ................................. None
 0:   moe_layer_freq .................................. 1
 0:   moe_layer_recompute ............................. False
 0:   moe_mlp_glu_interleave_size ..................... None
 0:   moe_pad_expert_input_to_capacity ................ False
 0:   moe_pad_experts_for_cuda_graph_inference ........ False
 0:   moe_paged_stash ................................. False
 0:   moe_paged_stash_buffer_size_factor_cpu .......... 0.0
 0:   moe_paged_stash_buffer_size_factor_cuda ......... 1.1
 0:   moe_paged_stash_page_size ....................... 64
 0:   moe_per_layer_logging ........................... False
 0:   moe_permute_fusion .............................. False
 0:   moe_permute_fusion_into_hybridep ................ False
 0:   moe_router_bias_update_rate ..................... 0.001
 0:   moe_router_dtype ................................ None
 0:   moe_router_enable_expert_bias ................... False
 0:   moe_router_force_biased ......................... None
 0:   moe_router_force_load_balancing ................. False
 0:   moe_router_fusion ............................... False
 0:   moe_router_group_topk ........................... None
 0:   moe_router_load_balancing_type .................. aux_loss
 0:   moe_router_num_groups ........................... None
 0:   moe_router_padding_for_fp8 ...................... False
 0:   moe_router_padding_for_quantization ............. False
 0:   moe_router_pre_softmax .......................... False
 0:   moe_router_score_function ....................... softmax
 0:   moe_router_topk ................................. 2
 0:   moe_router_topk_scaling_factor .................. None
 0:   moe_shared_expert_gate .......................... False
 0:   moe_shared_expert_intermediate_size ............. None
 0:   moe_shared_expert_overlap ....................... False
 0:   moe_single_grouped_bias ......................... False
 0:   moe_single_grouped_weight ....................... False
 0:   moe_token_dispatcher_type ....................... allgather
 0:   moe_token_drop_policy ........................... probs
 0:   moe_upcycling_granularity ....................... 1
 0:   moe_use_upcycling ............................... False
 0:   moe_z_loss_coeff ................................ None
 0:   mrope_section ................................... None
 0:   mscale .......................................... 1.0
 0:   mscale_all_dim .................................. 0.0
 0:   mtp_detach_heads ................................ False
 0:   mtp_hybrid_override_pattern ..................... None
 0:   mtp_loss_scaling_factor ......................... 0.1
 0:   mtp_num_layers .................................. None
 0:   mtp_standalone .................................. False
 0:   mtp_use_repeated_layer .......................... False
 0:   multi_latent_attention .......................... False
 0:   multiple_validation_sets ........................ False
 0:   muon_coefficient_type ........................... quintic
 0:   muon_extra_scale_factor ......................... 1.0
 0:   muon_fp32_matmul_prec ........................... medium
 0:   muon_momentum ................................... 0.9
 0:   muon_nesterov ................................... False
 0:   muon_num_ns_steps ............................... 5
 0:   muon_scalar_optimizer ........................... adam
 0:   muon_scale_mode ................................. spectral
 0:   muon_split_qkv .................................. True
 0:   muon_tp_mode .................................... blockwise
 0:   mup_attn_scale_power ............................ 1.0
 0:   mup_base_head_dim ............................... None
 0:   mup_base_hidden_size ............................ None
 0:   mup_embedding_mult .............................. 1.0
 0:   mup_output_mult ................................. 1.0
 0:   mup_width_mult .................................. 1.0
 0:   nccl_all_reduce_for_prefill ..................... False
 0:   nccl_communicator_config_path ................... None
 0:   nccl_ub ......................................... False
 0:   no_load_optim ................................... None
 0:   no_load_rng ..................................... None
 0:   no_persist_layer_norm ........................... False
 0:   no_rope_freq .................................... None
 0:   no_save_optim ................................... None
 0:   no_save_rng ..................................... None
 0:   no_weight_decay_cond_type ....................... None
 0:   non_persistent_ckpt_type ........................ None
 0:   non_persistent_global_ckpt_dir .................. None
 0:   non_persistent_local_ckpt_algo .................. fully_parallel
 0:   non_persistent_local_ckpt_dir ................... None
 0:   non_persistent_save_interval .................... None
 0:   normalization ................................... RMSNorm
 0:   null_tokenizer_eod_id ........................... None
 0:   null_tokenizer_pad_id ........................... -1
 0:   num_attention_heads ............................. 32
 0:   num_channels .................................... 3
 0:   num_classes ..................................... 1000
 0:   num_dataset_builder_threads ..................... 4
 0:   num_distributed_optimizer_instances ............. 1
 0:   num_experts ..................................... None
 0:   num_layers ...................................... 16
 0:   num_layers_at_end_in_bf16 ....................... 1
 0:   num_layers_at_start_in_bf16 ..................... 1
 0:   num_layers_per_virtual_pipeline_stage ........... None
 0:   num_query_groups ................................ 8
 0:   num_speculative_tokens .......................... 0
 0:   num_virtual_stages_per_pipeline_rank ............ None
 0:   num_workers ..................................... 2
 0:   nvtx_ranges ..................................... False
 0:   object_storage_cache_path ....................... None
 0:   offload_modules ................................. []
 0:   one_logger_async ................................ False
 0:   one_logger_project .............................. megatron-lm
 0:   one_logger_run_name ............................. None
 0:   onnx_safe ....................................... None
 0:   openai_gelu ..................................... False
 0:   optimizer ....................................... adam
 0:   optimizer_cpu_offload ........................... False
 0:   optimizer_cuda_graph ............................ False
 0:   optimizer_offload_fraction ...................... 1.0
 0:   outer_dp_sharding_strategy ...................... no_shard
 0:   output_bert_embeddings .......................... False
 0:   overlap_cpu_optimizer_d2h_h2d ................... False
 0:   overlap_dispatch_backward_with_experts_wgrad .... False
 0:   overlap_grad_reduce ............................. True
 0:   overlap_moe_expert_parallel_comm ................ False
 0:   overlap_p2p_comm ................................ False
 0:   overlap_p2p_comm_warmup_flush ................... False
 0:   overlap_param_gather ............................ True
 0:   overlap_param_gather_with_optimizer_step ........ False
 0:   override_ckpt_iteration ......................... None
 0:   override_opt_param_scheduler .................... False
 0:   pad_vocab_size .................................. True
 0:   padded_vocab_size ............................... None
 0:   params_dtype .................................... torch.bfloat16
 0:   patch_dim ....................................... 16
 0:   per_dataset_sequences_path ...................... None
 0:   per_split_data_args_path ........................ None
 0:   perform_initialization .......................... True
 0:   perform_rl_step ................................. False
 0:   phase_transition_iterations ..................... None
 0:   pin_cpu_grads ................................... True
 0:   pin_cpu_params .................................. True
 0:   pipeline_model_parallel_comm_backend ............ None
 0:   pipeline_model_parallel_layout .................. None
 0:   pipeline_model_parallel_size .................... 1
 0:   position_embedding_type ......................... rope
 0:   pretrained_checkpoint ........................... None
 0:   profile ......................................... False
 0:   profile_ranks ................................... []
 0:   profile_step_end ................................ 12
 0:   profile_step_start .............................. 10
 0:   pytorch_profiler_collect_callstack .............. False
 0:   pytorch_profiler_collect_chakra ................. False
 0:   pytorch_profiler_collect_shapes ................. False
 0:   q_lora_rank ..................................... None
 0:   qk_clip ......................................... False
 0:   qk_clip_alpha ................................... 0.5
 0:   qk_clip_threshold ............................... 100
 0:   qk_head_dim ..................................... 128
 0:   qk_l2_norm ...................................... False
 0:   qk_layernorm .................................... False
 0:   qk_pos_emb_head_dim ............................. 64
 0:   query_in_block_prob ............................. 0.1
 0:   quick_geglu ..................................... False
 0:   rampup_batch_size ............................... None
 0:   rank ............................................ 0
 0:   recompute_granularity ........................... None
 0:   recompute_method ................................ None
 0:   recompute_modules ............................... None
 0:   recompute_num_layers ............................ None
 0:   record_memory_history ........................... False
 0:   record_shapes ................................... False
 0:   refit_method .................................... gloo
 0:   relative_attention_max_distance ................. 128
 0:   relative_attention_num_buckets .................. 32
 0:   replication ..................................... False
 0:   replication_factor .............................. 2
 0:   replication_jump ................................ None
 0:   rerun_mode ...................................... validate_results
 0:   reset_attention_mask ............................ False
 0:   reset_position_ids .............................. True
 0:   result_rejected_tracker_filename ................ None
 0:   retriever_report_topk_accuracies ................ []
 0:   retriever_score_scaling ......................... False
 0:   reuse_grad_buf_for_mxfp8_param_ag ............... False
 0:   rl_default_temperature .......................... 1.0
 0:   rl_default_top_k ................................ -1
 0:   rl_default_top_p ................................ 0
 0:   rl_generation_batch_size ........................ None
 0:   rl_importance_sampling_truncation_coef .......... None
 0:   rl_inference_expert_model_parallel_size ......... None
 0:   rl_inference_expert_tensor_model_parallel_size .. None
 0:   rl_inference_logprobs_is_correction ............. False
 0:   rl_inference_model_unified_memory_level ......... 0
 0:   rl_inference_parsers ............................ []
 0:   rl_inference_pipeline_model_parallel_size ....... None
 0:   rl_inference_tensor_model_parallel_size ......... None
 0:   rl_kv_cache_management_mode ..................... persist
 0:   rl_num_parallel_generation_batches .............. None
 0:   rl_num_parallel_generations ..................... None
 0:   rl_offload_inference_model_weights_when_idle .... False
 0:   rl_offload_optimizer_during_inference ........... False
 0:   rl_parallel_generation_tasks .................... None
 0:   rl_partial_rollouts ............................. False
 0:   rl_persist_cuda_graphs .......................... False
 0:   rl_profile ...................................... False
 0:   rl_profile_dir .................................. None
 0:   rl_prompts_per_eval ............................. 32
 0:   rl_sequence_packing_algo ........................ fifo
 0:   rl_sequence_packing_max_sequences_per_bin ....... 50
 0:   rl_skip_bos_token ............................... False
 0:   rl_training_cuda_graphs ......................... False
 0:   rl_use_sequence_packing ......................... False
 0:   rl_verify_model_weights_swap .................... False
 0:   rope_scaling_factor ............................. 1.0
 0:   rope_type ....................................... None
 0:   rotary_base ..................................... 500000
 0:   rotary_interleaved .............................. False
 0:   rotary_percent .................................. 1.0
 0:   rotary_scaling_factor ........................... 1.0
 0:   rotary_seq_len_interpolation_factor ............. None
 0:   run_workload_inspector_server ................... False
 0:   sample_rate ..................................... 1.0
 0:   save ............................................ None
 0:   save_activations_interval ....................... None
 0:   save_dgrads_interval ............................ None
 0:   save_interval ................................... None
 0:   save_params_interval ............................ None
 0:   save_retain_interval ............................ None
 0:   save_tokens_per_expert_interval ................. None
 0:   save_wgrads_interval ............................ None
 0:   seed ............................................ 28
 0:   seq_length ...................................... 8192
 0:   sequence_parallel ............................... False
 0:   sft ............................................. False
 0:   sft_tokenizer_prompt_format ..................... nemotron-h-aligned
 0:   sgd_momentum .................................... 0.9
 0:   sharp_enabled_group ............................. None
 0:   short_seq_prob .................................. 0.1
 0:   skip_train ...................................... False
 0:   skipped_train_samples ........................... 0
 0:   softmax_type .................................... vanilla
 0:   spec ............................................ None
 0:   special_tokens .................................. None
 0:   split ........................................... 100,0,0
 0:   squared_relu .................................... False
 0:   start_eval_at_iter .............................. None
 0:   start_weight_decay .............................. 0.1
 0:   step_batch_size_schedule ........................ None
 0:   straggler_ctrlr_port ............................ 65535
 0:   straggler_minmax_count .......................... 1
 0:   strict_fsdp_dtensor_load ........................ True
 0:   suggested_communication_unit_size ............... None
 0:   swiglu .......................................... True
 0:   swin_backbone_type .............................. tiny
 0:   symmetric_ar_type ............................... None
 0:   te_precision_config_file ........................ None
 0:   te_rng_tracker .................................. False
 0:   tensor_model_parallel_size ...................... 1
 0:   tensorboard_dir ................................. /iopsstor/scratch/cscs/elyulina/Megatron-LM-Attention-Benchmark/attn_bench/results/pretrain/fineweb-40B_gutenberg-3B/test-llama3-1b-gated-attn-scf1-fineweb40B-gutenberg3B/logging/tensorboard
 0:   tensorboard_log_interval ........................ 1
 0:   tensorboard_queue_size .......................... 1000
 0:   test_data_path .................................. None
 0:   test_mode ....................................... False
 0:   tests ........................................... ['xdoc_mask=pass', 'xdoc_loss=pass', 'xdoc_position_ids=pass', 'sink=fail', 'gated=pass']
 0:   tiktoken_num_special_tokens ..................... 1000
 0:   tiktoken_pattern ................................ None
 0:   timing_log_level ................................ 2
 0:   timing_log_option ............................... minmax
 0:   titles_data_path ................................ None
 0:   tokenizer_hf_no_include_special_tokens .......... False
 0:   tokenizer_hf_no_use_fast ........................ False
 0:   tokenizer_model ................................. /iopsstor/scratch/cscs/elyulina/tokenizers/llama-3.2-1b
 0:   tokenizer_sentencepiece_ignore_extra_whitespaces  True
 0:   tokenizer_sentencepiece_legacy .................. False
 0:   tokenizer_type .................................. HuggingFaceTokenizer
 0:   torch_fsdp2_reshard_after_forward ............... True
 0:   tp_comm_bootstrap_backend ....................... nccl
 0:   tp_comm_bulk_dgrad .............................. True
 0:   tp_comm_bulk_wgrad .............................. True
 0:   tp_comm_overlap ................................. False
 0:   tp_comm_overlap_ag .............................. True
 0:   tp_comm_overlap_cfg ............................. None
 0:   tp_comm_overlap_rs .............................. True
 0:   tp_comm_overlap_rs_dgrad ........................ False
 0:   tp_comm_split_ag ................................ True
 0:   tp_comm_split_rs ................................ True
 0:   train_data_path ................................. None
 0:   train_iters ..................................... 2
 0:   train_samples ................................... None
 0:   train_sync_interval ............................. None
 0:   transformer_impl ................................ transformer_engine
 0:   transformer_pipeline_model_parallel_size ........ 1
 0:   trust_remote_code ............................... False
 0:   untie_embeddings_and_output_weights ............. False
 0:   use_checkpoint_args ............................. False
 0:   use_checkpoint_opt_param_scheduler .............. False
 0:   use_cpu_initialization .......................... None
 0:   use_dist_ckpt ................................... True
 0:   use_dist_ckpt_deprecated ........................ False
 0:   use_distributed_optimizer ....................... True
 0:   use_flash_attn .................................. False
 0:   use_fused_weighted_squared_relu ................. False
 0:   use_gloo_process_groups ......................... True
 0:   use_grouped_gemm_for_dense_mlp .................. False
 0:   use_kitchen_attention ........................... False
 0:   use_layer_wise_distributed_optimizer ............ False
 0:   use_layer_wise_param_layout ..................... True
 0:   use_legacy_static_engine ........................ False
 0:   use_mamba_mem_eff_path .......................... True
 0:   use_megatron_fsdp ............................... False
 0:   use_mp_args_from_checkpoint_args ................ False
 0:   use_mup ......................................... False
 0:   use_one_sent_docs ............................... False
 0:   use_packed_seq_params ........................... True
 0:   use_persistent_ckpt_worker ...................... False
 0:   use_precision_aware_optimizer ................... False
 0:   use_pytorch_profiler ............................ False
 0:   use_ring_exchange_p2p ........................... False
 0:   use_rope_scaling ................................ True
 0:   use_rotary_position_embeddings .................. False
 0:   use_sharp ....................................... False
 0:   use_te_activation_func .......................... False
 0:   use_tokenizer_model_from_checkpoint_args ........ True
 0:   use_torch_fsdp2 ................................. False
 0:   use_torch_optimizer_for_cpu_offload ............. False
 0:   use_tp_pp_dp_mapping ............................ False
 0:   use_transformer_engine_op_fuser ................. False
 0:   v_head_dim ...................................... 128
 0:   valid_data_path ................................. None
 0:   validation_set_names ............................ None
 0:   variable_seq_lengths ............................ False
 0:   verify_integrity ................................ False
 0:   virtual_pipeline_model_parallel_size ............ None
 0:   vision_backbone_type ............................ vit
 0:   vision_pretraining .............................. False
 0:   vision_pretraining_type ......................... classify
 0:   vocab_extra_ids ................................. 0
 0:   vocab_file ...................................... None
 0:   vocab_size ...................................... None
 0:   wandb_entity .................................... None
 0:   wandb_exp_name .................................. None
 0:   wandb_project ................................... None
 0:   wandb_save_dir .................................. None
 0:   weight_decay .................................... 0.1
 0:   weight_decay_incr_style ......................... constant
 0:   wgrad_deferral_limit ............................ 0
 0:   window_attn_skip_freq ........................... None
 0:   window_size ..................................... None
 0:   world_size ...................................... 32
 0:   yaml_cfg ........................................ None
 0: -------------------- end of arguments ---------------------
 0: INFO:megatron.core.num_microbatches_calculator:setting number of microbatches to constant 3
31: > setting tensorboard ...
31: WARNING: one_logger package is required to enable e2e metrics tracking. please go to https://confluence.nvidia.com/display/MLWFO/Package+Repositories for details to install it
 0: INFO:megatron.core.tokenizers.utils.build_tokenizer: > padded vocab (size: 128256) with 0 dummy tokens (new size: 128256)
 0: WARNING:megatron.core.rerun_state_machine:RerunStateMachine initialized in mode RerunMode.VALIDATE_RESULTS
 0: > initializing torch distributed ...
 0: > initialized tensor model parallel with size 1
 0: > initialized pipeline model parallel with size 1
 0: > setting random seeds to 28 ...
 0: > compiling dataset index builder ...
 0: make: Entering directory '/iopsstor/scratch/cscs/elyulina/Megatron-LM-Attention-Benchmark/megatron/core/datasets'
 0: make: Nothing to be done for 'default'.
 0: make: Leaving directory '/iopsstor/scratch/cscs/elyulina/Megatron-LM-Attention-Benchmark/megatron/core/datasets'
 0: >>> done with dataset index builder. Compilation time: 0.180 seconds
 0: time to initialize megatron (seconds): 35.179
 0: [after in-process setup and before initialize_megatron] datetime: 2026-08-18 03:12:36.835454 
 0: [after in-job setup and before initialize_megatron] datetime: 2026-08-18 03:12:36.885026 
 0: [before library-setup] datetime: 2026-08-18 03:11:34.420391
 0: [after library-setup] datetime: 2026-08-18 03:12:36.005884
 0: [before megatron-init] datetime: 2026-08-18 03:12:36.835453
31: INFO:megatron.core.timers:(min, max) time across ranks (ms):
31:     startup-program-entry-spread ...................: (0.08, 4.43)
31:     startup-library-setup ..........................: (61562.15, 61585.49)
31:     startup-program-setup ..........................: (807.20, 875.48)
31:     startup-in-process-setup .......................: (0.00, 0.00)
31:     startup-in-job-setup ...........................: (48.56, 51.05)
31:     startup-initialize-megatron ....................: (17460.96, 17540.11)
31:     startup-set-jit-fusion-options .................: (2871.72, 3315.64)
31:     all-reduce-start-timestamps-tensor .............: (1.20, 445.06)
31:     startup-megatron-init-local ....................: (20828.09, 20905.71)
31:     startup-megatron-init-global ...................: (83280.56, 83280.70)
 0: [after megatron is initialized] datetime: 2026-08-18 03:12:57.974861 
 0: building GPT model ...
 0:  > number of parameters on (tensor, pipeline) model parallel rank (0, 0): 1233717248
 0: INFO:megatron.core.distributed.distributed_data_parallel:Setting up DistributedDataParallel with config DistributedDataParallelConfig(grad_reduce_in_fp32=True, overlap_grad_reduce=True, overlap_param_gather=True, align_param_gather=False, use_distributed_optimizer=True, num_distributed_optimizer_instances=1, check_for_nan_in_grad=True, check_for_large_grads=False, bucket_size=40000000, num_buckets=None, pad_buckets_for_high_nccl_busbw=False, reduce_scatter_with_fp32_accumulation=False, param_name_patterns_for_fp32_local_accumulation=(), average_in_collective=False, fp8_param_gather=False, fp4_param_gather=False, reuse_grad_buf_for_mxfp8_param_ag=False, use_megatron_fsdp=False, use_custom_fsdp=False, data_parallel_sharding_strategy='optim_grads_params', gradient_reduce_div_fusion=True, suggested_communication_unit_size=None, keep_fp8_transpose_cache=False, nccl_ub=False, fsdp_double_buffer=False, fsdp_db_use_persist_buf_on_alloc_fail=False, fsdp_all_gather_in_start_param_sync=True, outer_dp_sharding_strategy='
 0: no_shard', disable_symmetric_registration=False, fsdp_manual_registration=False, delay_wgrad_compute=False, megatron_fsdp_main_params_dtype=torch.float32, megatron_fsdp_main_grads_dtype=None, megatron_fsdp_grad_comm_dtype=None, megatron_fsdp_use_decoupled_grad=False, megatron_fsdp_cuda_graph_mode=False, megatron_fsdp_enable_fine_grained_param_gather=False)
 0: INFO:megatron.core.distributed.param_and_grad_buffer:Number of buckets for gradient all-reduce / reduce-scatter: 17
 0: Params for bucket 1 (46008320 elements, 46008320 padded size, 0 param(s) with extra main_grads):
 0: 	module.decoder.final_layernorm.weight (param.main_grad.dtype=torch.float32)
 0: 	module.decoder.layers.15.mlp.linear_fc2.weight (param.main_grad.dtype=torch.float32)
 0: 	module.decoder.layers.15.mlp.linear_fc1.weight (param.main_grad.dtype=torch.float32)
 0: Params for bucket 2 (60690432 elements, 60690432 padded size, 0 param(s) with extra main_grads):
 0: 	module.decoder.layers.15.mlp.linear_fc1.layer_norm_weight (param.main_grad.dtype=torch.float32)
 0: 	module.decoder.layers.15.self_attention.linear_qkv.weight (param.main_grad.dtype=torch.float32)
 0: 	module.decoder.layers.15.self_attention.linear_qkv.layer_norm_weight (param.main_grad.dtype=torch.float32)
 0: 	module.decoder.layers.15.self_attention.linear_proj.weight (param.main_grad.dtype=torch.float32)
 0: 	module.decoder.layers.14.mlp.linear_fc2.weight (param.main_grad.
 0: dtype=torch.float32)
 0: 	module.decoder.layers.14.mlp.linear_fc1.weight (param.main_grad.dtype=torch.float32)
 0: Params for bucket 3 (60690432 elements, 60690432 padded size, 0 param(s) with extra main_grads):
 0: 	module.decoder.layers.14.mlp.linear_fc1.layer_norm_weight (param.main_grad.dtype=torch.float32)
 0: 	module.decoder.layers.14.self_attention.linear_qkv.weight (param.main_grad.dtype=torch.float32)
 0: 	module.decoder.layers.14.self_attention.linear_qkv.layer_norm_weight (param.main_grad.dtype=torch.float32)
 0: 	module.decoder.layers.14.self_attention.linear_proj.weight (param.main_grad.dtype=torch.float32)
 0: 	module.decoder.layers.13.mlp.linear_fc2.weight (param.main_grad.dtype=torch.float32)
 0: 	module.decoder.layers.13.mlp.linear_fc1.weight (param.main_grad.dtype=torch.float32)
 0: Params for bucket 4 (60690432 elements, 60690432 padded size, 0 param(s) with extra main_grads):
 0: 	module.decoder.layers.13.mlp.linear_fc1.layer_norm_weight (param.main_grad.dtype=torch.float32)
 0: 	module.decoder.layers.13.self_attention.linear_qkv.we
 0: ight (param.main_grad.dtype=torch.float32)
 0: 	module.decoder.layers.13.self_attention.linear_qkv.layer_norm_weight (param.main_grad.dtype=torch.float32)
 0: 	module.decoder.layers.13.self_attention.linear_proj.weight (param.main_grad.dtype=torch.float32)
 0: 	module.decoder.layers.12.mlp.linear_fc2.weight (param.main_grad.dtype=torch.float32)
 0: 	module.decoder.layers.12.mlp.linear_fc1.weight (param.main_grad.dtype=torch.float32)
 0: Params for bucket 5 (60690432 elements, 60690432 padded size, 0 param(s) with extra main_grads):
 0: 	module.decoder.layers.12.mlp.linear_fc1.layer_norm_weight (param.main_grad.dtype=torch.float32)
 0: 	module.decoder.layers.12.self_attention.linear_qkv.weight (param.main_grad.dtype=torch.float32)
 0: 	module.decoder.layers.12.self_attention.linear_qkv.layer_norm_weight (param.main_grad.dtype=torch.float32)
 0: 	module.decoder.layers.12.self_attention.linear_proj.weight (param.main_grad.dtype=torch.float32)
 0: 	module.decoder.layers.11.mlp.linear_fc2.weight (param.main_grad.dtype=torch.float32)
 0: 	module.decoder.laye
 0: rs.11.mlp.linear_fc1.weight (param.main_grad.dtype=torch.float32)
 0: Params for bucket 6 (60690432 elements, 60690432 padded size, 0 param(s) with extra main_grads):
 0: 	module.decoder.layers.11.mlp.linear_fc1.layer_norm_weight (param.main_grad.dtype=torch.float32)
 0: 	module.decoder.layers.11.self_attention.linear_qkv.weight (param.main_grad.dtype=torch.float32)
 0: 	module.decoder.layers.11.self_attention.linear_qkv.layer_norm_weight (param.main_grad.dtype=torch.float32)
 0: 	module.decoder.layers.11.self_attention.linear_proj.weight (param.main_grad.dtype=torch.float32)
 0: 	module.decoder.layers.10.mlp.linear_fc2.weight (param.main_grad.dtype=torch.float32)
 0: 	module.decoder.layers.10.mlp.linear_fc1.weight (param.main_grad.dtype=torch.float32)
 0: Params for bucket 7 (60690432 elements, 60690432 padded size, 0 param(s) with extra main_grads):
 0: 	module.decoder.layers.10.mlp.linear_fc1.layer_norm_weight (param.main_grad.dtype=torch.float32)
 0: 	module.decoder.layers.10.self_attention.linear_qkv.weight (param.main_grad.dtype=torch.float3
 0: 2
 0: )
 0: 	module.decoder.layers.10.self_attention.linear_qkv.layer_norm_weight (param.main_grad.dtype=torch.float32)
 0: 	module.decoder.layers.10.self_attention.linear_proj.weight (param.main_grad.dtype=torch.float32)
 0: 	module.decoder.layers.9.mlp.linear_fc2.weight (param.main_grad.dtype=torch.float32)
 0: 	module.decoder.layers.9.mlp.linear_fc1.weight (param.main_grad.dtype=torch.float32)
 0: Params for bucket 8 (60690432 elements, 60690432 padded size, 0 param(s) with extra main_grads):
 0: 	module.decoder.layers.9.mlp.linear_fc1.layer_norm_weight (param.main_grad.dtype=torch.float32)
 0: 	module.decoder.layers.9.self_attention.linear_qkv.weight (param.main_grad.dtype=torch.float32)
 0: 	module.decoder.layers.9.self_attention.linear_qkv.layer_norm_weight (param.main_grad.dtype=torch.float32)
 0: 	module.decoder.layers.9.self_attention.linear_proj.weight (param.main_grad.dtype=torch.float32)
 0: 	module.decoder.layers.8.mlp.linear_fc2.weight (param.main_grad.dtype=torch.float32)
 0: 	module.decoder.layers.8.mlp.linear_fc1.weight (param.main_grad.dtyp
 0: e=torch.float32)
 0: Params for bucket 9 (60690432 elements, 60690432 padded size, 0 param(s) with extra main_grads):
 0: 	module.decoder.layers.8.mlp.linear_fc1.layer_norm_weight (param.main_grad.dtype=torch.float32)
 0: 	module.decoder.layers.8.self_attention.linear_qkv.weight (param.main_grad.dtype=torch.float32)
 0: 	module.decoder.layers.8.self_attention.linear_qkv.layer_norm_weight (param.main_grad.dtype=torch.float32)
 0: 	module.decoder.layers.8.self_attention.linear_proj.weight (param.main_grad.dtype=torch.float32)
 0: 	module.decoder.layers.7.mlp.linear_fc2.weight (param.main_grad.dtype=torch.float32)
 0: 	module.decoder.layers.7.mlp.linear_fc1.weight (param.main_grad.dtype=torch.float32)
 0: Params for bucket 10 (60690432 elements, 60690432 padded size, 0 param(s) with extra main_grads):
 0: 	module.decoder.layers.7.mlp.linear_fc1.layer_norm_weight (param.main_grad.dtype=torch.float32)
 0: 	module.decoder.layers.7.self_attention.linear_qkv.weight (param.main_grad.dtype=torch.float32)
 0: 	module.decoder.layers.7.self_attention.linear_qkv.lay
 0: er_norm_weight (param.main_grad.dtype=torch.float32)
 0: 	module.decoder.layers.7.self_attention.linear_proj.weight (param.main_grad.dtype=torch.float32)
 0: 	module.decoder.layers.6.mlp.linear_fc2.weight (param.main_grad.dtype=torch.float32)
 0: 	module.decoder.layers.6.mlp.linear_fc1.weight (param.main_grad.dtype=torch.float32)
 0: Params for bucket 11 (60690432 elements, 60690432 padded size, 0 param(s) with extra main_grads):
 0: 	module.decoder.layers.6.mlp.linear_fc1.layer_norm_weight (param.main_grad.dtype=torch.float32)
 0: 	module.decoder.layers.6.self_attention.linear_qkv.weight (param.main_grad.dtype=torch.float32)
 0: 	module.decoder.layers.6.self_attention.linear_qkv.layer_norm_weight (param.main_grad.dtype=torch.float32)
 0: 	module.decoder.layers.6.self_attention.linear_proj.weight (param.main_grad.dtype=torch.float32)
 0: 	module.decoder.layers.5.mlp.linear_fc2.weight (param.main_grad.dtype=torch.float32)
 0: 	module.decoder.layers.5.mlp.linear_fc1.weight (param.main_grad.dtype=torch.float32)
 0: Params for bucket 12 (60690432 elements,
 0:  60690432 padded size, 0 param(s) with extra main_grads):
 0: 	module.decoder.layers.5.mlp.linear_fc1.layer_norm_weight (param.main_grad.dtype=torch.float32)
 0: 	module.decoder.layers.5.self_attention.linear_qkv.weight (param.main_grad.dtype=torch.float32)
 0: 	module.decoder.layers.5.self_attention.linear_qkv.layer_norm_weight (param.main_grad.dtype=torch.float32)
 0: 	module.decoder.layers.5.self_attention.linear_proj.weight (param.main_grad.dtype=torch.float32)
 0: 	module.decoder.layers.4.mlp.linear_fc2.weight (param.main_grad.dtype=torch.float32)
 0: 	module.decoder.layers.4.mlp.linear_fc1.weight (param.main_grad.dtype=torch.float32)
 0: Params for bucket 13 (60690432 elements, 60690432 padded size, 0 param(s) with extra main_grads):
 0: 	module.decoder.layers.4.mlp.linear_fc1.layer_norm_weight (param.main_grad.dtype=torch.float32)
 0: 	module.decoder.layers.4.self_attention.linear_qkv.weight (param.main_grad.dtype=torch.float32)
 0: 	module.decoder.layers.4.self_attention.linear_qkv.layer_norm_weight (param.main_grad.dtype=torch.float32)
 0: 	m
 0: odule.decoder.layers.4.self_attention.linear_proj.weight (param.main_grad.dtype=torch.float32)
 0: 	module.decoder.layers.3.mlp.linear_fc2.weight (param.main_grad.dtype=torch.float32)
 0: 	module.decoder.layers.3.mlp.linear_fc1.weight (param.main_grad.dtype=torch.float32)
 0: Params for bucket 14 (60690432 elements, 60690432 padded size, 0 param(s) with extra main_grads):
 0: 	module.decoder.layers.3.mlp.linear_fc1.layer_norm_weight (param.main_grad.dtype=torch.float32)
 0: 	module.decoder.layers.3.self_attention.linear_qkv.weight (param.main_grad.dtype=torch.float32)
 0: 	module.decoder.layers.3.self_attention.linear_qkv.layer_norm_weight (param.main_grad.dtype=torch.float32)
 0: 	module.decoder.layers.3.self_attention.linear_proj.weight (param.main_grad.dtype=torch.float32)
 0: 	module.decoder.layers.2.mlp.linear_fc2.weight (param.main_grad.dtype=torch.float32)
 0: 	module.decoder.layers.2.mlp.linear_fc1.weight (param.main_grad.dtype=torch.float32)
 0: Params for bucket 15 (60690432 elements, 60690432 padded size, 0 param(s) with extra main_grads
 0: ):
 0: 	module.decoder.layers.2.mlp.linear_fc1.layer_norm_weight (param.main_grad.dtype=torch.float32)
 0: 	module.decoder.layers.2.self_attention.linear_qkv.weight (param.main_grad.dtype=torch.float32)
 0: 	module.decoder.layers.2.self_attention.linear_qkv.layer_norm_weight (param.main_grad.dtype=torch.float32)
 0: 	module.decoder.layers.2.self_attention.linear_proj.weight (param.main_grad.dtype=torch.float32)
 0: 	module.decoder.layers.1.mlp.linear_fc2.weight (param.main_grad.dtype=torch.float32)
 0: 	module.decoder.layers.1.mlp.linear_fc1.weight (param.main_grad.dtype=torch.float32)
 0: Params for bucket 16 (60690432 elements, 60690432 padded size, 0 param(s) with extra main_grads):
 0: 	module.decoder.layers.1.mlp.linear_fc1.layer_norm_weight (param.main_grad.dtype=torch.float32)
 0: 	module.decoder.layers.1.self_attention.linear_qkv.weight (param.main_grad.dtype=torch.float32)
 0: 	module.decoder.layers.1.self_attention.linear_qkv.layer_norm_weight (param.main_grad.dtype=torch.float32)
 0: 	module.decoder.layers.1.self_attention.linear_proj.weight
 0:  (param.main_grad.dtype=torch.float32)
 0: 	module.decoder.layers.0.mlp.linear_fc2.weight (param.main_grad.dtype=torch.float32)
 0: 	module.decoder.layers.0.mlp.linear_fc1.weight (param.main_grad.dtype=torch.float32)
 0: Params for bucket 17 (277352448 elements, 277352448 padded size, 0 param(s) with extra main_grads):
 0: 	module.decoder.layers.0.mlp.linear_fc1.layer_norm_weight (param.main_grad.dtype=torch.float32)
 0: 	module.decoder.layers.0.self_attention.linear_qkv.weight (param.main_grad.dtype=torch.float32)
 0: 	module.decoder.layers.0.self_attention.linear_qkv.layer_norm_weight (param.main_grad.dtype=torch.float32)
 0: 	module.decoder.layers.0.self_attention.linear_proj.weight (param.main_grad.dtype=torch.float32)
 0: 	module.embedding.word_embeddings.weight (param.main_grad.dtype=torch.float32)
 0: INFO:megatron.core.distributed.param_and_grad_buffer:Using reduce-scatter for gradient reductions because self.ddp_config.use_distributed_optimizer=True
 0: INFO:megatron.core.distributed.param_and_grad_buffer:Using reduce-scatter for gradient reductions because self.ddp_config.use_distributed_optimizer=True
 0: INFO:megatron.core.distributed.param_and_grad_buffer:Using reduce-scatter for gradient reductions because self.ddp_config.use_distributed_optimizer=True
 0: INFO:megatron.core.distributed.param_and_grad_buffer:Using reduce-scatter for gradient reductions because self.ddp_config.use_distributed_optimizer=True
 0: INFO:megatron.core.distributed.param_and_grad_buffer:Using reduce-scatter for gradient reductions because self.ddp_config.use_distributed_optimizer=True
 0: INFO:megatron.core.distributed.param_and_grad_buffer:Using reduce-scatter for gradient reductions because self.ddp_config.use_distributed_optimizer=True
 0: INFO:megatron.core.distributed.param_and_grad_buffer:Using reduce-scatter for gradient reductions because self.ddp_config.use_distributed_optimizer=True
 0: INFO:megatron.core.distributed.param_and_grad_buffer:Using reduce-scatter for gradient reductions because self.ddp_config.use_distributed_optimizer=True
 0: INFO:megatron.core.distributed.param_and_grad_buffer:Using reduce-scatter for gradient reductions because self.ddp_config.use_distributed_optimizer=True
 0: INFO:megatron.core.distributed.param_and_grad_buffer:Using reduce-scatter for gradient reductions because self.ddp_config.use_distributed_optimizer=True
 0: INFO:megatron.core.distributed.param_and_grad_buffer:Using reduce-scatter for gradient reductions because self.ddp_config.use_distributed_optimizer=True
 0: INFO:megatron.core.distributed.param_and_grad_buffer:Using reduce-scatter for gradient reductions because self.ddp_config.use_distributed_optimizer=True
 0: INFO:megatron.core.distributed.param_and_grad_buffer:Using reduce-scatter for gradient reductions because self.ddp_config.use_distributed_optimizer=True
 0: INFO:megatron.core.distributed.param_and_grad_buffer:Using reduce-scatter for gradient reductions because self.ddp_config.use_distributed_optimizer=True
 0: INFO:megatron.core.distributed.param_and_grad_buffer:Using reduce-scatter for gradient reductions because self.ddp_config.use_distributed_optimizer=True
 0: INFO:megatron.core.distributed.param_and_grad_buffer:Using reduce-scatter for gradient reductions because self.ddp_config.use_distributed_optimizer=True
 0: INFO:megatron.core.distributed.param_and_grad_buffer:Using reduce-scatter for gradient reductions because self.ddp_config.use_distributed_optimizer=True
 0: INFO:megatron.core.optimizer:Setting up optimizer with config OptimizerConfig(lr=0.0004, min_lr=4e-05, decoupled_lr=None, decoupled_min_lr=None, weight_decay=0.1, apply_wd_to_qk_layernorm=False, fp8_recipe='delayed', fp16=False, bf16=True, reuse_grad_buf_for_mxfp8_param_ag=False, params_dtype=torch.bfloat16, use_precision_aware_optimizer=False, store_param_remainders=True, main_grads_dtype=torch.float32, main_params_dtype=torch.float32, exp_avg_dtype=torch.float32, exp_avg_sq_dtype=torch.float32, optimizer='adam', loss_scale=None, initial_loss_scale=4294967296, min_loss_scale=1.0, loss_scale_window=1000, hysteresis=2, adam_beta1=0.9, adam_beta2=0.95, adam_eps=1e-08, decoupled_weight_decay=True, sgd_momentum=0.9, muon_momentum=0.9, muon_split_qkv=True, muon_nesterov=False, muon_scale_mode='spectral', muon_fp32_matmul_prec='medium', muon_coefficient_type='quintic', muon_num_ns_steps=5, muon_tp_mode='blockwise', muon_extra_scale_factor=1.0, muon_scalar_optimizer='adam', lion_beta1=0.95, lion_beta2=0.98, soap_sha
 0: mpoo_beta=0.95, soap_precondition_frequency=1, soap_use_kl_shampoo=True, adaptive_muon_moment2_method='adamuon', adaptive_muon_beta2=0.95, adaptive_muon_eps=1e-08, use_distributed_optimizer=True, use_layer_wise_distributed_optimizer=False, overlap_param_gather=True, overlap_param_gather_with_optimizer_step=False, optimizer_cpu_offload=False, optimizer_offload_fraction=1.0, use_torch_optimizer_for_cpu_offload=False, overlap_cpu_optimizer_d2h_h2d=False, pin_cpu_grads=True, pin_cpu_params=True, clip_grad=1.0, grad_norm_skip_threshold=inf, log_num_zeros_in_grad=False, barrier_with_L1_time=True, timers=<megatron.core.timers.Timers object at 0x4005434f8bc0>, config_logger_dir='', optimizer_cuda_graph=False)
 0: INFO:megatron.core.distributed.param_and_grad_buffer:Using reduce-scatter for gradient reductions because self.ddp_config.use_distributed_optimizer=True
 0: INFO:megatron.core.distributed.param_and_grad_buffer:Using reduce-scatter for gradient reductions because self.ddp_config.use_distributed_optimizer=True
 0: INFO:megatron.core.distributed.param_and_grad_buffer:Using reduce-scatter for gradient reductions because self.ddp_config.use_distributed_optimizer=True
 0: INFO:megatron.core.distributed.param_and_grad_buffer:Using reduce-scatter for gradient reductions because self.ddp_config.use_distributed_optimizer=True
 0: INFO:megatron.core.distributed.param_and_grad_buffer:Using reduce-scatter for gradient reductions because self.ddp_config.use_distributed_optimizer=True
 0: INFO:megatron.core.distributed.param_and_grad_buffer:Using reduce-scatter for gradient reductions because self.ddp_config.use_distributed_optimizer=True
 0: INFO:megatron.core.distributed.param_and_grad_buffer:Using reduce-scatter for gradient reductions because self.ddp_config.use_distributed_optimizer=True
 0: INFO:megatron.core.distributed.param_and_grad_buffer:Using reduce-scatter for gradient reductions because self.ddp_config.use_distributed_optimizer=True
 0: INFO:megatron.core.distributed.param_and_grad_buffer:Using reduce-scatter for gradient reductions because self.ddp_config.use_distributed_optimizer=True
 0: INFO:megatron.core.distributed.param_and_grad_buffer:Using reduce-scatter for gradient reductions because self.ddp_config.use_distributed_optimizer=True
 0: INFO:megatron.core.distributed.param_and_grad_buffer:Using reduce-scatter for gradient reductions because self.ddp_config.use_distributed_optimizer=True
 0: INFO:megatron.core.distributed.param_and_grad_buffer:Using reduce-scatter for gradient reductions because self.ddp_config.use_distributed_optimizer=True
 0: INFO:megatron.core.distributed.param_and_grad_buffer:Using reduce-scatter for gradient reductions because self.ddp_config.use_distributed_optimizer=True
 0: INFO:megatron.core.distributed.param_and_grad_buffer:Using reduce-scatter for gradient reductions because self.ddp_config.use_distributed_optimizer=True
 0: INFO:megatron.core.distributed.param_and_grad_buffer:Using reduce-scatter for gradient reductions because self.ddp_config.use_distributed_optimizer=True
 0: INFO:megatron.core.distributed.param_and_grad_buffer:Using reduce-scatter for gradient reductions because self.ddp_config.use_distributed_optimizer=True
 0: INFO:megatron.core.distributed.param_and_grad_buffer:Using reduce-scatter for gradient reductions because self.ddp_config.use_distributed_optimizer=True
 0: INFO:megatron.core.optimizer_param_scheduler:> learning rate decay style: cosine
 0: [after model, optimizer, and learning rate scheduler are built] datetime: 2026-08-18 03:12:58.919714 
 0: > building train, validation, and test datasets ...
 0:  > datasets target sizes (minimum size):
 0:     train:      576
 0:     validation: 0
 0:     test:       0
 0: INFO:megatron.core.datasets.blended_megatron_dataset_config:Let split_matrix = [(0, 1.0), None, None]
 0: > building train, validation, and test datasets for GPT ...
 0: INFO:megatron.core.datasets.blended_megatron_dataset_builder:Building GPTDataset splits with sizes=(576, 0, 0) and config=GPTDatasetConfig(random_seed=28, sequence_length=8192, blend=(['/iopsstor/scratch/cscs/elyulina/datasets/tokenized/fineweb-edu-dedup-160B-datatrove_0.25/dump_0/00000_tokens', '/iopsstor/scratch/cscs/elyulina/datasets/tokenized/fineweb-edu-dedup-160B-datatrove_0.25/dump_0/00001_tokens', '/iopsstor/scratch/cscs/elyulina/datasets/tokenized/fineweb-edu-dedup-160B-datatrove_0.25/dump_0/00002_tokens', '/iopsstor/scratch/cscs/elyulina/datasets/tokenized/fineweb-edu-dedup-160B-datatrove_0.25/dump_0/00003_tokens', '/iopsstor/scratch/cscs/elyulina/datasets/tokenized/fineweb-edu-dedup-160B-datatrove_0.25/dump_0/00004_tokens', '/iopsstor/scratch/cscs/elyulina/datasets/tokenized/fineweb-edu-dedup-160B-datatrove_0.25/dump_0/00005_tokens', '/iopsstor/scratch/cscs/elyulina/datasets/tokenized/fineweb-edu-dedup-160B-datatrove_0.25/dump_0/00006_tokens', '/iopsstor/scratch/cscs/elyulina/datasets/tokenized/fin
 0: eweb-edu-dedup-160B-datatrove_0.25/dump_0/00007_tokens', '/iopsstor/scratch/cscs/elyulina/datasets/tokenized/fineweb-edu-dedup-160B-datatrove_0.25/dump_0/00008_tokens', '/iopsstor/scratch/cscs/elyulina/datasets/tokenized/fineweb-edu-dedup-160B-datatrove_0.25/dump_0/00009_tokens', '/iopsstor/scratch/cscs/elyulina/datasets/tokenized/fineweb-edu-dedup-160B-datatrove_0.25/dump_0/00010_tokens', '/iopsstor/scratch/cscs/elyulina/datasets/tokenized/fineweb-edu-dedup-160B-datatrove_0.25/dump_0/00011_tokens', '/iopsstor/scratch/cscs/elyulina/datasets/tokenized/fineweb-edu-dedup-160B-datatrove_0.25/dump_0/00012_tokens', '/iopsstor/scratch/cscs/elyulina/datasets/tokenized/fineweb-edu-dedup-160B-datatrove_0.25/dump_0/00013_tokens', '/iopsstor/scratch/cscs/elyulina/datasets/tokenized/fineweb-edu-dedup-160B-datatrove_0.25/dump_0/00014_tokens', '/iopsstor/scratch/cscs/elyulina/datasets/tokenized/fineweb-edu-dedup-160B-datatrove_0.25/dump_0/00015_tokens', '/iopsstor/scratch/cscs/elyulina/datasets/tokenized/fineweb-edu-dedup-1
 0: 60B-datatrove_0.25/dump_0/00016_tokens', '/iopsstor/scratch/cscs/elyulina/datasets/tokenized/fineweb-edu-dedup-160B-datatrove_0.25/dump_0/00017_tokens', '/iopsstor/scratch/cscs/elyulina/datasets/tokenized/fineweb-edu-dedup-160B-datatrove_0.25/dump_0/00018_tokens', '/iopsstor/scratch/cscs/elyulina/datasets/tokenized/fineweb-edu-dedup-160B-datatrove_0.25/dump_0/00019_tokens', '/iopsstor/scratch/cscs/elyulina/datasets/tokenized/fineweb-edu-dedup-160B-datatrove_0.25/dump_1/00000_tokens', '/iopsstor/scratch/cscs/elyulina/datasets/tokenized/fineweb-edu-dedup-160B-datatrove_0.25/dump_1/00001_tokens', '/iopsstor/scratch/cscs/elyulina/datasets/tokenized/fineweb-edu-dedup-160B-datatrove_0.25/dump_1/00002_tokens', '/iopsstor/scratch/cscs/elyulina/datasets/tokenized/fineweb-edu-dedup-160B-datatrove_0.25/dump_1/00003_tokens', '/iopsstor/scratch/cscs/elyulina/datasets/tokenized/fineweb-edu-dedup-160B-datatrove_0.25/dump_1/00004_tokens', '/iopsstor/scratch/cscs/elyulina/datasets/tokenized/fineweb-edu-dedup-160B-datatrove_0.
 0: 25/dump_1/00005_tokens', '/iopsstor/scratch/cscs/elyulina/datasets/tokenized/fineweb-edu-dedup-160B-datatrove_0.25/dump_1/00006_tokens', '/iopsstor/scratch/cscs/elyulina/datasets/tokenized/fineweb-edu-dedup-160B-datatrove_0.25/dump_1/00007_tokens', '/iopsstor/scratch/cscs/elyulina/datasets/tokenized/fineweb-edu-dedup-160B-datatrove_0.25/dump_1/00008_tokens', '/iopsstor/scratch/cscs/elyulina/datasets/tokenized/fineweb-edu-dedup-160B-datatrove_0.25/dump_1/00009_tokens', '/iopsstor/scratch/cscs/elyulina/datasets/tokenized/fineweb-edu-dedup-160B-datatrove_0.25/dump_1/00010_tokens', '/iopsstor/scratch/cscs/elyulina/datasets/tokenized/fineweb-edu-dedup-160B-datatrove_0.25/dump_1/00011_tokens', '/iopsstor/scratch/cscs/elyulina/datasets/tokenized/fineweb-edu-dedup-160B-datatrove_0.25/dump_1/00012_tokens', '/iopsstor/scratch/cscs/elyulina/datasets/tokenized/fineweb-edu-dedup-160B-datatrove_0.25/dump_1/00013_tokens', '/iopsstor/scratch/cscs/elyulina/datasets/tokenized/fineweb-edu-dedup-160B-datatrove_0.25/dump_1/00014
 0: _tokens', '/iopsstor/scratch/cscs/elyulina/datasets/tokenized/fineweb-edu-dedup-160B-datatrove_0.25/dump_1/00015_tokens', '/iopsstor/scratch/cscs/elyulina/datasets/tokenized/fineweb-edu-dedup-160B-datatrove_0.25/dump_1/00016_tokens', '/iopsstor/scratch/cscs/elyulina/datasets/tokenized/fineweb-edu-dedup-160B-datatrove_0.25/dump_1/00017_tokens', '/iopsstor/scratch/cscs/elyulina/datasets/tokenized/fineweb-edu-dedup-160B-datatrove_0.25/dump_1/00018_tokens', '/iopsstor/scratch/cscs/elyulina/datasets/tokenized/fineweb-edu-dedup-160B-datatrove_0.25/dump_1/00019_tokens', '/iopsstor/scratch/cscs/elyulina/datasets/tokenized/gutenberg_rep_1_256/rep_128_tokens', '/iopsstor/scratch/cscs/elyulina/datasets/tokenized/gutenberg_rep_1_256/rep_16_tokens', '/iopsstor/scratch/cscs/elyulina/datasets/tokenized/gutenberg_rep_1_256/rep_1_tokens', '/iopsstor/scratch/cscs/elyulina/datasets/tokenized/gutenberg_rep_1_256/rep_256_tokens', '/iopsstor/scratch/cscs/elyulina/datasets/tokenized/gutenberg_rep_1_256/rep_2_tokens', '/iopsstor/scr
 0: atch/cscs/elyulina/datasets/tokenized/gutenberg_rep_1_256/rep_32_tokens', '/iopsstor/scratch/cscs/elyulina/datasets/tokenized/gutenberg_rep_1_256/rep_4_tokens', '/iopsstor/scratch/cscs/elyulina/datasets/tokenized/gutenberg_rep_1_256/rep_64_tokens', '/iopsstor/scratch/cscs/elyulina/datasets/tokenized/gutenberg_rep_1_256/rep_8_tokens'], None), blend_per_split=None, multiple_validation_sets=False, full_validation=False, split='100,0,0', split_matrix=[(0, 1.0), None, None], num_dataset_builder_threads=4, path_to_cache='/iopsstor/scratch/cscs/elyulina/datasets/cache', mmap_bin_files=True, mock=False, tokenizer=<megatron.core.tokenizers.text.models.default_tokenizer.DefaultTokenizerText object at 0x400837a3d190>, mid_level_dataset_surplus=0.005, allow_ambiguous_pad_tokens=False, fast_cache_load=False, defer_npy_index_mmap=False, reset_position_ids=True, reset_attention_mask=False, eod_mask_loss=True, goldfish_loss=False, goldfish_k=50, goldfish_h=50, create_attention_mask=False, drop_last_partial_validation_sequenc
 0: e=True, add_extra_token_to_sequence=True, object_storage_cache_path=None, data_parallel_size=32, sequence_parallel_size=0, hybrid_context_parallel=False, sequences_per_dataset=None, token_dtype_code=4, context_parallel_size=1)
 0: INFO:megatron.core.datasets.indexed_dataset:Load the _IndexReader from /iopsstor/scratch/cscs/elyulina/datasets/tokenized/fineweb-edu-dedup-160B-datatrove_0.25/dump_0/00001_tokens.idx
 0: INFO:megatron.core.datasets.indexed_dataset:Load the _IndexReader from /iopsstor/scratch/cscs/elyulina/datasets/tokenized/fineweb-edu-dedup-160B-datatrove_0.25/dump_0/00000_tokens.idx
 0: INFO:megatron.core.datasets.indexed_dataset:Load the _IndexReader from /iopsstor/scratch/cscs/elyulina/datasets/tokenized/fineweb-edu-dedup-160B-datatrove_0.25/dump_0/00003_tokens.idx
 0: INFO:megatron.core.datasets.indexed_dataset:Load the _IndexReader from /iopsstor/scratch/cscs/elyulina/datasets/tokenized/fineweb-edu-dedup-160B-datatrove_0.25/dump_0/00002_tokens.idx
 0: INFO:megatron.core.datasets.indexed_dataset:Load the _IndexReader from /iopsstor/scratch/cscs/elyulina/datasets/tokenized/fineweb-edu-dedup-160B-datatrove_0.25/dump_0/00004_tokens.idx
 0: INFO:megatron.core.datasets.indexed_dataset:Load the _IndexReader from /iopsstor/scratch/cscs/elyulina/datasets/tokenized/fineweb-edu-dedup-160B-datatrove_0.25/dump_0/00006_tokens.idx
 0: INFO:megatron.core.datasets.indexed_dataset:Load the _IndexReader from /iopsstor/scratch/cscs/elyulina/datasets/tokenized/fineweb-edu-dedup-160B-datatrove_0.25/dump_0/00007_tokens.idx
 0: INFO:megatron.core.datasets.indexed_dataset:Load the _IndexReader from /iopsstor/scratch/cscs/elyulina/datasets/tokenized/fineweb-edu-dedup-160B-datatrove_0.25/dump_0/00005_tokens.idx
 0: INFO:megatron.core.datasets.indexed_dataset:	Extract the sequence lengths
 0: INFO:megatron.core.datasets.indexed_dataset:	Extract the sequence pointers
 0: INFO:megatron.core.datasets.indexed_dataset:	Extract the document indices
 0: INFO:megatron.core.datasets.indexed_dataset:> total number of sequences: 1000000
 0: INFO:megatron.core.datasets.indexed_dataset:> total number of documents: 1000000
 0: INFO:megatron.core.datasets.indexed_dataset:	Extract the sequence lengths
 0: INFO:megatron.core.datasets.indexed_dataset:	Extract the sequence pointers
 0: INFO:megatron.core.datasets.indexed_dataset:	Extract the document indices
 0: INFO:megatron.core.datasets.indexed_dataset:> total number of sequences: 1010000
 0: INFO:megatron.core.datasets.indexed_dataset:> total number of documents: 1010000
 0: INFO:megatron.core.datasets.indexed_dataset:	Extract the sequence lengths
 0: INFO:megatron.core.datasets.indexed_dataset:	Extract the sequence lengths
 0: INFO:megatron.core.datasets.indexed_dataset:	Extract the sequence pointers
 0: INFO:megatron.core.datasets.indexed_dataset:	Extract the sequence pointers
 0: INFO:megatron.core.datasets.indexed_dataset:	Extract the document indices
 0: INFO:megatron.core.datasets.indexed_dataset:	Extract the sequence lengths
 0: INFO:megatron.core.datasets.indexed_dataset:	Extract the document indices
 0: INFO:megatron.core.datasets.indexed_dataset:	Extract the sequence lengths
 0: INFO:megatron.core.datasets.indexed_dataset:> total number of sequences: 997500
 0: INFO:megatron.core.datasets.gpt_dataset:Load the GPTDataset train indices
 0: INFO:megatron.core.datasets.indexed_dataset:	Extract the sequence pointers
 0: INFO:megatron.core.datasets.indexed_dataset:> total number of sequences: 1002500
 0: INFO:megatron.core.datasets.indexed_dataset:	Extract the sequence pointers
 0: INFO:megatron.core.datasets.indexed_dataset:> total number of documents: 997500
 0: INFO:megatron.core.datasets.gpt_dataset:	Load the document index from 915ab8cb604230d8bc15cddca19e1457-GPTDataset-train-document_index.npy
 0: INFO:megatron.core.datasets.indexed_dataset:	Extract the document indices
 0: INFO:megatron.core.datasets.indexed_dataset:> total number of documents: 1002500
 0: INFO:megatron.core.datasets.indexed_dataset:	Extract the document indices
 0: INFO:megatron.core.datasets.indexed_dataset:> total number of sequences: 1005000
 0: INFO:megatron.core.datasets.indexed_dataset:> total number of sequences: 1002500
 0: INFO:megatron.core.datasets.gpt_dataset:Load the GPTDataset train indices
 0: INFO:megatron.core.datasets.indexed_dataset:> total number of documents: 1005000
 0: INFO:megatron.core.datasets.indexed_dataset:> total number of documents: 1002500
 0: INFO:megatron.core.datasets.gpt_dataset:	Load the document index from d866b8c3eaca0d0bfb7d3ff24522f41e-GPTDataset-train-document_index.npy
 0: INFO:megatron.core.datasets.gpt_dataset:Load the GPTDataset train indices
 0: INFO:megatron.core.datasets.gpt_dataset:	Load the document index from e7945d55d0b14a6a819aa0bce0cfad0c-GPTDataset-train-document_index.npy
 0: INFO:megatron.core.datasets.indexed_dataset:	Extract the sequence lengths
 0: INFO:megatron.core.datasets.indexed_dataset:	Extract the sequence lengths
 0: INFO:megatron.core.datasets.indexed_dataset:	Extract the sequence pointers
 0: INFO:megatron.core.datasets.indexed_dataset:	Extract the sequence pointers
 0: INFO:megatron.core.datasets.indexed_dataset:	Extract the document indices
 0: INFO:megatron.core.datasets.indexed_dataset:	Extract the document indices
 0: INFO:megatron.core.datasets.indexed_dataset:> total number of sequences: 1002500
 0: INFO:megatron.core.datasets.gpt_dataset:Load the GPTDataset train indices
 0: INFO:megatron.core.datasets.indexed_dataset:> total number of sequences: 1002500
 0: INFO:megatron.core.datasets.indexed_dataset:> total number of documents: 1002500
 0: INFO:megatron.core.datasets.gpt_dataset:	Load the sample index from 915ab8cb604230d8bc15cddca19e1457-GPTDataset-train-sample_index.npy
 0: INFO:megatron.core.datasets.gpt_dataset:	Load the document index from 3f9ec5520022eaa9466eb0b7f77e0ce5-GPTDataset-train-document_index.npy
 0: INFO:megatron.core.datasets.gpt_dataset:Load the GPTDataset train indices
 0: INFO:megatron.core.datasets.indexed_dataset:> total number of documents: 1002500
 0: INFO:megatron.core.datasets.gpt_dataset:Load the GPTDataset train indices
 0: INFO:megatron.core.datasets.gpt_dataset:	Load the document index from 1b2bacb7c3ee2d5b588491a79d675e68-GPTDataset-train-document_index.npy
 0: INFO:megatron.core.datasets.gpt_dataset:	Load the document index from 76a3d6e7f425bf0d39a34fb92363d71d-GPTDataset-train-document_index.npy
 0: INFO:megatron.core.datasets.gpt_dataset:Load the GPTDataset train indices
 0: INFO:megatron.core.datasets.gpt_dataset:	Load the document index from a89b65e4ea2ab7159ebb561c653eb63a-GPTDataset-train-document_index.npy
 0: INFO:megatron.core.datasets.gpt_dataset:	Load the sample index from d866b8c3eaca0d0bfb7d3ff24522f41e-GPTDataset-train-sample_index.npy
 0: INFO:megatron.core.datasets.gpt_dataset:	Load the sample index from e7945d55d0b14a6a819aa0bce0cfad0c-GPTDataset-train-sample_index.npy
 0: INFO:megatron.core.datasets.gpt_dataset:Load the GPTDataset train indices
 0: INFO:megatron.core.datasets.gpt_dataset:	Load the document index from 7b6dbcc6999e41911d7ce0edcf079327-GPTDataset-train-document_index.npy
 0: INFO:megatron.core.datasets.gpt_dataset:	Load the shuffle index from 915ab8cb604230d8bc15cddca19e1457-GPTDataset-train-shuffle_index.npy
 0: INFO:megatron.core.datasets.gpt_dataset:	Load the shuffle index from e7945d55d0b14a6a819aa0bce0cfad0c-GPTDataset-train-shuffle_index.npy
 0: INFO:megatron.core.datasets.gpt_dataset:	Load the sample index from 3f9ec5520022eaa9466eb0b7f77e0ce5-GPTDataset-train-sample_index.npy
 0: INFO:megatron.core.datasets.gpt_dataset:	Load the sample index from 1b2bacb7c3ee2d5b588491a79d675e68-GPTDataset-train-sample_index.npy
 0: INFO:megatron.core.datasets.gpt_dataset:	Load the shuffle index from d866b8c3eaca0d0bfb7d3ff24522f41e-GPTDataset-train-shuffle_index.npy
 0: INFO:megatron.core.datasets.gpt_dataset:	Load the sample index from a89b65e4ea2ab7159ebb561c653eb63a-GPTDataset-train-sample_index.npy
 0: INFO:megatron.core.datasets.gpt_dataset:> total number of samples: 122172
 0: INFO:megatron.core.datasets.gpt_dataset:	Load the sample index from 7b6dbcc6999e41911d7ce0edcf079327-GPTDataset-train-sample_index.npy
 0: INFO:megatron.core.datasets.gpt_dataset:	Load the shuffle index from 3f9ec5520022eaa9466eb0b7f77e0ce5-GPTDataset-train-shuffle_index.npy
 0: INFO:megatron.core.datasets.indexed_dataset:Load the _IndexReader from /iopsstor/scratch/cscs/elyulina/datasets/tokenized/fineweb-edu-dedup-160B-datatrove_0.25/dump_0/00008_tokens.idx
 0: INFO:megatron.core.datasets.gpt_dataset:	Load the shuffle index from 1b2bacb7c3ee2d5b588491a79d675e68-GPTDataset-train-shuffle_index.npy
 0: INFO:megatron.core.datasets.gpt_dataset:> total number of samples: 122129
 0: INFO:megatron.core.datasets.indexed_dataset:Load the _IndexReader from /iopsstor/scratch/cscs/elyulina/datasets/tokenized/fineweb-edu-dedup-160B-datatrove_0.25/dump_0/00009_tokens.idx
 0: INFO:megatron.core.datasets.gpt_dataset:	Load the shuffle index from 7b6dbcc6999e41911d7ce0edcf079327-GPTDataset-train-shuffle_index.npy
 0: INFO:megatron.core.datasets.gpt_dataset:> total number of samples: 122144
 0: INFO:megatron.core.datasets.gpt_dataset:	Load the shuffle index from a89b65e4ea2ab7159ebb561c653eb63a-GPTDataset-train-shuffle_index.npy
 0: INFO:megatron.core.datasets.gpt_dataset:> total number of samples: 121738
 0: INFO:megatron.core.datasets.gpt_dataset:	Load the sample index from 76a3d6e7f425bf0d39a34fb92363d71d-GPTDataset-train-sample_index.npy
 0: INFO:megatron.core.datasets.indexed_dataset:Load the _IndexReader from /iopsstor/scratch/cscs/elyulina/datasets/tokenized/fineweb-edu-dedup-160B-datatrove_0.25/dump_0/00010_tokens.idx
 0: INFO:megatron.core.datasets.indexed_dataset:Load the _IndexReader from /iopsstor/scratch/cscs/elyulina/datasets/tokenized/fineweb-edu-dedup-160B-datatrove_0.25/dump_0/00011_tokens.idx
 0: INFO:megatron.core.datasets.gpt_dataset:> total number of samples: 122293
 0: INFO:megatron.core.datasets.gpt_dataset:	Load the shuffle index from 76a3d6e7f425bf0d39a34fb92363d71d-GPTDataset-train-shuffle_index.npy
 0: INFO:megatron.core.datasets.indexed_dataset:Load the _IndexReader from /iopsstor/scratch/cscs/elyulina/datasets/tokenized/fineweb-edu-dedup-160B-datatrove_0.25/dump_0/00012_tokens.idx
 0: INFO:megatron.core.datasets.gpt_dataset:> total number of samples: 122105
 0: INFO:megatron.core.datasets.indexed_dataset:Load the _IndexReader from /iopsstor/scratch/cscs/elyulina/datasets/tokenized/fineweb-edu-dedup-160B-datatrove_0.25/dump_0/00013_tokens.idx
 0: INFO:megatron.core.datasets.indexed_dataset:	Extract the sequence lengths
 0: INFO:megatron.core.datasets.gpt_dataset:> total number of samples: 122216
 0: INFO:megatron.core.datasets.indexed_dataset:	Extract the sequence pointers
 0: INFO:megatron.core.datasets.indexed_dataset:	Extract the document indices
 0: INFO:megatron.core.datasets.indexed_dataset:> total number of sequences: 1007500
 0: INFO:megatron.core.datasets.indexed_dataset:> total number of documents: 1007500
 0: INFO:megatron.core.datasets.indexed_dataset:	Extract the sequence lengths
 0: INFO:megatron.core.datasets.indexed_dataset:	Extract the sequence pointers
 0: INFO:megatron.core.datasets.indexed_dataset:	Extract the document indices
 0: INFO:megatron.core.datasets.indexed_dataset:> total number of sequences: 1012500
 0: INFO:megatron.core.datasets.indexed_dataset:> total number of documents: 1012500
 0: INFO:megatron.core.datasets.indexed_dataset:	Extract the sequence lengths
 0: INFO:megatron.core.datasets.indexed_dataset:	Extract the sequence pointers
 0: INFO:megatron.core.datasets.indexed_dataset:	Extract the sequence lengths
 0: INFO:megatron.core.datasets.indexed_dataset:	Extract the document indices
 0: INFO:megatron.core.datasets.indexed_dataset:	Extract the sequence pointers
 0: INFO:megatron.core.datasets.indexed_dataset:> total number of sequences: 1010000
 0: INFO:megatron.core.datasets.indexed_dataset:	Extract the document indices
 0: INFO:megatron.core.datasets.indexed_dataset:> total number of documents: 1010000
 0: INFO:megatron.core.datasets.indexed_dataset:> total number of sequences: 1010000
 0: INFO:megatron.core.datasets.indexed_dataset:> total number of documents: 1010000
 0: INFO:megatron.core.datasets.indexed_dataset:Load the _IndexReader from /iopsstor/scratch/cscs/elyulina/datasets/tokenized/fineweb-edu-dedup-160B-datatrove_0.25/dump_0/00014_tokens.idx
 0: INFO:megatron.core.datasets.gpt_dataset:Load the GPTDataset train indices
 0: INFO:megatron.core.datasets.gpt_dataset:	Load the document index from 5029826f57725a5990040c7861075fd4-GPTDataset-train-document_index.npy
 0: INFO:megatron.core.datasets.indexed_dataset:	Extract the sequence lengths
 0: INFO:megatron.core.datasets.indexed_dataset:	Extract the sequence pointers
 0: INFO:megatron.core.datasets.indexed_dataset:	Extract the document indices
 0: INFO:megatron.core.datasets.indexed_dataset:> total number of sequences: 1010000
 0: INFO:megatron.core.datasets.indexed_dataset:> total number of documents: 1010000
 0: INFO:megatron.core.datasets.gpt_dataset:> total number of samples: 121997
 0: INFO:megatron.core.datasets.gpt_dataset:Load the GPTDataset train indices
 0: INFO:megatron.core.datasets.gpt_dataset:	Load the document index from 1e478b4a7f08c8a1ecacd7bdf434f16b-GPTDataset-train-document_index.npy
 0: INFO:megatron.core.datasets.gpt_dataset:Load the GPTDataset train indices
 0: INFO:megatron.core.datasets.gpt_dataset:	Load the document index from f4e8cae8a5dfe784104866bf270e7fa5-GPTDataset-train-document_index.npy
 0: INFO:megatron.core.datasets.gpt_dataset:Load the GPTDataset train indices
 0: INFO:megatron.core.datasets.gpt_dataset:	Load the document index from b5e5c92190160c5a513ee59f974bb32c-GPTDataset-train-document_index.npy
 0: INFO:megatron.core.datasets.indexed_dataset:	Extract the sequence lengths
 0: INFO:megatron.core.datasets.indexed_dataset:	Extract the sequence pointers
 0: INFO:megatron.core.datasets.indexed_dataset:	Extract the document indices
 0: INFO:megatron.core.datasets.indexed_dataset:> total number of sequences: 1010000
 0: INFO:megatron.core.datasets.indexed_dataset:> total number of documents: 1010000
 0: INFO:megatron.core.datasets.indexed_dataset:Load the _IndexReader from /iopsstor/scratch/cscs/elyulina/datasets/tokenized/fineweb-edu-dedup-160B-datatrove_0.25/dump_0/00015_tokens.idx
 0: INFO:megatron.core.datasets.gpt_dataset:Load the GPTDataset train indices
 0: INFO:megatron.core.datasets.gpt_dataset:	Load the document index from 6bc6a36e8dc0c7c5ed89104fdb06968b-GPTDataset-train-document_index.npy
 0: INFO:megatron.core.datasets.indexed_dataset:	Extract the sequence lengths
 0: INFO:megatron.core.datasets.indexed_dataset:	Extract the sequence pointers
 0: INFO:megatron.core.datasets.indexed_dataset:	Extract the document indices
 0: INFO:megatron.core.datasets.indexed_dataset:> total number of sequences: 1010000
 0: INFO:megatron.core.datasets.indexed_dataset:> total number of documents: 1010000
 0: INFO:megatron.core.datasets.gpt_dataset:Load the GPTDataset train indices
 0: INFO:megatron.core.datasets.gpt_dataset:	Load the sample index from 5029826f57725a5990040c7861075fd4-GPTDataset-train-sample_index.npy
 0: INFO:megatron.core.datasets.gpt_dataset:	Load the document index from 8dc1e9da1109a20cce2fd639ce7375b2-GPTDataset-train-document_index.npy
 0: INFO:megatron.core.datasets.gpt_dataset:	Load the sample index from b5e5c92190160c5a513ee59f974bb32c-GPTDataset-train-sample_index.npy
 0: INFO:megatron.core.datasets.gpt_dataset:	Load the sample index from 1e478b4a7f08c8a1ecacd7bdf434f16b-GPTDataset-train-sample_index.npy
 0: INFO:megatron.core.datasets.indexed_dataset:	Extract the sequence lengths
 0: INFO:megatron.core.datasets.indexed_dataset:	Extract the sequence pointers
 0: INFO:megatron.core.datasets.indexed_dataset:	Extract the document indices
 0: INFO:megatron.core.datasets.indexed_dataset:> total number of sequences: 1012500
 0: INFO:megatron.core.datasets.indexed_dataset:> total number of documents: 1012500
 0: INFO:megatron.core.datasets.gpt_dataset:	Load the sample index from f4e8cae8a5dfe784104866bf270e7fa5-GPTDataset-train-sample_index.npy
 0: INFO:megatron.core.datasets.gpt_dataset:Load the GPTDataset train indices
 0: INFO:megatron.core.datasets.gpt_dataset:	Load the document index from 4a169cd7053d7d9ae00395c12a927951-GPTDataset-train-document_index.npy
 0: INFO:megatron.core.datasets.gpt_dataset:	Load the sample index from 8dc1e9da1109a20cce2fd639ce7375b2-GPTDataset-train-sample_index.npy
 0: INFO:megatron.core.datasets.gpt_dataset:	Load the shuffle index from 5029826f57725a5990040c7861075fd4-GPTDataset-train-shuffle_index.npy
 0: INFO:megatron.core.datasets.gpt_dataset:	Load the shuffle index from b5e5c92190160c5a513ee59f974bb32c-GPTDataset-train-shuffle_index.npy
 0: INFO:megatron.core.datasets.gpt_dataset:	Load the sample index from 6bc6a36e8dc0c7c5ed89104fdb06968b-GPTDataset-train-sample_index.npy
 0: INFO:megatron.core.datasets.gpt_dataset:Load the GPTDataset train indices
 0: INFO:megatron.core.datasets.gpt_dataset:	Load the document index from 4ad037125f655af6e80d4d7e94132b78-GPTDataset-train-document_index.npy
 0: INFO:megatron.core.datasets.gpt_dataset:	Load the shuffle index from f4e8cae8a5dfe784104866bf270e7fa5-GPTDataset-train-shuffle_index.npy
 0: INFO:megatron.core.datasets.gpt_dataset:	Load the shuffle index from 1e478b4a7f08c8a1ecacd7bdf434f16b-GPTDataset-train-shuffle_index.npy
 0: INFO:megatron.core.datasets.gpt_dataset:	Load the shuffle index from 8dc1e9da1109a20cce2fd639ce7375b2-GPTDataset-train-shuffle_index.npy
 0: INFO:megatron.core.datasets.gpt_dataset:> total number of samples: 122260
 0: INFO:megatron.core.datasets.indexed_dataset:Load the _IndexReader from /iopsstor/scratch/cscs/elyulina/datasets/tokenized/fineweb-edu-dedup-160B-datatrove_0.25/dump_0/00016_tokens.idx
 0: INFO:megatron.core.datasets.gpt_dataset:> total number of samples: 122680
 0: INFO:megatron.core.datasets.gpt_dataset:> total number of samples: 122579
 0: INFO:megatron.core.datasets.gpt_dataset:	Load the sample index from 4a169cd7053d7d9ae00395c12a927951-GPTDataset-train-sample_index.npy
 0: INFO:megatron.core.datasets.indexed_dataset:Load the _IndexReader from /iopsstor/scratch/cscs/elyulina/datasets/tokenized/fineweb-edu-dedup-160B-datatrove_0.25/dump_0/00017_tokens.idx
 0: INFO:megatron.core.datasets.indexed_dataset:Load the _IndexReader from /iopsstor/scratch/cscs/elyulina/datasets/tokenized/fineweb-edu-dedup-160B-datatrove_0.25/dump_0/00018_tokens.idx
 0: INFO:megatron.core.datasets.gpt_dataset:	Load the sample index from 4ad037125f655af6e80d4d7e94132b78-GPTDataset-train-sample_index.npy
 0: INFO:megatron.core.datasets.gpt_dataset:	Load the shuffle index from 4a169cd7053d7d9ae00395c12a927951-GPTDataset-train-shuffle_index.npy
 0: INFO:megatron.core.datasets.indexed_dataset:	Extract the sequence lengths
 0: INFO:megatron.core.datasets.indexed_dataset:	Extract the sequence pointers
 0: INFO:megatron.core.datasets.indexed_dataset:	Extract the document indices
 0: INFO:megatron.core.datasets.indexed_dataset:> total number of sequences: 1012500
 0: INFO:megatron.core.datasets.indexed_dataset:> total number of documents: 1012500
 0: INFO:megatron.core.datasets.indexed_dataset:	Extract the sequence lengths
 0: INFO:megatron.core.datasets.indexed_dataset:	Extract the sequence pointers
 0: INFO:megatron.core.datasets.gpt_dataset:> total number of samples: 122062
 0: INFO:megatron.core.datasets.indexed_dataset:	Extract the document indices
 0: INFO:megatron.core.datasets.gpt_dataset:	Load the shuffle index from 4ad037125f655af6e80d4d7e94132b78-GPTDataset-train-shuffle_index.npy
 0: INFO:megatron.core.datasets.gpt_dataset:	Load the shuffle index from 6bc6a36e8dc0c7c5ed89104fdb06968b-GPTDataset-train-shuffle_index.npy
 0: INFO:megatron.core.datasets.gpt_dataset:> total number of samples: 121843
 0: INFO:megatron.core.datasets.indexed_dataset:> total number of sequences: 1015000
 0: INFO:megatron.core.datasets.indexed_dataset:> total number of documents: 1015000
 0: INFO:megatron.core.datasets.gpt_dataset:Load the GPTDataset train indices
 0: INFO:megatron.core.datasets.gpt_dataset:	Load the document index from 6e7436d075826338db9e86434c7397d7-GPTDataset-train-document_index.npy
 0: INFO:megatron.core.datasets.indexed_dataset:Load the _IndexReader from /iopsstor/scratch/cscs/elyulina/datasets/tokenized/fineweb-edu-dedup-160B-datatrove_0.25/dump_0/00019_tokens.idx
 0: INFO:megatron.core.datasets.indexed_dataset:Load the _IndexReader from /iopsstor/scratch/cscs/elyulina/datasets/tokenized/fineweb-edu-dedup-160B-datatrove_0.25/dump_1/00000_tokens.idx
 0: INFO:megatron.core.datasets.gpt_dataset:> total number of samples: 122106
 0: INFO:megatron.core.datasets.gpt_dataset:Load the GPTDataset train indices
 0: INFO:megatron.core.datasets.gpt_dataset:	Load the document index from 0b8ab6e31f3dc23ff962af4eb4dc24a8-GPTDataset-train-document_index.npy
 0: INFO:megatron.core.datasets.gpt_dataset:> total number of samples: 122364
 0: INFO:megatron.core.datasets.indexed_dataset:Load the _IndexReader from /iopsstor/scratch/cscs/elyulina/datasets/tokenized/fineweb-edu-dedup-160B-datatrove_0.25/dump_1/00001_tokens.idx
 0: INFO:megatron.core.datasets.indexed_dataset:	Extract the sequence lengths
 0: INFO:megatron.core.datasets.indexed_dataset:	Extract the sequence pointers
 0: INFO:megatron.core.datasets.indexed_dataset:	Extract the document indices
 0: INFO:megatron.core.datasets.indexed_dataset:> total number of sequences: 1015855
 0: INFO:megatron.core.datasets.indexed_dataset:> total number of documents: 1015855
 0: INFO:megatron.core.datasets.indexed_dataset:Load the _IndexReader from /iopsstor/scratch/cscs/elyulina/datasets/tokenized/fineweb-edu-dedup-160B-datatrove_0.25/dump_1/00002_tokens.idx
 0: INFO:megatron.core.datasets.gpt_dataset:Load the GPTDataset train indices
 0: INFO:megatron.core.datasets.gpt_dataset:	Load the document index from 471a6a8ef0b5957dbc4bd8d06184dac3-GPTDataset-train-document_index.npy
 0: INFO:megatron.core.datasets.gpt_dataset:	Load the sample index from 6e7436d075826338db9e86434c7397d7-GPTDataset-train-sample_index.npy
 0: INFO:megatron.core.datasets.gpt_dataset:	Load the sample index from 0b8ab6e31f3dc23ff962af4eb4dc24a8-GPTDataset-train-sample_index.npy
 0: INFO:megatron.core.datasets.gpt_dataset:	Load the shuffle index from 6e7436d075826338db9e86434c7397d7-GPTDataset-train-shuffle_index.npy
 0: INFO:megatron.core.datasets.gpt_dataset:> total number of samples: 122013
 0: INFO:megatron.core.datasets.gpt_dataset:	Load the shuffle index from 0b8ab6e31f3dc23ff962af4eb4dc24a8-GPTDataset-train-shuffle_index.npy
 0: INFO:megatron.core.datasets.gpt_dataset:	Load the sample index from 471a6a8ef0b5957dbc4bd8d06184dac3-GPTDataset-train-sample_index.npy
 0: INFO:megatron.core.datasets.indexed_dataset:Load the _IndexReader from /iopsstor/scratch/cscs/elyulina/datasets/tokenized/fineweb-edu-dedup-160B-datatrove_0.25/dump_1/00003_tokens.idx
 0: INFO:megatron.core.datasets.gpt_dataset:> total number of samples: 122118
 0: INFO:megatron.core.datasets.gpt_dataset:> total number of samples: 122187
 0: INFO:megatron.core.datasets.indexed_dataset:Load the _IndexReader from /iopsstor/scratch/cscs/elyulina/datasets/tokenized/fineweb-edu-dedup-160B-datatrove_0.25/dump_1/00004_tokens.idx
 0: INFO:megatron.core.datasets.gpt_dataset:	Load the shuffle index from 471a6a8ef0b5957dbc4bd8d06184dac3-GPTDataset-train-shuffle_index.npy
 0: INFO:megatron.core.datasets.indexed_dataset:Load the _IndexReader from /iopsstor/scratch/cscs/elyulina/datasets/tokenized/fineweb-edu-dedup-160B-datatrove_0.25/dump_1/00005_tokens.idx
 0: INFO:megatron.core.datasets.indexed_dataset:	Extract the sequence lengths
 0: INFO:megatron.core.datasets.indexed_dataset:	Extract the sequence pointers
 0: INFO:megatron.core.datasets.indexed_dataset:	Extract the document indices
 0: INFO:megatron.core.datasets.indexed_dataset:> total number of sequences: 1005000
 0: INFO:megatron.core.datasets.indexed_dataset:> total number of documents: 1005000
 0: INFO:megatron.core.datasets.indexed_dataset:	Extract the sequence lengths
 0: INFO:megatron.core.datasets.indexed_dataset:	Extract the sequence pointers
 0: INFO:megatron.core.datasets.indexed_dataset:	Extract the document indices
 0: INFO:megatron.core.datasets.indexed_dataset:> total number of sequences: 997500
 0: INFO:megatron.core.datasets.indexed_dataset:> total number of documents: 997500
 0: INFO:megatron.core.datasets.indexed_dataset:	Extract the sequence lengths
 0: INFO:megatron.core.datasets.indexed_dataset:	Extract the sequence pointers
 0: INFO:megatron.core.datasets.indexed_dataset:	Extract the document indices
 0: INFO:megatron.core.datasets.indexed_dataset:> total number of sequences: 1000000
 0: INFO:megatron.core.datasets.indexed_dataset:> total number of documents: 1000000
 0: INFO:megatron.core.datasets.gpt_dataset:Load the GPTDataset train indices
 0: INFO:megatron.core.datasets.gpt_dataset:	Load the document index from 0070d6e3617d570c62dd6fa3cd4dd15a-GPTDataset-train-document_index.npy
 0: INFO:megatron.core.datasets.gpt_dataset:Load the GPTDataset train indices
 0: INFO:megatron.core.datasets.gpt_dataset:	Load the document index from d5ad77d5d973696152d9031c95d184fe-GPTDataset-train-document_index.npy
 0: INFO:megatron.core.datasets.gpt_dataset:Load the GPTDataset train indices
 0: INFO:megatron.core.datasets.gpt_dataset:	Load the document index from 1fe6a2cbc11b2847186842d70fc06215-GPTDataset-train-document_index.npy
 0: INFO:megatron.core.datasets.indexed_dataset:	Extract the sequence lengths
 0: INFO:megatron.core.datasets.indexed_dataset:	Extract the sequence pointers
 0: INFO:megatron.core.datasets.indexed_dataset:	Extract the document indices
 0: INFO:megatron.core.datasets.indexed_dataset:> total number of sequences: 1015855
 0: INFO:megatron.core.datasets.indexed_dataset:> total number of documents: 1015855
 0: INFO:megatron.core.datasets.indexed_dataset:	Extract the sequence lengths
 0: INFO:megatron.core.datasets.indexed_dataset:	Extract the sequence pointers
 0: INFO:megatron.core.datasets.indexed_dataset:	Extract the document indices
 0: INFO:megatron.core.datasets.indexed_dataset:> total number of sequences: 1005000
 0: INFO:megatron.core.datasets.indexed_dataset:> total number of documents: 1005000
 0: INFO:megatron.core.datasets.indexed_dataset:	Extract the sequence lengths
 0: INFO:megatron.core.datasets.gpt_dataset:> total number of samples: 121969
 0: INFO:megatron.core.datasets.indexed_dataset:	Extract the sequence pointers
 0: INFO:megatron.core.datasets.indexed_dataset:	Extract the document indices
 0: INFO:megatron.core.datasets.indexed_dataset:> total number of sequences: 1005000
 0: INFO:megatron.core.datasets.indexed_dataset:> total number of documents: 1005000
 0: INFO:megatron.core.datasets.gpt_dataset:Load the GPTDataset train indices
 0: INFO:megatron.core.datasets.gpt_dataset:	Load the document index from 7c568d8ceb7c4042de30d6a1cedebf13-GPTDataset-train-document_index.npy
 0: INFO:megatron.core.datasets.gpt_dataset:	Load the sample index from 0070d6e3617d570c62dd6fa3cd4dd15a-GPTDataset-train-sample_index.npy
 0: INFO:megatron.core.datasets.indexed_dataset:Load the _IndexReader from /iopsstor/scratch/cscs/elyulina/datasets/tokenized/fineweb-edu-dedup-160B-datatrove_0.25/dump_1/00006_tokens.idx
 0: INFO:megatron.core.datasets.gpt_dataset:Load the GPTDataset train indices
 0: INFO:megatron.core.datasets.gpt_dataset:	Load the document index from 7393370efc6f80a3997ee77ee7f10242-GPTDataset-train-document_index.npy
 0: INFO:megatron.core.datasets.gpt_dataset:Load the GPTDataset train indices
 0: INFO:megatron.core.datasets.gpt_dataset:	Load the document index from 7025e238a488d092d8f4deb94ce23d1f-GPTDataset-train-document_index.npy
 0: INFO:megatron.core.datasets.indexed_dataset:	Extract the sequence lengths
 0: INFO:megatron.core.datasets.indexed_dataset:	Extract the sequence pointers
 0: INFO:megatron.core.datasets.indexed_dataset:	Extract the document indices
 0: INFO:megatron.core.datasets.indexed_dataset:	Extract the sequence lengths
 0: INFO:megatron.core.datasets.indexed_dataset:> total number of sequences: 1002500
 0: INFO:megatron.core.datasets.indexed_dataset:	Extract the sequence pointers
 0: INFO:megatron.core.datasets.indexed_dataset:> total number of documents: 1002500
 0: INFO:megatron.core.datasets.indexed_dataset:	Extract the document indices
 0: INFO:megatron.core.datasets.indexed_dataset:> total number of sequences: 1005000
 0: INFO:megatron.core.datasets.indexed_dataset:> total number of documents: 1005000
 0: INFO:megatron.core.datasets.gpt_dataset:	Load the sample index from d5ad77d5d973696152d9031c95d184fe-GPTDataset-train-sample_index.npy
 0: INFO:megatron.core.datasets.gpt_dataset:	Load the shuffle index from 0070d6e3617d570c62dd6fa3cd4dd15a-GPTDataset-train-shuffle_index.npy
 0: INFO:megatron.core.datasets.gpt_dataset:	Load the sample index from 1fe6a2cbc11b2847186842d70fc06215-GPTDataset-train-sample_index.npy
 0: INFO:megatron.core.datasets.gpt_dataset:	Load the sample index from 7c568d8ceb7c4042de30d6a1cedebf13-GPTDataset-train-sample_index.npy
 0: INFO:megatron.core.datasets.gpt_dataset:	Load the sample index from 7393370efc6f80a3997ee77ee7f10242-GPTDataset-train-sample_index.npy
 0: INFO:megatron.core.datasets.gpt_dataset:	Load the sample index from 7025e238a488d092d8f4deb94ce23d1f-GPTDataset-train-sample_index.npy
 0: INFO:megatron.core.datasets.gpt_dataset:Load the GPTDataset train indices
 0: INFO:megatron.core.datasets.gpt_dataset:	Load the document index from 0a43ff8ae94e9415c3f4aa23a153e6b6-GPTDataset-train-document_index.npy
 0: INFO:megatron.core.datasets.gpt_dataset:Load the GPTDataset train indices
 0: INFO:megatron.core.datasets.gpt_dataset:	Load the document index from 9013f58fc2124a83c18aa10d18828db9-GPTDataset-train-document_index.npy
 0: INFO:megatron.core.datasets.gpt_dataset:	Load the shuffle index from d5ad77d5d973696152d9031c95d184fe-GPTDataset-train-shuffle_index.npy
 0: INFO:megatron.core.datasets.gpt_dataset:> total number of samples: 122557
 0: INFO:megatron.core.datasets.gpt_dataset:	Load the shuffle index from 7c568d8ceb7c4042de30d6a1cedebf13-GPTDataset-train-shuffle_index.npy
 0: INFO:megatron.core.datasets.gpt_dataset:	Load the shuffle index from 1fe6a2cbc11b2847186842d70fc06215-GPTDataset-train-shuffle_index.npy
 0: INFO:megatron.core.datasets.gpt_dataset:	Load the shuffle index from 7393370efc6f80a3997ee77ee7f10242-GPTDataset-train-shuffle_index.npy
 0: INFO:megatron.core.datasets.gpt_dataset:	Load the shuffle index from 7025e238a488d092d8f4deb94ce23d1f-GPTDataset-train-shuffle_index.npy
 0: INFO:megatron.core.datasets.indexed_dataset:Load the _IndexReader from /iopsstor/scratch/cscs/elyulina/datasets/tokenized/fineweb-edu-dedup-160B-datatrove_0.25/dump_1/00007_tokens.idx
 0: INFO:megatron.core.datasets.gpt_dataset:	Load the sample index from 0a43ff8ae94e9415c3f4aa23a153e6b6-GPTDataset-train-sample_index.npy
 0: INFO:megatron.core.datasets.gpt_dataset:> total number of samples: 121785
 0: INFO:megatron.core.datasets.gpt_dataset:> total number of samples: 122626
 0: INFO:megatron.core.datasets.gpt_dataset:> total number of samples: 122035
 0: INFO:megatron.core.datasets.indexed_dataset:Load the _IndexReader from /iopsstor/scratch/cscs/elyulina/datasets/tokenized/fineweb-edu-dedup-160B-datatrove_0.25/dump_1/00009_tokens.idx
 0: INFO:megatron.core.datasets.indexed_dataset:Load the _IndexReader from /iopsstor/scratch/cscs/elyulina/datasets/tokenized/fineweb-edu-dedup-160B-datatrove_0.25/dump_1/00008_tokens.idx
 0: INFO:megatron.core.datasets.gpt_dataset:	Load the shuffle index from 0a43ff8ae94e9415c3f4aa23a153e6b6-GPTDataset-train-shuffle_index.npy
 0: INFO:megatron.core.datasets.indexed_dataset:Load the _IndexReader from /iopsstor/scratch/cscs/elyulina/datasets/tokenized/fineweb-edu-dedup-160B-datatrove_0.25/dump_1/00010_tokens.idx
 0: INFO:megatron.core.datasets.indexed_dataset:	Extract the sequence lengths
 0: INFO:megatron.core.datasets.indexed_dataset:	Extract the sequence pointers
 0: INFO:megatron.core.datasets.indexed_dataset:	Extract the document indices
 0: INFO:megatron.core.datasets.indexed_dataset:> total number of sequences: 1007500
 0: INFO:megatron.core.datasets.indexed_dataset:> total number of documents: 1007500
 0: INFO:megatron.core.datasets.gpt_dataset:> total number of samples: 122028
 0: INFO:megatron.core.datasets.indexed_dataset:	Extract the sequence lengths
 0: INFO:megatron.core.datasets.indexed_dataset:	Extract the sequence pointers
 0: INFO:megatron.core.datasets.indexed_dataset:	Extract the document indices
 0: INFO:megatron.core.datasets.indexed_dataset:> total number of sequences: 1010000
 0: INFO:megatron.core.datasets.gpt_dataset:> total number of samples: 122037
 0: INFO:megatron.core.datasets.indexed_dataset:> total number of documents: 1010000
 0: INFO:megatron.core.datasets.gpt_dataset:Load the GPTDataset train indices
 0: INFO:megatron.core.datasets.gpt_dataset:	Load the document index from dbaf98bcdab0f47c6d47d5c29af3d384-GPTDataset-train-document_index.npy
 0: INFO:megatron.core.datasets.indexed_dataset:	Extract the sequence lengths
 0: INFO:megatron.core.datasets.indexed_dataset:	Extract the sequence pointers
 0: INFO:megatron.core.datasets.indexed_dataset:	Extract the document indices
 0: INFO:megatron.core.datasets.indexed_dataset:> total number of sequences: 1010000
 0: INFO:megatron.core.datasets.indexed_dataset:> total number of documents: 1010000
 0: INFO:megatron.core.datasets.gpt_dataset:	Load the sample index from 9013f58fc2124a83c18aa10d18828db9-GPTDataset-train-sample_index.npy
 0: INFO:megatron.core.datasets.indexed_dataset:Load the _IndexReader from /iopsstor/scratch/cscs/elyulina/datasets/tokenized/fineweb-edu-dedup-160B-datatrove_0.25/dump_1/00011_tokens.idx
 0: INFO:megatron.core.datasets.indexed_dataset:	Extract the sequence lengths
 0: INFO:megatron.core.datasets.indexed_dataset:	Extract the sequence pointers
 0: INFO:megatron.core.datasets.indexed_dataset:	Extract the document indices
 0: INFO:megatron.core.datasets.indexed_dataset:> total number of sequences: 1007500
 0: INFO:megatron.core.datasets.indexed_dataset:Load the _IndexReader from /iopsstor/scratch/cscs/elyulina/datasets/tokenized/fineweb-edu-dedup-160B-datatrove_0.25/dump_1/00012_tokens.idx
 0: INFO:megatron.core.datasets.indexed_dataset:> total number of documents: 1007500
 0: INFO:megatron.core.datasets.gpt_dataset:Load the GPTDataset train indices
 0: INFO:megatron.core.datasets.gpt_dataset:	Load the document index from 6dea74f5d300cad783ac791f835a87a4-GPTDataset-train-document_index.npy
 0: INFO:megatron.core.datasets.gpt_dataset:> total number of samples: 122229
 0: INFO:megatron.core.datasets.gpt_dataset:	Load the shuffle index from 9013f58fc2124a83c18aa10d18828db9-GPTDataset-train-shuffle_index.npy
 0: INFO:megatron.core.datasets.gpt_dataset:Load the GPTDataset train indices
 0: INFO:megatron.core.datasets.gpt_dataset:	Load the document index from ec880b1266d2fa781596289e07cdd47f-GPTDataset-train-document_index.npy
 0: INFO:megatron.core.datasets.gpt_dataset:	Load the sample index from dbaf98bcdab0f47c6d47d5c29af3d384-GPTDataset-train-sample_index.npy
 0: INFO:megatron.core.datasets.indexed_dataset:	Extract the sequence lengths
 0: INFO:megatron.core.datasets.indexed_dataset:	Extract the sequence pointers
 0: INFO:megatron.core.datasets.indexed_dataset:	Extract the document indices
 0: INFO:megatron.core.datasets.indexed_dataset:> total number of sequences: 1010000
 0: INFO:megatron.core.datasets.indexed_dataset:> total number of documents: 1010000
 0: INFO:megatron.core.datasets.indexed_dataset:Load the _IndexReader from /iopsstor/scratch/cscs/elyulina/datasets/tokenized/fineweb-edu-dedup-160B-datatrove_0.25/dump_1/00013_tokens.idx
 0: INFO:megatron.core.datasets.gpt_dataset:> total number of samples: 122691
 0: INFO:megatron.core.datasets.gpt_dataset:Load the GPTDataset train indices
 0: INFO:megatron.core.datasets.gpt_dataset:	Load the document index from d8c9f76e77105b25cb474961139e85bf-GPTDataset-train-document_index.npy
 0: INFO:megatron.core.datasets.indexed_dataset:	Extract the sequence lengths
 0: INFO:megatron.core.datasets.indexed_dataset:	Extract the sequence pointers
 0: INFO:megatron.core.datasets.indexed_dataset:	Extract the document indices
 0: INFO:megatron.core.datasets.indexed_dataset:> total number of sequences: 1012500
 0: INFO:megatron.core.datasets.indexed_dataset:> total number of documents: 1012500
 0: INFO:megatron.core.datasets.gpt_dataset:Load the GPTDataset train indices
 0: INFO:megatron.core.datasets.gpt_dataset:	Load the shuffle index from dbaf98bcdab0f47c6d47d5c29af3d384-GPTDataset-train-shuffle_index.npy
 0: INFO:megatron.core.datasets.gpt_dataset:	Load the document index from 18eb74ef791cf354c6c4e825f9c07103-GPTDataset-train-document_index.npy
 0: INFO:megatron.core.datasets.indexed_dataset:Load the _IndexReader from /iopsstor/scratch/cscs/elyulina/datasets/tokenized/fineweb-edu-dedup-160B-datatrove_0.25/dump_1/00014_tokens.idx
 0: INFO:megatron.core.datasets.gpt_dataset:	Load the sample index from ec880b1266d2fa781596289e07cdd47f-GPTDataset-train-sample_index.npy
 0: INFO:megatron.core.datasets.gpt_dataset:Load the GPTDataset train indices
 0: INFO:megatron.core.datasets.gpt_dataset:	Load the document index from 4dcce04223dd129e022ef40378fbbc20-GPTDataset-train-document_index.npy
 0: INFO:megatron.core.datasets.indexed_dataset:	Extract the sequence lengths
 0: INFO:megatron.core.datasets.indexed_dataset:	Extract the sequence pointers
 0: INFO:megatron.core.datasets.indexed_dataset:	Extract the document indices
 0: INFO:megatron.core.datasets.indexed_dataset:> total number of sequences: 1012500
 0: INFO:megatron.core.datasets.indexed_dataset:> total number of documents: 1012500
 0: INFO:megatron.core.datasets.indexed_dataset:	Extract the sequence lengths
 0: INFO:megatron.core.datasets.indexed_dataset:	Extract the sequence pointers
 0: INFO:megatron.core.datasets.indexed_dataset:	Extract the document indices
 0: INFO:megatron.core.datasets.indexed_dataset:> total number of sequences: 1012500
 0: INFO:megatron.core.datasets.indexed_dataset:> total number of documents: 1012500
 0: INFO:megatron.core.datasets.gpt_dataset:> total number of samples: 122010
 0: INFO:megatron.core.datasets.gpt_dataset:	Load the shuffle index from ec880b1266d2fa781596289e07cdd47f-GPTDataset-train-shuffle_index.npy
 0: INFO:megatron.core.datasets.indexed_dataset:Load the _IndexReader from /iopsstor/scratch/cscs/elyulina/datasets/tokenized/fineweb-edu-dedup-160B-datatrove_0.25/dump_1/00015_tokens.idx
 0: INFO:megatron.core.datasets.gpt_dataset:	Load the sample index from 4dcce04223dd129e022ef40378fbbc20-GPTDataset-train-sample_index.npy
 0: INFO:megatron.core.datasets.gpt_dataset:	Load the sample index from 6dea74f5d300cad783ac791f835a87a4-GPTDataset-train-sample_index.npy
 0: INFO:megatron.core.datasets.gpt_dataset:> total number of samples: 122269
 0: INFO:megatron.core.datasets.gpt_dataset:Load the GPTDataset train indices
 0: INFO:megatron.core.datasets.gpt_dataset:Load the GPTDataset train indices
 0: INFO:megatron.core.datasets.gpt_dataset:	Load the document index from 51477fbac4d42a6bee3a42fa65d0a6da-GPTDataset-train-document_index.npy
 0: INFO:megatron.core.datasets.gpt_dataset:	Load the document index from 2517f301bcf76445b95b99a2a4674ac3-GPTDataset-train-document_index.npy
 0: INFO:megatron.core.datasets.gpt_dataset:	Load the sample index from 18eb74ef791cf354c6c4e825f9c07103-GPTDataset-train-sample_index.npy
 0: INFO:megatron.core.datasets.indexed_dataset:Load the _IndexReader from /iopsstor/scratch/cscs/elyulina/datasets/tokenized/fineweb-edu-dedup-160B-datatrove_0.25/dump_1/00016_tokens.idx
 0: INFO:megatron.core.datasets.gpt_dataset:	Load the shuffle index from 6dea74f5d300cad783ac791f835a87a4-GPTDataset-train-shuffle_index.npy
 0: INFO:megatron.core.datasets.gpt_dataset:	Load the shuffle index from 18eb74ef791cf354c6c4e825f9c07103-GPTDataset-train-shuffle_index.npy
 0: INFO:megatron.core.datasets.gpt_dataset:> total number of samples: 122433
 0: INFO:megatron.core.datasets.gpt_dataset:	Load the shuffle index from 4dcce04223dd129e022ef40378fbbc20-GPTDataset-train-shuffle_index.npy
 0: INFO:megatron.core.datasets.gpt_dataset:> total number of samples: 122119
 0: INFO:megatron.core.datasets.gpt_dataset:	Load the sample index from d8c9f76e77105b25cb474961139e85bf-GPTDataset-train-sample_index.npy
 0: INFO:megatron.core.datasets.indexed_dataset:Load the _IndexReader from /iopsstor/scratch/cscs/elyulina/datasets/tokenized/fineweb-edu-dedup-160B-datatrove_0.25/dump_1/00017_tokens.idx
 0: INFO:megatron.core.datasets.indexed_dataset:	Extract the sequence lengths
 0: INFO:megatron.core.datasets.indexed_dataset:	Extract the sequence pointers
 0: INFO:megatron.core.datasets.indexed_dataset:	Extract the document indices
 0: INFO:megatron.core.datasets.indexed_dataset:> total number of sequences: 1015000
 0: INFO:megatron.core.datasets.indexed_dataset:> total number of documents: 1015000
 0: INFO:megatron.core.datasets.indexed_dataset:	Extract the sequence lengths
 0: INFO:megatron.core.datasets.indexed_dataset:	Extract the sequence pointers
 0: INFO:megatron.core.datasets.indexed_dataset:	Extract the document indices
 0: INFO:megatron.core.datasets.indexed_dataset:> total number of sequences: 1015000
 0: INFO:megatron.core.datasets.indexed_dataset:> total number of documents: 1015000
 0: INFO:megatron.core.datasets.gpt_dataset:	Load the shuffle index from d8c9f76e77105b25cb474961139e85bf-GPTDataset-train-shuffle_index.npy
 0: INFO:megatron.core.datasets.gpt_dataset:> total number of samples: 122285
 0: INFO:megatron.core.datasets.gpt_dataset:	Load the sample index from 2517f301bcf76445b95b99a2a4674ac3-GPTDataset-train-sample_index.npy
 0: INFO:megatron.core.datasets.indexed_dataset:Load the _IndexReader from /iopsstor/scratch/cscs/elyulina/datasets/tokenized/fineweb-edu-dedup-160B-datatrove_0.25/dump_1/00019_tokens.idx
 0: INFO:megatron.core.datasets.gpt_dataset:Load the GPTDataset train indices
 0: INFO:megatron.core.datasets.gpt_dataset:	Load the document index from 4119d912769d7dd2764189b9728ba7a4-GPTDataset-train-document_index.npy
 0: INFO:megatron.core.datasets.indexed_dataset:	Extract the sequence lengths
 0: INFO:megatron.core.datasets.indexed_dataset:	Extract the sequence pointers
 0: INFO:megatron.core.datasets.indexed_dataset:	Extract the document indices
 0: INFO:megatron.core.datasets.indexed_dataset:> total number of sequences: 1015000
 0: INFO:megatron.core.datasets.indexed_dataset:> total number of documents: 1015000
 0: INFO:megatron.core.datasets.gpt_dataset:Load the GPTDataset train indices
 0: INFO:megatron.core.datasets.gpt_dataset:	Load the document index from 735498d3fc8e83d233d3bc6ef4d16784-GPTDataset-train-document_index.npy
 0: INFO:megatron.core.datasets.indexed_dataset:Load the _IndexReader from /iopsstor/scratch/cscs/elyulina/datasets/tokenized/fineweb-edu-dedup-160B-datatrove_0.25/dump_1/00018_tokens.idx
 0: INFO:megatron.core.datasets.gpt_dataset:	Load the sample index from 51477fbac4d42a6bee3a42fa65d0a6da-GPTDataset-train-sample_index.npy
 0: INFO:megatron.core.datasets.gpt_dataset:	Load the shuffle index from 2517f301bcf76445b95b99a2a4674ac3-GPTDataset-train-shuffle_index.npy
 0: INFO:megatron.core.datasets.indexed_dataset:	Extract the sequence lengths
 0: INFO:megatron.core.datasets.indexed_dataset:	Extract the sequence pointers
 0: INFO:megatron.core.datasets.indexed_dataset:	Extract the document indices
 0: INFO:megatron.core.datasets.indexed_dataset:> total number of sequences: 1015855
 0: INFO:megatron.core.datasets.indexed_dataset:> total number of documents: 1015855
 0: INFO:megatron.core.datasets.gpt_dataset:Load the GPTDataset train indices
 0: INFO:megatron.core.datasets.gpt_dataset:	Load the document index from 646f8a5da24f8687ef7d72c6ae922660-GPTDataset-train-document_index.npy
 0: INFO:megatron.core.datasets.gpt_dataset:	Load the sample index from 4119d912769d7dd2764189b9728ba7a4-GPTDataset-train-sample_index.npy
 0: INFO:megatron.core.datasets.gpt_dataset:> total number of samples: 122288
 0: INFO:megatron.core.datasets.gpt_dataset:	Load the shuffle index from 51477fbac4d42a6bee3a42fa65d0a6da-GPTDataset-train-shuffle_index.npy
 0: INFO:megatron.core.datasets.gpt_dataset:	Load the sample index from 735498d3fc8e83d233d3bc6ef4d16784-GPTDataset-train-sample_index.npy
 0: INFO:megatron.core.datasets.indexed_dataset:	Extract the sequence lengths
 0: INFO:megatron.core.datasets.indexed_dataset:	Extract the sequence pointers
 0: INFO:megatron.core.datasets.indexed_dataset:	Extract the document indices
 0: INFO:megatron.core.datasets.indexed_dataset:> total number of sequences: 1015000
 0: INFO:megatron.core.datasets.indexed_dataset:> total number of documents: 1015000
 0: INFO:megatron.core.datasets.gpt_dataset:Load the GPTDataset train indices
 0: INFO:megatron.core.datasets.gpt_dataset:	Load the document index from 8f448dad54688b59f36a542020b7de3b-GPTDataset-train-document_index.npy
 0: INFO:megatron.core.datasets.indexed_dataset:Load the _IndexReader from /iopsstor/scratch/cscs/elyulina/datasets/tokenized/gutenberg_rep_1_256/rep_128_tokens.idx
 0: INFO:megatron.core.datasets.gpt_dataset:	Load the shuffle index from 4119d912769d7dd2764189b9728ba7a4-GPTDataset-train-shuffle_index.npy
 0: INFO:megatron.core.datasets.gpt_dataset:> total number of samples: 122180
 0: INFO:megatron.core.datasets.gpt_dataset:> total number of samples: 122203
 0: INFO:megatron.core.datasets.gpt_dataset:	Load the sample index from 646f8a5da24f8687ef7d72c6ae922660-GPTDataset-train-sample_index.npy
 0: INFO:megatron.core.datasets.gpt_dataset:Load the GPTDataset train indices
 0: INFO:megatron.core.datasets.gpt_dataset:	Load the document index from 97c6736a8e51cb7297a30b00fc337ae9-GPTDataset-train-document_index.npy
 0: INFO:megatron.core.datasets.indexed_dataset:Load the _IndexReader from /iopsstor/scratch/cscs/elyulina/datasets/tokenized/gutenberg_rep_1_256/rep_16_tokens.idx
 0: INFO:megatron.core.datasets.indexed_dataset:Load the _IndexReader from /iopsstor/scratch/cscs/elyulina/datasets/tokenized/gutenberg_rep_1_256/rep_1_tokens.idx
 0: INFO:megatron.core.datasets.indexed_dataset:	Extract the sequence lengths
 0: INFO:megatron.core.datasets.indexed_dataset:	Extract the sequence pointers
 0: INFO:megatron.core.datasets.indexed_dataset:	Extract the document indices
 0: INFO:megatron.core.datasets.indexed_dataset:> total number of sequences: 660
 0: INFO:megatron.core.datasets.indexed_dataset:> total number of documents: 660
 0: INFO:megatron.core.datasets.gpt_dataset:	Load the shuffle index from 735498d3fc8e83d233d3bc6ef4d16784-GPTDataset-train-shuffle_index.npy
 0: INFO:megatron.core.datasets.gpt_dataset:Load the GPTDataset train indices
 0: INFO:megatron.core.datasets.gpt_dataset:	Load the document index from d1c1121ed9df87aebe8285b37c9e686a-GPTDataset-train-document_index.npy
 0: INFO:megatron.core.datasets.gpt_dataset:> total number of samples: 121918
 0: INFO:megatron.core.datasets.indexed_dataset:	Extract the sequence lengths
 0: INFO:megatron.core.datasets.indexed_dataset:	Extract the sequence pointers
 0: INFO:megatron.core.datasets.indexed_dataset:	Extract the document indices
 0: INFO:megatron.core.datasets.indexed_dataset:> total number of sequences: 84480
 0: INFO:megatron.core.datasets.indexed_dataset:> total number of documents: 84480
 0: INFO:megatron.core.datasets.indexed_dataset:Load the _IndexReader from /iopsstor/scratch/cscs/elyulina/datasets/tokenized/gutenberg_rep_1_256/rep_256_tokens.idx
 0: INFO:megatron.core.datasets.gpt_dataset:> total number of samples: 122255
 0: INFO:megatron.core.datasets.gpt_dataset:	Load the sample index from 8f448dad54688b59f36a542020b7de3b-GPTDataset-train-sample_index.npy
 0: INFO:megatron.core.datasets.gpt_dataset:Load the GPTDataset train indices
 0: INFO:megatron.core.datasets.gpt_dataset:	Load the document index from 4c16a1837e544df41c5501d810f0483b-GPTDataset-train-document_index.npy
 0: INFO:megatron.core.datasets.indexed_dataset:Load the _IndexReader from /iopsstor/scratch/cscs/elyulina/datasets/tokenized/gutenberg_rep_1_256/rep_2_tokens.idx
 0: INFO:megatron.core.datasets.indexed_dataset:	Extract the sequence lengths
 0: INFO:megatron.core.datasets.indexed_dataset:	Extract the sequence pointers
 0: INFO:megatron.core.datasets.indexed_dataset:	Extract the document indices
 0: INFO:megatron.core.datasets.indexed_dataset:> total number of sequences: 10560
 0: INFO:megatron.core.datasets.indexed_dataset:> total number of documents: 10560
 0: INFO:megatron.core.datasets.indexed_dataset:	Extract the sequence lengths
 0: INFO:megatron.core.datasets.indexed_dataset:	Extract the sequence pointers
 0: INFO:megatron.core.datasets.indexed_dataset:	Extract the document indices
 0: INFO:megatron.core.datasets.indexed_dataset:> total number of sequences: 1320
 0: INFO:megatron.core.datasets.indexed_dataset:> total number of documents: 1320
 0: INFO:megatron.core.datasets.gpt_dataset:	Load the shuffle index from 8f448dad54688b59f36a542020b7de3b-GPTDataset-train-shuffle_index.npy
 0: INFO:megatron.core.datasets.gpt_dataset:	Load the sample index from 97c6736a8e51cb7297a30b00fc337ae9-GPTDataset-train-sample_index.npy
 0: INFO:megatron.core.datasets.indexed_dataset:	Extract the sequence lengths
 0: INFO:megatron.core.datasets.indexed_dataset:	Extract the sequence pointers
 0: INFO:megatron.core.datasets.gpt_dataset:Load the GPTDataset train indices
 0: INFO:megatron.core.datasets.indexed_dataset:	Extract the document indices
 0: INFO:megatron.core.datasets.gpt_dataset:	Load the document index from 58357e396bc903398b108127186cfe71-GPTDataset-train-document_index.npy
 0: INFO:megatron.core.datasets.indexed_dataset:> total number of sequences: 168960
 0: INFO:megatron.core.datasets.indexed_dataset:> total number of documents: 168960
 0: INFO:megatron.core.datasets.gpt_dataset:Load the GPTDataset train indices
 0: INFO:megatron.core.datasets.gpt_dataset:	Load the sample index from d1c1121ed9df87aebe8285b37c9e686a-GPTDataset-train-sample_index.npy
 0: INFO:megatron.core.datasets.gpt_dataset:	Load the document index from 46ee332eec9875644221f09c70a2b5e9-GPTDataset-train-document_index.npy
 0: INFO:megatron.core.datasets.gpt_dataset:> total number of samples: 121920
 0: INFO:megatron.core.datasets.gpt_dataset:	Load the sample index from 58357e396bc903398b108127186cfe71-GPTDataset-train-sample_index.npy
 0: INFO:megatron.core.datasets.gpt_dataset:Load the GPTDataset train indices
 0: INFO:megatron.core.datasets.gpt_dataset:	Load the document index from eeadb232e6d0257db74b15ca120d2603-GPTDataset-train-document_index.npy
 0: INFO:megatron.core.datasets.gpt_dataset:	Load the sample index from 46ee332eec9875644221f09c70a2b5e9-GPTDataset-train-sample_index.npy
 0: INFO:megatron.core.datasets.gpt_dataset:	Load the shuffle index from d1c1121ed9df87aebe8285b37c9e686a-GPTDataset-train-shuffle_index.npy
 0: INFO:megatron.core.datasets.indexed_dataset:Load the _IndexReader from /iopsstor/scratch/cscs/elyulina/datasets/tokenized/gutenberg_rep_1_256/rep_32_tokens.idx
 0: INFO:megatron.core.datasets.gpt_dataset:	Load the shuffle index from 97c6736a8e51cb7297a30b00fc337ae9-GPTDataset-train-shuffle_index.npy
 0: INFO:megatron.core.datasets.gpt_dataset:> total number of samples: 659
 0: INFO:megatron.core.datasets.indexed_dataset:	Extract the sequence lengths
 0: INFO:megatron.core.datasets.indexed_dataset:	Extract the sequence pointers
 0: INFO:megatron.core.datasets.indexed_dataset:	Extract the document indices
 0: INFO:megatron.core.datasets.indexed_dataset:> total number of sequences: 21120
 0: INFO:megatron.core.datasets.indexed_dataset:> total number of documents: 21120
 0: INFO:megatron.core.datasets.gpt_dataset:	Load the sample index from eeadb232e6d0257db74b15ca120d2603-GPTDataset-train-sample_index.npy
 0: INFO:megatron.core.datasets.indexed_dataset:Load the _IndexReader from /iopsstor/scratch/cscs/elyulina/datasets/tokenized/gutenberg_rep_1_256/rep_4_tokens.idx
 0: INFO:megatron.core.datasets.gpt_dataset:	Load the sample index from 4c16a1837e544df41c5501d810f0483b-GPTDataset-train-sample_index.npy
 0: INFO:megatron.core.datasets.indexed_dataset:	Extract the sequence lengths
 0: INFO:megatron.core.datasets.indexed_dataset:	Extract the sequence pointers
 0: INFO:megatron.core.datasets.indexed_dataset:	Extract the document indices
 0: INFO:megatron.core.datasets.gpt_dataset:Load the GPTDataset train indices
 0: INFO:megatron.core.datasets.indexed_dataset:> total number of sequences: 2640
 0: INFO:megatron.core.datasets.gpt_dataset:	Load the document index from c49dc5fdf45deaed057f8655a5bcd9c8-GPTDataset-train-document_index.npy
 0: INFO:megatron.core.datasets.indexed_dataset:> total number of documents: 2640
 0: INFO:megatron.core.datasets.gpt_dataset:	Load the shuffle index from 46ee332eec9875644221f09c70a2b5e9-GPTDataset-train-shuffle_index.npy
 0: INFO:megatron.core.datasets.gpt_dataset:	Load the shuffle index from eeadb232e6d0257db74b15ca120d2603-GPTDataset-train-shuffle_index.npy
 0: INFO:megatron.core.datasets.gpt_dataset:	Load the shuffle index from 58357e396bc903398b108127186cfe71-GPTDataset-train-shuffle_index.npy
 0: INFO:megatron.core.datasets.gpt_dataset:	Load the shuffle index from 4c16a1837e544df41c5501d810f0483b-GPTDataset-train-shuffle_index.npy
 0: INFO:megatron.core.datasets.gpt_dataset:	Load the shuffle index from 646f8a5da24f8687ef7d72c6ae922660-GPTDataset-train-shuffle_index.npy
 0: INFO:megatron.core.datasets.gpt_dataset:	Load the sample index from c49dc5fdf45deaed057f8655a5bcd9c8-GPTDataset-train-sample_index.npy
 0: INFO:megatron.core.datasets.gpt_dataset:> total number of samples: 1319
 0: INFO:megatron.core.datasets.gpt_dataset:Load the GPTDataset train indices
 0: INFO:megatron.core.datasets.gpt_dataset:	Load the document index from 5b694166f50bff94db4826ec63175b6f-GPTDataset-train-document_index.npy
 0: INFO:megatron.core.datasets.gpt_dataset:> total number of samples: 10559
 0: INFO:megatron.core.datasets.indexed_dataset:Load the _IndexReader from /iopsstor/scratch/cscs/elyulina/datasets/tokenized/gutenberg_rep_1_256/rep_64_tokens.idx
 0: INFO:megatron.core.datasets.gpt_dataset:> total number of samples: 168959
 0: INFO:megatron.core.datasets.gpt_dataset:	Load the shuffle index from c49dc5fdf45deaed057f8655a5bcd9c8-GPTDataset-train-shuffle_index.npy
 0: INFO:megatron.core.datasets.gpt_dataset:> total number of samples: 122266
 0: INFO:megatron.core.datasets.gpt_dataset:> total number of samples: 84479
 0: INFO:megatron.core.datasets.indexed_dataset:Load the _IndexReader from /iopsstor/scratch/cscs/elyulina/datasets/tokenized/gutenberg_rep_1_256/rep_8_tokens.idx
 0: INFO:megatron.core.datasets.gpt_dataset:> total number of samples: 21119
 0: INFO:megatron.core.datasets.indexed_dataset:	Extract the sequence lengths
 0: INFO:megatron.core.datasets.indexed_dataset:	Extract the sequence pointers
 0: INFO:megatron.core.datasets.indexed_dataset:	Extract the document indices
 0: INFO:megatron.core.datasets.indexed_dataset:> total number of sequences: 42240
 0: INFO:megatron.core.datasets.indexed_dataset:> total number of documents: 42240
 0: INFO:megatron.core.datasets.indexed_dataset:	Extract the sequence lengths
 0: INFO:megatron.core.datasets.indexed_dataset:	Extract the sequence pointers
 0: INFO:megatron.core.datasets.indexed_dataset:	Extract the document indices
 0: INFO:megatron.core.datasets.indexed_dataset:> total number of sequences: 5280
 0: INFO:megatron.core.datasets.indexed_dataset:> total number of documents: 5280
 0: INFO:megatron.core.datasets.gpt_dataset:Load the GPTDataset train indices
 0: INFO:megatron.core.datasets.gpt_dataset:	Load the document index from c0eb8ca9c4c46c33f7c4217485796c74-GPTDataset-train-document_index.npy
 0: INFO:megatron.core.datasets.gpt_dataset:Load the GPTDataset train indices
 0: INFO:megatron.core.datasets.gpt_dataset:	Load the document index from f0101a762fa30ab122300eb8327bbcc6-GPTDataset-train-document_index.npy
 0: INFO:megatron.core.datasets.gpt_dataset:	Load the sample index from 5b694166f50bff94db4826ec63175b6f-GPTDataset-train-sample_index.npy
 0: INFO:megatron.core.datasets.gpt_dataset:	Load the sample index from f0101a762fa30ab122300eb8327bbcc6-GPTDataset-train-sample_index.npy
 0: INFO:megatron.core.datasets.gpt_dataset:	Load the shuffle index from 5b694166f50bff94db4826ec63175b6f-GPTDataset-train-shuffle_index.npy
 0: INFO:megatron.core.datasets.gpt_dataset:	Load the shuffle index from f0101a762fa30ab122300eb8327bbcc6-GPTDataset-train-shuffle_index.npy
 0: INFO:megatron.core.datasets.gpt_dataset:> total number of samples: 5279
 0: INFO:megatron.core.datasets.gpt_dataset:	Load the sample index from c0eb8ca9c4c46c33f7c4217485796c74-GPTDataset-train-sample_index.npy
 0: INFO:megatron.core.datasets.gpt_dataset:	Load the shuffle index from c0eb8ca9c4c46c33f7c4217485796c74-GPTDataset-train-shuffle_index.npy
 0: INFO:megatron.core.datasets.gpt_dataset:> total number of samples: 42239
 0: INFO:megatron.core.datasets.gpt_dataset:> total number of samples: 2639
 0: INFO:megatron.core.datasets.gpt_dataset:> total number of samples: 122428
 0: INFO:megatron.core.datasets.blended_dataset:Build and save the BlendedDataset indices
 0: INFO:megatron.core.datasets.blended_dataset:	Build and save the dataset and dataset sample indexes
 0: > finished creating GPT datasets ...
 0: [after dataloaders are built] datetime: 2026-08-18 03:13:00.741561 
 0: done with setup ...
 0: training ...
31: INFO:megatron.core.timers:(min, max) time across ranks (ms):
31:     model-and-optimizer-setup ......................: (942.82, 944.34)
31:     train/valid/test-data-iterators-setup ..........: (1795.99, 1820.01)
 0: Overwriting rerun_state_machine.current_iteration from -1 to 0...
 0: [before the start of training step] datetime: 2026-08-18 03:13:00.834370 
 0: 
 0: ### Test: mask_structure ###
 0: 
 0: [SKIP] mask_structure: seq_len=8192 > 512 (O(n²) check + ASCII print not feasible; run with a short seq_len to verify mask structure)
 0: 
 0: ### Test: loss_isolation ###
 0: 
 0:   use_packed_seq_params=True  reset_position_ids=True  transformer_impl=transformer_engine  micro_batch_size=3
 0:   prefix_A[:4]=[119845, 124139, 10124, 55368]  prefix_B[:4]=[71848, 41487, 120301, 41544]
 0:   intra-row (cross-doc) max_diff=0.000000  mean_diff=0.000000
 0:   swap row 0: max_diff on rows 1..2 = 0.000000
 0:   swap row 1: max_diff on rows 2..2 = 0.000000
 0:   cross-row (cross-batch) max_diff=0.000000
 0: [PASS] loss_isolation: doc_diff=0.000000  row_diff=0.000000  (both < 0.0001) → docs & rows isolated
 0: 
 0: ### Test: position_ids_reset ###
 0: 
 0:   reset_position_ids=True  unique=2732/8192
 0:   position_ids[:24]=[0, 1, 2, 3, 4, 5, 6, 7, 8, 9, 10, 11, 12, 13, 14, 15, 16, 17, 18, 19, 20, 21, 22, 23]
 0: [PASS] position_ids_reset: positions reset to 0 at each document boundary
 0: 
 0: ### Test: softmax_offset_param ###
 0: 
 0: [FAIL] softmax_offset_param: no sink parameter found (expected 'softmax_offset' or 'sink')
 0: 
 0: ### Test: sink_output_sensitivity ###
 0: 
 0: [FAIL] sink_output_sensitivity: no sink parameter found (expected 'softmax_offset' or 'sink')
 0: 
 0: ### Test: softmax_offset_init_values ###
 0: 
 0: [FAIL] softmax_offset_init_values: no sink parameter found
 0: 
 0: ### Test: norm_decomposition ###
 0: 
 0:   softmax_offset  (this rank): norm=0.000
 0:   all other params (this rank): norm=663.290
 0:   combined         (this rank): norm=663.290
 0:   note: Megatron's logged 'params norm' all-reduces across TP/PP groups and skips TP-duplicate params — compare rank 0 combined with the logged value
 0: [PASS] norm_decomposition: diagnostic complete
 0: 
 0: ### Test: gradient_flows ###
 0: 
 0: [FAIL] gradient_flows: no sink parameter found
 0: 
 0: ### Test: linear_qkv_shape ###
 0: 
 0:   expected: gated=5120  standard=3072  (nh=32, nkvh=8, kv_channels=64, tp=1)
 0:   module.module.decoder.layers.0.self_attention.linear_qkv: weight.shape[0]=5120
 0:   module.module.decoder.layers.1.self_attention.linear_qkv: weight.shape[0]=5120
 0:   module.module.decoder.layers.2.self_attention.linear_qkv: weight.shape[0]=5120
 0:   module.module.decoder.layers.3.self_attention.linear_qkv: weight.shape[0]=5120
 0:   module.module.decoder.layers.4.self_attention.linear_qkv: weight.shape[0]=5120
 0:   module.module.decoder.layers.5.self_attention.linear_qkv: weight.shape[0]=5120
 0:   module.module.decoder.layers.6.self_attention.linear_qkv: weight.shape[0]=5120
 0:   module.module.decoder.layers.7.self_attention.linear_qkv: weight.shape[0]=5120
 0:   module.module.decoder.layers.8.self_attention.linear_qkv: weight.shape[0]=5120
 0:   module.module.decoder.layers.9.self_attention.linear_qkv: weight.shape[0]=5120
 0:   module.module.decoder.layers.10.self_attention.linear_qkv: weight.shape[0]=5120
 0:   module.module.decoder.layers.11.self_attention.linear_qkv: weight.shape[0]=5120
 0:   module.module.decoder.layers.12.self_attention.linear_qkv: weight.shape[0]=5120
 0:   module.module.decoder.layers.13.self_attention.linear_qkv: weight.shape[0]=5120
 0:   module.module.decoder.layers.14.self_attention.linear_qkv: weight.shape[0]=5120
 0:   module.module.decoder.layers.15.self_attention.linear_qkv: weight.shape[0]=5120
 0: [PASS] linear_qkv_shape: all 16 linear_qkv modules have 4× output dim
 0: 
 0: ### Test: gated_output_sensitivity ###
 0:   max_diff (gate vs identity): 2.915128
 0: [PASS] gated_output_sensitivity: gate affects output → wired into attention computation
 0: 
 0: ### Summary ###
 0: 
 0: suite=xdoc_mask   expected=PASS  ->  PASS  [OK]
 0:     PASS   test_mask_structure
 0: suite=xdoc_loss   expected=PASS  ->  PASS  [OK]
 0:     PASS   test_loss_isolation
 0: suite=xdoc_position_ids   expected=PASS  ->  PASS  [OK]
 0:     PASS   test_position_ids_reset
 0: suite=sink   expected=FAIL  ->  FAIL  [OK]
 0:     FAIL   test_softmax_offset_param
 0:     FAIL   test_sink_output_sensitivity
 0:     [diag] test_softmax_offset_init_values  (FAIL, not counted)
 0:     [diag] test_norm_decomposition  (PASS, not counted)
 0:     FAIL   test_gradient_flows
 0: suite=gated   expected=PASS  ->  PASS  [OK]
 0:     PASS   test_linear_qkv_shape
 0:     PASS   test_gated_output_sensitivity
 0: 
 0: ### Verdict: ALL 5 SUITE(S) AS EXPECTED ###
 0: 
 0: WARNING:megatron.core.rerun_state_machine:Result validation enabled
 0: Number of parameters in transformer block in billions:  0.90
 0: Number of active parameters in transformer block in billions:  0.90
 0: Number of parameters in embedding layers in billions: 0.26
 0: Total number of parameters in billions: 1.17
 0: Total number of active parameters in billions: 1.17
 0: Number of parameters in most loaded shard in billions: 1.1666
31:  [2026-08-18 03:13:09.974126] iteration        1/       2 | consumed samples:          288 | elapsed time per iteration (ms): 9140.1 | throughput per GPU (TFLOP/s/GPU): 229.4 | learning rate: 4.000000E-04 | global batch size:   288 | lm loss: 1.217164E+01 | loss scale: 1.0 | grad norm: 5.507 | params norm: 663.290 | number of skipped iterations:   0 | number of nan iterations:   0 |
 0: compute_activation_memory_without_sp
 0: Activation memory footprint per transformer layer (precise, without SP): 1632.0 MB
 0: Theoretical memory footprints: weight and optimizer=7092.60 MB, activation=33881.60 MB, total=40974.20 MB
 0: 
 0: [Rank 0] (after 1 iterations) memory (MB) | allocated: 8223.17 | max allocated: 56118.90 | reserved: 69692.00 | max reserved: 69692.00
31: INFO:megatron.core.timers:(min, max) time across ranks (ms):
31:     forward-backward ...............................: (7749.66, 7750.49)
31:     embedding-grads-all-reduce .....................: (0.02, 0.05)
31:     all-grads-sync .................................: (397.82, 398.15)
31:     optimizer-copy-to-main-grad ....................: (0.22, 0.53)
31:     optimizer-inner-step ...........................: (88.40, 156.64)
31:     optimizer-copy-main-to-model-params ............: (0.37, 1.23)
31:     optimizer ......................................: (885.92, 886.73)
31:     batch-generator ................................: (89.43, 225.92)
31:     forward-compute ................................: (4665.29, 5141.94)
31:     backward-compute ...............................: (1791.36, 2325.98)
 0: Number of parameters in transformer block in billions:  0.90
 0: Number of active parameters in transformer block in billions:  0.90
 0: Number of parameters in embedding layers in billions: 0.26
 0: Total number of parameters in billions: 1.17
 0: Total number of active parameters in billions: 1.17
 0: Number of parameters in most loaded shard in billions: 1.1666
 0: compute_activation_memory_without_sp
 0: Activation memory footprint per transformer layer (precise, without SP): 1632.0 MB
 0: Theoretical memory footprints: weight and optimizer=7092.60 MB, activation=33881.60 MB, total=40974.20 MB
31:  [2026-08-18 03:13:12.721872] iteration        2/       2 | consumed samples:          576 | elapsed time per iteration (ms): 5943.8 | throughput per GPU (TFLOP/s/GPU): 98.0 | learning rate: 4.000000E-05 | global batch size:   288 | lm loss: 1.217150E+01 | loss scale: 1.0 | grad norm: 5.568 | params norm: 663.020 | number of skipped iterations:   0 | number of nan iterations:   0 |
 0: 
 0: [Rank 0] (after 2 iterations) memory (MB) | allocated: 8225.29 | max allocated: 56416.07 | reserved: 69694.00 | max reserved: 69694.00
31: INFO:megatron.core.timers:(min, max) time across ranks (ms):
31:     forward-backward ...............................: (10481.62, 10482.47)
31:     embedding-grads-all-reduce .....................: (0.04, 0.07)
31:     all-grads-sync .................................: (397.98, 398.32)
31:     optimizer-copy-to-main-grad ....................: (0.40, 0.94)
31:     optimizer-inner-step ...........................: (89.01, 157.22)
31:     optimizer-copy-main-to-model-params ............: (0.75, 2.23)
31:     optimizer ......................................: (888.90, 890.35)
31:     batch-generator ................................: (94.67, 230.08)
31:     forward-compute ................................: (5624.11, 6087.00)
31:     backward-compute ...............................: (3313.95, 4090.00)
 0: [exiting program after consuming all available data at iteration 2] datetime: 2026-08-18 03:13:12.724663 
Training: llama3-1b gated-attn fineweb40B+gutenberg3B  nodes=8  gbs=288  steps=18141  datasets=49
[Tue Aug 18 03:13:28 CEST 2026] Launching training...
18: LANG_RL Log directory: None
19: LANG_RL Log directory: None
16: LANG_RL Log directory: None
17: LANG_RL Log directory: None
 1: LANG_RL Log directory: None
 2: LANG_RL Log directory: None
 3: LANG_RL Log directory: None
 0: LANG_RL Log directory: None
23: LANG_RL Log directory: None
22: LANG_RL Log directory: None
21: LANG_RL Log directory: None
20: LANG_RL Log directory: None
 9: LANG_RL Log directory: None
10: LANG_RL Log directory: None
 8: LANG_RL Log directory: None
11: LANG_RL Log directory: None
13: LANG_RL Log directory: None
14: LANG_RL Log directory: None
15: LANG_RL Log directory: None
12: LANG_RL Log directory: None
25: LANG_RL Log directory: None
24: LANG_RL Log directory: None
27: LANG_RL Log directory: None
26: LANG_RL Log directory: None
30: LANG_RL Log directory: None
31: LANG_RL Log directory: None
28: LANG_RL Log directory: None
29: LANG_RL Log directory: None
 4: LANG_RL Log directory: None
 7: LANG_RL Log directory: None
 5: LANG_RL Log directory: None
 6: LANG_RL Log directory: None
19: INFO:datasets:PyTorch version 2.11.0a0+eb65b36914.nv26.2 available.
 3: INFO:datasets:PyTorch version 2.11.0a0+eb65b36914.nv26.2 available.
 2: INFO:datasets:PyTorch version 2.11.0a0+eb65b36914.nv26.2 available.
 0: INFO:datasets:PyTorch version 2.11.0a0+eb65b36914.nv26.2 available.
 8: INFO:datasets:PyTorch version 2.11.0a0+eb65b36914.nv26.2 available.
18: INFO:datasets:PyTorch version 2.11.0a0+eb65b36914.nv26.2 available.
22: INFO:datasets:PyTorch version 2.11.0a0+eb65b36914.nv26.2 available.
20: INFO:datasets:PyTorch version 2.11.0a0+eb65b36914.nv26.2 available.
16: INFO:datasets:PyTorch version 2.11.0a0+eb65b36914.nv26.2 available.
17: INFO:datasets:PyTorch version 2.11.0a0+eb65b36914.nv26.2 available.
15: INFO:datasets:PyTorch version 2.11.0a0+eb65b36914.nv26.2 available.
13: INFO:datasets:PyTorch version 2.11.0a0+eb65b36914.nv26.2 available.
12: INFO:datasets:PyTorch version 2.11.0a0+eb65b36914.nv26.2 available.
 1: INFO:datasets:PyTorch version 2.11.0a0+eb65b36914.nv26.2 available.
 9: INFO:datasets:PyTorch version 2.11.0a0+eb65b36914.nv26.2 available.
23: INFO:datasets:PyTorch version 2.11.0a0+eb65b36914.nv26.2 available.
10: INFO:datasets:PyTorch version 2.11.0a0+eb65b36914.nv26.2 available.
11: INFO:datasets:PyTorch version 2.11.0a0+eb65b36914.nv26.2 available.
21: INFO:datasets:PyTorch version 2.11.0a0+eb65b36914.nv26.2 available.
14: INFO:datasets:PyTorch version 2.11.0a0+eb65b36914.nv26.2 available.
25: INFO:datasets:PyTorch version 2.11.0a0+eb65b36914.nv26.2 available.
24: INFO:datasets:PyTorch version 2.11.0a0+eb65b36914.nv26.2 available.
27: INFO:datasets:PyTorch version 2.11.0a0+eb65b36914.nv26.2 available.
26: INFO:datasets:PyTorch version 2.11.0a0+eb65b36914.nv26.2 available.
30: INFO:datasets:PyTorch version 2.11.0a0+eb65b36914.nv26.2 available.
29: INFO:datasets:PyTorch version 2.11.0a0+eb65b36914.nv26.2 available.
31: INFO:datasets:PyTorch version 2.11.0a0+eb65b36914.nv26.2 available.
28: INFO:datasets:PyTorch version 2.11.0a0+eb65b36914.nv26.2 available.
 7: INFO:datasets:PyTorch version 2.11.0a0+eb65b36914.nv26.2 available.
 6: INFO:datasets:PyTorch version 2.11.0a0+eb65b36914.nv26.2 available.
 4: INFO:datasets:PyTorch version 2.11.0a0+eb65b36914.nv26.2 available.
 5: INFO:datasets:PyTorch version 2.11.0a0+eb65b36914.nv26.2 available.
 0: using world size: 32, data-parallel size: 32, context-parallel size: 1, hierarchical context-parallel sizes: None, tensor-model-parallel size: 1, pipeline-model-parallel size: 1
 0: Number of virtual stages per pipeline stage: None
 0: accumulate and all-reduce gradients in fp32 for bfloat16 data type.
 0: using torch.bfloat16 for parameters ...
 0: ------------------------ arguments ------------------------
 0:   _is_global_batch_size_explicitly_specified ...... True
 0:   account_for_embedding_in_pipeline_split ......... False
 0:   account_for_loss_in_pipeline_split .............. False
 0:   accumulate_allreduce_grads_in_fp32 .............. True
 0:   activation_func_clamp_value ..................... None
 0:   adam_beta1 ...................................... 0.9
 0:   adam_beta2 ...................................... 0.95
 0:   adam_eps ........................................ 1e-08
 0:   add_bias_linear ................................. False
 0:   add_position_embedding .......................... True
 0:   add_qkv_bias .................................... False
 0:   adlr_autoresume ................................. False
 0:   adlr_autoresume_interval ........................ 1000
 0:   align_grad_reduce ............................... True
 0:   align_param_gather .............................. False
 0:   allow_ambiguous_pad_tokens ...................... False
 0:   app_tag_run_name ................................ None
 0:   app_tag_run_version ............................. 0.0.0
 0:   apply_query_key_layer_scaling ................... False
 0:   apply_residual_connection_post_layernorm ........ False
 0:   apply_rope_fusion ............................... True
 0:   apply_wd_to_qk_layernorm ........................ False
 0:   async_ckpt_cpu_priority ......................... 10
 0:   async_ckpt_io_priority .......................... 3
 0:   async_ckpt_use_cpu_shm .......................... False
 0:   async_save ...................................... False
 0:   async_strategy .................................. mcore
 0:   attention_backend ............................... AttnBackend.auto
 0:   attention_dropout ............................... 0.0
 0:   attention_output_gate ........................... True
 0:   attention_softmax_in_fp32 ....................... False
 0:   auto_detect_ckpt_format ......................... False
 0:   barrier_with_L1_time ............................ True
 0:   batch_invariant_mode ............................ False
 0:   bert_binary_head ................................ True
 0:   bert_embedder_type .............................. megatron
 0:   bert_load ....................................... None
 0:   bf16 ............................................ True
 0:   bias_dropout_fusion ............................. True
 0:   bias_gelu_fusion ................................ False
 0:   bias_swiglu_fusion .............................. True
 0:   biencoder_projection_dim ........................ 0
 0:   biencoder_shared_query_context_model ............ False
 0:   block_data_path ................................. None
 0:   cache_mla_latents ............................... False
 0:   calc_ft_timeouts ................................ False
 0:   calculate_per_token_loss ........................ False
 0:   chat_template ................................... None
 0:   check_for_large_grads ........................... False
 0:   check_for_nan_in_loss_and_grad .................. False
 0:   check_for_spiky_loss ............................ False
 0:   check_weight_hash_across_dp_replicas_interval ... None
 0:   ckpt_assume_constant_structure .................. False
 0:   ckpt_convert_format ............................. None
 0:   ckpt_convert_save ............................... None
 0:   ckpt_convert_update_legacy_dist_opt_format ...... False
 0:   ckpt_format ..................................... torch_dist
 0:   ckpt_fully_parallel_load ........................ True
 0:   ckpt_fully_parallel_load_exchange_algo .......... broadcast
 0:   ckpt_fully_parallel_load_process_group .......... dp
 0:   ckpt_fully_parallel_save ........................ True
 0:   ckpt_fully_parallel_save_deprecated ............. False
 0:   ckpt_fully_parallel_save_process_group .......... dp
 0:   ckpt_load_validate_sharding_integrity ........... True
 0:   ckpt_step ....................................... None
 0:   classes_fraction ................................ 1.0
 0:   clip_grad ....................................... 1.0
 0:   clone_scatter_output_in_embedding ............... True
 0:   config_logger_dir ............................... 
 0:   consumed_train_samples .......................... 0
 0:   consumed_valid_samples .......................... 0
 0:   context_parallel_size ........................... 1
 0:   cp_comm_type .................................... ['p2p']
 0:   cpu_offloading_num_layers ....................... 0
 0:   cpu_offloading_retain_pinned_cpu_buffers ........ False
 0:   create_all_gather_group ......................... False
 0:   create_attention_mask_in_dataloader ............. False
 0:   cross_entropy_fusion_impl ....................... native
 0:   cross_entropy_loss_fusion ....................... True
 0:   cuda_graph_impl ................................. none
 0:   cuda_graph_modules .............................. []
 0:   cuda_graph_warmup_steps ......................... 3
 0:   data_args_path .................................. None
 0:   data_cache_path ................................. /iopsstor/scratch/cscs/elyulina/datasets/cache
 0:   data_parallel_random_init ....................... False
 0:   data_parallel_sharding_strategy ................. optim_grads_params
 0:   data_parallel_size .............................. 32
 0:   data_path ....................................... ['/iopsstor/scratch/cscs/elyulina/datasets/tokenized/fineweb-edu-dedup-160B-datatrove_0.25/dump_0/00000_tokens', '/iopsstor/scratch/cscs/elyulina/datasets/tokenized/fineweb-edu-dedup-160B-datatrove_0.25/dump_0/00001_tokens', '/iopsstor/scratch/cscs/elyulina/datasets/tokenized/fineweb-edu-dedup-160B-datatrove_0.25/dump_0/00002_tokens', '/iopsstor/scratch/cscs/elyulina/datasets/tokenized/fineweb-edu-dedup-160B-datatrove_0.25/dump_0/00003_tokens', '/iopsstor/scratch/cscs/elyulina/datasets/tokenized/fineweb-edu-dedup-160B-datatrove_0.25/dump_0/00004_tokens', '/iopsstor/scratch/cscs/elyulina/datasets/tokenized/fineweb-edu-dedup-160B-datatrove_0.25/dump_0/00005_tokens', '/iopsstor/scratch/cscs/elyulina/datasets/tokenized/fineweb-edu-dedup-160B-datatrove_0.25/dump_0/00006_tokens', '/iopsstor/scratch/cscs/elyulina/datasets/tokenized/fineweb-edu-dedup-160B-datatrove_0.25/dump_0/00007_tokens', '/iopsstor/scratch/cscs/elyulina/datasets/tokenized/fineweb-edu-dedup-160B-
 0: datatrove_0.25/dump_0/00008_tokens', '/iopsstor/scratch/cscs/elyulina/datasets/tokenized/fineweb-edu-dedup-160B-datatrove_0.25/dump_0/00009_tokens', '/iopsstor/scratch/cscs/elyulina/datasets/tokenized/fineweb-edu-dedup-160B-datatrove_0.25/dump_0/00010_tokens', '/iopsstor/scratch/cscs/elyulina/datasets/tokenized/fineweb-edu-dedup-160B-datatrove_0.25/dump_0/00011_tokens', '/iopsstor/scratch/cscs/elyulina/datasets/tokenized/fineweb-edu-dedup-160B-datatrove_0.25/dump_0/00012_tokens', '/iopsstor/scratch/cscs/elyulina/datasets/tokenized/fineweb-edu-dedup-160B-datatrove_0.25/dump_0/00013_tokens', '/iopsstor/scratch/cscs/elyulina/datasets/tokenized/fineweb-edu-dedup-160B-datatrove_0.25/dump_0/00014_tokens', '/iopsstor/scratch/cscs/elyulina/datasets/tokenized/fineweb-edu-dedup-160B-datatrove_0.25/dump_0/00015_tokens', '/iopsstor/scratch/cscs/elyulina/datasets/tokenized/fineweb-edu-dedup-160B-datatrove_0.25/dump_0/00016_tokens', '/iopsstor/scratch/cscs/elyulina/datasets/tokenized/fineweb-edu-dedup-160B-datatrove_0.25/d
 0: ump_0/00017_tokens', '/iopsstor/scratch/cscs/elyulina/datasets/tokenized/fineweb-edu-dedup-160B-datatrove_0.25/dump_0/00018_tokens', '/iopsstor/scratch/cscs/elyulina/datasets/tokenized/fineweb-edu-dedup-160B-datatrove_0.25/dump_0/00019_tokens', '/iopsstor/scratch/cscs/elyulina/datasets/tokenized/fineweb-edu-dedup-160B-datatrove_0.25/dump_1/00000_tokens', '/iopsstor/scratch/cscs/elyulina/datasets/tokenized/fineweb-edu-dedup-160B-datatrove_0.25/dump_1/00001_tokens', '/iopsstor/scratch/cscs/elyulina/datasets/tokenized/fineweb-edu-dedup-160B-datatrove_0.25/dump_1/00002_tokens', '/iopsstor/scratch/cscs/elyulina/datasets/tokenized/fineweb-edu-dedup-160B-datatrove_0.25/dump_1/00003_tokens', '/iopsstor/scratch/cscs/elyulina/datasets/tokenized/fineweb-edu-dedup-160B-datatrove_0.25/dump_1/00004_tokens', '/iopsstor/scratch/cscs/elyulina/datasets/tokenized/fineweb-edu-dedup-160B-datatrove_0.25/dump_1/00005_tokens', '/iopsstor/scratch/cscs/elyulina/datasets/tokenized/fineweb-edu-dedup-160B-datatrove_0.25/dump_1/00006_toke
 0: ns', '/iopsstor/scratch/cscs/elyulina/datasets/tokenized/fineweb-edu-dedup-160B-datatrove_0.25/dump_1/00007_tokens', '/iopsstor/scratch/cscs/elyulina/datasets/tokenized/fineweb-edu-dedup-160B-datatrove_0.25/dump_1/00008_tokens', '/iopsstor/scratch/cscs/elyulina/datasets/tokenized/fineweb-edu-dedup-160B-datatrove_0.25/dump_1/00009_tokens', '/iopsstor/scratch/cscs/elyulina/datasets/tokenized/fineweb-edu-dedup-160B-datatrove_0.25/dump_1/00010_tokens', '/iopsstor/scratch/cscs/elyulina/datasets/tokenized/fineweb-edu-dedup-160B-datatrove_0.25/dump_1/00011_tokens', '/iopsstor/scratch/cscs/elyulina/datasets/tokenized/fineweb-edu-dedup-160B-datatrove_0.25/dump_1/00012_tokens', '/iopsstor/scratch/cscs/elyulina/datasets/tokenized/fineweb-edu-dedup-160B-datatrove_0.25/dump_1/00013_tokens', '/iopsstor/scratch/cscs/elyulina/datasets/tokenized/fineweb-edu-dedup-160B-datatrove_0.25/dump_1/00014_tokens', '/iopsstor/scratch/cscs/elyulina/datasets/tokenized/fineweb-edu-dedup-160B-datatrove_0.25/dump_1/00015_tokens', '/iopsstor
 0: /scratch/cscs/elyulina/datasets/tokenized/fineweb-edu-dedup-160B-datatrove_0.25/dump_1/00016_tokens', '/iopsstor/scratch/cscs/elyulina/datasets/tokenized/fineweb-edu-dedup-160B-datatrove_0.25/dump_1/00017_tokens', '/iopsstor/scratch/cscs/elyulina/datasets/tokenized/fineweb-edu-dedup-160B-datatrove_0.25/dump_1/00018_tokens', '/iopsstor/scratch/cscs/elyulina/datasets/tokenized/fineweb-edu-dedup-160B-datatrove_0.25/dump_1/00019_tokens', '/iopsstor/scratch/cscs/elyulina/datasets/tokenized/gutenberg_rep_1_256/rep_128_tokens', '/iopsstor/scratch/cscs/elyulina/datasets/tokenized/gutenberg_rep_1_256/rep_16_tokens', '/iopsstor/scratch/cscs/elyulina/datasets/tokenized/gutenberg_rep_1_256/rep_1_tokens', '/iopsstor/scratch/cscs/elyulina/datasets/tokenized/gutenberg_rep_1_256/rep_256_tokens', '/iopsstor/scratch/cscs/elyulina/datasets/tokenized/gutenberg_rep_1_256/rep_2_tokens', '/iopsstor/scratch/cscs/elyulina/datasets/tokenized/gutenberg_rep_1_256/rep_32_tokens', '/iopsstor/scratch/cscs/elyulina/datasets/tokenized/gutenb
 0: erg_rep_1_256/rep_4_tokens', '/iopsstor/scratch/cscs/elyulina/datasets/tokenized/gutenberg_rep_1_256/rep_64_tokens', '/iopsstor/scratch/cscs/elyulina/datasets/tokenized/gutenberg_rep_1_256/rep_8_tokens']
 0:   data_per_class_fraction ......................... 1.0
 0:   data_sharding ................................... True
 0:   dataloader_defer_npy_index_mmap ................. False
 0:   dataloader_fast_cache_load ...................... False
 0:   dataloader_type ................................. single
 0:   ddp_average_in_collective ....................... False
 0:   ddp_bucket_size ................................. None
 0:   ddp_num_buckets ................................. None
 0:   ddp_pad_buckets_for_high_nccl_busbw ............. False
 0:   ddp_param_name_patterns_for_fp32_local_accumulation  []
 0:   ddp_reduce_scatter_with_fp32_accumulation ....... False
 0:   decode_only_cuda_graphs ......................... False
 0:   decoder_first_pipeline_num_layers ............... None
 0:   decoder_last_pipeline_num_layers ................ None
 0:   decoder_num_layers .............................. None
 0:   decoder_seq_length .............................. None
 0:   decoupled_lr .................................... None
 0:   decoupled_min_lr ................................ None
 0:   decrease_batch_size_if_needed ................... False
 0:   defer_embedding_wgrad_compute ................... False
 0:   delay_wgrad_compute ............................. False
 0:   deprecated_use_mcore_models ..................... False
 0:   deterministic_mode .............................. False
 0:   dino_bottleneck_size ............................ 256
 0:   dino_freeze_last_layer .......................... 1
 0:   dino_head_hidden_size ........................... 2048
 0:   dino_local_crops_number ......................... 10
 0:   dino_local_img_size ............................. 96
 0:   dino_norm_last_layer ............................ False
 0:   dino_teacher_temp ............................... 0.07
 0:   dino_warmup_teacher_temp ........................ 0.04
 0:   dino_warmup_teacher_temp_epochs ................. 30
 0:   disable_bf16_reduced_precision_matmul ........... False
 0:   disable_jit_fuser ............................... False
 0:   disable_msc_deprecated .......................... False
 0:   disable_straggler_on_startup .................... False
 0:   disable_symmetric_registration .................. False
 0:   dist_ckpt_format_deprecated ..................... None
 0:   dist_ckpt_optim_fully_reshardable ............... False
 0:   dist_ckpt_save_pre_mcore_014 .................... False
 0:   dist_ckpt_strictness ............................ assume_ok_unexpected
 0:   dist_ckpt_workers ............................... 1
 0:   distrib_optim_fully_reshardable_mem_efficient ... False
 0:   distribute_saved_activations .................... False
 0:   distributed_backend ............................. nccl
 0:   distributed_timeout_minutes ..................... 10
 0:   distributed_timeout_seconds_after_init .......... None
 0:   dsa_indexer_head_dim ............................ None
 0:   dsa_indexer_loss_coeff .......................... None
 0:   dsa_indexer_n_heads ............................. None
 0:   dsa_indexer_topk ................................ None
 0:   dsa_indexer_use_sparse_loss ..................... False
 0:   dump_param_to_param_group_map ................... None
 0:   embedding_init_method_std ....................... None
 0:   embedding_path .................................. None
 0:   empty_unused_memory_level ....................... 0
 0:   enable_chunked_prefill .......................... False
 0:   enable_cuda_graph ............................... False
 0:   enable_experimental ............................. False
 0:   enable_ft_package ............................... False
 0:   enable_full_sharding_in_hsdp .................... False
 0:   enable_gpt_oss .................................. False
 0:   enable_msc ...................................... False
 0:   enable_one_logger ............................... True
 0:   encoder_num_layers .............................. 16
 0:   encoder_seq_length .............................. 8192
 0:   end_weight_decay ................................ 0.1
 0:   eod_mask_loss ................................... True
 0:   ep_overlap_early_attn_memory_release ............ False
 0:   error_injection_rate ............................ 0
 0:   error_injection_type ............................ transient_error
 0:   eval_global_batch_size .......................... 288
 0:   eval_interval ................................... 100000000000
 0:   eval_iters ...................................... 0
 0:   eval_micro_batch_size ........................... 3
 0:   evidence_data_path .............................. None
 0:   exit_duration_in_mins ........................... None
 0:   exit_interval ................................... None
 0:   exit_on_missing_checkpoint ...................... False
 0:   exit_signal ..................................... 15
 0:   exit_signal_handler ............................. True
 0:   exit_signal_handler_for_dataloader .............. False
 0:   exit_signal_handler_for_training ................ False
 0:   exp_avg_dtype ................................... torch.float32
 0:   exp_avg_sq_dtype ................................ torch.float32
 0:   experimental_attention_variant .................. None
 0:   expert_model_parallel_size ...................... 1
 0:   expert_tensor_parallel_size ..................... 1
 0:   export_default_te_spec .......................... False
 0:   export_force_local_attention .................... False
 0:   export_kd_cfg ................................... None
 0:   export_kd_teacher_ckpt_format ................... None
 0:   export_kd_teacher_load .......................... None
 0:   export_kd_teacher_model_config .................. None
 0:   export_kv_cache_quant ........................... none
 0:   export_legacy_megatron .......................... False
 0:   export_model_type ............................... GPTModel
 0:   export_moe_apply_probs_on_input ................. False
 0:   export_offline_model ............................ False
 0:   export_qk_l2_norm ............................... False
 0:   export_quant_cfg ................................ None
 0:   export_real_quant_cfg ........................... None
 0:   export_te_mcore_model ........................... False
 0:   external_cuda_graph ............................. False
 0:   fake_process_group .............................. False
 0:   fault_injector_delay_start_iteration ............ None
 0:   fault_injector_fault_delay ...................... None
 0:   fault_injector_fault_probabilities .............. None
 0:   fault_injector_fault_types ...................... None
 0:   fault_injector_mtti_seconds ..................... None
 0:   fault_injector_num_ranks ........................ None
 0:   fault_injector_offset_seconds ................... None
 0:   fault_injector_ranks ............................ None
 0:   fault_injector_seed ............................. None
 0:   ffn_hidden_size ................................. 7488
 0:   fim_data ........................................ False
 0:   fim_eod_token ................................... <|endoftext|>
 0:   fim_fragment_rate ............................... None
 0:   fim_middle_token ................................ <fim_middle>
 0:   fim_no_prefix ................................... None
 0:   fim_pad_token ................................... <fim_pad>
 0:   fim_prefix_token ................................ <fim_prefix>
 0:   fim_rate ........................................ 0.5
 0:   fim_split_sample ................................ None
 0:   fim_spm_rate .................................... 0.5
 0:   fim_suffix_token ................................ <fim_suffix>
 0:   fine_grained_activation_offloading .............. False
 0:   fine_grained_offloading_max_inflight_offloads ... None
 0:   finetune ........................................ False
 0:   finetune_data_split ............................. train
 0:   finetune_hf_dataset ............................. None
 0:   first_last_layers_bf16 .......................... False
 0:   flash_decode .................................... False
 0:   flight_recorder_dump_on_timeout ................. True
 0:   flight_recorder_dump_path ....................... None
 0:   flight_recorder_extra_dump_on_exec .............. True
 0:   flight_recorder_include_only_active ............. True
 0:   flight_recorder_include_stack_trace ............. False
 0:   flight_recorder_trace_buffer_size ............... 2000
 0:   fp16 ............................................ False
 0:   fp16_lm_cross_entropy ........................... False
 0:   fp32_residual_connection ........................ False
 0:   fp4 ............................................. None
 0:   fp4_param_gather ................................ False
 0:   fp4_quantizer_factory ........................... None
 0:   fp4_recipe ...................................... nvfp4
 0:   fp8 ............................................. None
 0:   fp8_amax_compute_algo ........................... most_recent
 0:   fp8_amax_history_len ............................ 1
 0:   fp8_interval .................................... 1
 0:   fp8_margin ...................................... 0
 0:   fp8_output_proj ................................. False
 0:   fp8_param_gather ................................ False
 0:   fp8_quantizer_factory ........................... None
 0:   fp8_recipe ...................................... delayed
 0:   fp8_wgrad ....................................... True
 0:   freeze_all_layers ............................... False
 0:   fsdp_double_buffer .............................. False
 0:   fsdp_manual_registration ........................ False
 0:   ft_num_warmup_iters ............................. 5
 0:   full_validation ................................. False
 0:   fused_residual_rmsnorm .......................... False
 0:   gdn_state_carry_ratio ........................... 0.0
 0:   global_batch_size ............................... 288
 0:   glu_linear_offset ............................... 0.0
 0:   goldfish_h ...................................... 50
 0:   goldfish_k ...................................... 50
 0:   goldfish_loss ................................... False
 0:   gpu_sniff_test_interval ......................... None
 0:   grad_reduce_in_bf16 ............................. False
 0:   gradient_accumulation_fusion .................... True
 0:   gradient_reduce_div_fusion ...................... True
 0:   group_query_attention ........................... True
 0:   grpo_clamp_eps_lower ............................ 0.01
 0:   grpo_clamp_eps_upper ............................ 0.01
 0:   grpo_entropy_term_weight ........................ 0.0
 0:   grpo_filter_groups_with_same_reward ............. False
 0:   grpo_group_size ................................. 2
 0:   grpo_iterations ................................. 2
 0:   grpo_kl_beta .................................... 0.001
 0:   grpo_prompts_per_step ........................... 32
 0:   head_lr_mult .................................... 1.0
 0:   heterogeneous_layers_config_encoded_json ........ None
 0:   heterogeneous_layers_config_path ................ None
 0:   hidden_dropout .................................. 0.0
 0:   hidden_size ..................................... 2048
 0:   hierarchical_context_parallel_sizes ............. None
 0:   high_priority_a2a_comm_stream ................... False
 0:   high_priority_stream_groups ..................... []
 0:   hybrid_context_parallel ......................... False
 0:   hybrid_layer_pattern ............................ None
 0:   hybrid_override_pattern ......................... None
 0:   hysteresis ...................................... 2
 0:   ict_head_size ................................... None
 0:   ict_load ........................................ None
 0:   img_h ........................................... 224
 0:   img_w ........................................... 224
 0:   indexer_batch_size .............................. 128
 0:   indexer_log_interval ............................ 1000
 0:   inference_batch_times_seqlen_threshold .......... -1
 0:   inference_coordinator_port ...................... None
 0:   inference_cuda_graph_all_prefills ............... False
 0:   inference_cuda_graph_scope ...................... InferenceCudaGraphScope.none
 0:   inference_disable_ep_consensus .................. False
 0:   inference_disable_triton_nvls_kernels ........... False
 0:   inference_dynamic_batching ...................... False
 0:   inference_dynamic_batching_block_size ........... 256
 0:   inference_dynamic_batching_buffer_size_gb ....... 40.0
 0:   inference_dynamic_batching_cuda_graph_mixed_prefill_count  16
 0:   inference_dynamic_batching_cuda_graph_sizing_distribution  exponential
 0:   inference_dynamic_batching_enable_prefix_caching  False
 0:   inference_dynamic_batching_mamba_memory_ratio ... None
 0:   inference_dynamic_batching_max_requests ......... None
 0:   inference_dynamic_batching_max_tokens ........... None
 0:   inference_dynamic_batching_num_cuda_graphs ...... 16
 0:   inference_dynamic_batching_paused_buffer_size_gb  None
 0:   inference_dynamic_batching_prefix_caching_coordinator_policy  first_prefix_block
 0:   inference_dynamic_batching_prefix_caching_eviction_policy  ref_zero
 0:   inference_dynamic_batching_prefix_caching_mamba_gb  None
 0:   inference_dynamic_batching_prefix_caching_routing_alpha  0.5
 0:   inference_dynamic_batching_sampling_backend ..... torch
 0:   inference_dynamic_batching_track_generated_token_events  False
 0:   inference_dynamic_batching_track_paused_request_events  False
 0:   inference_dynamic_batching_unified_memory_level . 0
 0:   inference_fuse_tp_communication ................. False
 0:   inference_grouped_gemm_backend .................. vllm
 0:   inference_logging_step_interval ................. 0
 0:   inference_max_requests .......................... 8
 0:   inference_max_seq_length ........................ 2560
 0:   inference_moe_disable_fused_quant_kernels ....... False
 0:   inference_moe_token_dispatcher_type ............. nvls
 0:   inference_rng_tracker ........................... False
 0:   inference_text_gen_server_logging ............... False
 0:   inference_use_synchronous_zmq_collectives ....... False
 0:   inference_wandb_logging ......................... False
 0:   init_method_std ................................. 0.02
 0:   init_method_xavier_uniform ...................... False
 0:   init_model_with_meta_device ..................... False
 0:   initial_loss_scale .............................. 4294967296
 0:   inprocess_active_world_size ..................... 32
 0:   inprocess_barrier_timeout ....................... 120
 0:   inprocess_completion_timeout .................... 120
 0:   inprocess_empty_cuda_cache ...................... False
 0:   inprocess_granularity ........................... node
 0:   inprocess_hard_timeout .......................... 90
 0:   inprocess_heartbeat_interval .................... 30
 0:   inprocess_heartbeat_timeout ..................... 60
 0:   inprocess_last_call_wait ........................ 1
 0:   inprocess_max_iterations ........................ None
 0:   inprocess_monitor_process_interval .............. 1.0
 0:   inprocess_monitor_thread_interval ............... 1.0
 0:   inprocess_progress_watchdog_interval ............ 1.0
 0:   inprocess_restart ............................... False
 0:   inprocess_soft_timeout .......................... 60
 0:   inprocess_termination_grace_time ................ 1
 0:   is_hybrid_model ................................. False
 0:   iter_per_epoch .................................. 1250
 0:   iterations_to_skip .............................. []
 0:   keep_fp8_transpose_cache ........................ False
 0:   kitchen_attention_backend ....................... sdpa
 0:   kv_channels ..................................... 64
 0:   kv_lora_rank .................................... 32
 0:   langrl_env_config ............................... None
 0:   layernorm_epsilon ............................... 1e-05
 0:   layernorm_zero_centered_gamma ................... False
 0:   lazy_mpu_init ................................... False
 0:   linear_attention_freq ........................... None
 0:   linear_conv_kernel_dim .......................... 4
 0:   linear_key_head_dim ............................. 128
 0:   linear_num_key_heads ............................ 16
 0:   linear_num_value_heads .......................... 32
 0:   linear_value_head_dim ........................... 128
 0:   lion_beta1 ...................................... 0.95
 0:   lion_beta2 ...................................... 0.98
 0:   load ............................................ /iopsstor/scratch/cscs/elyulina/Megatron-LM-Attention-Benchmark/attn_bench/results/pretrain/fineweb-40B_gutenberg-3B/test-llama3-1b-gated-attn-scf1-fineweb40B-gutenberg3B/checkpoints
 0:   load_main_params_from_ckpt ...................... False
 0:   local_rank ...................................... 0
 0:   log_device_memory_used .......................... False
 0:   log_energy ...................................... False
 0:   log_interval .................................... 1
 0:   log_loss_scale_to_tensorboard ................... False
 0:   log_max_attention_logit ......................... False
 0:   log_memory_interval ............................. None
 0:   log_memory_to_tensorboard ....................... True
 0:   log_num_zeros_in_grad ........................... False
 0:   log_params_norm ................................. True
 0:   log_progress .................................... True
 0:   log_straggler ................................... False
 0:   log_throughput .................................. True
 0:   log_timers_to_tensorboard ....................... True
 0:   log_validation_ppl_to_tensorboard ............... False
 0:   log_world_size_to_tensorboard ................... False
 0:   logging_level ................................... None
 0:   logits_load_decode_threads ...................... 4
 0:   logits_load_dir ................................. None
 0:   logits_load_ignore_errors ....................... False
 0:   logits_load_kd_loss_alpha ....................... 1.0
 0:   logits_load_msc_prefetch_depth .................. 2
 0:   logits_load_prefetch_factor ..................... 3
 0:   logits_save_dir ................................. None
 0:   logits_save_dtype ............................... fp16
 0:   logits_save_top_k ............................... None
 0:   logits_save_top_p ............................... None
 0:   logits_save_top_p_min_k ......................... 1
 0:   loss_scale ...................................... None
 0:   loss_scale_window ............................... 1000
 0:   lr .............................................. 0.0004
 0:   lr_decay_iters .................................. None
 0:   lr_decay_samples ................................ None
 0:   lr_decay_style .................................. cosine
 0:   lr_warmup_fraction .............................. None
 0:   lr_warmup_init .................................. 0.0
 0:   lr_warmup_iters ................................. 500
 0:   lr_warmup_samples ............................... 0
 0:   lr_wsd_decay_iters .............................. None
 0:   lr_wsd_decay_samples ............................ None
 0:   lr_wsd_decay_style .............................. exponential
 0:   main_grads_dtype ................................ torch.float32
 0:   main_params_dtype ............................... torch.float32
 0:   make_vocab_size_divisible_by .................... 128
 0:   mamba_head_dim .................................. 64
 0:   mamba_inference_conv_states_dtype ............... torch.bfloat16
 0:   mamba_inference_ssm_states_dtype ................ torch.bfloat16
 0:   mamba_num_groups ................................ 8
 0:   mamba_num_heads ................................. None
 0:   mamba_state_dim ................................. 128
 0:   mamba_training_ssm_states_dtype ................. None
 0:   manual_gc ....................................... True
 0:   manual_gc_eval .................................. True
 0:   manual_gc_interval .............................. 500
 0:   mask_factor ..................................... 1.0
 0:   mask_prob ....................................... 0.15
 0:   mask_type ....................................... random
 0:   masked_softmax_fusion ........................... True
 0:   max_position_embeddings ......................... 8192
 0:   max_seqlen_per_dp_cp_rank ....................... None
 0:   max_tokens_to_oom ............................... 12000
 0:   megatron_fsdp_enable_fine_grained_param_gather .. False
 0:   megatron_fsdp_grad_comm_dtype ................... None
 0:   megatron_fsdp_main_grads_dtype .................. None
 0:   megatron_fsdp_main_params_dtype ................. torch.float32
 0:   memory_snapshot_path ............................ snapshot.pickle
 0:   merge_file ...................................... None
 0:   metadata_path ................................... None
 0:   micro_batch_size ................................ 3
 0:   microbatch_group_size_per_vp_stage .............. None
 0:   mid_level_dataset_surplus ....................... 0.005
 0:   min_loss_scale .................................. 1.0
 0:   min_lr .......................................... 4e-05
 0:   min_offloaded_tensor_size ....................... 1048576
 0:   mla_down_proj_fusion ............................ False
 0:   mlp_chunks_for_prefill .......................... 1
 0:   mlp_chunks_for_training ......................... 1
 0:   mmap_bin_files .................................. True
 0:   mock_data ....................................... False
 0:   modelopt_enabled ................................ False
 0:   moe_apply_probs_on_input ........................ False
 0:   moe_aux_loss_coeff .............................. 0.0
 0:   moe_deepep_num_sms .............................. 20
 0:   moe_enable_deepep ............................... False
 0:   moe_enable_routing_replay ....................... False
 0:   moe_expert_capacity_factor ...................... None
 0:   moe_expert_rank_capacity_factor ................. None
 0:   moe_ffn_hidden_size ............................. None
 0:   moe_flex_dispatcher_backend ..................... deepep
 0:   moe_grouped_gemm ................................ False
 0:   moe_hybridep_num_blocks_permute ................. None
 0:   moe_hybridep_num_blocks_unpermute ............... None
 0:   moe_hybridep_num_sms ............................ None
 0:   moe_hybridep_num_sms_preprocessing .............. 108
 0:   moe_input_jitter_eps ............................ None
 0:   moe_latent_size ................................. None
 0:   moe_layer_freq .................................. 1
 0:   moe_layer_recompute ............................. False
 0:   moe_mlp_glu_interleave_size ..................... None
 0:   moe_pad_expert_input_to_capacity ................ False
 0:   moe_pad_experts_for_cuda_graph_inference ........ False
 0:   moe_paged_stash ................................. False
 0:   moe_paged_stash_buffer_size_factor_cpu .......... 0.0
 0:   moe_paged_stash_buffer_size_factor_cuda ......... 1.1
 0:   moe_paged_stash_page_size ....................... 64
 0:   moe_per_layer_logging ........................... False
 0:   moe_permute_fusion .............................. False
 0:   moe_permute_fusion_into_hybridep ................ False
 0:   moe_router_bias_update_rate ..................... 0.001
 0:   moe_router_dtype ................................ None
 0:   moe_router_enable_expert_bias ................... False
 0:   moe_router_force_biased ......................... None
 0:   moe_router_force_load_balancing ................. False
 0:   moe_router_fusion ............................... False
 0:   moe_router_group_topk ........................... None
 0:   moe_router_load_balancing_type .................. aux_loss
 0:   moe_router_num_groups ........................... None
 0:   moe_router_padding_for_fp8 ...................... False
 0:   moe_router_padding_for_quantization ............. False
 0:   moe_router_pre_softmax .......................... False
 0:   moe_router_score_function ....................... softmax
 0:   moe_router_topk ................................. 2
 0:   moe_router_topk_scaling_factor .................. None
 0:   moe_shared_expert_gate .......................... False
 0:   moe_shared_expert_intermediate_size ............. None
 0:   moe_shared_expert_overlap ....................... False
 0:   moe_single_grouped_bias ......................... False
 0:   moe_single_grouped_weight ....................... False
 0:   moe_token_dispatcher_type ....................... allgather
 0:   moe_token_drop_policy ........................... probs
 0:   moe_upcycling_granularity ....................... 1
 0:   moe_use_upcycling ............................... False
 0:   moe_z_loss_coeff ................................ None
 0:   mrope_section ................................... None
 0:   mscale .......................................... 1.0
 0:   mscale_all_dim .................................. 0.0
 0:   mtp_detach_heads ................................ False
 0:   mtp_hybrid_override_pattern ..................... None
 0:   mtp_loss_scaling_factor ......................... 0.1
 0:   mtp_num_layers .................................. None
 0:   mtp_standalone .................................. False
 0:   mtp_use_repeated_layer .......................... False
 0:   multi_latent_attention .......................... False
 0:   multiple_validation_sets ........................ False
 0:   muon_coefficient_type ........................... quintic
 0:   muon_extra_scale_factor ......................... 1.0
 0:   muon_fp32_matmul_prec ........................... medium
 0:   muon_momentum ................................... 0.9
 0:   muon_nesterov ................................... False
 0:   muon_num_ns_steps ............................... 5
 0:   muon_scalar_optimizer ........................... adam
 0:   muon_scale_mode ................................. spectral
 0:   muon_split_qkv .................................. True
 0:   muon_tp_mode .................................... blockwise
 0:   mup_attn_scale_power ............................ 1.0
 0:   mup_base_head_dim ............................... None
 0:   mup_base_hidden_size ............................ None
 0:   mup_embedding_mult .............................. 1.0
 0:   mup_output_mult ................................. 1.0
 0:   mup_width_mult .................................. 1.0
 0:   nccl_all_reduce_for_prefill ..................... False
 0:   nccl_communicator_config_path ................... None
 0:   nccl_ub ......................................... False
 0:   no_load_optim ................................... None
 0:   no_load_rng ..................................... None
 0:   no_persist_layer_norm ........................... False
 0:   no_rope_freq .................................... None
 0:   no_save_optim ................................... None
 0:   no_save_rng ..................................... None
 0:   no_weight_decay_cond_type ....................... None
 0:   non_persistent_ckpt_type ........................ None
 0:   non_persistent_global_ckpt_dir .................. None
 0:   non_persistent_local_ckpt_algo .................. fully_parallel
 0:   non_persistent_local_ckpt_dir ................... None
 0:   non_persistent_save_interval .................... None
 0:   normalization ................................... RMSNorm
 0:   null_tokenizer_eod_id ........................... None
 0:   null_tokenizer_pad_id ........................... -1
 0:   num_attention_heads ............................. 32
 0:   num_channels .................................... 3
 0:   num_classes ..................................... 1000
 0:   num_dataset_builder_threads ..................... 4
 0:   num_distributed_optimizer_instances ............. 1
 0:   num_experts ..................................... None
 0:   num_layers ...................................... 16
 0:   num_layers_at_end_in_bf16 ....................... 1
 0:   num_layers_at_start_in_bf16 ..................... 1
 0:   num_layers_per_virtual_pipeline_stage ........... None
 0:   num_query_groups ................................ 8
 0:   num_speculative_tokens .......................... 0
 0:   num_virtual_stages_per_pipeline_rank ............ None
 0:   num_workers ..................................... 2
 0:   nvtx_ranges ..................................... False
 0:   object_storage_cache_path ....................... None
 0:   offload_modules ................................. []
 0:   one_logger_async ................................ False
 0:   one_logger_project .............................. megatron-lm
 0:   one_logger_run_name ............................. None
 0:   onnx_safe ....................................... None
 0:   openai_gelu ..................................... False
 0:   optimizer ....................................... adam
 0:   optimizer_cpu_offload ........................... False
 0:   optimizer_cuda_graph ............................ False
 0:   optimizer_offload_fraction ...................... 1.0
 0:   outer_dp_sharding_strategy ...................... no_shard
 0:   output_bert_embeddings .......................... False
 0:   overlap_cpu_optimizer_d2h_h2d ................... False
 0:   overlap_dispatch_backward_with_experts_wgrad .... False
 0:   overlap_grad_reduce ............................. True
 0:   overlap_moe_expert_parallel_comm ................ False
 0:   overlap_p2p_comm ................................ False
 0:   overlap_p2p_comm_warmup_flush ................... False
 0:   overlap_param_gather ............................ True
 0:   overlap_param_gather_with_optimizer_step ........ False
 0:   override_ckpt_iteration ......................... None
 0:   override_opt_param_scheduler .................... False
 0:   pad_vocab_size .................................. True
 0:   padded_vocab_size ............................... None
 0:   params_dtype .................................... torch.bfloat16
 0:   patch_dim ....................................... 16
 0:   per_dataset_sequences_path ...................... None
 0:   per_split_data_args_path ........................ None
 0:   perform_initialization .......................... True
 0:   perform_rl_step ................................. False
 0:   phase_transition_iterations ..................... None
 0:   pin_cpu_grads ................................... True
 0:   pin_cpu_params .................................. True
 0:   pipeline_model_parallel_comm_backend ............ None
 0:   pipeline_model_parallel_layout .................. None
 0:   pipeline_model_parallel_size .................... 1
 0:   position_embedding_type ......................... rope
 0:   pretrained_checkpoint ........................... None
 0:   profile ......................................... False
 0:   profile_ranks ................................... []
 0:   profile_step_end ................................ 12
 0:   profile_step_start .............................. 10
 0:   pytorch_profiler_collect_callstack .............. False
 0:   pytorch_profiler_collect_chakra ................. False
 0:   pytorch_profiler_collect_shapes ................. False
 0:   q_lora_rank ..................................... None
 0:   qk_clip ......................................... False
 0:   qk_clip_alpha ................................... 0.5
 0:   qk_clip_threshold ............................... 100
 0:   qk_head_dim ..................................... 128
 0:   qk_l2_norm ...................................... False
 0:   qk_layernorm .................................... False
 0:   qk_pos_emb_head_dim ............................. 64
 0:   query_in_block_prob ............................. 0.1
 0:   quick_geglu ..................................... False
 0:   rampup_batch_size ............................... None
 0:   rank ............................................ 0
 0:   recompute_granularity ........................... None
 0:   recompute_method ................................ None
 0:   recompute_modules ............................... None
 0:   recompute_num_layers ............................ None
 0:   record_memory_history ........................... False
 0:   record_shapes ................................... False
 0:   refit_method .................................... gloo
 0:   relative_attention_max_distance ................. 128
 0:   relative_attention_num_buckets .................. 32
 0:   replication ..................................... False
 0:   replication_factor .............................. 2
 0:   replication_jump ................................ None
 0:   rerun_mode ...................................... validate_results
 0:   reset_attention_mask ............................ False
 0:   reset_position_ids .............................. True
 0:   result_rejected_tracker_filename ................ None
 0:   retriever_report_topk_accuracies ................ []
 0:   retriever_score_scaling ......................... False
 0:   reuse_grad_buf_for_mxfp8_param_ag ............... False
 0:   rl_default_temperature .......................... 1.0
 0:   rl_default_top_k ................................ -1
 0:   rl_default_top_p ................................ 0
 0:   rl_generation_batch_size ........................ None
 0:   rl_importance_sampling_truncation_coef .......... None
 0:   rl_inference_expert_model_parallel_size ......... None
 0:   rl_inference_expert_tensor_model_parallel_size .. None
 0:   rl_inference_logprobs_is_correction ............. False
 0:   rl_inference_model_unified_memory_level ......... 0
 0:   rl_inference_parsers ............................ []
 0:   rl_inference_pipeline_model_parallel_size ....... None
 0:   rl_inference_tensor_model_parallel_size ......... None
 0:   rl_kv_cache_management_mode ..................... persist
 0:   rl_num_parallel_generation_batches .............. None
 0:   rl_num_parallel_generations ..................... None
 0:   rl_offload_inference_model_weights_when_idle .... False
 0:   rl_offload_optimizer_during_inference ........... False
 0:   rl_parallel_generation_tasks .................... None
 0:   rl_partial_rollouts ............................. False
 0:   rl_persist_cuda_graphs .......................... False
 0:   rl_profile ...................................... False
 0:   rl_profile_dir .................................. None
 0:   rl_prompts_per_eval ............................. 32
 0:   rl_sequence_packing_algo ........................ fifo
 0:   rl_sequence_packing_max_sequences_per_bin ....... 50
 0:   rl_skip_bos_token ............................... False
 0:   rl_training_cuda_graphs ......................... False
 0:   rl_use_sequence_packing ......................... False
 0:   rl_verify_model_weights_swap .................... False
 0:   rope_scaling_factor ............................. 1.0
 0:   rope_type ....................................... None
 0:   rotary_base ..................................... 500000
 0:   rotary_interleaved .............................. False
 0:   rotary_percent .................................. 1.0
 0:   rotary_scaling_factor ........................... 1.0
 0:   rotary_seq_len_interpolation_factor ............. None
 0:   run_workload_inspector_server ................... False
 0:   sample_rate ..................................... 1.0
 0:   save ............................................ /iopsstor/scratch/cscs/elyulina/Megatron-LM-Attention-Benchmark/attn_bench/results/pretrain/fineweb-40B_gutenberg-3B/test-llama3-1b-gated-attn-scf1-fineweb40B-gutenberg3B/checkpoints
 0:   save_activations_interval ....................... None
 0:   save_dgrads_interval ............................ None
 0:   save_interval ................................... 2000
 0:   save_params_interval ............................ None
 0:   save_retain_interval ............................ 50000
 0:   save_tokens_per_expert_interval ................. None
 0:   save_wgrads_interval ............................ None
 0:   seed ............................................ 28
 0:   seq_length ...................................... 8192
 0:   sequence_parallel ............................... False
 0:   sft ............................................. False
 0:   sft_tokenizer_prompt_format ..................... nemotron-h-aligned
 0:   sgd_momentum .................................... 0.9
 0:   sharp_enabled_group ............................. None
 0:   short_seq_prob .................................. 0.1
 0:   skip_train ...................................... False
 0:   skipped_train_samples ........................... 0
 0:   softmax_type .................................... vanilla
 0:   spec ............................................ None
 0:   special_tokens .................................. None
 0:   split ........................................... 100,0,0
 0:   squared_relu .................................... False
 0:   start_eval_at_iter .............................. None
 0:   start_weight_decay .............................. 0.1
 0:   step_batch_size_schedule ........................ None
 0:   straggler_ctrlr_port ............................ 65535
 0:   straggler_minmax_count .......................... 1
 0:   strict_fsdp_dtensor_load ........................ True
 0:   suggested_communication_unit_size ............... None
 0:   swiglu .......................................... True
 0:   swin_backbone_type .............................. tiny
 0:   symmetric_ar_type ............................... None
 0:   te_precision_config_file ........................ None
 0:   te_rng_tracker .................................. False
 0:   tensor_model_parallel_size ...................... 1
 0:   tensorboard_dir ................................. /iopsstor/scratch/cscs/elyulina/Megatron-LM-Attention-Benchmark/attn_bench/results/pretrain/fineweb-40B_gutenberg-3B/test-llama3-1b-gated-attn-scf1-fineweb40B-gutenberg3B/logging/tensorboard
 0:   tensorboard_log_interval ........................ 1
 0:   tensorboard_queue_size .......................... 1000
 0:   test_data_path .................................. None
 0:   test_mode ....................................... False
 0:   tiktoken_num_special_tokens ..................... 1000
 0:   tiktoken_pattern ................................ None
 0:   timing_log_level ................................ 2
 0:   timing_log_option ............................... minmax
 0:   titles_data_path ................................ None
 0:   tokenizer_hf_no_include_special_tokens .......... False
 0:   tokenizer_hf_no_use_fast ........................ False
 0:   tokenizer_model ................................. /iopsstor/scratch/cscs/elyulina/tokenizers/llama-3.2-1b
 0:   tokenizer_sentencepiece_ignore_extra_whitespaces  True
 0:   tokenizer_sentencepiece_legacy .................. False
 0:   tokenizer_type .................................. HuggingFaceTokenizer
 0:   torch_fsdp2_reshard_after_forward ............... True
 0:   tp_comm_bootstrap_backend ....................... nccl
 0:   tp_comm_bulk_dgrad .............................. True
 0:   tp_comm_bulk_wgrad .............................. True
 0:   tp_comm_overlap ................................. False
 0:   tp_comm_overlap_ag .............................. True
 0:   tp_comm_overlap_cfg ............................. None
 0:   tp_comm_overlap_rs .............................. True
 0:   tp_comm_overlap_rs_dgrad ........................ False
 0:   tp_comm_split_ag ................................ True
 0:   tp_comm_split_rs ................................ True
 0:   train_data_path ................................. None
 0:   train_iters ..................................... 18141
 0:   train_samples ................................... None
 0:   train_sync_interval ............................. None
 0:   transformer_impl ................................ transformer_engine
 0:   transformer_pipeline_model_parallel_size ........ 1
 0:   trust_remote_code ............................... False
 0:   untie_embeddings_and_output_weights ............. False
 0:   use_checkpoint_args ............................. False
 0:   use_checkpoint_opt_param_scheduler .............. False
 0:   use_cpu_initialization .......................... None
 0:   use_dist_ckpt ................................... True
 0:   use_dist_ckpt_deprecated ........................ False
 0:   use_distributed_optimizer ....................... True
 0:   use_flash_attn .................................. False
 0:   use_fused_weighted_squared_relu ................. False
 0:   use_gloo_process_groups ......................... True
 0:   use_grouped_gemm_for_dense_mlp .................. False
 0:   use_kitchen_attention ........................... False
 0:   use_layer_wise_distributed_optimizer ............ False
 0:   use_layer_wise_param_layout ..................... True
 0:   use_legacy_static_engine ........................ False
 0:   use_mamba_mem_eff_path .......................... True
 0:   use_megatron_fsdp ............................... False
 0:   use_mp_args_from_checkpoint_args ................ False
 0:   use_mup ......................................... False
 0:   use_one_sent_docs ............................... False
 0:   use_packed_seq_params ........................... True
 0:   use_persistent_ckpt_worker ...................... False
 0:   use_precision_aware_optimizer ................... False
 0:   use_pytorch_profiler ............................ False
 0:   use_ring_exchange_p2p ........................... False
 0:   use_rope_scaling ................................ True
 0:   use_rotary_position_embeddings .................. False
 0:   use_sharp ....................................... False
 0:   use_te_activation_func .......................... False
 0:   use_tokenizer_model_from_checkpoint_args ........ True
 0:   use_torch_fsdp2 ................................. False
 0:   use_torch_optimizer_for_cpu_offload ............. False
 0:   use_tp_pp_dp_mapping ............................ False
 0:   use_transformer_engine_op_fuser ................. False
 0:   v_head_dim ...................................... 128
 0:   valid_data_path ................................. None
 0:   validation_set_names ............................ None
 0:   variable_seq_lengths ............................ False
 0:   verify_integrity ................................ False
 0:   virtual_pipeline_model_parallel_size ............ None
 0:   vision_backbone_type ............................ vit
 0:   vision_pretraining .............................. False
 0:   vision_pretraining_type ......................... classify
 0:   vocab_extra_ids ................................. 0
 0:   vocab_file ...................................... None
 0:   vocab_size ...................................... None
 0:   wandb_entity .................................... None
 0:   wandb_exp_name .................................. test-llama3-1b-gated-attn-scf1-fineweb40B-gutenberg3B-3108079
 0:   wandb_project ................................... fineweb-40B_gutenberg-3B
 0:   wandb_save_dir .................................. /iopsstor/scratch/cscs/elyulina/Megatron-LM-Attention-Benchmark/attn_bench/results/pretrain/fineweb-40B_gutenberg-3B/test-llama3-1b-gated-attn-scf1-fineweb40B-gutenberg3B/logging
 0:   weight_decay .................................... 0.1
 0:   weight_decay_incr_style ......................... constant
 0:   wgrad_deferral_limit ............................ 0
 0:   window_attn_skip_freq ........................... None
 0:   window_size ..................................... None
 0:   world_size ...................................... 32
 0:   yaml_cfg ........................................ None
 0: -------------------- end of arguments ---------------------
 0: INFO:megatron.core.num_microbatches_calculator:setting number of microbatches to constant 3
 0: INFO:megatron.core.tokenizers.utils.build_tokenizer: > padded vocab (size: 128256) with 0 dummy tokens (new size: 128256)
 0: WARNING:megatron.core.rerun_state_machine:RerunStateMachine initialized in mode RerunMode.VALIDATE_RESULTS
 0: > initializing torch distributed ...
31: > setting tensorboard ...
31: WARNING: one_logger package is required to enable e2e metrics tracking. please go to https://confluence.nvidia.com/display/MLWFO/Package+Repositories for details to install it
 0: > initialized tensor model parallel with size 1
 0: > initialized pipeline model parallel with size 1
 0: > setting random seeds to 28 ...
 0: > compiling dataset index builder ...
 0: make: Entering directory '/iopsstor/scratch/cscs/elyulina/Megatron-LM-Attention-Benchmark/megatron/core/datasets'
 0: make: Nothing to be done for 'default'.
 0: make: Leaving directory '/iopsstor/scratch/cscs/elyulina/Megatron-LM-Attention-Benchmark/megatron/core/datasets'
 0: >>> done with dataset index builder. Compilation time: 0.089 seconds
 0: time to initialize megatron (seconds): 35.112
 0: [after in-process setup and before initialize_megatron] datetime: 2026-08-18 03:14:22.522979 
 0: [after in-job setup and before initialize_megatron] datetime: 2026-08-18 03:14:22.573513 
 0: [before library-setup] datetime: 2026-08-18 03:13:38.167342
 0: [after library-setup] datetime: 2026-08-18 03:14:21.708164
 0: [before megatron-init] datetime: 2026-08-18 03:14:22.522978
31: INFO:megatron.core.timers:(min, max) time across ranks (ms):
31:     startup-program-entry-spread ...................: (0.29, 538.41)
31:     startup-library-setup ..........................: (43367.07, 44921.55)
31:     startup-program-setup ..........................: (777.96, 3127.76)
31:     startup-in-process-setup .......................: (0.00, 0.00)
31:     startup-in-job-setup ...........................: (48.70, 51.40)
31:     startup-initialize-megatron ....................: (16005.92, 20189.61)
31:     startup-set-jit-fusion-options .................: (1671.04, 1854.84)
31:     all-reduce-start-timestamps-tensor .............: (1.00, 184.87)
31:     startup-megatron-init-local ....................: (17911.07, 22092.61)
31:     startup-megatron-init-global ...................: (66241.26, 66241.36)
 0: [after megatron is initialized] datetime: 2026-08-18 03:14:44.668925 
 0: Failed to inspect checkpoint in /iopsstor/scratch/cscs/elyulina/Megatron-LM-Attention-Benchmark/attn_bench/results/pretrain/fineweb-40B_gutenberg-3B/test-llama3-1b-gated-attn-scf1-fineweb40B-gutenberg3B/checkpoints: /iopsstor/scratch/cscs/elyulina/Megatron-LM-Attention-Benchmark/attn_bench/results/pretrain/fineweb-40B_gutenberg-3B/test-llama3-1b-gated-attn-scf1-fineweb40B-gutenberg3B/checkpoints is not a MLM or NeMo sharded checkpoint!
 0: building GPT model ...
 0:  > number of parameters on (tensor, pipeline) model parallel rank (0, 0): 1233717248
 0: INFO:megatron.core.distributed.distributed_data_parallel:Setting up DistributedDataParallel with config DistributedDataParallelConfig(grad_reduce_in_fp32=True, overlap_grad_reduce=True, overlap_param_gather=True, align_param_gather=False, use_distributed_optimizer=True, num_distributed_optimizer_instances=1, check_for_nan_in_grad=False, check_for_large_grads=False, bucket_size=40000000, num_buckets=None, pad_buckets_for_high_nccl_busbw=False, reduce_scatter_with_fp32_accumulation=False, param_name_patterns_for_fp32_local_accumulation=(), average_in_collective=False, fp8_param_gather=False, fp4_param_gather=False, reuse_grad_buf_for_mxfp8_param_ag=False, use_megatron_fsdp=False, use_custom_fsdp=False, data_parallel_sharding_strategy='optim_grads_params', gradient_reduce_div_fusion=True, suggested_communication_unit_size=None, keep_fp8_transpose_cache=False, nccl_ub=False, fsdp_double_buffer=False, fsdp_db_use_persist_buf_on_alloc_fail=False, fsdp_all_gather_in_start_param_sync=True, outer_dp_sharding_strategy=
 0: 'no_shard', disable_symmetric_registration=False, fsdp_manual_registration=False, delay_wgrad_compute=False, megatron_fsdp_main_params_dtype=torch.float32, megatron_fsdp_main_grads_dtype=None, megatron_fsdp_grad_comm_dtype=None, megatron_fsdp_use_decoupled_grad=False, megatron_fsdp_cuda_graph_mode=False, megatron_fsdp_enable_fine_grained_param_gather=False)
 0: INFO:megatron.core.distributed.param_and_grad_buffer:Number of buckets for gradient all-reduce / reduce-scatter: 17
 0: Params for bucket 1 (46008320 elements, 46008320 padded size, 0 param(s) with extra main_grads):
 0: 	module.decoder.final_layernorm.weight (param.main_grad.dtype=torch.float32)
 0: 	module.decoder.layers.15.mlp.linear_fc2.weight (param.main_grad.dtype=torch.float32)
 0: 	module.decoder.layers.15.mlp.linear_fc1.weight (param.main_grad.dtype=torch.float32)
 0: Params for bucket 2 (60690432 elements, 60690432 padded size, 0 param(s) with extra main_grads):
 0: 	module.decoder.layers.15.mlp.linear_fc1.layer_norm_weight (param.main_grad.dtype=torch.float32)
 0: 	module.decoder.layers.15.self_attention.linear_qkv.weight (param.main_grad.dtype=torch.float32)
 0: 	module.decoder.layers.15.self_attention.linear_qkv.layer_norm_weight (param.main_grad.dtype=torch.float32)
 0: 	module.decoder.layers.15.self_attention.linear_proj.weight (param.main_grad.dtype=torch.float32)
 0: 	module.decoder.layers.14.mlp.linear_fc2.weight (param.main_grad.
 0: dtype=torch.float32)
 0: 	module.decoder.layers.14.mlp.linear_fc1.weight (param.main_grad.dtype=torch.float32)
 0: Params for bucket 3 (60690432 elements, 60690432 padded size, 0 param(s) with extra main_grads):
 0: 	module.decoder.layers.14.mlp.linear_fc1.layer_norm_weight (param.main_grad.dtype=torch.float32)
 0: 	module.decoder.layers.14.self_attention.linear_qkv.weight (param.main_grad.dtype=torch.float32)
 0: 	module.decoder.layers.14.self_attention.linear_qkv.layer_norm_weight (param.main_grad.dtype=torch.float32)
 0: 	module.decoder.layers.14.self_attention.linear_proj.weight (param.main_grad.dtype=torch.float32)
 0: 	module.decoder.layers.13.mlp.linear_fc2.weight (param.main_grad.dtype=torch.float32)
 0: 	module.decoder.layers.13.mlp.linear_fc1.weight (param.main_grad.dtype=torch.float32)
 0: Params for bucket 4 (60690432 elements, 60690432 padded size, 0 param(s) with extra main_grads):
 0: 	module.decoder.layers.13.mlp.linear_fc1.layer_norm_weight (param.main_grad.dtype=torch.float32)
 0: 	module.decoder.layers.13.self_attention.linear_qkv.we
 0: ight (param.main_grad.dtype=torch.float32)
 0: 	module.decoder.layers.13.self_attention.linear_qkv.layer_norm_weight (param.main_grad.dtype=torch.float32)
 0: 	module.decoder.layers.13.self_attention.linear_proj.weight (param.main_grad.dtype=torch.float32)
 0: 	module.decoder.layers.12.mlp.linear_fc2.weight (param.main_grad.dtype=torch.float32)
 0: 	module.decoder.layers.12.mlp.linear_fc1.weight (param.main_grad.dtype=torch.float32)
 0: Params for bucket 5 (60690432 elements, 60690432 padded size, 0 param(s) with extra main_grads):
 0: 	module.decoder.layers.12.mlp.linear_fc1.layer_norm_weight (param.main_grad.dtype=torch.float32)
 0: 	module.decoder.layers.12.self_attention.linear_qkv.weight (param.main_grad.dtype=torch.float32)
 0: 	module.decoder.layers.12.self_attention.linear_qkv.layer_norm_weight (param.main_grad.dtype=torch.float32)
 0: 	module.decoder.layers.12.self_attention.linear_proj.weight (param.main_grad.dtype=torch.float32)
 0: 	module.decoder.layers.11.mlp.linear_fc2.weight (param.main_grad.dtype=torch.float32)
 0: 	module.decoder.laye
 0: rs.11.mlp.linear_fc1.weight (param.main_grad.dtype=torch.float32)
 0: Params for bucket 6 (60690432 elements, 60690432 padded size, 0 param(s) with extra main_grads):
 0: 	module.decoder.layers.11.mlp.linear_fc1.layer_norm_weight (param.main_grad.dtype=torch.float32)
 0: 	module.decoder.layers.11.self_attention.linear_qkv.weight (param.main_grad.dtype=torch.float32)
 0: 	module.decoder.layers.11.self_attention.linear_qkv.layer_norm_weight (param.main_grad.dtype=torch.float32)
 0: 	module.decoder.layers.11.self_attention.linear_proj.weight (param.main_grad.dtype=torch.float32)
 0: 	module.decoder.layers.10.mlp.linear_fc2.weight (param.main_grad.dtype=torch.float32)
 0: 	module.decoder.layers.10.mlp.linear_fc1.weight (param.main_grad.dtype=torch.float32)
 0: Params for bucket 7 (60690432 elements, 60690432 padded size, 0 param(s) with extra main_grads):
 0: 	module.decoder.layers.10.mlp.linear_fc1.layer_norm_weight (param.main_grad.dtype=torch.float32)
 0: 	module.decoder.layers.10.self_attention.linear_qkv.weight (param.main_grad.dtype=torch.float3
 0: 2)
 0: 	module.decoder.layers.10.self_attention.linear_qkv.layer_norm_weight (param.main_grad.dtype=torch.float32)
 0: 	module.decoder.layers.10.self_attention.linear_proj.weight (param.main_grad.dtype=torch.float32)
 0: 	module.decoder.layers.9.mlp.linear_fc2.weight (param.main_grad.dtype=torch.float32)
 0: 	module.decoder.layers.9.mlp.linear_fc1.weight (param.main_grad.dtype=torch.float32)
 0: Params for bucket 8 (60690432 elements, 60690432 padded size, 0 param(s) with extra main_grads):
 0: 	module.decoder.layers.9.mlp.linear_fc1.layer_norm_weight (param.main_grad.dtype=torch.float32)
 0: 	module.decoder.layers.9.self_attention.linear_qkv.weight (param.main_grad.dtype=torch.float32)
 0: 	module.decoder.layers.9.self_attention.linear_qkv.layer_norm_weight (param.main_grad.dtype=torch.float32)
 0: 	module.decoder.layers.9.self_attention.linear_proj.weight (param.main_grad.dtype=torch.float32)
 0: 	module.decoder.layers.8.mlp.linear_fc2.weight (param.main_grad.dtype=torch.float32)
 0: 	module.decoder.layers.8.mlp.linear_fc1.weight (param.main_grad.dty
 0: pe=torch.float32)
 0: Params for bucket 9 (60690432 elements, 60690432 padded size, 0 param(s) with extra main_grads):
 0: 	module.decoder.layers.8.mlp.linear_fc1.layer_norm_weight (param.main_grad.dtype=torch.float32)
 0: 	module.decoder.layers.8.self_attention.linear_qkv.weight (param.main_grad.dtype=torch.float32)
 0: 	module.decoder.layers.8.self_attention.linear_qkv.layer_norm_weight (param.main_grad.dtype=torch.float32)
 0: 	module.decoder.layers.8.self_attention.linear_proj.weight (param.main_grad.dtype=torch.float32)
 0: 	module.decoder.layers.7.mlp.linear_fc2.weight (param.main_grad.dtype=torch.float32)
 0: 	module.decoder.layers.7.mlp.linear_fc1.weight (param.main_grad.dtype=torch.float32)
 0: Params for bucket 10 (60690432 elements, 60690432 padded size, 0 param(s) with extra main_grads):
 0: 	module.decoder.layers.7.mlp.linear_fc1.layer_norm_weight (param.main_grad.dtype=torch.float32)
 0: 	module.decoder.layers.7.self_attention.linear_qkv.weight (param.main_grad.dtype=torch.float32)
 0: 	module.decoder.layers.7.self_attention.linear_qkv.la
 0: yer_norm_weight (param.main_grad.dtype=torch.float32)
 0: 	module.decoder.layers.7.self_attention.linear_proj.weight (param.main_grad.dtype=torch.float32)
 0: 	module.decoder.layers.6.mlp.linear_fc2.weight (param.main_grad.dtype=torch.float32)
 0: 	module.decoder.layers.6.mlp.linear_fc1.weight (param.main_grad.dtype=torch.float32)
 0: Params for bucket 11 (60690432 elements, 60690432 padded size, 0 param(s) with extra main_grads):
 0: 	module.decoder.layers.6.mlp.linear_fc1.layer_norm_weight (param.main_grad.dtype=torch.float32)
 0: 	module.decoder.layers.6.self_attention.linear_qkv.weight (param.main_grad.dtype=torch.float32)
 0: 	module.decoder.layers.6.self_attention.linear_qkv.layer_norm_weight (param.main_grad.dtype=torch.float32)
 0: 	module.decoder.layers.6.self_attention.linear_proj.weight (param.main_grad.dtype=torch.float32)
 0: 	module.decoder.layers.5.mlp.linear_fc2.weight (param.main_grad.dtype=torch.float32)
 0: 	module.decoder.layers.5.mlp.linear_fc1.weight (param.main_grad.dtype=torch.float32)
 0: Params for bucket 12 (60690432 elements
 0: , 60690432 padded size, 0 param(s) with extra main_grads):
 0: 	module.decoder.layers.5.mlp.linear_fc1.layer_norm_weight (param.main_grad.dtype=torch.float32)
 0: 	module.decoder.layers.5.self_attention.linear_qkv.weight (param.main_grad.dtype=torch.float32)
 0: 	module.decoder.layers.5.self_attention.linear_qkv.layer_norm_weight (param.main_grad.dtype=torch.float32)
 0: 	module.decoder.layers.5.self_attention.linear_proj.weight (param.main_grad.dtype=torch.float32)
 0: 	module.decoder.layers.4.mlp.linear_fc2.weight (param.main_grad.dtype=torch.float32)
 0: 	module.decoder.layers.4.mlp.linear_fc1.weight (param.main_grad.dtype=torch.float32)
 0: Params for bucket 13 (60690432 elements, 60690432 padded size, 0 param(s) with extra main_grads):
 0: 	module.decoder.layers.4.mlp.linear_fc1.layer_norm_weight (param.main_grad.dtype=torch.float32)
 0: 	module.decoder.layers.4.self_attention.linear_qkv.weight (param.main_grad.dtype=torch.float32)
 0: 	module.decoder.layers.4.self_attention.linear_qkv.layer_norm_weight (param.main_grad.dtype=torch.float32)
 0: 	
 0: module.decoder.layers.4.self_attention.linear_proj.weight (param.main_grad.dtype=torch.float32)
 0: 	module.decoder.layers.3.mlp.linear_fc2.weight (param.main_grad.dtype=torch.float32)
 0: 	module.decoder.layers.3.mlp.linear_fc1.weight (param.main_grad.dtype=torch.float32)
 0: Params for bucket 14 (60690432 elements, 60690432 padded size, 0 param(s) with extra main_grads):
 0: 	module.decoder.layers.3.mlp.linear_fc1.layer_norm_weight (param.main_grad.dtype=torch.float32)
 0: 	module.decoder.layers.3.self_attention.linear_qkv.weight (param.main_grad.dtype=torch.float32)
 0: 	module.decoder.layers.3.self_attention.linear_qkv.layer_norm_weight (param.main_grad.dtype=torch.float32)
 0: 	module.decoder.layers.3.self_attention.linear_proj.weight (param.main_grad.dtype=torch.float32)
 0: 	module.decoder.layers.2.mlp.linear_fc2.weight (param.main_grad.dtype=torch.float32)
 0: 	module.decoder.layers.2.mlp.linear_fc1.weight (param.main_grad.dtype=torch.float32)
 0: Params for bucket 15 (60690432 elements, 60690432 padded size, 0 param(s) with extra main_grad
 0: s):
 0: 	module.decoder.layers.2.mlp.linear_fc1.layer_norm_weight (param.main_grad.dtype=torch.float32)
 0: 	module.decoder.layers.2.self_attention.linear_qkv.weight (param.main_grad.dtype=torch.float32)
 0: 	module.decoder.layers.2.self_attention.linear_qkv.layer_norm_weight (param.main_grad.dtype=torch.float32)
 0: 	module.decoder.layers.2.self_attention.linear_proj.weight (param.main_grad.dtype=torch.float32)
 0: 	module.decoder.layers.1.mlp.linear_fc2.weight (param.main_grad.dtype=torch.float32)
 0: 	module.decoder.layers.1.mlp.linear_fc1.weight (param.main_grad.dtype=torch.float32)
 0: Params for bucket 16 (60690432 elements, 60690432 padded size, 0 param(s) with extra main_grads):
 0: 	module.decoder.layers.1.mlp.linear_fc1.layer_norm_weight (param.main_grad.dtype=torch.float32)
 0: 	module.decoder.layers.1.self_attention.linear_qkv.weight (param.main_grad.dtype=torch.float32)
 0: 	module.decoder.layers.1.self_attention.linear_qkv.layer_norm_weight (param.main_grad.dtype=torch.float32)
 0: 	module.decoder.layers.1.self_attention.linear_proj.weigh
 0: t (param.main_grad.dtype=torch.float32)
 0: 	module.decoder.layers.0.mlp.linear_fc2.weight (param.main_grad.dtype=torch.float32)
 0: 	module.decoder.layers.0.mlp.linear_fc1.weight (param.main_grad.dtype=torch.float32)
 0: Params for bucket 17 (277352448 elements, 277352448 padded size, 0 param(s) with extra main_grads):
 0: 	module.decoder.layers.0.mlp.linear_fc1.layer_norm_weight (param.main_grad.dtype=torch.float32)
 0: 	module.decoder.layers.0.self_attention.linear_qkv.weight (param.main_grad.dtype=torch.float32)
 0: 	module.decoder.layers.0.self_attention.linear_qkv.layer_norm_weight (param.main_grad.dtype=torch.float32)
 0: 	module.decoder.layers.0.self_attention.linear_proj.weight (param.main_grad.dtype=torch.float32)
 0: 	module.embedding.word_embeddings.weight (param.main_grad.dtype=torch.float32)
 0: INFO:megatron.core.distributed.param_and_grad_buffer:Using reduce-scatter for gradient reductions because self.ddp_config.use_distributed_optimizer=True
 0: INFO:megatron.core.distributed.param_and_grad_buffer:Using reduce-scatter for gradient reductions because self.ddp_config.use_distributed_optimizer=True
 0: INFO:megatron.core.distributed.param_and_grad_buffer:Using reduce-scatter for gradient reductions because self.ddp_config.use_distributed_optimizer=True
 0: INFO:megatron.core.distributed.param_and_grad_buffer:Using reduce-scatter for gradient reductions because self.ddp_config.use_distributed_optimizer=True
 0: INFO:megatron.core.distributed.param_and_grad_buffer:Using reduce-scatter for gradient reductions because self.ddp_config.use_distributed_optimizer=True
 0: INFO:megatron.core.distributed.param_and_grad_buffer:Using reduce-scatter for gradient reductions because self.ddp_config.use_distributed_optimizer=True
 0: INFO:megatron.core.distributed.param_and_grad_buffer:Using reduce-scatter for gradient reductions because self.ddp_config.use_distributed_optimizer=True
 0: INFO:megatron.core.distributed.param_and_grad_buffer:Using reduce-scatter for gradient reductions because self.ddp_config.use_distributed_optimizer=True
 0: INFO:megatron.core.distributed.param_and_grad_buffer:Using reduce-scatter for gradient reductions because self.ddp_config.use_distributed_optimizer=True
 0: INFO:megatron.core.distributed.param_and_grad_buffer:Using reduce-scatter for gradient reductions because self.ddp_config.use_distributed_optimizer=True
 0: INFO:megatron.core.distributed.param_and_grad_buffer:Using reduce-scatter for gradient reductions because self.ddp_config.use_distributed_optimizer=True
 0: INFO:megatron.core.distributed.param_and_grad_buffer:Using reduce-scatter for gradient reductions because self.ddp_config.use_distributed_optimizer=True
 0: INFO:megatron.core.distributed.param_and_grad_buffer:Using reduce-scatter for gradient reductions because self.ddp_config.use_distributed_optimizer=True
 0: INFO:megatron.core.distributed.param_and_grad_buffer:Using reduce-scatter for gradient reductions because self.ddp_config.use_distributed_optimizer=True
 0: INFO:megatron.core.distributed.param_and_grad_buffer:Using reduce-scatter for gradient reductions because self.ddp_config.use_distributed_optimizer=True
 0: INFO:megatron.core.distributed.param_and_grad_buffer:Using reduce-scatter for gradient reductions because self.ddp_config.use_distributed_optimizer=True
 0: INFO:megatron.core.distributed.param_and_grad_buffer:Using reduce-scatter for gradient reductions because self.ddp_config.use_distributed_optimizer=True
 0: INFO:megatron.core.optimizer:Setting up optimizer with config OptimizerConfig(lr=0.0004, min_lr=4e-05, decoupled_lr=None, decoupled_min_lr=None, weight_decay=0.1, apply_wd_to_qk_layernorm=False, fp8_recipe='delayed', fp16=False, bf16=True, reuse_grad_buf_for_mxfp8_param_ag=False, params_dtype=torch.bfloat16, use_precision_aware_optimizer=False, store_param_remainders=True, main_grads_dtype=torch.float32, main_params_dtype=torch.float32, exp_avg_dtype=torch.float32, exp_avg_sq_dtype=torch.float32, optimizer='adam', loss_scale=None, initial_loss_scale=4294967296, min_loss_scale=1.0, loss_scale_window=1000, hysteresis=2, adam_beta1=0.9, adam_beta2=0.95, adam_eps=1e-08, decoupled_weight_decay=True, sgd_momentum=0.9, muon_momentum=0.9, muon_split_qkv=True, muon_nesterov=False, muon_scale_mode='spectral', muon_fp32_matmul_prec='medium', muon_coefficient_type='quintic', muon_num_ns_steps=5, muon_tp_mode='blockwise', muon_extra_scale_factor=1.0, muon_scalar_optimizer='adam', lion_beta1=0.95, lion_beta2=0.98, soap_sha
 0: mpoo_beta=0.95, soap_precondition_frequency=1, soap_use_kl_shampoo=True, adaptive_muon_moment2_method='adamuon', adaptive_muon_beta2=0.95, adaptive_muon_eps=1e-08, use_distributed_optimizer=True, use_layer_wise_distributed_optimizer=False, overlap_param_gather=True, overlap_param_gather_with_optimizer_step=False, optimizer_cpu_offload=False, optimizer_offload_fraction=1.0, use_torch_optimizer_for_cpu_offload=False, overlap_cpu_optimizer_d2h_h2d=False, pin_cpu_grads=True, pin_cpu_params=True, clip_grad=1.0, grad_norm_skip_threshold=inf, log_num_zeros_in_grad=False, barrier_with_L1_time=True, timers=<megatron.core.timers.Timers object at 0x4003dcd22840>, config_logger_dir='', optimizer_cuda_graph=False)
 0: INFO:megatron.core.distributed.param_and_grad_buffer:Using reduce-scatter for gradient reductions because self.ddp_config.use_distributed_optimizer=True
 0: INFO:megatron.core.distributed.param_and_grad_buffer:Using reduce-scatter for gradient reductions because self.ddp_config.use_distributed_optimizer=True
 0: INFO:megatron.core.distributed.param_and_grad_buffer:Using reduce-scatter for gradient reductions because self.ddp_config.use_distributed_optimizer=True
 0: INFO:megatron.core.distributed.param_and_grad_buffer:Using reduce-scatter for gradient reductions because self.ddp_config.use_distributed_optimizer=True
 0: INFO:megatron.core.distributed.param_and_grad_buffer:Using reduce-scatter for gradient reductions because self.ddp_config.use_distributed_optimizer=True
 0: INFO:megatron.core.distributed.param_and_grad_buffer:Using reduce-scatter for gradient reductions because self.ddp_config.use_distributed_optimizer=True
 0: INFO:megatron.core.distributed.param_and_grad_buffer:Using reduce-scatter for gradient reductions because self.ddp_config.use_distributed_optimizer=True
 0: INFO:megatron.core.distributed.param_and_grad_buffer:Using reduce-scatter for gradient reductions because self.ddp_config.use_distributed_optimizer=True
 0: INFO:megatron.core.distributed.param_and_grad_buffer:Using reduce-scatter for gradient reductions because self.ddp_config.use_distributed_optimizer=True
 0: INFO:megatron.core.distributed.param_and_grad_buffer:Using reduce-scatter for gradient reductions because self.ddp_config.use_distributed_optimizer=True
 0: INFO:megatron.core.distributed.param_and_grad_buffer:Using reduce-scatter for gradient reductions because self.ddp_config.use_distributed_optimizer=True
 0: INFO:megatron.core.distributed.param_and_grad_buffer:Using reduce-scatter for gradient reductions because self.ddp_config.use_distributed_optimizer=True
 0: INFO:megatron.core.distributed.param_and_grad_buffer:Using reduce-scatter for gradient reductions because self.ddp_config.use_distributed_optimizer=True
 0: INFO:megatron.core.distributed.param_and_grad_buffer:Using reduce-scatter for gradient reductions because self.ddp_config.use_distributed_optimizer=True
 0: INFO:megatron.core.distributed.param_and_grad_buffer:Using reduce-scatter for gradient reductions because self.ddp_config.use_distributed_optimizer=True
 0: INFO:megatron.core.distributed.param_and_grad_buffer:Using reduce-scatter for gradient reductions because self.ddp_config.use_distributed_optimizer=True
 0: INFO:megatron.core.distributed.param_and_grad_buffer:Using reduce-scatter for gradient reductions because self.ddp_config.use_distributed_optimizer=True
 0: INFO:megatron.core.optimizer_param_scheduler:> learning rate decay style: cosine
 0: WARNING: could not find the metadata file /iopsstor/scratch/cscs/elyulina/Megatron-LM-Attention-Benchmark/attn_bench/results/pretrain/fineweb-40B_gutenberg-3B/test-llama3-1b-gated-attn-scf1-fineweb40B-gutenberg3B/checkpoints/latest_checkpointed_iteration.txt
 0:     will not load any checkpoints and will start from random
31: INFO:megatron.core.timers:(min, max) time across ranks (ms):
31:     load-checkpoint ................................: (0.36, 0.42)
 0: [after model, optimizer, and learning rate scheduler are built] datetime: 2026-08-18 03:14:45.033273 
 0: > building train, validation, and test datasets ...
 0:  > datasets target sizes (minimum size):
 0:     train:      5224608
 0:     validation: 0
 0:     test:       0
 0: INFO:megatron.core.datasets.blended_megatron_dataset_config:Let split_matrix = [(0, 1.0), None, None]
 0: > building train, validation, and test datasets for GPT ...
 0: INFO:megatron.core.datasets.blended_megatron_dataset_builder:Building GPTDataset splits with sizes=(5224608, 0, 0) and config=GPTDatasetConfig(random_seed=28, sequence_length=8192, blend=(['/iopsstor/scratch/cscs/elyulina/datasets/tokenized/fineweb-edu-dedup-160B-datatrove_0.25/dump_0/00000_tokens', '/iopsstor/scratch/cscs/elyulina/datasets/tokenized/fineweb-edu-dedup-160B-datatrove_0.25/dump_0/00001_tokens', '/iopsstor/scratch/cscs/elyulina/datasets/tokenized/fineweb-edu-dedup-160B-datatrove_0.25/dump_0/00002_tokens', '/iopsstor/scratch/cscs/elyulina/datasets/tokenized/fineweb-edu-dedup-160B-datatrove_0.25/dump_0/00003_tokens', '/iopsstor/scratch/cscs/elyulina/datasets/tokenized/fineweb-edu-dedup-160B-datatrove_0.25/dump_0/00004_tokens', '/iopsstor/scratch/cscs/elyulina/datasets/tokenized/fineweb-edu-dedup-160B-datatrove_0.25/dump_0/00005_tokens', '/iopsstor/scratch/cscs/elyulina/datasets/tokenized/fineweb-edu-dedup-160B-datatrove_0.25/dump_0/00006_tokens', '/iopsstor/scratch/cscs/elyulina/datasets/tokenized
 0: /fineweb-edu-dedup-160B-datatrove_0.25/dump_0/00007_tokens', '/iopsstor/scratch/cscs/elyulina/datasets/tokenized/fineweb-edu-dedup-160B-datatrove_0.25/dump_0/00008_tokens', '/iopsstor/scratch/cscs/elyulina/datasets/tokenized/fineweb-edu-dedup-160B-datatrove_0.25/dump_0/00009_tokens', '/iopsstor/scratch/cscs/elyulina/datasets/tokenized/fineweb-edu-dedup-160B-datatrove_0.25/dump_0/00010_tokens', '/iopsstor/scratch/cscs/elyulina/datasets/tokenized/fineweb-edu-dedup-160B-datatrove_0.25/dump_0/00011_tokens', '/iopsstor/scratch/cscs/elyulina/datasets/tokenized/fineweb-edu-dedup-160B-datatrove_0.25/dump_0/00012_tokens', '/iopsstor/scratch/cscs/elyulina/datasets/tokenized/fineweb-edu-dedup-160B-datatrove_0.25/dump_0/00013_tokens', '/iopsstor/scratch/cscs/elyulina/datasets/tokenized/fineweb-edu-dedup-160B-datatrove_0.25/dump_0/00014_tokens', '/iopsstor/scratch/cscs/elyulina/datasets/tokenized/fineweb-edu-dedup-160B-datatrove_0.25/dump_0/00015_tokens', '/iopsstor/scratch/cscs/elyulina/datasets/tokenized/fineweb-edu-ded
 0: up-160B-datatrove_0.25/dump_0/00016_tokens', '/iopsstor/scratch/cscs/elyulina/datasets/tokenized/fineweb-edu-dedup-160B-datatrove_0.25/dump_0/00017_tokens', '/iopsstor/scratch/cscs/elyulina/datasets/tokenized/fineweb-edu-dedup-160B-datatrove_0.25/dump_0/00018_tokens', '/iopsstor/scratch/cscs/elyulina/datasets/tokenized/fineweb-edu-dedup-160B-datatrove_0.25/dump_0/00019_tokens', '/iopsstor/scratch/cscs/elyulina/datasets/tokenized/fineweb-edu-dedup-160B-datatrove_0.25/dump_1/00000_tokens', '/iopsstor/scratch/cscs/elyulina/datasets/tokenized/fineweb-edu-dedup-160B-datatrove_0.25/dump_1/00001_tokens', '/iopsstor/scratch/cscs/elyulina/datasets/tokenized/fineweb-edu-dedup-160B-datatrove_0.25/dump_1/00002_tokens', '/iopsstor/scratch/cscs/elyulina/datasets/tokenized/fineweb-edu-dedup-160B-datatrove_0.25/dump_1/00003_tokens', '/iopsstor/scratch/cscs/elyulina/datasets/tokenized/fineweb-edu-dedup-160B-datatrove_0.25/dump_1/00004_tokens', '/iopsstor/scratch/cscs/elyulina/datasets/tokenized/fineweb-edu-dedup-160B-datatrov
 0: e_0.25/dump_1/00005_tokens', '/iopsstor/scratch/cscs/elyulina/datasets/tokenized/fineweb-edu-dedup-160B-datatrove_0.25/dump_1/00006_tokens', '/iopsstor/scratch/cscs/elyulina/datasets/tokenized/fineweb-edu-dedup-160B-datatrove_0.25/dump_1/00007_tokens', '/iopsstor/scratch/cscs/elyulina/datasets/tokenized/fineweb-edu-dedup-160B-datatrove_0.25/dump_1/00008_tokens', '/iopsstor/scratch/cscs/elyulina/datasets/tokenized/fineweb-edu-dedup-160B-datatrove_0.25/dump_1/00009_tokens', '/iopsstor/scratch/cscs/elyulina/datasets/tokenized/fineweb-edu-dedup-160B-datatrove_0.25/dump_1/00010_tokens', '/iopsstor/scratch/cscs/elyulina/datasets/tokenized/fineweb-edu-dedup-160B-datatrove_0.25/dump_1/00011_tokens', '/iopsstor/scratch/cscs/elyulina/datasets/tokenized/fineweb-edu-dedup-160B-datatrove_0.25/dump_1/00012_tokens', '/iopsstor/scratch/cscs/elyulina/datasets/tokenized/fineweb-edu-dedup-160B-datatrove_0.25/dump_1/00013_tokens', '/iopsstor/scratch/cscs/elyulina/datasets/tokenized/fineweb-edu-dedup-160B-datatrove_0.25/dump_1/0
 0: 0014_tokens', '/iopsstor/scratch/cscs/elyulina/datasets/tokenized/fineweb-edu-dedup-160B-datatrove_0.25/dump_1/00015_tokens', '/iopsstor/scratch/cscs/elyulina/datasets/tokenized/fineweb-edu-dedup-160B-datatrove_0.25/dump_1/00016_tokens', '/iopsstor/scratch/cscs/elyulina/datasets/tokenized/fineweb-edu-dedup-160B-datatrove_0.25/dump_1/00017_tokens', '/iopsstor/scratch/cscs/elyulina/datasets/tokenized/fineweb-edu-dedup-160B-datatrove_0.25/dump_1/00018_tokens', '/iopsstor/scratch/cscs/elyulina/datasets/tokenized/fineweb-edu-dedup-160B-datatrove_0.25/dump_1/00019_tokens', '/iopsstor/scratch/cscs/elyulina/datasets/tokenized/gutenberg_rep_1_256/rep_128_tokens', '/iopsstor/scratch/cscs/elyulina/datasets/tokenized/gutenberg_rep_1_256/rep_16_tokens', '/iopsstor/scratch/cscs/elyulina/datasets/tokenized/gutenberg_rep_1_256/rep_1_tokens', '/iopsstor/scratch/cscs/elyulina/datasets/tokenized/gutenberg_rep_1_256/rep_256_tokens', '/iopsstor/scratch/cscs/elyulina/datasets/tokenized/gutenberg_rep_1_256/rep_2_tokens', '/iopsstor
 0: /scratch/cscs/elyulina/datasets/tokenized/gutenberg_rep_1_256/rep_32_tokens', '/iopsstor/scratch/cscs/elyulina/datasets/tokenized/gutenberg_rep_1_256/rep_4_tokens', '/iopsstor/scratch/cscs/elyulina/datasets/tokenized/gutenberg_rep_1_256/rep_64_tokens', '/iopsstor/scratch/cscs/elyulina/datasets/tokenized/gutenberg_rep_1_256/rep_8_tokens'], None), blend_per_split=None, multiple_validation_sets=False, full_validation=False, split='100,0,0', split_matrix=[(0, 1.0), None, None], num_dataset_builder_threads=4, path_to_cache='/iopsstor/scratch/cscs/elyulina/datasets/cache', mmap_bin_files=True, mock=False, tokenizer=<megatron.core.tokenizers.text.models.default_tokenizer.DefaultTokenizerText object at 0x40086bebaba0>, mid_level_dataset_surplus=0.005, allow_ambiguous_pad_tokens=False, fast_cache_load=False, defer_npy_index_mmap=False, reset_position_ids=True, reset_attention_mask=False, eod_mask_loss=True, goldfish_loss=False, goldfish_k=50, goldfish_h=50, create_attention_mask=False, drop_last_partial_validation_seq
 0: uence=True, add_extra_token_to_sequence=True, object_storage_cache_path=None, data_parallel_size=32, sequence_parallel_size=0, hybrid_context_parallel=False, sequences_per_dataset=None, token_dtype_code=4, context_parallel_size=1)
 0: INFO:megatron.core.datasets.indexed_dataset:Load the _IndexReader from /iopsstor/scratch/cscs/elyulina/datasets/tokenized/fineweb-edu-dedup-160B-datatrove_0.25/dump_0/00003_tokens.idx
 0: INFO:megatron.core.datasets.indexed_dataset:Load the _IndexReader from /iopsstor/scratch/cscs/elyulina/datasets/tokenized/fineweb-edu-dedup-160B-datatrove_0.25/dump_0/00001_tokens.idx
 0: INFO:megatron.core.datasets.indexed_dataset:Load the _IndexReader from /iopsstor/scratch/cscs/elyulina/datasets/tokenized/fineweb-edu-dedup-160B-datatrove_0.25/dump_0/00002_tokens.idx
 0: INFO:megatron.core.datasets.indexed_dataset:Load the _IndexReader from /iopsstor/scratch/cscs/elyulina/datasets/tokenized/fineweb-edu-dedup-160B-datatrove_0.25/dump_0/00000_tokens.idx
 0: INFO:megatron.core.datasets.indexed_dataset:Load the _IndexReader from /iopsstor/scratch/cscs/elyulina/datasets/tokenized/fineweb-edu-dedup-160B-datatrove_0.25/dump_0/00004_tokens.idx
 0: INFO:megatron.core.datasets.indexed_dataset:Load the _IndexReader from /iopsstor/scratch/cscs/elyulina/datasets/tokenized/fineweb-edu-dedup-160B-datatrove_0.25/dump_0/00005_tokens.idx
 0: INFO:megatron.core.datasets.indexed_dataset:Load the _IndexReader from /iopsstor/scratch/cscs/elyulina/datasets/tokenized/fineweb-edu-dedup-160B-datatrove_0.25/dump_0/00006_tokens.idx
 0: INFO:megatron.core.datasets.indexed_dataset:	Extract the sequence lengths
 0: INFO:megatron.core.datasets.indexed_dataset:	Extract the sequence lengths
 0: INFO:megatron.core.datasets.indexed_dataset:	Extract the sequence pointers
 0: INFO:megatron.core.datasets.indexed_dataset:	Extract the sequence pointers
 0: INFO:megatron.core.datasets.indexed_dataset:	Extract the sequence lengths
 0: INFO:megatron.core.datasets.indexed_dataset:	Extract the document indices
 0: INFO:megatron.core.datasets.indexed_dataset:	Extract the sequence lengths
 0: INFO:megatron.core.datasets.indexed_dataset:Load the _IndexReader from /iopsstor/scratch/cscs/elyulina/datasets/tokenized/fineweb-edu-dedup-160B-datatrove_0.25/dump_0/00007_tokens.idx
 0: INFO:megatron.core.datasets.indexed_dataset:	Extract the document indices
 0: INFO:megatron.core.datasets.indexed_dataset:	Extract the sequence lengths
 0: INFO:megatron.core.datasets.indexed_dataset:	Extract the sequence lengths
 0: INFO:megatron.core.datasets.indexed_dataset:	Extract the sequence pointers
 0: INFO:megatron.core.datasets.indexed_dataset:> total number of sequences: 1002500
 0: INFO:megatron.core.datasets.indexed_dataset:	Extract the sequence lengths
 0: INFO:megatron.core.datasets.indexed_dataset:	Extract the sequence pointers
 0: INFO:megatron.core.datasets.indexed_dataset:> total number of sequences: 1000000
 0: INFO:megatron.core.datasets.indexed_dataset:	Extract the sequence pointers
 0: INFO:megatron.core.datasets.indexed_dataset:	Extract the sequence pointers
 0: INFO:megatron.core.datasets.indexed_dataset:	Extract the document indices
 0: INFO:megatron.core.datasets.indexed_dataset:> total number of documents: 1002500
 0: INFO:megatron.core.datasets.indexed_dataset:	Extract the sequence pointers
 0: INFO:megatron.core.datasets.indexed_dataset:	Extract the document indices
 0: INFO:megatron.core.datasets.indexed_dataset:> total number of documents: 1000000
 0: INFO:megatron.core.datasets.indexed_dataset:	Extract the document indices
 0: INFO:megatron.core.datasets.indexed_dataset:	Extract the document indices
 0: INFO:megatron.core.datasets.indexed_dataset:> total number of sequences: 997500
 0: INFO:megatron.core.datasets.indexed_dataset:	Extract the document indices
 0: INFO:megatron.core.datasets.indexed_dataset:> total number of sequences: 1002500
 0: INFO:megatron.core.datasets.indexed_dataset:> total number of sequences: 1002500
 0: INFO:megatron.core.datasets.indexed_dataset:	Extract the sequence lengths
 0: INFO:megatron.core.datasets.indexed_dataset:> total number of sequences: 1002500
 0: INFO:megatron.core.datasets.indexed_dataset:> total number of documents: 997500
 0: INFO:megatron.core.datasets.indexed_dataset:> total number of sequences: 1005000
 0: INFO:megatron.core.datasets.indexed_dataset:> total number of documents: 1002500
 0: INFO:megatron.core.datasets.gpt_dataset:Load the GPTDataset train indices
 0: INFO:megatron.core.datasets.gpt_dataset:Load the GPTDataset train indices
 0: INFO:megatron.core.datasets.indexed_dataset:> total number of documents: 1002500
 0: INFO:megatron.core.datasets.indexed_dataset:	Extract the sequence pointers
 0: INFO:megatron.core.datasets.indexed_dataset:> total number of documents: 1002500
 0: INFO:megatron.core.datasets.indexed_dataset:> total number of documents: 1005000
 0: INFO:megatron.core.datasets.gpt_dataset:	Load the document index from 915ab8cb604230d8bc15cddca19e1457-GPTDataset-train-document_index.npy
 0: INFO:megatron.core.datasets.gpt_dataset:	Load the document index from 7b6dbcc6999e41911d7ce0edcf079327-GPTDataset-train-document_index.npy
 0: INFO:megatron.core.datasets.indexed_dataset:	Extract the document indices
 0: INFO:megatron.core.datasets.gpt_dataset:Load the GPTDataset train indices
 0: INFO:megatron.core.datasets.gpt_dataset:Load the GPTDataset train indices
 0: INFO:megatron.core.datasets.indexed_dataset:> total number of sequences: 1010000
 0: INFO:megatron.core.datasets.gpt_dataset:Load the GPTDataset train indices
 0: INFO:megatron.core.datasets.gpt_dataset:Load the GPTDataset train indices
 0: INFO:megatron.core.datasets.gpt_dataset:	Load the document index from e7945d55d0b14a6a819aa0bce0cfad0c-GPTDataset-train-document_index.npy
 0: INFO:megatron.core.datasets.gpt_dataset:	Load the document index from 76a3d6e7f425bf0d39a34fb92363d71d-GPTDataset-train-document_index.npy
 0: INFO:megatron.core.datasets.gpt_dataset:Load the GPTDataset train indices
 0: INFO:megatron.core.datasets.indexed_dataset:> total number of documents: 1010000
 0: INFO:megatron.core.datasets.gpt_dataset:	Load the document index from 3f9ec5520022eaa9466eb0b7f77e0ce5-GPTDataset-train-document_index.npy
 0: INFO:megatron.core.datasets.gpt_dataset:	Load the document index from a89b65e4ea2ab7159ebb561c653eb63a-GPTDataset-train-document_index.npy
 0: INFO:megatron.core.datasets.gpt_dataset:	Load the document index from 1b2bacb7c3ee2d5b588491a79d675e68-GPTDataset-train-document_index.npy
 0: INFO:megatron.core.datasets.gpt_dataset:Load the GPTDataset train indices
 0: INFO:megatron.core.datasets.gpt_dataset:	Load the document index from d866b8c3eaca0d0bfb7d3ff24522f41e-GPTDataset-train-document_index.npy
 0: INFO:megatron.core.datasets.gpt_dataset:	Load the sample index from 915ab8cb604230d8bc15cddca19e1457-GPTDataset-train-sample_index.npy
 0: INFO:megatron.core.datasets.gpt_dataset:	Load the sample index from 7b6dbcc6999e41911d7ce0edcf079327-GPTDataset-train-sample_index.npy
 0: INFO:megatron.core.datasets.gpt_dataset:	Load the sample index from e7945d55d0b14a6a819aa0bce0cfad0c-GPTDataset-train-sample_index.npy
 0: INFO:megatron.core.datasets.gpt_dataset:	Load the sample index from 3f9ec5520022eaa9466eb0b7f77e0ce5-GPTDataset-train-sample_index.npy
 0: INFO:megatron.core.datasets.gpt_dataset:	Load the sample index from 76a3d6e7f425bf0d39a34fb92363d71d-GPTDataset-train-sample_index.npy
 0: INFO:megatron.core.datasets.gpt_dataset:	Load the sample index from a89b65e4ea2ab7159ebb561c653eb63a-GPTDataset-train-sample_index.npy
 0: INFO:megatron.core.datasets.gpt_dataset:	Load the sample index from d866b8c3eaca0d0bfb7d3ff24522f41e-GPTDataset-train-sample_index.npy
 0: INFO:megatron.core.datasets.gpt_dataset:	Load the sample index from 1b2bacb7c3ee2d5b588491a79d675e68-GPTDataset-train-sample_index.npy
 0: INFO:megatron.core.datasets.gpt_dataset:	Load the shuffle index from 915ab8cb604230d8bc15cddca19e1457-GPTDataset-train-shuffle_index.npy
 0: INFO:megatron.core.datasets.gpt_dataset:	Load the shuffle index from 7b6dbcc6999e41911d7ce0edcf079327-GPTDataset-train-shuffle_index.npy
 0: INFO:megatron.core.datasets.gpt_dataset:	Load the shuffle index from e7945d55d0b14a6a819aa0bce0cfad0c-GPTDataset-train-shuffle_index.npy
 0: INFO:megatron.core.datasets.gpt_dataset:	Load the shuffle index from 76a3d6e7f425bf0d39a34fb92363d71d-GPTDataset-train-shuffle_index.npy
 0: INFO:megatron.core.datasets.gpt_dataset:	Load the shuffle index from 3f9ec5520022eaa9466eb0b7f77e0ce5-GPTDataset-train-shuffle_index.npy
 0: INFO:megatron.core.datasets.gpt_dataset:	Load the shuffle index from d866b8c3eaca0d0bfb7d3ff24522f41e-GPTDataset-train-shuffle_index.npy
 0: INFO:megatron.core.datasets.gpt_dataset:	Load the shuffle index from 1b2bacb7c3ee2d5b588491a79d675e68-GPTDataset-train-shuffle_index.npy
 0: INFO:megatron.core.datasets.gpt_dataset:	Load the shuffle index from a89b65e4ea2ab7159ebb561c653eb63a-GPTDataset-train-shuffle_index.npy
 0: INFO:megatron.core.datasets.gpt_dataset:> total number of samples: 122216
 0: INFO:megatron.core.datasets.gpt_dataset:> total number of samples: 122172
 0: INFO:megatron.core.datasets.gpt_dataset:> total number of samples: 122129
 0: INFO:megatron.core.datasets.gpt_dataset:> total number of samples: 121738
 0: INFO:megatron.core.datasets.indexed_dataset:Load the _IndexReader from /iopsstor/scratch/cscs/elyulina/datasets/tokenized/fineweb-edu-dedup-160B-datatrove_0.25/dump_0/00008_tokens.idx
 0: INFO:megatron.core.datasets.gpt_dataset:> total number of samples: 121997
 0: INFO:megatron.core.datasets.indexed_dataset:Load the _IndexReader from /iopsstor/scratch/cscs/elyulina/datasets/tokenized/fineweb-edu-dedup-160B-datatrove_0.25/dump_0/00009_tokens.idx
 0: INFO:megatron.core.datasets.gpt_dataset:> total number of samples: 122105
 0: INFO:megatron.core.datasets.gpt_dataset:> total number of samples: 122293
 0: INFO:megatron.core.datasets.indexed_dataset:Load the _IndexReader from /iopsstor/scratch/cscs/elyulina/datasets/tokenized/fineweb-edu-dedup-160B-datatrove_0.25/dump_0/00010_tokens.idx
 0: INFO:megatron.core.datasets.gpt_dataset:> total number of samples: 122144
 0: INFO:megatron.core.datasets.indexed_dataset:Load the _IndexReader from /iopsstor/scratch/cscs/elyulina/datasets/tokenized/fineweb-edu-dedup-160B-datatrove_0.25/dump_0/00011_tokens.idx
 0: INFO:megatron.core.datasets.indexed_dataset:	Extract the sequence lengths
 0: INFO:megatron.core.datasets.indexed_dataset:	Extract the sequence pointers
 0: INFO:megatron.core.datasets.indexed_dataset:	Extract the sequence lengths
 0: INFO:megatron.core.datasets.indexed_dataset:Load the _IndexReader from /iopsstor/scratch/cscs/elyulina/datasets/tokenized/fineweb-edu-dedup-160B-datatrove_0.25/dump_0/00012_tokens.idx
 0: INFO:megatron.core.datasets.indexed_dataset:	Extract the document indices
 0: INFO:megatron.core.datasets.indexed_dataset:Load the _IndexReader from /iopsstor/scratch/cscs/elyulina/datasets/tokenized/fineweb-edu-dedup-160B-datatrove_0.25/dump_0/00014_tokens.idx
 0: INFO:megatron.core.datasets.indexed_dataset:	Extract the sequence pointers
 0: INFO:megatron.core.datasets.indexed_dataset:> total number of sequences: 1007500
 0: INFO:megatron.core.datasets.indexed_dataset:Load the _IndexReader from /iopsstor/scratch/cscs/elyulina/datasets/tokenized/fineweb-edu-dedup-160B-datatrove_0.25/dump_0/00015_tokens.idx
 0: INFO:megatron.core.datasets.indexed_dataset:Load the _IndexReader from /iopsstor/scratch/cscs/elyulina/datasets/tokenized/fineweb-edu-dedup-160B-datatrove_0.25/dump_0/00013_tokens.idx
 0: INFO:megatron.core.datasets.indexed_dataset:	Extract the sequence lengths
 0: INFO:megatron.core.datasets.indexed_dataset:	Extract the document indices
 0: INFO:megatron.core.datasets.indexed_dataset:	Extract the sequence lengths
 0: INFO:megatron.core.datasets.indexed_dataset:> total number of documents: 1007500
 0: INFO:megatron.core.datasets.indexed_dataset:	Extract the sequence pointers
 0: INFO:megatron.core.datasets.indexed_dataset:> total number of sequences: 1010000
 0: INFO:megatron.core.datasets.indexed_dataset:	Extract the sequence pointers
 0: INFO:megatron.core.datasets.indexed_dataset:	Extract the document indices
 0: INFO:megatron.core.datasets.indexed_dataset:> total number of documents: 1010000
 0: INFO:megatron.core.datasets.indexed_dataset:	Extract the sequence lengths
 0: INFO:megatron.core.datasets.indexed_dataset:	Extract the sequence lengths
 0: INFO:megatron.core.datasets.indexed_dataset:	Extract the document indices
 0: INFO:megatron.core.datasets.indexed_dataset:> total number of sequences: 1010000
 0: INFO:megatron.core.datasets.indexed_dataset:	Extract the sequence lengths
 0: INFO:megatron.core.datasets.gpt_dataset:Load the GPTDataset train indices
 0: INFO:megatron.core.datasets.indexed_dataset:	Extract the sequence lengths
 0: INFO:megatron.core.datasets.indexed_dataset:	Extract the sequence pointers
 0: INFO:megatron.core.datasets.indexed_dataset:	Extract the sequence pointers
 0: INFO:megatron.core.datasets.indexed_dataset:> total number of sequences: 1010000
 0: INFO:megatron.core.datasets.indexed_dataset:> total number of documents: 1010000
 0: INFO:megatron.core.datasets.indexed_dataset:	Extract the sequence pointers
 0: INFO:megatron.core.datasets.gpt_dataset:	Load the document index from 1e478b4a7f08c8a1ecacd7bdf434f16b-GPTDataset-train-document_index.npy
 0: INFO:megatron.core.datasets.indexed_dataset:	Extract the sequence pointers
 0: INFO:megatron.core.datasets.indexed_dataset:	Extract the document indices
 0: INFO:megatron.core.datasets.indexed_dataset:	Extract the document indices
 0: INFO:megatron.core.datasets.gpt_dataset:Load the GPTDataset train indices
 0: INFO:megatron.core.datasets.indexed_dataset:> total number of documents: 1010000
 0: INFO:megatron.core.datasets.indexed_dataset:	Extract the document indices
 0: INFO:megatron.core.datasets.indexed_dataset:	Extract the document indices
 0: INFO:megatron.core.datasets.indexed_dataset:> total number of sequences: 1010000
 0: INFO:megatron.core.datasets.indexed_dataset:> total number of sequences: 1012500
 0: INFO:megatron.core.datasets.gpt_dataset:	Load the document index from b5e5c92190160c5a513ee59f974bb32c-GPTDataset-train-document_index.npy
 0: INFO:megatron.core.datasets.indexed_dataset:> total number of sequences: 1012500
 0: INFO:megatron.core.datasets.indexed_dataset:> total number of sequences: 1010000
 0: INFO:megatron.core.datasets.indexed_dataset:> total number of documents: 1010000
 0: INFO:megatron.core.datasets.gpt_dataset:Load the GPTDataset train indices
 0: INFO:megatron.core.datasets.indexed_dataset:> total number of documents: 1012500
 0: INFO:megatron.core.datasets.indexed_dataset:> total number of documents: 1012500
 0: INFO:megatron.core.datasets.indexed_dataset:> total number of documents: 1010000
 0: INFO:megatron.core.datasets.gpt_dataset:	Load the document index from 6bc6a36e8dc0c7c5ed89104fdb06968b-GPTDataset-train-document_index.npy
 0: INFO:megatron.core.datasets.gpt_dataset:Load the GPTDataset train indices
 0: INFO:megatron.core.datasets.gpt_dataset:	Load the document index from 8dc1e9da1109a20cce2fd639ce7375b2-GPTDataset-train-document_index.npy
 0: INFO:megatron.core.datasets.gpt_dataset:Load the GPTDataset train indices
 0: INFO:megatron.core.datasets.gpt_dataset:Load the GPTDataset train indices
 0: INFO:megatron.core.datasets.gpt_dataset:	Load the document index from 4a169cd7053d7d9ae00395c12a927951-GPTDataset-train-document_index.npy
 0: INFO:megatron.core.datasets.gpt_dataset:Load the GPTDataset train indices
 0: INFO:megatron.core.datasets.gpt_dataset:Load the GPTDataset train indices
 0: INFO:megatron.core.datasets.gpt_dataset:	Load the document index from 5029826f57725a5990040c7861075fd4-GPTDataset-train-document_index.npy
 0: INFO:megatron.core.datasets.gpt_dataset:	Load the document index from f4e8cae8a5dfe784104866bf270e7fa5-GPTDataset-train-document_index.npy
 0: INFO:megatron.core.datasets.gpt_dataset:	Load the sample index from 1e478b4a7f08c8a1ecacd7bdf434f16b-GPTDataset-train-sample_index.npy
 0: INFO:megatron.core.datasets.gpt_dataset:	Load the document index from 4ad037125f655af6e80d4d7e94132b78-GPTDataset-train-document_index.npy
 0: INFO:megatron.core.datasets.gpt_dataset:	Load the sample index from b5e5c92190160c5a513ee59f974bb32c-GPTDataset-train-sample_index.npy
 0: INFO:megatron.core.datasets.gpt_dataset:	Load the sample index from 6bc6a36e8dc0c7c5ed89104fdb06968b-GPTDataset-train-sample_index.npy
 0: INFO:megatron.core.datasets.gpt_dataset:	Load the sample index from 8dc1e9da1109a20cce2fd639ce7375b2-GPTDataset-train-sample_index.npy
 0: INFO:megatron.core.datasets.gpt_dataset:	Load the shuffle index from 1e478b4a7f08c8a1ecacd7bdf434f16b-GPTDataset-train-shuffle_index.npy
 0: INFO:megatron.core.datasets.gpt_dataset:	Load the shuffle index from b5e5c92190160c5a513ee59f974bb32c-GPTDataset-train-shuffle_index.npy
 0: INFO:megatron.core.datasets.gpt_dataset:	Load the sample index from f4e8cae8a5dfe784104866bf270e7fa5-GPTDataset-train-sample_index.npy
 0: INFO:megatron.core.datasets.gpt_dataset:	Load the sample index from 4a169cd7053d7d9ae00395c12a927951-GPTDataset-train-sample_index.npy
 0: INFO:megatron.core.datasets.gpt_dataset:	Load the sample index from 5029826f57725a5990040c7861075fd4-GPTDataset-train-sample_index.npy
 0: INFO:megatron.core.datasets.gpt_dataset:	Load the shuffle index from 6bc6a36e8dc0c7c5ed89104fdb06968b-GPTDataset-train-shuffle_index.npy
 0: INFO:megatron.core.datasets.gpt_dataset:	Load the sample index from 4ad037125f655af6e80d4d7e94132b78-GPTDataset-train-sample_index.npy
 0: INFO:megatron.core.datasets.gpt_dataset:	Load the shuffle index from 8dc1e9da1109a20cce2fd639ce7375b2-GPTDataset-train-shuffle_index.npy
 0: INFO:megatron.core.datasets.gpt_dataset:> total number of samples: 122680
 0: INFO:megatron.core.datasets.gpt_dataset:> total number of samples: 122260
 0: INFO:megatron.core.datasets.gpt_dataset:	Load the shuffle index from 4a169cd7053d7d9ae00395c12a927951-GPTDataset-train-shuffle_index.npy
 0: INFO:megatron.core.datasets.indexed_dataset:Load the _IndexReader from /iopsstor/scratch/cscs/elyulina/datasets/tokenized/fineweb-edu-dedup-160B-datatrove_0.25/dump_0/00016_tokens.idx
 0: INFO:megatron.core.datasets.gpt_dataset:	Load the shuffle index from f4e8cae8a5dfe784104866bf270e7fa5-GPTDataset-train-shuffle_index.npy
 0: INFO:megatron.core.datasets.gpt_dataset:	Load the shuffle index from 5029826f57725a5990040c7861075fd4-GPTDataset-train-shuffle_index.npy
 0: INFO:megatron.core.datasets.gpt_dataset:> total number of samples: 122364
 0: INFO:megatron.core.datasets.gpt_dataset:> total number of samples: 122062
 0: INFO:megatron.core.datasets.gpt_dataset:	Load the shuffle index from 4ad037125f655af6e80d4d7e94132b78-GPTDataset-train-shuffle_index.npy
 0: INFO:megatron.core.datasets.indexed_dataset:Load the _IndexReader from /iopsstor/scratch/cscs/elyulina/datasets/tokenized/fineweb-edu-dedup-160B-datatrove_0.25/dump_0/00017_tokens.idx
 0: INFO:megatron.core.datasets.gpt_dataset:> total number of samples: 122013
 0: INFO:megatron.core.datasets.indexed_dataset:	Extract the sequence lengths
 0: INFO:megatron.core.datasets.indexed_dataset:	Extract the sequence pointers
 0: INFO:megatron.core.datasets.indexed_dataset:	Extract the document indices
 0: INFO:megatron.core.datasets.indexed_dataset:> total number of sequences: 1012500
 0: INFO:megatron.core.datasets.indexed_dataset:> total number of documents: 1012500
 0: INFO:megatron.core.datasets.indexed_dataset:Load the _IndexReader from /iopsstor/scratch/cscs/elyulina/datasets/tokenized/fineweb-edu-dedup-160B-datatrove_0.25/dump_0/00018_tokens.idx
 0: INFO:megatron.core.datasets.indexed_dataset:Load the _IndexReader from /iopsstor/scratch/cscs/elyulina/datasets/tokenized/fineweb-edu-dedup-160B-datatrove_0.25/dump_0/00019_tokens.idx
 0: INFO:megatron.core.datasets.gpt_dataset:> total number of samples: 121843
 0: INFO:megatron.core.datasets.indexed_dataset:Load the _IndexReader from /iopsstor/scratch/cscs/elyulina/datasets/tokenized/fineweb-edu-dedup-160B-datatrove_0.25/dump_1/00000_tokens.idx
 0: INFO:megatron.core.datasets.gpt_dataset:Load the GPTDataset train indices
 0: INFO:megatron.core.datasets.gpt_dataset:	Load the document index from 6e7436d075826338db9e86434c7397d7-GPTDataset-train-document_index.npy
 0: INFO:megatron.core.datasets.gpt_dataset:> total number of samples: 122579
 0: INFO:megatron.core.datasets.indexed_dataset:	Extract the sequence lengths
 0: INFO:megatron.core.datasets.indexed_dataset:	Extract the sequence pointers
 0: INFO:megatron.core.datasets.gpt_dataset:> total number of samples: 122106
 0: INFO:megatron.core.datasets.indexed_dataset:	Extract the document indices
 0: INFO:megatron.core.datasets.indexed_dataset:Load the _IndexReader from /iopsstor/scratch/cscs/elyulina/datasets/tokenized/fineweb-edu-dedup-160B-datatrove_0.25/dump_1/00001_tokens.idx
 0: INFO:megatron.core.datasets.indexed_dataset:	Extract the sequence lengths
 0: INFO:megatron.core.datasets.indexed_dataset:	Extract the sequence lengths
 0: INFO:megatron.core.datasets.indexed_dataset:> total number of sequences: 1015000
 0: INFO:megatron.core.datasets.indexed_dataset:	Extract the sequence lengths
 0: INFO:megatron.core.datasets.indexed_dataset:Load the _IndexReader from /iopsstor/scratch/cscs/elyulina/datasets/tokenized/fineweb-edu-dedup-160B-datatrove_0.25/dump_1/00002_tokens.idx
 0: INFO:megatron.core.datasets.indexed_dataset:	Extract the sequence pointers
 0: INFO:megatron.core.datasets.indexed_dataset:	Extract the sequence pointers
 0: INFO:megatron.core.datasets.indexed_dataset:> total number of documents: 1015000
 0: INFO:megatron.core.datasets.indexed_dataset:	Extract the sequence pointers
 0: INFO:megatron.core.datasets.indexed_dataset:Load the _IndexReader from /iopsstor/scratch/cscs/elyulina/datasets/tokenized/fineweb-edu-dedup-160B-datatrove_0.25/dump_1/00003_tokens.idx
 0: INFO:megatron.core.datasets.indexed_dataset:	Extract the document indices
 0: INFO:megatron.core.datasets.indexed_dataset:	Extract the document indices
 0: INFO:megatron.core.datasets.indexed_dataset:	Extract the document indices
 0: INFO:megatron.core.datasets.gpt_dataset:	Load the sample index from 6e7436d075826338db9e86434c7397d7-GPTDataset-train-sample_index.npy
 0: INFO:megatron.core.datasets.indexed_dataset:	Extract the sequence lengths
 0: INFO:megatron.core.datasets.indexed_dataset:> total number of sequences: 1015855
 0: INFO:megatron.core.datasets.indexed_dataset:> total number of sequences: 1015855
 0: INFO:megatron.core.datasets.indexed_dataset:> total number of sequences: 997500
 0: INFO:megatron.core.datasets.gpt_dataset:Load the GPTDataset train indices
 0: INFO:megatron.core.datasets.indexed_dataset:	Extract the sequence lengths
 0: INFO:megatron.core.datasets.indexed_dataset:	Extract the sequence pointers
 0: INFO:megatron.core.datasets.indexed_dataset:> total number of documents: 1015855
 0: INFO:megatron.core.datasets.indexed_dataset:> total number of documents: 1015855
 0: INFO:megatron.core.datasets.indexed_dataset:> total number of documents: 997500
 0: INFO:megatron.core.datasets.gpt_dataset:	Load the document index from 0b8ab6e31f3dc23ff962af4eb4dc24a8-GPTDataset-train-document_index.npy
 0: INFO:megatron.core.datasets.indexed_dataset:	Extract the sequence pointers
 0: INFO:megatron.core.datasets.indexed_dataset:	Extract the sequence lengths
 0: INFO:megatron.core.datasets.indexed_dataset:	Extract the document indices
 0: INFO:megatron.core.datasets.indexed_dataset:	Extract the document indices
 0: INFO:megatron.core.datasets.indexed_dataset:	Extract the sequence pointers
 0: INFO:megatron.core.datasets.indexed_dataset:> total number of sequences: 1000000
 0: INFO:megatron.core.datasets.indexed_dataset:> total number of sequences: 1005000
 0: INFO:megatron.core.datasets.gpt_dataset:	Load the shuffle index from 6e7436d075826338db9e86434c7397d7-GPTDataset-train-shuffle_index.npy
 0: INFO:megatron.core.datasets.indexed_dataset:	Extract the document indices
 0: INFO:megatron.core.datasets.gpt_dataset:Load the GPTDataset train indices
 0: INFO:megatron.core.datasets.gpt_dataset:Load the GPTDataset train indices
 0: INFO:megatron.core.datasets.indexed_dataset:> total number of documents: 1000000
 0: INFO:megatron.core.datasets.gpt_dataset:Load the GPTDataset train indices
 0: INFO:megatron.core.datasets.indexed_dataset:> total number of documents: 1005000
 0: INFO:megatron.core.datasets.indexed_dataset:> total number of sequences: 1002500
 0: INFO:megatron.core.datasets.gpt_dataset:	Load the document index from 471a6a8ef0b5957dbc4bd8d06184dac3-GPTDataset-train-document_index.npy
 0: INFO:megatron.core.datasets.gpt_dataset:	Load the document index from 7c568d8ceb7c4042de30d6a1cedebf13-GPTDataset-train-document_index.npy
 0: INFO:megatron.core.datasets.gpt_dataset:	Load the document index from d5ad77d5d973696152d9031c95d184fe-GPTDataset-train-document_index.npy
 0: INFO:megatron.core.datasets.indexed_dataset:> total number of documents: 1002500
 0: INFO:megatron.core.datasets.gpt_dataset:Load the GPTDataset train indices
 0: INFO:megatron.core.datasets.gpt_dataset:	Load the document index from 0070d6e3617d570c62dd6fa3cd4dd15a-GPTDataset-train-document_index.npy
 0: INFO:megatron.core.datasets.gpt_dataset:Load the GPTDataset train indices
 0: INFO:megatron.core.datasets.gpt_dataset:	Load the document index from 1fe6a2cbc11b2847186842d70fc06215-GPTDataset-train-document_index.npy
 0: INFO:megatron.core.datasets.gpt_dataset:> total number of samples: 122118
 0: INFO:megatron.core.datasets.gpt_dataset:	Load the sample index from 0b8ab6e31f3dc23ff962af4eb4dc24a8-GPTDataset-train-sample_index.npy
 0: INFO:megatron.core.datasets.gpt_dataset:Load the GPTDataset train indices
 0: INFO:megatron.core.datasets.gpt_dataset:	Load the document index from 0a43ff8ae94e9415c3f4aa23a153e6b6-GPTDataset-train-document_index.npy
 0: INFO:megatron.core.datasets.gpt_dataset:	Load the sample index from 471a6a8ef0b5957dbc4bd8d06184dac3-GPTDataset-train-sample_index.npy
 0: INFO:megatron.core.datasets.indexed_dataset:Load the _IndexReader from /iopsstor/scratch/cscs/elyulina/datasets/tokenized/fineweb-edu-dedup-160B-datatrove_0.25/dump_1/00004_tokens.idx
 0: INFO:megatron.core.datasets.gpt_dataset:	Load the sample index from d5ad77d5d973696152d9031c95d184fe-GPTDataset-train-sample_index.npy
 0: INFO:megatron.core.datasets.gpt_dataset:	Load the sample index from 0070d6e3617d570c62dd6fa3cd4dd15a-GPTDataset-train-sample_index.npy
 0: INFO:megatron.core.datasets.gpt_dataset:	Load the shuffle index from 0b8ab6e31f3dc23ff962af4eb4dc24a8-GPTDataset-train-shuffle_index.npy
 0: INFO:megatron.core.datasets.gpt_dataset:	Load the sample index from 7c568d8ceb7c4042de30d6a1cedebf13-GPTDataset-train-sample_index.npy
 0: INFO:megatron.core.datasets.indexed_dataset:	Extract the sequence lengths
 0: INFO:megatron.core.datasets.gpt_dataset:	Load the sample index from 1fe6a2cbc11b2847186842d70fc06215-GPTDataset-train-sample_index.npy
 0: INFO:megatron.core.datasets.indexed_dataset:	Extract the sequence pointers
 0: INFO:megatron.core.datasets.gpt_dataset:	Load the sample index from 0a43ff8ae94e9415c3f4aa23a153e6b6-GPTDataset-train-sample_index.npy
 0: INFO:megatron.core.datasets.indexed_dataset:	Extract the document indices
 0: INFO:megatron.core.datasets.indexed_dataset:> total number of sequences: 1005000
 0: INFO:megatron.core.datasets.gpt_dataset:	Load the shuffle index from 0070d6e3617d570c62dd6fa3cd4dd15a-GPTDataset-train-shuffle_index.npy
 0: INFO:megatron.core.datasets.indexed_dataset:> total number of documents: 1005000
 0: INFO:megatron.core.datasets.gpt_dataset:Load the GPTDataset train indices
 0: INFO:megatron.core.datasets.gpt_dataset:	Load the document index from 7025e238a488d092d8f4deb94ce23d1f-GPTDataset-train-document_index.npy
 0: INFO:megatron.core.datasets.gpt_dataset:> total number of samples: 122187
 0: INFO:megatron.core.datasets.gpt_dataset:	Load the shuffle index from 1fe6a2cbc11b2847186842d70fc06215-GPTDataset-train-shuffle_index.npy
 0: INFO:megatron.core.datasets.gpt_dataset:	Load the shuffle index from 471a6a8ef0b5957dbc4bd8d06184dac3-GPTDataset-train-shuffle_index.npy
 0: INFO:megatron.core.datasets.gpt_dataset:	Load the shuffle index from 0a43ff8ae94e9415c3f4aa23a153e6b6-GPTDataset-train-shuffle_index.npy
 0: INFO:megatron.core.datasets.gpt_dataset:> total number of samples: 122557
 0: INFO:megatron.core.datasets.gpt_dataset:	Load the shuffle index from d5ad77d5d973696152d9031c95d184fe-GPTDataset-train-shuffle_index.npy
 0: INFO:megatron.core.datasets.indexed_dataset:Load the _IndexReader from /iopsstor/scratch/cscs/elyulina/datasets/tokenized/fineweb-edu-dedup-160B-datatrove_0.25/dump_1/00005_tokens.idx
 0: INFO:megatron.core.datasets.gpt_dataset:	Load the shuffle index from 7c568d8ceb7c4042de30d6a1cedebf13-GPTDataset-train-shuffle_index.npy
 0: INFO:megatron.core.datasets.gpt_dataset:> total number of samples: 121969
 0: INFO:megatron.core.datasets.gpt_dataset:> total number of samples: 122035
 0: INFO:megatron.core.datasets.gpt_dataset:> total number of samples: 122028
 0: INFO:megatron.core.datasets.indexed_dataset:Load the _IndexReader from /iopsstor/scratch/cscs/elyulina/datasets/tokenized/fineweb-edu-dedup-160B-datatrove_0.25/dump_1/00006_tokens.idx
 0: INFO:megatron.core.datasets.gpt_dataset:	Load the sample index from 7025e238a488d092d8f4deb94ce23d1f-GPTDataset-train-sample_index.npy
 0: INFO:megatron.core.datasets.indexed_dataset:Load the _IndexReader from /iopsstor/scratch/cscs/elyulina/datasets/tokenized/fineweb-edu-dedup-160B-datatrove_0.25/dump_1/00008_tokens.idx
 0: INFO:megatron.core.datasets.gpt_dataset:> total number of samples: 122229
 0: INFO:megatron.core.datasets.indexed_dataset:Load the _IndexReader from /iopsstor/scratch/cscs/elyulina/datasets/tokenized/fineweb-edu-dedup-160B-datatrove_0.25/dump_1/00007_tokens.idx
 0: INFO:megatron.core.datasets.indexed_dataset:	Extract the sequence lengths
 0: INFO:megatron.core.datasets.indexed_dataset:	Extract the sequence pointers
 0: INFO:megatron.core.datasets.indexed_dataset:	Extract the document indices
 0: INFO:megatron.core.datasets.indexed_dataset:> total number of sequences: 1005000
 0: INFO:megatron.core.datasets.indexed_dataset:Load the _IndexReader from /iopsstor/scratch/cscs/elyulina/datasets/tokenized/fineweb-edu-dedup-160B-datatrove_0.25/dump_1/00009_tokens.idx
 0: INFO:megatron.core.datasets.gpt_dataset:> total number of samples: 121785
 0: INFO:megatron.core.datasets.indexed_dataset:	Extract the sequence lengths
 0: INFO:megatron.core.datasets.indexed_dataset:> total number of documents: 1005000
 0: INFO:megatron.core.datasets.indexed_dataset:Load the _IndexReader from /iopsstor/scratch/cscs/elyulina/datasets/tokenized/fineweb-edu-dedup-160B-datatrove_0.25/dump_1/00010_tokens.idx
 0: INFO:megatron.core.datasets.indexed_dataset:	Extract the sequence pointers
 0: INFO:megatron.core.datasets.indexed_dataset:	Extract the sequence lengths
 0: INFO:megatron.core.datasets.gpt_dataset:	Load the shuffle index from 7025e238a488d092d8f4deb94ce23d1f-GPTDataset-train-shuffle_index.npy
 0: INFO:megatron.core.datasets.indexed_dataset:	Extract the sequence lengths
 0: INFO:megatron.core.datasets.indexed_dataset:	Extract the document indices
 0: INFO:megatron.core.datasets.indexed_dataset:	Extract the sequence pointers
 0: INFO:megatron.core.datasets.indexed_dataset:	Extract the sequence lengths
 0: INFO:megatron.core.datasets.indexed_dataset:	Extract the sequence pointers
 0: INFO:megatron.core.datasets.gpt_dataset:Load the GPTDataset train indices
 0: INFO:megatron.core.datasets.indexed_dataset:Load the _IndexReader from /iopsstor/scratch/cscs/elyulina/datasets/tokenized/fineweb-edu-dedup-160B-datatrove_0.25/dump_1/00011_tokens.idx
 0: INFO:megatron.core.datasets.indexed_dataset:> total number of sequences: 1005000
 0: INFO:megatron.core.datasets.indexed_dataset:	Extract the document indices
 0: INFO:megatron.core.datasets.indexed_dataset:	Extract the sequence lengths
 0: INFO:megatron.core.datasets.indexed_dataset:	Extract the sequence pointers
 0: INFO:megatron.core.datasets.indexed_dataset:	Extract the document indices
 0: INFO:megatron.core.datasets.gpt_dataset:	Load the document index from 7393370efc6f80a3997ee77ee7f10242-GPTDataset-train-document_index.npy
 0: INFO:megatron.core.datasets.indexed_dataset:> total number of documents: 1005000
 0: INFO:megatron.core.datasets.indexed_dataset:> total number of sequences: 1007500
 0: INFO:megatron.core.datasets.indexed_dataset:	Extract the sequence pointers
 0: INFO:megatron.core.datasets.indexed_dataset:	Extract the document indices
 0: INFO:megatron.core.datasets.indexed_dataset:> total number of sequences: 1007500
 0: INFO:megatron.core.datasets.gpt_dataset:> total number of samples: 122626
 0: INFO:megatron.core.datasets.indexed_dataset:> total number of documents: 1007500
 0: INFO:megatron.core.datasets.indexed_dataset:	Extract the document indices
 0: INFO:megatron.core.datasets.indexed_dataset:> total number of sequences: 1010000
 0: INFO:megatron.core.datasets.indexed_dataset:> total number of documents: 1007500
 0: INFO:megatron.core.datasets.indexed_dataset:	Extract the sequence lengths
 0: INFO:megatron.core.datasets.indexed_dataset:> total number of sequences: 1010000
 0: INFO:megatron.core.datasets.indexed_dataset:> total number of documents: 1010000
 0: INFO:megatron.core.datasets.gpt_dataset:Load the GPTDataset train indices
 0: INFO:megatron.core.datasets.indexed_dataset:	Extract the sequence pointers
 0: INFO:megatron.core.datasets.indexed_dataset:> total number of documents: 1010000
 0: INFO:megatron.core.datasets.gpt_dataset:Load the GPTDataset train indices
 0: INFO:megatron.core.datasets.indexed_dataset:Load the _IndexReader from /iopsstor/scratch/cscs/elyulina/datasets/tokenized/fineweb-edu-dedup-160B-datatrove_0.25/dump_1/00012_tokens.idx
 0: INFO:megatron.core.datasets.gpt_dataset:	Load the document index from 9013f58fc2124a83c18aa10d18828db9-GPTDataset-train-document_index.npy
 0: INFO:megatron.core.datasets.gpt_dataset:	Load the sample index from 7393370efc6f80a3997ee77ee7f10242-GPTDataset-train-sample_index.npy
 0: INFO:megatron.core.datasets.indexed_dataset:	Extract the document indices
 0: INFO:megatron.core.datasets.gpt_dataset:Load the GPTDataset train indices
 0: INFO:megatron.core.datasets.gpt_dataset:	Load the document index from d8c9f76e77105b25cb474961139e85bf-GPTDataset-train-document_index.npy
 0: INFO:megatron.core.datasets.gpt_dataset:Load the GPTDataset train indices
 0: INFO:megatron.core.datasets.indexed_dataset:> total number of sequences: 1010000
 0: INFO:megatron.core.datasets.gpt_dataset:	Load the document index from dbaf98bcdab0f47c6d47d5c29af3d384-GPTDataset-train-document_index.npy
 0: INFO:megatron.core.datasets.gpt_dataset:	Load the document index from 6dea74f5d300cad783ac791f835a87a4-GPTDataset-train-document_index.npy
 0: INFO:megatron.core.datasets.indexed_dataset:> total number of documents: 1010000
 0: INFO:megatron.core.datasets.gpt_dataset:Load the GPTDataset train indices
 0: INFO:megatron.core.datasets.indexed_dataset:	Extract the sequence lengths
 0: INFO:megatron.core.datasets.gpt_dataset:	Load the document index from ec880b1266d2fa781596289e07cdd47f-GPTDataset-train-document_index.npy
 0: INFO:megatron.core.datasets.indexed_dataset:	Extract the sequence pointers
 0: INFO:megatron.core.datasets.indexed_dataset:	Extract the document indices
 0: INFO:megatron.core.datasets.gpt_dataset:	Load the shuffle index from 7393370efc6f80a3997ee77ee7f10242-GPTDataset-train-shuffle_index.npy
 0: INFO:megatron.core.datasets.indexed_dataset:> total number of sequences: 1012500
 0: INFO:megatron.core.datasets.gpt_dataset:Load the GPTDataset train indices
 0: INFO:megatron.core.datasets.indexed_dataset:> total number of documents: 1012500
 0: INFO:megatron.core.datasets.gpt_dataset:	Load the document index from 18eb74ef791cf354c6c4e825f9c07103-GPTDataset-train-document_index.npy
 0: INFO:megatron.core.datasets.gpt_dataset:	Load the sample index from 9013f58fc2124a83c18aa10d18828db9-GPTDataset-train-sample_index.npy
 0: INFO:megatron.core.datasets.gpt_dataset:	Load the sample index from d8c9f76e77105b25cb474961139e85bf-GPTDataset-train-sample_index.npy
 0: INFO:megatron.core.datasets.gpt_dataset:	Load the sample index from dbaf98bcdab0f47c6d47d5c29af3d384-GPTDataset-train-sample_index.npy
 0: INFO:megatron.core.datasets.gpt_dataset:Load the GPTDataset train indices
 0: INFO:megatron.core.datasets.gpt_dataset:	Load the document index from 4dcce04223dd129e022ef40378fbbc20-GPTDataset-train-document_index.npy
 0: INFO:megatron.core.datasets.gpt_dataset:> total number of samples: 122037
 0: INFO:megatron.core.datasets.gpt_dataset:	Load the sample index from 6dea74f5d300cad783ac791f835a87a4-GPTDataset-train-sample_index.npy
 0: INFO:megatron.core.datasets.gpt_dataset:	Load the sample index from ec880b1266d2fa781596289e07cdd47f-GPTDataset-train-sample_index.npy
 0: INFO:megatron.core.datasets.gpt_dataset:	Load the shuffle index from 9013f58fc2124a83c18aa10d18828db9-GPTDataset-train-shuffle_index.npy
 0: INFO:megatron.core.datasets.gpt_dataset:	Load the shuffle index from d8c9f76e77105b25cb474961139e85bf-GPTDataset-train-shuffle_index.npy
 0: INFO:megatron.core.datasets.gpt_dataset:	Load the sample index from 18eb74ef791cf354c6c4e825f9c07103-GPTDataset-train-sample_index.npy
 0: INFO:megatron.core.datasets.gpt_dataset:	Load the shuffle index from dbaf98bcdab0f47c6d47d5c29af3d384-GPTDataset-train-shuffle_index.npy
 0: INFO:megatron.core.datasets.indexed_dataset:Load the _IndexReader from /iopsstor/scratch/cscs/elyulina/datasets/tokenized/fineweb-edu-dedup-160B-datatrove_0.25/dump_1/00013_tokens.idx
 0: INFO:megatron.core.datasets.gpt_dataset:	Load the sample index from 4dcce04223dd129e022ef40378fbbc20-GPTDataset-train-sample_index.npy
 0: INFO:megatron.core.datasets.gpt_dataset:> total number of samples: 122180
 0: INFO:megatron.core.datasets.gpt_dataset:	Load the shuffle index from 6dea74f5d300cad783ac791f835a87a4-GPTDataset-train-shuffle_index.npy
 0: INFO:megatron.core.datasets.gpt_dataset:	Load the shuffle index from ec880b1266d2fa781596289e07cdd47f-GPTDataset-train-shuffle_index.npy
 0: INFO:megatron.core.datasets.indexed_dataset:	Extract the sequence lengths
 0: INFO:megatron.core.datasets.indexed_dataset:	Extract the sequence pointers
 0: INFO:megatron.core.datasets.indexed_dataset:	Extract the document indices
 0: INFO:megatron.core.datasets.indexed_dataset:> total number of sequences: 1012500
 0: INFO:megatron.core.datasets.indexed_dataset:> total number of documents: 1012500
 0: INFO:megatron.core.datasets.gpt_dataset:	Load the shuffle index from 18eb74ef791cf354c6c4e825f9c07103-GPTDataset-train-shuffle_index.npy
 0: INFO:megatron.core.datasets.gpt_dataset:> total number of samples: 122010
 0: INFO:megatron.core.datasets.gpt_dataset:> total number of samples: 122691
 0: INFO:megatron.core.datasets.indexed_dataset:Load the _IndexReader from /iopsstor/scratch/cscs/elyulina/datasets/tokenized/fineweb-edu-dedup-160B-datatrove_0.25/dump_1/00014_tokens.idx
 0: INFO:megatron.core.datasets.gpt_dataset:Load the GPTDataset train indices
 0: INFO:megatron.core.datasets.gpt_dataset:	Load the shuffle index from 4dcce04223dd129e022ef40378fbbc20-GPTDataset-train-shuffle_index.npy
 0: INFO:megatron.core.datasets.gpt_dataset:	Load the document index from 51477fbac4d42a6bee3a42fa65d0a6da-GPTDataset-train-document_index.npy
 0: INFO:megatron.core.datasets.gpt_dataset:> total number of samples: 122433
 0: INFO:megatron.core.datasets.indexed_dataset:Load the _IndexReader from /iopsstor/scratch/cscs/elyulina/datasets/tokenized/fineweb-edu-dedup-160B-datatrove_0.25/dump_1/00015_tokens.idx
 0: INFO:megatron.core.datasets.indexed_dataset:Load the _IndexReader from /iopsstor/scratch/cscs/elyulina/datasets/tokenized/fineweb-edu-dedup-160B-datatrove_0.25/dump_1/00016_tokens.idx
 0: INFO:megatron.core.datasets.gpt_dataset:> total number of samples: 122269
 0: INFO:megatron.core.datasets.indexed_dataset:	Extract the sequence lengths
 0: INFO:megatron.core.datasets.indexed_dataset:Load the _IndexReader from /iopsstor/scratch/cscs/elyulina/datasets/tokenized/fineweb-edu-dedup-160B-datatrove_0.25/dump_1/00017_tokens.idx
 0: INFO:megatron.core.datasets.indexed_dataset:	Extract the sequence pointers
 0: INFO:megatron.core.datasets.gpt_dataset:> total number of samples: 122285
 0: INFO:megatron.core.datasets.gpt_dataset:> total number of samples: 122119
 0: INFO:megatron.core.datasets.indexed_dataset:	Extract the document indices
 0: INFO:megatron.core.datasets.indexed_dataset:	Extract the sequence lengths
 0: INFO:megatron.core.datasets.indexed_dataset:Load the _IndexReader from /iopsstor/scratch/cscs/elyulina/datasets/tokenized/fineweb-edu-dedup-160B-datatrove_0.25/dump_1/00018_tokens.idx
 0: INFO:megatron.core.datasets.indexed_dataset:	Extract the sequence lengths
 0: INFO:megatron.core.datasets.indexed_dataset:> total number of sequences: 1012500
 0: INFO:megatron.core.datasets.indexed_dataset:	Extract the sequence pointers
 0: INFO:megatron.core.datasets.indexed_dataset:Load the _IndexReader from /iopsstor/scratch/cscs/elyulina/datasets/tokenized/fineweb-edu-dedup-160B-datatrove_0.25/dump_1/00019_tokens.idx
 0: INFO:megatron.core.datasets.gpt_dataset:	Load the sample index from 51477fbac4d42a6bee3a42fa65d0a6da-GPTDataset-train-sample_index.npy
 0: INFO:megatron.core.datasets.indexed_dataset:	Extract the sequence pointers
 0: INFO:megatron.core.datasets.indexed_dataset:> total number of documents: 1012500
 0: INFO:megatron.core.datasets.indexed_dataset:	Extract the sequence lengths
 0: INFO:megatron.core.datasets.indexed_dataset:	Extract the document indices
 0: INFO:megatron.core.datasets.indexed_dataset:Load the _IndexReader from /iopsstor/scratch/cscs/elyulina/datasets/tokenized/gutenberg_rep_1_256/rep_128_tokens.idx
 0: INFO:megatron.core.datasets.indexed_dataset:	Extract the document indices
 0: INFO:megatron.core.datasets.indexed_dataset:	Extract the sequence pointers
 0: INFO:megatron.core.datasets.indexed_dataset:> total number of sequences: 1015000
 0: INFO:megatron.core.datasets.indexed_dataset:> total number of sequences: 1015000
 0: INFO:megatron.core.datasets.indexed_dataset:	Extract the document indices
 0: INFO:megatron.core.datasets.indexed_dataset:> total number of documents: 1015000
 0: INFO:megatron.core.datasets.indexed_dataset:> total number of documents: 1015000
 0: INFO:megatron.core.datasets.gpt_dataset:Load the GPTDataset train indices
 0: INFO:megatron.core.datasets.indexed_dataset:> total number of sequences: 1015000
 0: INFO:megatron.core.datasets.indexed_dataset:	Extract the sequence lengths
 0: INFO:megatron.core.datasets.indexed_dataset:	Extract the sequence lengths
 0: INFO:megatron.core.datasets.gpt_dataset:	Load the document index from 2517f301bcf76445b95b99a2a4674ac3-GPTDataset-train-document_index.npy
 0: INFO:megatron.core.datasets.indexed_dataset:> total number of documents: 1015000
 0: INFO:megatron.core.datasets.indexed_dataset:	Extract the sequence pointers
 0: INFO:megatron.core.datasets.indexed_dataset:	Extract the sequence lengths
 0: INFO:megatron.core.datasets.indexed_dataset:	Extract the sequence pointers
 0: INFO:megatron.core.datasets.gpt_dataset:	Load the shuffle index from 51477fbac4d42a6bee3a42fa65d0a6da-GPTDataset-train-shuffle_index.npy
 0: INFO:megatron.core.datasets.gpt_dataset:Load the GPTDataset train indices
 0: INFO:megatron.core.datasets.gpt_dataset:Load the GPTDataset train indices
 0: INFO:megatron.core.datasets.indexed_dataset:	Extract the document indices
 0: INFO:megatron.core.datasets.indexed_dataset:	Extract the sequence pointers
 0: INFO:megatron.core.datasets.indexed_dataset:	Extract the document indices
 0: INFO:megatron.core.datasets.gpt_dataset:	Load the document index from 735498d3fc8e83d233d3bc6ef4d16784-GPTDataset-train-document_index.npy
 0: INFO:megatron.core.datasets.gpt_dataset:	Load the document index from 4119d912769d7dd2764189b9728ba7a4-GPTDataset-train-document_index.npy
 0: INFO:megatron.core.datasets.indexed_dataset:> total number of sequences: 1015000
 0: INFO:megatron.core.datasets.indexed_dataset:	Extract the document indices
 0: INFO:megatron.core.datasets.indexed_dataset:> total number of sequences: 1015855
 0: INFO:megatron.core.datasets.gpt_dataset:Load the GPTDataset train indices
 0: INFO:megatron.core.datasets.indexed_dataset:> total number of documents: 1015000
 0: INFO:megatron.core.datasets.indexed_dataset:> total number of sequences: 84480
 0: INFO:megatron.core.datasets.indexed_dataset:> total number of documents: 1015855
 0: INFO:megatron.core.datasets.gpt_dataset:	Load the document index from 646f8a5da24f8687ef7d72c6ae922660-GPTDataset-train-document_index.npy
 0: INFO:megatron.core.datasets.gpt_dataset:> total number of samples: 122203
 0: INFO:megatron.core.datasets.indexed_dataset:> total number of documents: 84480
 0: INFO:megatron.core.datasets.gpt_dataset:	Load the sample index from 2517f301bcf76445b95b99a2a4674ac3-GPTDataset-train-sample_index.npy
 0: INFO:megatron.core.datasets.gpt_dataset:Load the GPTDataset train indices
 0: INFO:megatron.core.datasets.gpt_dataset:	Load the document index from 8f448dad54688b59f36a542020b7de3b-GPTDataset-train-document_index.npy
 0: INFO:megatron.core.datasets.gpt_dataset:Load the GPTDataset train indices
 0: INFO:megatron.core.datasets.gpt_dataset:	Load the document index from 97c6736a8e51cb7297a30b00fc337ae9-GPTDataset-train-document_index.npy
 0: INFO:megatron.core.datasets.indexed_dataset:Load the _IndexReader from /iopsstor/scratch/cscs/elyulina/datasets/tokenized/gutenberg_rep_1_256/rep_16_tokens.idx
 0: INFO:megatron.core.datasets.gpt_dataset:	Load the sample index from 735498d3fc8e83d233d3bc6ef4d16784-GPTDataset-train-sample_index.npy
 0: INFO:megatron.core.datasets.gpt_dataset:Load the GPTDataset train indices
 0: INFO:megatron.core.datasets.gpt_dataset:	Load the sample index from 4119d912769d7dd2764189b9728ba7a4-GPTDataset-train-sample_index.npy
 0: INFO:megatron.core.datasets.gpt_dataset:	Load the document index from 4c16a1837e544df41c5501d810f0483b-GPTDataset-train-document_index.npy
 0: INFO:megatron.core.datasets.gpt_dataset:	Load the sample index from 646f8a5da24f8687ef7d72c6ae922660-GPTDataset-train-sample_index.npy
 0: INFO:megatron.core.datasets.indexed_dataset:	Extract the sequence lengths
 0: INFO:megatron.core.datasets.gpt_dataset:	Load the shuffle index from 2517f301bcf76445b95b99a2a4674ac3-GPTDataset-train-shuffle_index.npy
 0: INFO:megatron.core.datasets.indexed_dataset:	Extract the sequence pointers
 0: INFO:megatron.core.datasets.indexed_dataset:	Extract the document indices
 0: INFO:megatron.core.datasets.indexed_dataset:> total number of sequences: 10560
 0: INFO:megatron.core.datasets.indexed_dataset:> total number of documents: 10560
 0: INFO:megatron.core.datasets.gpt_dataset:	Load the shuffle index from 735498d3fc8e83d233d3bc6ef4d16784-GPTDataset-train-shuffle_index.npy
 0: INFO:megatron.core.datasets.gpt_dataset:Load the GPTDataset train indices
 0: INFO:megatron.core.datasets.gpt_dataset:	Load the sample index from 8f448dad54688b59f36a542020b7de3b-GPTDataset-train-sample_index.npy
 0: INFO:megatron.core.datasets.gpt_dataset:	Load the document index from 58357e396bc903398b108127186cfe71-GPTDataset-train-document_index.npy
 0: INFO:megatron.core.datasets.gpt_dataset:	Load the sample index from 4c16a1837e544df41c5501d810f0483b-GPTDataset-train-sample_index.npy
 0: INFO:megatron.core.datasets.gpt_dataset:	Load the shuffle index from 4119d912769d7dd2764189b9728ba7a4-GPTDataset-train-shuffle_index.npy
 0: INFO:megatron.core.datasets.gpt_dataset:	Load the sample index from 97c6736a8e51cb7297a30b00fc337ae9-GPTDataset-train-sample_index.npy
 0: INFO:megatron.core.datasets.gpt_dataset:> total number of samples: 122288
 0: INFO:megatron.core.datasets.gpt_dataset:	Load the shuffle index from 646f8a5da24f8687ef7d72c6ae922660-GPTDataset-train-shuffle_index.npy
 0: INFO:megatron.core.datasets.gpt_dataset:	Load the shuffle index from 8f448dad54688b59f36a542020b7de3b-GPTDataset-train-shuffle_index.npy
 0: INFO:megatron.core.datasets.gpt_dataset:	Load the sample index from 58357e396bc903398b108127186cfe71-GPTDataset-train-sample_index.npy
 0: INFO:megatron.core.datasets.gpt_dataset:> total number of samples: 122255
 0: INFO:megatron.core.datasets.indexed_dataset:Load the _IndexReader from /iopsstor/scratch/cscs/elyulina/datasets/tokenized/gutenberg_rep_1_256/rep_1_tokens.idx
 0: INFO:megatron.core.datasets.gpt_dataset:	Load the shuffle index from 97c6736a8e51cb7297a30b00fc337ae9-GPTDataset-train-shuffle_index.npy
 0: INFO:megatron.core.datasets.gpt_dataset:	Load the shuffle index from 4c16a1837e544df41c5501d810f0483b-GPTDataset-train-shuffle_index.npy
 0: INFO:megatron.core.datasets.gpt_dataset:> total number of samples: 121918
 0: INFO:megatron.core.datasets.gpt_dataset:> total number of samples: 122266
 0: INFO:megatron.core.datasets.indexed_dataset:Load the _IndexReader from /iopsstor/scratch/cscs/elyulina/datasets/tokenized/gutenberg_rep_1_256/rep_256_tokens.idx
 0: INFO:megatron.core.datasets.gpt_dataset:> total number of samples: 121920
 0: INFO:megatron.core.datasets.indexed_dataset:	Extract the sequence lengths
 0: INFO:megatron.core.datasets.indexed_dataset:	Extract the sequence pointers
 0: INFO:megatron.core.datasets.gpt_dataset:	Load the shuffle index from 58357e396bc903398b108127186cfe71-GPTDataset-train-shuffle_index.npy
 0: INFO:megatron.core.datasets.indexed_dataset:Load the _IndexReader from /iopsstor/scratch/cscs/elyulina/datasets/tokenized/gutenberg_rep_1_256/rep_2_tokens.idx
 0: INFO:megatron.core.datasets.indexed_dataset:Load the _IndexReader from /iopsstor/scratch/cscs/elyulina/datasets/tokenized/gutenberg_rep_1_256/rep_32_tokens.idx
 0: INFO:megatron.core.datasets.indexed_dataset:	Extract the document indices
 0: INFO:megatron.core.datasets.gpt_dataset:> total number of samples: 84479
 0: INFO:megatron.core.datasets.indexed_dataset:	Extract the sequence lengths
 0: INFO:megatron.core.datasets.gpt_dataset:> total number of samples: 122428
 0: INFO:megatron.core.datasets.indexed_dataset:Load the _IndexReader from /iopsstor/scratch/cscs/elyulina/datasets/tokenized/gutenberg_rep_1_256/rep_4_tokens.idx
 0: INFO:megatron.core.datasets.indexed_dataset:> total number of sequences: 660
 0: INFO:megatron.core.datasets.indexed_dataset:	Extract the sequence pointers
 0: INFO:megatron.core.datasets.indexed_dataset:> total number of documents: 660
 0: INFO:megatron.core.datasets.indexed_dataset:	Extract the sequence lengths
 0: INFO:megatron.core.datasets.indexed_dataset:	Extract the sequence lengths
 0: INFO:megatron.core.datasets.indexed_dataset:	Extract the document indices
 0: INFO:megatron.core.datasets.indexed_dataset:Load the _IndexReader from /iopsstor/scratch/cscs/elyulina/datasets/tokenized/gutenberg_rep_1_256/rep_64_tokens.idx
 0: INFO:megatron.core.datasets.indexed_dataset:Load the _IndexReader from /iopsstor/scratch/cscs/elyulina/datasets/tokenized/gutenberg_rep_1_256/rep_8_tokens.idx
 0: INFO:megatron.core.datasets.gpt_dataset:> total number of samples: 10559
 0: INFO:megatron.core.datasets.indexed_dataset:	Extract the sequence pointers
 0: INFO:megatron.core.datasets.indexed_dataset:	Extract the sequence lengths
 0: INFO:megatron.core.datasets.indexed_dataset:	Extract the sequence pointers
 0: INFO:megatron.core.datasets.indexed_dataset:> total number of sequences: 168960
 0: INFO:megatron.core.datasets.gpt_dataset:Load the GPTDataset train indices
 0: INFO:megatron.core.datasets.indexed_dataset:	Extract the document indices
 0: INFO:megatron.core.datasets.indexed_dataset:	Extract the sequence pointers
 0: INFO:megatron.core.datasets.indexed_dataset:	Extract the document indices
 0: INFO:megatron.core.datasets.indexed_dataset:> total number of documents: 168960
 0: INFO:megatron.core.datasets.gpt_dataset:	Load the document index from d1c1121ed9df87aebe8285b37c9e686a-GPTDataset-train-document_index.npy
 0: INFO:megatron.core.datasets.indexed_dataset:> total number of sequences: 21120
 0: INFO:megatron.core.datasets.indexed_dataset:	Extract the document indices
 0: INFO:megatron.core.datasets.indexed_dataset:	Extract the sequence lengths
 0: INFO:megatron.core.datasets.indexed_dataset:	Extract the sequence lengths
 0: INFO:megatron.core.datasets.indexed_dataset:> total number of sequences: 1320
 0: INFO:megatron.core.datasets.indexed_dataset:> total number of documents: 21120
 0: INFO:megatron.core.datasets.indexed_dataset:> total number of sequences: 2640
 0: INFO:megatron.core.datasets.indexed_dataset:	Extract the sequence pointers
 0: INFO:megatron.core.datasets.indexed_dataset:	Extract the sequence pointers
 0: INFO:megatron.core.datasets.indexed_dataset:> total number of documents: 1320
 0: INFO:megatron.core.datasets.gpt_dataset:Load the GPTDataset train indices
 0: INFO:megatron.core.datasets.indexed_dataset:> total number of documents: 2640
 0: INFO:megatron.core.datasets.indexed_dataset:	Extract the document indices
 0: INFO:megatron.core.datasets.indexed_dataset:	Extract the document indices
 0: INFO:megatron.core.datasets.gpt_dataset:Load the GPTDataset train indices
 0: INFO:megatron.core.datasets.gpt_dataset:	Load the document index from eeadb232e6d0257db74b15ca120d2603-GPTDataset-train-document_index.npy
 0: INFO:megatron.core.datasets.gpt_dataset:	Load the sample index from d1c1121ed9df87aebe8285b37c9e686a-GPTDataset-train-sample_index.npy
 0: INFO:megatron.core.datasets.indexed_dataset:> total number of sequences: 42240
 0: INFO:megatron.core.datasets.indexed_dataset:> total number of sequences: 5280
 0: INFO:megatron.core.datasets.gpt_dataset:Load the GPTDataset train indices
 0: INFO:megatron.core.datasets.gpt_dataset:	Load the document index from c49dc5fdf45deaed057f8655a5bcd9c8-GPTDataset-train-document_index.npy
 0: INFO:megatron.core.datasets.gpt_dataset:Load the GPTDataset train indices
 0: INFO:megatron.core.datasets.indexed_dataset:> total number of documents: 42240
 0: INFO:megatron.core.datasets.indexed_dataset:> total number of documents: 5280
 0: INFO:megatron.core.datasets.gpt_dataset:	Load the document index from 46ee332eec9875644221f09c70a2b5e9-GPTDataset-train-document_index.npy
 0: INFO:megatron.core.datasets.gpt_dataset:	Load the document index from 5b694166f50bff94db4826ec63175b6f-GPTDataset-train-document_index.npy
 0: INFO:megatron.core.datasets.gpt_dataset:Load the GPTDataset train indices
 0: INFO:megatron.core.datasets.gpt_dataset:Load the GPTDataset train indices
 0: INFO:megatron.core.datasets.gpt_dataset:	Load the document index from c0eb8ca9c4c46c33f7c4217485796c74-GPTDataset-train-document_index.npy
 0: INFO:megatron.core.datasets.gpt_dataset:	Load the document index from f0101a762fa30ab122300eb8327bbcc6-GPTDataset-train-document_index.npy
 0: INFO:megatron.core.datasets.gpt_dataset:	Load the shuffle index from d1c1121ed9df87aebe8285b37c9e686a-GPTDataset-train-shuffle_index.npy
 0: INFO:megatron.core.datasets.gpt_dataset:	Load the sample index from c49dc5fdf45deaed057f8655a5bcd9c8-GPTDataset-train-sample_index.npy
 0: INFO:megatron.core.datasets.gpt_dataset:	Load the sample index from eeadb232e6d0257db74b15ca120d2603-GPTDataset-train-sample_index.npy
 0: INFO:megatron.core.datasets.gpt_dataset:	Load the sample index from 46ee332eec9875644221f09c70a2b5e9-GPTDataset-train-sample_index.npy
 0: INFO:megatron.core.datasets.gpt_dataset:	Load the sample index from 5b694166f50bff94db4826ec63175b6f-GPTDataset-train-sample_index.npy
 0: INFO:megatron.core.datasets.gpt_dataset:	Load the sample index from c0eb8ca9c4c46c33f7c4217485796c74-GPTDataset-train-sample_index.npy
 0: INFO:megatron.core.datasets.gpt_dataset:	Load the sample index from f0101a762fa30ab122300eb8327bbcc6-GPTDataset-train-sample_index.npy
 0: INFO:megatron.core.datasets.gpt_dataset:> total number of samples: 659
 0: INFO:megatron.core.datasets.gpt_dataset:	Load the shuffle index from c49dc5fdf45deaed057f8655a5bcd9c8-GPTDataset-train-shuffle_index.npy
 0: INFO:megatron.core.datasets.gpt_dataset:	Load the shuffle index from 46ee332eec9875644221f09c70a2b5e9-GPTDataset-train-shuffle_index.npy
 0: INFO:megatron.core.datasets.gpt_dataset:	Load the shuffle index from 5b694166f50bff94db4826ec63175b6f-GPTDataset-train-shuffle_index.npy
 0: INFO:megatron.core.datasets.gpt_dataset:	Load the shuffle index from eeadb232e6d0257db74b15ca120d2603-GPTDataset-train-shuffle_index.npy
 0: INFO:megatron.core.datasets.gpt_dataset:	Load the shuffle index from c0eb8ca9c4c46c33f7c4217485796c74-GPTDataset-train-shuffle_index.npy
 0: INFO:megatron.core.datasets.gpt_dataset:	Load the shuffle index from f0101a762fa30ab122300eb8327bbcc6-GPTDataset-train-shuffle_index.npy
 0: INFO:megatron.core.datasets.gpt_dataset:> total number of samples: 21119
 0: INFO:megatron.core.datasets.gpt_dataset:> total number of samples: 2639
 0: INFO:megatron.core.datasets.gpt_dataset:> total number of samples: 1319
 0: INFO:megatron.core.datasets.gpt_dataset:> total number of samples: 168959
 0: INFO:megatron.core.datasets.gpt_dataset:> total number of samples: 42239
 0: INFO:megatron.core.datasets.gpt_dataset:> total number of samples: 5279
 0: INFO:megatron.core.datasets.blended_dataset:Load the BlendedDataset indices
 0: INFO:megatron.core.datasets.blended_dataset:	Load the dataset index from /iopsstor/scratch/cscs/elyulina/datasets/cache/16555bc74714ab2930bf01910f4f668a-BlendedDataset-train-dataset_index.npy
 0: INFO:megatron.core.datasets.blended_dataset:	Load the dataset sample index from /iopsstor/scratch/cscs/elyulina/datasets/cache/16555bc74714ab2930bf01910f4f668a-BlendedDataset-train-dataset_sample_index.npy
 0: > finished creating GPT datasets ...
 0: [after dataloaders are built] datetime: 2026-08-18 03:14:46.235374 
 0: done with setup ...
 0: training ...
31: INFO:megatron.core.timers:(min, max) time across ranks (ms):
31:     model-and-optimizer-setup ......................: (363.41, 363.92)
31:     train/valid/test-data-iterators-setup ..........: (1167.02, 1199.97)
 0: Overwriting rerun_state_machine.current_iteration from -1 to 0...
 0: [before the start of training step] datetime: 2026-08-18 03:14:46.331826 
 0: Number of parameters in transformer block in billions:  0.90
 0: Number of active parameters in transformer block in billions:  0.90
 0: Number of parameters in embedding layers in billions: 0.26
 0: Total number of parameters in billions: 1.17
 0: Total number of active parameters in billions: 1.17
 0: Number of parameters in most loaded shard in billions: 1.1666
 0: compute_activation_memory_without_sp
 0: Activation memory footprint per transformer layer (precise, without SP): 1632.0 MB
 0: Theoretical memory footprints: weight and optimizer=7092.60 MB, activation=33881.60 MB, total=40974.20 MB
 0: 
31:  [2026-08-18 03:14:52.592739] iteration        1/   18141 | consumed samples:          288 | elapsed time per iteration (ms): 6260.5 | throughput per GPU (TFLOP/s/GPU): 93.5 | learning rate: 8.000000E-07 | global batch size:   288 | lm loss: 1.217164E+01 | loss scale: 1.0 | grad norm: 5.507 | params norm: 663.290 | number of skipped iterations:   0 | number of nan iterations:   0 |
 0: [Rank 0] (after 1 iterations) memory (MB) | allocated: 8222.91 | max allocated: 68152.25 | reserved: 81662.00 | max reserved: 81662.00
31: INFO:megatron.core.timers:(min, max) time across ranks (ms):
31:     forward-backward ...............................: (4646.20, 4646.44)
31:     embedding-grads-all-reduce .....................: (0.02, 0.03)
31:     all-grads-sync .................................: (372.55, 373.12)
31:     optimizer-copy-to-main-grad ....................: (0.22, 0.45)
31:     optimizer-inner-step ...........................: (3.54, 5.86)
31:     optimizer-copy-main-to-model-params ............: (0.47, 1.10)
31:     optimizer ......................................: (647.52, 650.39)
31:     batch-generator ................................: (68.16, 73.12)
31:     forward-compute ................................: (2008.37, 2494.24)
31:     backward-compute ...............................: (1352.55, 1825.72)
 0: Number of parameters in transformer block in billions:  0.90
 0: Number of active parameters in transformer block in billions:  0.90
 0: Number of parameters in embedding layers in billions: 0.26
 0: Total number of parameters in billions: 1.17
 0: Total number of active parameters in billions: 1.17
 0: Number of parameters in most loaded shard in billions: 1.1666
 0: compute_activation_memory_without_sp
 0: Activation memory footprint per transformer layer (precise, without SP): 1632.0 MB
 0: Theoretical memory footprints: weight and optimizer=7092.60 MB, activation=33881.60 MB, total=40974.20 MB
 0: 
 0: [Rank 0] (after 2 iterations) memory (MB) | allocated: 8224.96 | max allocated: 68449.36 | reserved: 81662.00 | max reserved: 81662.00
31:  [2026-08-18 03:14:55.171574] iteration        2/   18141 | consumed samples:          576 | elapsed time per iteration (ms): 4419.4 | throughput per GPU (TFLOP/s/GPU): 131.8 | learning rate: 1.600000E-06 | global batch size:   288 | lm loss: 1.217150E+01 | loss scale: 1.0 | grad norm: 5.568 | params norm: 663.289 | number of skipped iterations:   0 | number of nan iterations:   0 |
31: INFO:megatron.core.timers:(min, max) time across ranks (ms):
31:     forward-backward ...............................: (7203.71, 7203.99)
31:     embedding-grads-all-reduce .....................: (0.04, 0.05)
31:     all-grads-sync .................................: (372.74, 373.28)
31:     optimizer-copy-to-main-grad ....................: (0.39, 0.83)
31:     optimizer-inner-step ...........................: (4.15, 6.51)
31:     optimizer-copy-main-to-model-params ............: (0.84, 1.91)
31:     optimizer ......................................: (650.42, 653.37)
31:     batch-generator ................................: (72.84, 80.38)
31:     forward-compute ................................: (2942.78, 3426.03)
31:     backward-compute ...............................: (2646.93, 3439.55)
31:  [2026-08-18 03:14:57.485831] iteration        3/   18141 | consumed samples:          864 | elapsed time per iteration (ms): 2314.1 | throughput per GPU (TFLOP/s/GPU): 253.6 | learning rate: 2.400000E-06 | global batch size:   288 | lm loss: 1.216949E+01 | loss scale: 1.0 | grad norm: 5.809 | params norm: 663.288 | number of skipped iterations:   0 | number of nan iterations:   0 |
31: INFO:megatron.core.timers:(min, max) time across ranks (ms):
31:     forward-backward ...............................: (2295.49, 2295.66)
31:     embedding-grads-all-reduce .....................: (0.02, 0.02)
31:     all-grads-sync .................................: (0.15, 0.21)
31:     optimizer-copy-to-main-grad ....................: (0.15, 0.37)
31:     optimizer-inner-step ...........................: (0.55, 0.70)
31:     optimizer-copy-main-to-model-params ............: (0.31, 0.97)
31:     optimizer ......................................: (2.78, 3.44)
31:     batch-generator ................................: (4.06, 4.68)
31:     forward-compute ................................: (505.33, 878.51)
31:     backward-compute ...............................: (1413.60, 1786.64)
31:  [2026-08-18 03:15:00.063447] iteration        4/   18141 | consumed samples:         1152 | elapsed time per iteration (ms): 2577.5 | throughput per GPU (TFLOP/s/GPU): 225.6 | learning rate: 3.200000E-06 | global batch size:   288 | lm loss: 1.214039E+01 | loss scale: 1.0 | grad norm: 5.481 | params norm: 663.285 | number of skipped iterations:   0 | number of nan iterations:   0 |
31: INFO:megatron.core.timers:(min, max) time across ranks (ms):
31:     forward-backward ...............................: (2559.06, 2559.18)
31:     embedding-grads-all-reduce .....................: (0.01, 0.02)
31:     all-grads-sync .................................: (0.16, 0.21)
31:     optimizer-copy-to-main-grad ....................: (0.15, 0.39)
31:     optimizer-inner-step ...........................: (0.56, 0.71)
31:     optimizer-copy-main-to-model-params ............: (0.31, 0.97)
31:     optimizer ......................................: (2.83, 3.50)
31:     batch-generator ................................: (4.02, 4.87)
31:     forward-compute ................................: (876.61, 1265.19)
31:     backward-compute ...............................: (1288.81, 1678.20)
31:  [2026-08-18 03:15:02.222435] iteration        5/   18141 | consumed samples:         1440 | elapsed time per iteration (ms): 2158.8 | throughput per GPU (TFLOP/s/GPU): 269.8 | learning rate: 4.000000E-06 | global batch size:   288 | lm loss: 1.205891E+01 | loss scale: 1.0 | grad norm: 5.400 | params norm: 663.282 | number of skipped iterations:   0 | number of nan iterations:   0 |
31: INFO:megatron.core.timers:(min, max) time across ranks (ms):
31:     forward-backward ...............................: (2140.40, 2140.60)
31:     embedding-grads-all-reduce .....................: (0.02, 0.02)
31:     all-grads-sync .................................: (0.15, 0.22)
31:     optimizer-copy-to-main-grad ....................: (0.16, 0.39)
31:     optimizer-inner-step ...........................: (0.56, 0.69)
31:     optimizer-copy-main-to-model-params ............: (0.31, 0.97)
31:     optimizer ......................................: (2.79, 3.45)
31:     batch-generator ................................: (4.02, 5.36)
31:     forward-compute ................................: (506.82, 887.90)
31:     backward-compute ...............................: (1247.15, 1628.56)
31:  [2026-08-18 03:15:03.854296] iteration        6/   18141 | consumed samples:         1728 | elapsed time per iteration (ms): 1631.7 | throughput per GPU (TFLOP/s/GPU): 356.8 | learning rate: 4.800000E-06 | global batch size:   288 | lm loss: 1.186714E+01 | loss scale: 1.0 | grad norm: 4.374 | params norm: 663.279 | number of skipped iterations:   0 | number of nan iterations:   0 |
31: INFO:megatron.core.timers:(min, max) time across ranks (ms):
31:     forward-backward ...............................: (1614.39, 1614.53)
31:     embedding-grads-all-reduce .....................: (0.01, 0.04)
31:     all-grads-sync .................................: (0.16, 0.22)
31:     optimizer-copy-to-main-grad ....................: (0.15, 0.37)
31:     optimizer-inner-step ...........................: (0.55, 0.70)
31:     optimizer-copy-main-to-model-params ............: (0.32, 0.96)
31:     optimizer ......................................: (2.78, 3.42)
31:     batch-generator ................................: (4.05, 4.80)
31:     forward-compute ................................: (494.50, 551.69)
31:     backward-compute ...............................: (1058.55, 1114.90)
31:  [2026-08-18 03:15:05.444777] iteration        7/   18141 | consumed samples:         2016 | elapsed time per iteration (ms): 1590.3 | throughput per GPU (TFLOP/s/GPU): 368.2 | learning rate: 5.600000E-06 | global batch size:   288 | lm loss: 1.175243E+01 | loss scale: 1.0 | grad norm: 4.592 | params norm: 663.275 | number of skipped iterations:   0 | number of nan iterations:   0 |
31: INFO:megatron.core.timers:(min, max) time across ranks (ms):
31:     forward-backward ...............................: (1572.51, 1572.63)
31:     embedding-grads-all-reduce .....................: (0.02, 0.02)
31:     all-grads-sync .................................: (0.16, 0.23)
31:     optimizer-copy-to-main-grad ....................: (0.15, 0.37)
31:     optimizer-inner-step ...........................: (0.55, 0.67)
31:     optimizer-copy-main-to-model-params ............: (0.29, 0.91)
31:     optimizer ......................................: (2.68, 3.31)
31:     batch-generator ................................: (4.13, 4.52)
31:     forward-compute ................................: (500.27, 540.49)
31:     backward-compute ...............................: (1028.75, 1066.17)
31:  [2026-08-18 03:15:07.036808] iteration        8/   18141 | consumed samples:         2304 | elapsed time per iteration (ms): 1591.9 | throughput per GPU (TFLOP/s/GPU): 368.1 | learning rate: 6.400000E-06 | global batch size:   288 | lm loss: 1.153940E+01 | loss scale: 1.0 | grad norm: 6.751 | params norm: 663.270 | number of skipped iterations:   0 | number of nan iterations:   0 |
31: INFO:megatron.core.timers:(min, max) time across ranks (ms):
31:     forward-backward ...............................: (1573.08, 1573.17)
31:     embedding-grads-all-reduce .....................: (0.02, 0.02)
31:     all-grads-sync .................................: (0.16, 0.22)
31:     optimizer-copy-to-main-grad ....................: (0.16, 0.37)
31:     optimizer-inner-step ...........................: (0.55, 0.68)
31:     optimizer-copy-main-to-model-params ............: (0.33, 0.92)
31:     optimizer ......................................: (2.75, 3.34)
31:     batch-generator ................................: (4.01, 4.69)
31:     forward-compute ................................: (499.81, 544.29)
31:     backward-compute ...............................: (1025.55, 1069.37)
31:  [2026-08-18 03:15:08.630552] iteration        9/   18141 | consumed samples:         2592 | elapsed time per iteration (ms): 1593.6 | throughput per GPU (TFLOP/s/GPU): 366.7 | learning rate: 7.200000E-06 | global batch size:   288 | lm loss: 1.140720E+01 | loss scale: 1.0 | grad norm: 5.180 | params norm: 663.265 | number of skipped iterations:   0 | number of nan iterations:   0 |
31: INFO:megatron.core.timers:(min, max) time across ranks (ms):
31:     forward-backward ...............................: (1575.98, 1576.09)
31:     embedding-grads-all-reduce .....................: (0.02, 0.02)
31:     all-grads-sync .................................: (0.16, 0.21)
31:     optimizer-copy-to-main-grad ....................: (0.15, 0.39)
31:     optimizer-inner-step ...........................: (0.55, 0.68)
31:     optimizer-copy-main-to-model-params ............: (0.32, 0.95)
31:     optimizer ......................................: (2.77, 3.40)
31:     batch-generator ................................: (4.09, 4.83)
31:     forward-compute ................................: (498.33, 547.71)
31:     backward-compute ...............................: (1025.03, 1074.57)
31:  [2026-08-18 03:15:10.224908] iteration       10/   18141 | consumed samples:         2880 | elapsed time per iteration (ms): 1594.2 | throughput per GPU (TFLOP/s/GPU): 367.2 | learning rate: 8.000000E-06 | global batch size:   288 | lm loss: 1.119610E+01 | loss scale: 1.0 | grad norm: 5.642 | params norm: 663.260 | number of skipped iterations:   0 | number of nan iterations:   0 |
31: INFO:megatron.core.timers:(min, max) time across ranks (ms):
31:     forward-backward ...............................: (1576.68, 1576.75)
31:     embedding-grads-all-reduce .....................: (0.01, 0.02)
31:     all-grads-sync .................................: (0.16, 0.21)
31:     optimizer-copy-to-main-grad ....................: (0.15, 0.37)
31:     optimizer-inner-step ...........................: (0.55, 0.68)
31:     optimizer-copy-main-to-model-params ............: (0.32, 0.90)
31:     optimizer ......................................: (2.73, 3.31)
31:     batch-generator ................................: (4.01, 4.78)
31:     forward-compute ................................: (503.33, 548.31)
31:     backward-compute ...............................: (1022.97, 1064.73)
31:  [2026-08-18 03:15:11.835353] iteration       11/   18141 | consumed samples:         3168 | elapsed time per iteration (ms): 1610.3 | throughput per GPU (TFLOP/s/GPU): 362.8 | learning rate: 8.800000E-06 | global batch size:   288 | lm loss: 1.096819E+01 | loss scale: 1.0 | grad norm: 6.435 | params norm: 663.255 | number of skipped iterations:   0 | number of nan iterations:   0 |
31: INFO:megatron.core.timers:(min, max) time across ranks (ms):
31:     forward-backward ...............................: (1592.00, 1592.13)
31:     embedding-grads-all-reduce .....................: (0.02, 0.02)
31:     all-grads-sync .................................: (0.17, 0.22)
31:     optimizer-copy-to-main-grad ....................: (0.16, 0.36)
31:     optimizer-inner-step ...........................: (0.54, 0.67)
31:     optimizer-copy-main-to-model-params ............: (0.31, 0.95)
31:     optimizer ......................................: (2.72, 3.36)
31:     batch-generator ................................: (4.13, 4.74)
31:     forward-compute ................................: (502.23, 543.17)
31:     backward-compute ...............................: (1045.59, 1085.93)
31:  [2026-08-18 03:15:13.413970] iteration       12/   18141 | consumed samples:         3456 | elapsed time per iteration (ms): 1578.4 | throughput per GPU (TFLOP/s/GPU): 369.0 | learning rate: 9.600000E-06 | global batch size:   288 | lm loss: 1.066430E+01 | loss scale: 1.0 | grad norm: 6.704 | params norm: 663.250 | number of skipped iterations:   0 | number of nan iterations:   0 |
31: INFO:megatron.core.timers:(min, max) time across ranks (ms):
31:     forward-backward ...............................: (1559.68, 1559.78)
31:     embedding-grads-all-reduce .....................: (0.01, 0.02)
31:     all-grads-sync .................................: (0.16, 0.23)
31:     optimizer-copy-to-main-grad ....................: (0.14, 0.38)
31:     optimizer-inner-step ...........................: (0.55, 0.68)
31:     optimizer-copy-main-to-model-params ............: (0.31, 0.93)
31:     optimizer ......................................: (2.73, 3.34)
31:     batch-generator ................................: (4.03, 4.63)
31:     forward-compute ................................: (506.72, 541.28)
31:     backward-compute ...............................: (1012.93, 1046.88)
31:  [2026-08-18 03:15:14.998772] iteration       13/   18141 | consumed samples:         3744 | elapsed time per iteration (ms): 1584.7 | throughput per GPU (TFLOP/s/GPU): 368.8 | learning rate: 1.040000E-05 | global batch size:   288 | lm loss: 1.032768E+01 | loss scale: 1.0 | grad norm: 7.463 | params norm: 663.245 | number of skipped iterations:   0 | number of nan iterations:   0 |
31: INFO:megatron.core.timers:(min, max) time across ranks (ms):
31:     forward-backward ...............................: (1565.84, 1565.95)
31:     embedding-grads-all-reduce .....................: (0.01, 0.02)
31:     all-grads-sync .................................: (0.16, 0.22)
31:     optimizer-copy-to-main-grad ....................: (0.16, 0.38)
31:     optimizer-inner-step ...........................: (0.55, 0.67)
31:     optimizer-copy-main-to-model-params ............: (0.34, 0.91)
31:     optimizer ......................................: (2.75, 3.31)
31:     batch-generator ................................: (4.10, 4.63)
31:     forward-compute ................................: (496.99, 542.10)
31:     backward-compute ...............................: (1020.45, 1062.16)
31:  [2026-08-18 03:15:16.587498] iteration       14/   18141 | consumed samples:         4032 | elapsed time per iteration (ms): 1588.6 | throughput per GPU (TFLOP/s/GPU): 368.4 | learning rate: 1.120000E-05 | global batch size:   288 | lm loss: 1.014996E+01 | loss scale: 1.0 | grad norm: 10.024 | params norm: 663.240 | number of skipped iterations:   0 | number of nan iterations:   0 |
31: INFO:megatron.core.timers:(min, max) time across ranks (ms):
31:     forward-backward ...............................: (1570.77, 1570.87)
31:     embedding-grads-all-reduce .....................: (0.01, 0.02)
31:     all-grads-sync .................................: (0.16, 0.23)
31:     optimizer-copy-to-main-grad ....................: (0.15, 0.40)
31:     optimizer-inner-step ...........................: (0.56, 0.67)
31:     optimizer-copy-main-to-model-params ............: (0.31, 0.93)
31:     optimizer ......................................: (2.76, 3.39)
31:     batch-generator ................................: (4.08, 4.72)
31:     forward-compute ................................: (501.77, 542.65)
31:     backward-compute ...............................: (1022.66, 1065.87)
31:  [2026-08-18 03:15:18.184856] iteration       15/   18141 | consumed samples:         4320 | elapsed time per iteration (ms): 1597.2 | throughput per GPU (TFLOP/s/GPU): 365.4 | learning rate: 1.200000E-05 | global batch size:   288 | lm loss: 9.976708E+00 | loss scale: 1.0 | grad norm: 10.416 | params norm: 663.236 | number of skipped iterations:   0 | number of nan iterations:   0 |
31: INFO:megatron.core.timers:(min, max) time across ranks (ms):
31:     forward-backward ...............................: (1578.96, 1579.13)
31:     embedding-grads-all-reduce .....................: (0.01, 0.02)
31:     all-grads-sync .................................: (0.16, 0.21)
31:     optimizer-copy-to-main-grad ....................: (0.15, 0.38)
31:     optimizer-inner-step ...........................: (0.55, 0.67)
31:     optimizer-copy-main-to-model-params ............: (0.34, 1.02)
31:     optimizer ......................................: (2.82, 3.50)
31:     batch-generator ................................: (4.05, 4.83)
31:     forward-compute ................................: (500.73, 545.65)
31:     backward-compute ...............................: (1029.84, 1073.65)
31:  [2026-08-18 03:15:19.802930] iteration       16/   18141 | consumed samples:         4608 | elapsed time per iteration (ms): 1617.9 | throughput per GPU (TFLOP/s/GPU): 361.3 | learning rate: 1.280000E-05 | global batch size:   288 | lm loss: 9.912498E+00 | loss scale: 1.0 | grad norm: 9.163 | params norm: 663.232 | number of skipped iterations:   0 | number of nan iterations:   0 |
31: INFO:megatron.core.timers:(min, max) time across ranks (ms):
31:     forward-backward ...............................: (1599.17, 1599.35)
31:     embedding-grads-all-reduce .....................: (0.01, 0.02)
31:     all-grads-sync .................................: (0.15, 0.23)
31:     optimizer-copy-to-main-grad ....................: (0.15, 0.37)
31:     optimizer-inner-step ...........................: (0.54, 0.67)
31:     optimizer-copy-main-to-model-params ............: (0.32, 0.94)
31:     optimizer ......................................: (2.73, 3.36)
31:     batch-generator ................................: (4.04, 4.61)
31:     forward-compute ................................: (497.07, 545.39)
31:     backward-compute ...............................: (1050.23, 1098.25)
31:  [2026-08-18 03:15:21.396904] iteration       17/   18141 | consumed samples:         4896 | elapsed time per iteration (ms): 1593.8 | throughput per GPU (TFLOP/s/GPU): 366.1 | learning rate: 1.360000E-05 | global batch size:   288 | lm loss: 9.835337E+00 | loss scale: 1.0 | grad norm: 6.406 | params norm: 663.228 | number of skipped iterations:   0 | number of nan iterations:   0 |
31: INFO:megatron.core.timers:(min, max) time across ranks (ms):
31:     forward-backward ...............................: (1575.25, 1575.37)
31:     embedding-grads-all-reduce .....................: (0.02, 0.02)
31:     all-grads-sync .................................: (0.16, 0.23)
31:     optimizer-copy-to-main-grad ....................: (0.16, 0.36)
31:     optimizer-inner-step ...........................: (0.55, 0.69)
31:     optimizer-copy-main-to-model-params ............: (0.33, 0.93)
31:     optimizer ......................................: (2.75, 3.33)
31:     batch-generator ................................: (4.06, 5.52)
31:     forward-compute ................................: (499.14, 540.33)
31:     backward-compute ...............................: (1031.53, 1070.94)
31:  [2026-08-18 03:15:22.981705] iteration       18/   18141 | consumed samples:         5184 | elapsed time per iteration (ms): 1584.6 | throughput per GPU (TFLOP/s/GPU): 366.8 | learning rate: 1.440000E-05 | global batch size:   288 | lm loss: 9.737814E+00 | loss scale: 1.0 | grad norm: 5.800 | params norm: 663.224 | number of skipped iterations:   0 | number of nan iterations:   0 |
31: INFO:megatron.core.timers:(min, max) time across ranks (ms):
31:     forward-backward ...............................: (1566.36, 1566.49)
31:     embedding-grads-all-reduce .....................: (0.02, 0.02)
31:     all-grads-sync .................................: (0.16, 0.23)
31:     optimizer-copy-to-main-grad ....................: (0.16, 0.38)
31:     optimizer-inner-step ...........................: (0.55, 0.69)
31:     optimizer-copy-main-to-model-params ............: (0.32, 0.90)
31:     optimizer ......................................: (2.79, 3.38)
31:     batch-generator ................................: (4.08, 5.14)
31:     forward-compute ................................: (500.19, 540.29)
31:     backward-compute ...............................: (1019.42, 1060.31)
31:  [2026-08-18 03:15:24.557509] iteration       19/   18141 | consumed samples:         5472 | elapsed time per iteration (ms): 1575.7 | throughput per GPU (TFLOP/s/GPU): 369.8 | learning rate: 1.520000E-05 | global batch size:   288 | lm loss: 9.634571E+00 | loss scale: 1.0 | grad norm: 4.286 | params norm: 663.221 | number of skipped iterations:   0 | number of nan iterations:   0 |
31: INFO:megatron.core.timers:(min, max) time across ranks (ms):
31:     forward-backward ...............................: (1557.02, 1557.13)
31:     embedding-grads-all-reduce .....................: (0.01, 0.02)
31:     all-grads-sync .................................: (0.17, 0.23)
31:     optimizer-copy-to-main-grad ....................: (0.14, 0.38)
31:     optimizer-inner-step ...........................: (0.56, 0.67)
31:     optimizer-copy-main-to-model-params ............: (0.30, 0.98)
31:     optimizer ......................................: (2.71, 3.39)
31:     batch-generator ................................: (4.08, 4.75)
31:     forward-compute ................................: (498.79, 537.02)
31:     backward-compute ...............................: (1013.48, 1053.60)
31:  [2026-08-18 03:15:26.192269] iteration       20/   18141 | consumed samples:         5760 | elapsed time per iteration (ms): 1634.6 | throughput per GPU (TFLOP/s/GPU): 356.4 | learning rate: 1.600000E-05 | global batch size:   288 | lm loss: 9.529838E+00 | loss scale: 1.0 | grad norm: 7.915 | params norm: 663.218 | number of skipped iterations:   0 | number of nan iterations:   0 |
31: INFO:megatron.core.timers:(min, max) time across ranks (ms):
31:     forward-backward ...............................: (1616.90, 1617.03)
31:     embedding-grads-all-reduce .....................: (0.01, 0.02)
31:     all-grads-sync .................................: (0.16, 0.22)
31:     optimizer-copy-to-main-grad ....................: (0.15, 0.37)
31:     optimizer-inner-step ...........................: (0.55, 0.68)
31:     optimizer-copy-main-to-model-params ............: (0.31, 0.89)
31:     optimizer ......................................: (2.73, 3.31)
31:     batch-generator ................................: (4.05, 4.68)
31:     forward-compute ................................: (498.90, 531.38)
31:     backward-compute ...............................: (1080.60, 1113.86)
31:  [2026-08-18 03:15:27.747361] iteration       21/   18141 | consumed samples:         6048 | elapsed time per iteration (ms): 1554.9 | throughput per GPU (TFLOP/s/GPU): 375.2 | learning rate: 1.680000E-05 | global batch size:   288 | lm loss: 9.434345E+00 | loss scale: 1.0 | grad norm: 5.999 | params norm: 663.215 | number of skipped iterations:   0 | number of nan iterations:   0 |
31: INFO:megatron.core.timers:(min, max) time across ranks (ms):
31:     forward-backward ...............................: (1537.16, 1537.28)
31:     embedding-grads-all-reduce .....................: (0.01, 0.02)
31:     all-grads-sync .................................: (0.16, 0.22)
31:     optimizer-copy-to-main-grad ....................: (0.16, 0.36)
31:     optimizer-inner-step ...........................: (0.56, 0.68)
31:     optimizer-copy-main-to-model-params ............: (0.32, 0.86)
31:     optimizer ......................................: (2.70, 3.24)
31:     batch-generator ................................: (4.01, 4.95)
31:     forward-compute ................................: (496.80, 530.17)
31:     backward-compute ...............................: (1003.65, 1035.64)
31:  [2026-08-18 03:15:29.322088] iteration       22/   18141 | consumed samples:         6336 | elapsed time per iteration (ms): 1574.5 | throughput per GPU (TFLOP/s/GPU): 372.5 | learning rate: 1.760000E-05 | global batch size:   288 | lm loss: 9.348215E+00 | loss scale: 1.0 | grad norm: 3.475 | params norm: 663.213 | number of skipped iterations:   0 | number of nan iterations:   0 |
31: INFO:megatron.core.timers:(min, max) time across ranks (ms):
31:     forward-backward ...............................: (1556.19, 1556.31)
31:     embedding-grads-all-reduce .....................: (0.02, 0.02)
31:     all-grads-sync .................................: (0.16, 0.22)
31:     optimizer-copy-to-main-grad ....................: (0.15, 0.38)
31:     optimizer-inner-step ...........................: (0.55, 0.68)
31:     optimizer-copy-main-to-model-params ............: (0.32, 0.90)
31:     optimizer ......................................: (2.72, 3.30)
31:     batch-generator ................................: (4.11, 4.68)
31:     forward-compute ................................: (499.74, 536.61)
31:     backward-compute ...............................: (1013.86, 1052.14)
31:  [2026-08-18 03:15:30.883558] iteration       23/   18141 | consumed samples:         6624 | elapsed time per iteration (ms): 1561.4 | throughput per GPU (TFLOP/s/GPU): 375.0 | learning rate: 1.840000E-05 | global batch size:   288 | lm loss: 9.316162E+00 | loss scale: 1.0 | grad norm: 4.236 | params norm: 663.210 | number of skipped iterations:   0 | number of nan iterations:   0 |
31: INFO:megatron.core.timers:(min, max) time across ranks (ms):
31:     forward-backward ...............................: (1543.29, 1543.40)
31:     embedding-grads-all-reduce .....................: (0.01, 0.02)
31:     all-grads-sync .................................: (0.17, 0.21)
31:     optimizer-copy-to-main-grad ....................: (0.16, 0.38)
31:     optimizer-inner-step ...........................: (0.55, 0.68)
31:     optimizer-copy-main-to-model-params ............: (0.29, 0.99)
31:     optimizer ......................................: (2.77, 3.48)
31:     batch-generator ................................: (4.09, 5.32)
31:     forward-compute ................................: (499.25, 535.43)
31:     backward-compute ...............................: (1004.38, 1040.48)
31:  [2026-08-18 03:15:32.456189] iteration       24/   18141 | consumed samples:         6912 | elapsed time per iteration (ms): 1572.4 | throughput per GPU (TFLOP/s/GPU): 371.7 | learning rate: 1.920000E-05 | global batch size:   288 | lm loss: 9.213444E+00 | loss scale: 1.0 | grad norm: 3.037 | params norm: 663.208 | number of skipped iterations:   0 | number of nan iterations:   0 |
31: INFO:megatron.core.timers:(min, max) time across ranks (ms):
31:     forward-backward ...............................: (1554.98, 1555.13)
31:     embedding-grads-all-reduce .....................: (0.01, 0.04)
31:     all-grads-sync .................................: (0.16, 0.24)
31:     optimizer-copy-to-main-grad ....................: (0.15, 0.37)
31:     optimizer-inner-step ...........................: (0.55, 0.67)
31:     optimizer-copy-main-to-model-params ............: (0.31, 0.89)
31:     optimizer ......................................: (2.69, 3.28)
31:     batch-generator ................................: (4.06, 4.77)
31:     forward-compute ................................: (499.92, 533.32)
31:     backward-compute ...............................: (1017.17, 1051.10)
31:  [2026-08-18 03:15:33.992217] iteration       25/   18141 | consumed samples:         7200 | elapsed time per iteration (ms): 1535.9 | throughput per GPU (TFLOP/s/GPU): 380.7 | learning rate: 2.000000E-05 | global batch size:   288 | lm loss: 9.135999E+00 | loss scale: 1.0 | grad norm: 2.811 | params norm: 663.206 | number of skipped iterations:   0 | number of nan iterations:   0 |
31: INFO:megatron.core.timers:(min, max) time across ranks (ms):
31:     forward-backward ...............................: (1517.83, 1517.94)
31:     embedding-grads-all-reduce .....................: (0.02, 0.02)
31:     all-grads-sync .................................: (0.16, 0.22)
31:     optimizer-copy-to-main-grad ....................: (0.16, 0.38)
31:     optimizer-inner-step ...........................: (0.55, 0.68)
31:     optimizer-copy-main-to-model-params ............: (0.31, 0.93)
31:     optimizer ......................................: (2.75, 3.37)
31:     batch-generator ................................: (4.06, 5.16)
31:     forward-compute ................................: (497.32, 525.64)
31:     backward-compute ...............................: (986.85, 1015.05)
31:  [2026-08-18 03:15:35.562698] iteration       26/   18141 | consumed samples:         7488 | elapsed time per iteration (ms): 1570.3 | throughput per GPU (TFLOP/s/GPU): 371.6 | learning rate: 2.080000E-05 | global batch size:   288 | lm loss: 9.076323E+00 | loss scale: 1.0 | grad norm: 2.667 | params norm: 663.204 | number of skipped iterations:   0 | number of nan iterations:   0 |
31: INFO:megatron.core.timers:(min, max) time across ranks (ms):
31:     forward-backward ...............................: (1552.08, 1552.16)
31:     embedding-grads-all-reduce .....................: (0.01, 0.02)
31:     all-grads-sync .................................: (0.16, 0.22)
31:     optimizer-copy-to-main-grad ....................: (0.15, 0.38)
31:     optimizer-inner-step ...........................: (0.55, 0.67)
31:     optimizer-copy-main-to-model-params ............: (0.30, 0.88)
31:     optimizer ......................................: (2.72, 3.31)
31:     batch-generator ................................: (3.93, 4.80)
31:     forward-compute ................................: (492.80, 537.67)
31:     backward-compute ...............................: (1009.97, 1055.86)
31:  [2026-08-18 03:15:37.155446] iteration       27/   18141 | consumed samples:         7776 | elapsed time per iteration (ms): 1592.6 | throughput per GPU (TFLOP/s/GPU): 368.6 | learning rate: 2.160000E-05 | global batch size:   288 | lm loss: 9.016714E+00 | loss scale: 1.0 | grad norm: 2.429 | params norm: 663.203 | number of skipped iterations:   0 | number of nan iterations:   0 |
31: INFO:megatron.core.timers:(min, max) time across ranks (ms):
31:     forward-backward ...............................: (1574.87, 1574.97)
31:     embedding-grads-all-reduce .....................: (0.01, 0.02)
31:     all-grads-sync .................................: (0.16, 0.22)
31:     optimizer-copy-to-main-grad ....................: (0.16, 0.38)
31:     optimizer-inner-step ...........................: (0.55, 0.69)
31:     optimizer-copy-main-to-model-params ............: (0.31, 0.95)
31:     optimizer ......................................: (2.75, 3.38)
31:     batch-generator ................................: (4.03, 4.81)
31:     forward-compute ................................: (499.50, 541.93)
31:     backward-compute ...............................: (1028.81, 1071.17)
31:  [2026-08-18 03:15:38.722693] iteration       28/   18141 | consumed samples:         8064 | elapsed time per iteration (ms): 1567.1 | throughput per GPU (TFLOP/s/GPU): 371.6 | learning rate: 2.240000E-05 | global batch size:   288 | lm loss: 8.965225E+00 | loss scale: 1.0 | grad norm: 1.906 | params norm: 663.201 | number of skipped iterations:   0 | number of nan iterations:   0 |
31: INFO:megatron.core.timers:(min, max) time across ranks (ms):
31:     forward-backward ...............................: (1549.40, 1549.49)
31:     embedding-grads-all-reduce .....................: (0.02, 0.02)
31:     all-grads-sync .................................: (0.16, 0.22)
31:     optimizer-copy-to-main-grad ....................: (0.15, 0.38)
31:     optimizer-inner-step ...........................: (0.55, 0.66)
31:     optimizer-copy-main-to-model-params ............: (0.31, 0.98)
31:     optimizer ......................................: (2.76, 3.42)
31:     batch-generator ................................: (3.91, 4.62)
31:     forward-compute ................................: (497.21, 531.77)
31:     backward-compute ...............................: (1011.91, 1046.63)
31:  [2026-08-18 03:15:40.299104] iteration       29/   18141 | consumed samples:         8352 | elapsed time per iteration (ms): 1576.3 | throughput per GPU (TFLOP/s/GPU): 370.0 | learning rate: 2.320000E-05 | global batch size:   288 | lm loss: 8.877019E+00 | loss scale: 1.0 | grad norm: 2.141 | params norm: 663.200 | number of skipped iterations:   0 | number of nan iterations:   0 |
31: INFO:megatron.core.timers:(min, max) time across ranks (ms):
31:     forward-backward ...............................: (1557.60, 1557.68)
31:     embedding-grads-all-reduce .....................: (0.01, 0.02)
31:     all-grads-sync .................................: (0.17, 0.26)
31:     optimizer-copy-to-main-grad ....................: (0.16, 0.38)
31:     optimizer-inner-step ...........................: (0.55, 0.67)
31:     optimizer-copy-main-to-model-params ............: (0.33, 0.94)
31:     optimizer ......................................: (2.78, 3.38)
31:     batch-generator ................................: (3.95, 4.88)
31:     forward-compute ................................: (495.09, 535.67)
31:     backward-compute ...............................: (1017.01, 1057.33)
31:  [2026-08-18 03:15:41.894291] iteration       30/   18141 | consumed samples:         8640 | elapsed time per iteration (ms): 1595.0 | throughput per GPU (TFLOP/s/GPU): 366.3 | learning rate: 2.400000E-05 | global batch size:   288 | lm loss: 8.821818E+00 | loss scale: 1.0 | grad norm: 1.894 | params norm: 663.198 | number of skipped iterations:   0 | number of nan iterations:   0 |
31: INFO:megatron.core.timers:(min, max) time across ranks (ms):
31:     forward-backward ...............................: (1577.23, 1577.34)
31:     embedding-grads-all-reduce .....................: (0.01, 0.04)
31:     all-grads-sync .................................: (0.16, 0.22)
31:     optimizer-copy-to-main-grad ....................: (0.15, 0.36)
31:     optimizer-inner-step ...........................: (0.55, 0.69)
31:     optimizer-copy-main-to-model-params ............: (0.32, 0.93)
31:     optimizer ......................................: (2.73, 3.35)
31:     batch-generator ................................: (4.01, 4.73)
31:     forward-compute ................................: (499.45, 542.47)
31:     backward-compute ...............................: (1030.88, 1072.48)
31:  [2026-08-18 03:15:43.448099] iteration       31/   18141 | consumed samples:         8928 | elapsed time per iteration (ms): 1553.6 | throughput per GPU (TFLOP/s/GPU): 374.5 | learning rate: 2.480000E-05 | global batch size:   288 | lm loss: 8.736185E+00 | loss scale: 1.0 | grad norm: 1.706 | params norm: 663.197 | number of skipped iterations:   0 | number of nan iterations:   0 |
31: INFO:megatron.core.timers:(min, max) time across ranks (ms):
31:     forward-backward ...............................: (1534.95, 1535.04)
31:     embedding-grads-all-reduce .....................: (0.01, 0.02)
31:     all-grads-sync .................................: (0.16, 0.22)
31:     optimizer-copy-to-main-grad ....................: (0.16, 0.39)
31:     optimizer-inner-step ...........................: (0.55, 0.67)
31:     optimizer-copy-main-to-model-params ............: (0.31, 0.92)
31:     optimizer ......................................: (2.76, 3.38)
31:     batch-generator ................................: (4.03, 4.74)
31:     forward-compute ................................: (497.09, 535.71)
31:     backward-compute ...............................: (994.95, 1034.02)
31:  [2026-08-18 03:15:45.019179] iteration       32/   18141 | consumed samples:         9216 | elapsed time per iteration (ms): 1571.0 | throughput per GPU (TFLOP/s/GPU): 371.2 | learning rate: 2.560000E-05 | global batch size:   288 | lm loss: 8.678424E+00 | loss scale: 1.0 | grad norm: 1.555 | params norm: 663.197 | number of skipped iterations:   0 | number of nan iterations:   0 |
31: INFO:megatron.core.timers:(min, max) time across ranks (ms):
31:     forward-backward ...............................: (1553.31, 1553.40)
31:     embedding-grads-all-reduce .....................: (0.02, 0.02)
31:     all-grads-sync .................................: (0.17, 0.21)
31:     optimizer-copy-to-main-grad ....................: (0.15, 0.37)
31:     optimizer-inner-step ...........................: (0.56, 0.68)
31:     optimizer-copy-main-to-model-params ............: (0.32, 0.98)
31:     optimizer ......................................: (2.76, 3.43)
31:     batch-generator ................................: (3.99, 4.67)
31:     forward-compute ................................: (500.85, 536.73)
31:     backward-compute ...............................: (1013.11, 1048.83)
31:  [2026-08-18 03:15:46.621815] iteration       33/   18141 | consumed samples:         9504 | elapsed time per iteration (ms): 1602.4 | throughput per GPU (TFLOP/s/GPU): 365.3 | learning rate: 2.640000E-05 | global batch size:   288 | lm loss: 8.611442E+00 | loss scale: 1.0 | grad norm: 1.652 | params norm: 663.196 | number of skipped iterations:   0 | number of nan iterations:   0 |
31: INFO:megatron.core.timers:(min, max) time across ranks (ms):
31:     forward-backward ...............................: (1584.86, 1584.95)
31:     embedding-grads-all-reduce .....................: (0.02, 0.02)
31:     all-grads-sync .................................: (0.16, 0.22)
31:     optimizer-copy-to-main-grad ....................: (0.15, 0.37)
31:     optimizer-inner-step ...........................: (0.55, 0.67)
31:     optimizer-copy-main-to-model-params ............: (0.30, 0.85)
31:     optimizer ......................................: (2.67, 3.23)
31:     batch-generator ................................: (4.05, 4.70)
31:     forward-compute ................................: (505.88, 546.86)
31:     backward-compute ...............................: (1033.75, 1072.19)
31:  [2026-08-18 03:15:48.177292] iteration       34/   18141 | consumed samples:         9792 | elapsed time per iteration (ms): 1555.3 | throughput per GPU (TFLOP/s/GPU): 374.3 | learning rate: 2.720000E-05 | global batch size:   288 | lm loss: 8.524280E+00 | loss scale: 1.0 | grad norm: 1.433 | params norm: 663.196 | number of skipped iterations:   0 | number of nan iterations:   0 |
31: INFO:megatron.core.timers:(min, max) time across ranks (ms):
31:     forward-backward ...............................: (1536.60, 1536.70)
31:     embedding-grads-all-reduce .....................: (0.02, 0.02)
31:     all-grads-sync .................................: (0.17, 0.24)
31:     optimizer-copy-to-main-grad ....................: (0.15, 0.36)
31:     optimizer-inner-step ...........................: (0.55, 0.68)
31:     optimizer-copy-main-to-model-params ............: (0.32, 0.91)
31:     optimizer ......................................: (2.74, 3.33)
31:     batch-generator ................................: (4.08, 5.17)
31:     forward-compute ................................: (497.05, 540.70)
31:     backward-compute ...............................: (990.29, 1034.19)
31:  [2026-08-18 03:15:49.791457] iteration       35/   18141 | consumed samples:        10080 | elapsed time per iteration (ms): 1614.0 | throughput per GPU (TFLOP/s/GPU): 362.0 | learning rate: 2.800000E-05 | global batch size:   288 | lm loss: 8.475100E+00 | loss scale: 1.0 | grad norm: 1.247 | params norm: 663.196 | number of skipped iterations:   0 | number of nan iterations:   0 |
31: INFO:megatron.core.timers:(min, max) time across ranks (ms):
31:     forward-backward ...............................: (1595.32, 1595.48)
31:     embedding-grads-all-reduce .....................: (0.02, 0.02)
31:     all-grads-sync .................................: (0.17, 0.24)
31:     optimizer-copy-to-main-grad ....................: (0.15, 0.39)
31:     optimizer-inner-step ...........................: (0.55, 0.68)
31:     optimizer-copy-main-to-model-params ............: (0.30, 0.90)
31:     optimizer ......................................: (2.80, 3.41)
31:     batch-generator ................................: (4.09, 4.66)
31:     forward-compute ................................: (499.92, 543.51)
31:     backward-compute ...............................: (1045.53, 1088.80)
31:  [2026-08-18 03:15:51.372844] iteration       36/   18141 | consumed samples:        10368 | elapsed time per iteration (ms): 1581.2 | throughput per GPU (TFLOP/s/GPU): 369.6 | learning rate: 2.880000E-05 | global batch size:   288 | lm loss: 8.396699E+00 | loss scale: 1.0 | grad norm: 1.545 | params norm: 663.196 | number of skipped iterations:   0 | number of nan iterations:   0 |
31: INFO:megatron.core.timers:(min, max) time across ranks (ms):
31:     forward-backward ...............................: (1562.97, 1563.06)
31:     embedding-grads-all-reduce .....................: (0.02, 0.02)
31:     all-grads-sync .................................: (0.16, 0.23)
31:     optimizer-copy-to-main-grad ....................: (0.16, 0.36)
31:     optimizer-inner-step ...........................: (0.55, 0.67)
31:     optimizer-copy-main-to-model-params ............: (0.34, 0.89)
31:     optimizer ......................................: (2.72, 3.27)
31:     batch-generator ................................: (4.06, 5.02)
31:     forward-compute ................................: (506.48, 545.74)
31:     backward-compute ...............................: (1013.34, 1050.91)
31:  [2026-08-18 03:15:52.958456] iteration       37/   18141 | consumed samples:        10656 | elapsed time per iteration (ms): 1585.4 | throughput per GPU (TFLOP/s/GPU): 369.1 | learning rate: 2.960000E-05 | global batch size:   288 | lm loss: 8.306794E+00 | loss scale: 1.0 | grad norm: 1.451 | params norm: 663.197 | number of skipped iterations:   0 | number of nan iterations:   0 |
31: INFO:megatron.core.timers:(min, max) time across ranks (ms):
31:     forward-backward ...............................: (1567.74, 1567.90)
31:     embedding-grads-all-reduce .....................: (0.02, 0.02)
31:     all-grads-sync .................................: (0.15, 0.23)
31:     optimizer-copy-to-main-grad ....................: (0.15, 0.38)
31:     optimizer-inner-step ...........................: (0.55, 0.71)
31:     optimizer-copy-main-to-model-params ............: (0.31, 0.88)
31:     optimizer ......................................: (2.73, 3.31)
31:     batch-generator ................................: (4.08, 4.62)
31:     forward-compute ................................: (495.49, 537.98)
31:     backward-compute ...............................: (1025.82, 1068.02)
31:  [2026-08-18 03:15:54.489304] iteration       38/   18141 | consumed samples:        10944 | elapsed time per iteration (ms): 1530.7 | throughput per GPU (TFLOP/s/GPU): 381.1 | learning rate: 3.040000E-05 | global batch size:   288 | lm loss: 8.267289E+00 | loss scale: 1.0 | grad norm: 1.173 | params norm: 663.198 | number of skipped iterations:   0 | number of nan iterations:   0 |
31: INFO:megatron.core.timers:(min, max) time across ranks (ms):
31:     forward-backward ...............................: (1512.59, 1512.72)
31:     embedding-grads-all-reduce .....................: (0.01, 0.02)
31:     all-grads-sync .................................: (0.16, 0.25)
31:     optimizer-copy-to-main-grad ....................: (0.15, 0.35)
31:     optimizer-inner-step ...........................: (0.56, 0.67)
31:     optimizer-copy-main-to-model-params ............: (0.31, 0.81)
31:     optimizer ......................................: (2.64, 3.15)
31:     batch-generator ................................: (4.06, 4.84)
31:     forward-compute ................................: (495.51, 522.58)
31:     backward-compute ...............................: (986.10, 1013.26)
31:  [2026-08-18 03:15:56.074053] iteration       39/   18141 | consumed samples:        11232 | elapsed time per iteration (ms): 1584.6 | throughput per GPU (TFLOP/s/GPU): 368.4 | learning rate: 3.120000E-05 | global batch size:   288 | lm loss: 8.178228E+00 | loss scale: 1.0 | grad norm: 1.931 | params norm: 663.199 | number of skipped iterations:   0 | number of nan iterations:   0 |
31: INFO:megatron.core.timers:(min, max) time across ranks (ms):
31:     forward-backward ...............................: (1566.00, 1566.11)
31:     embedding-grads-all-reduce .....................: (0.01, 0.02)
31:     all-grads-sync .................................: (0.16, 0.22)
31:     optimizer-copy-to-main-grad ....................: (0.16, 0.37)
31:     optimizer-inner-step ...........................: (0.55, 0.69)
31:     optimizer-copy-main-to-model-params ............: (0.31, 0.90)
31:     optimizer ......................................: (2.75, 3.34)
31:     batch-generator ................................: (4.06, 4.84)
31:     forward-compute ................................: (505.55, 546.89)
31:     backward-compute ...............................: (1015.57, 1056.74)
31:  [2026-08-18 03:15:57.689232] iteration       40/   18141 | consumed samples:        11520 | elapsed time per iteration (ms): 1615.0 | throughput per GPU (TFLOP/s/GPU): 361.3 | learning rate: 3.200000E-05 | global batch size:   288 | lm loss: 8.132025E+00 | loss scale: 1.0 | grad norm: 1.379 | params norm: 663.201 | number of skipped iterations:   0 | number of nan iterations:   0 |
31: INFO:megatron.core.timers:(min, max) time across ranks (ms):
31:     forward-backward ...............................: (1596.70, 1596.79)
31:     embedding-grads-all-reduce .....................: (0.02, 0.02)
31:     all-grads-sync .................................: (0.17, 0.25)
31:     optimizer-copy-to-main-grad ....................: (0.15, 0.37)
31:     optimizer-inner-step ...........................: (0.55, 0.69)
31:     optimizer-copy-main-to-model-params ............: (0.31, 0.95)
31:     optimizer ......................................: (2.76, 3.40)
31:     batch-generator ................................: (4.13, 4.80)
31:     forward-compute ................................: (505.33, 546.32)
31:     backward-compute ...............................: (1042.92, 1087.32)
31:  [2026-08-18 03:15:59.272480] iteration       41/   18141 | consumed samples:        11808 | elapsed time per iteration (ms): 1583.1 | throughput per GPU (TFLOP/s/GPU): 368.2 | learning rate: 3.280000E-05 | global batch size:   288 | lm loss: 8.069780E+00 | loss scale: 1.0 | grad norm: 1.540 | params norm: 663.203 | number of skipped iterations:   0 | number of nan iterations:   0 |
31: INFO:megatron.core.timers:(min, max) time across ranks (ms):
31:     forward-backward ...............................: (1565.63, 1565.74)
31:     embedding-grads-all-reduce .....................: (0.01, 0.02)
31:     all-grads-sync .................................: (0.17, 0.23)
31:     optimizer-copy-to-main-grad ....................: (0.16, 0.37)
31:     optimizer-inner-step ...........................: (0.56, 0.67)
31:     optimizer-copy-main-to-model-params ............: (0.31, 0.82)
31:     optimizer ......................................: (2.72, 3.23)
31:     batch-generator ................................: (4.04, 4.77)
31:     forward-compute ................................: (498.84, 540.03)
31:     backward-compute ...............................: (1017.51, 1063.25)
31:  [2026-08-18 03:16:00.913978] iteration       42/   18141 | consumed samples:        12096 | elapsed time per iteration (ms): 1641.4 | throughput per GPU (TFLOP/s/GPU): 356.1 | learning rate: 3.360000E-05 | global batch size:   288 | lm loss: 7.999759E+00 | loss scale: 1.0 | grad norm: 1.368 | params norm: 663.206 | number of skipped iterations:   0 | number of nan iterations:   0 |
31: INFO:megatron.core.timers:(min, max) time across ranks (ms):
31:     forward-backward ...............................: (1623.28, 1623.41)
31:     embedding-grads-all-reduce .....................: (0.02, 0.02)
31:     all-grads-sync .................................: (0.17, 0.22)
31:     optimizer-copy-to-main-grad ....................: (0.15, 0.37)
31:     optimizer-inner-step ...........................: (0.56, 0.68)
31:     optimizer-copy-main-to-model-params ............: (0.32, 0.90)
31:     optimizer ......................................: (2.76, 3.35)
31:     batch-generator ................................: (4.07, 4.77)
31:     forward-compute ................................: (501.11, 553.40)
31:     backward-compute ...............................: (1066.43, 1118.24)
31:  [2026-08-18 03:16:02.505832] iteration       43/   18141 | consumed samples:        12384 | elapsed time per iteration (ms): 1591.7 | throughput per GPU (TFLOP/s/GPU): 366.2 | learning rate: 3.440000E-05 | global batch size:   288 | lm loss: 7.928082E+00 | loss scale: 1.0 | grad norm: 1.596 | params norm: 663.209 | number of skipped iterations:   0 | number of nan iterations:   0 |
31: INFO:megatron.core.timers:(min, max) time across ranks (ms):
31:     forward-backward ...............................: (1572.64, 1572.80)
31:     embedding-grads-all-reduce .....................: (0.02, 0.02)
31:     all-grads-sync .................................: (0.17, 0.23)
31:     optimizer-copy-to-main-grad ....................: (0.15, 0.36)
31:     optimizer-inner-step ...........................: (0.55, 0.67)
31:     optimizer-copy-main-to-model-params ............: (0.30, 0.95)
31:     optimizer ......................................: (2.74, 3.41)
31:     batch-generator ................................: (4.13, 4.68)
31:     forward-compute ................................: (503.00, 539.56)
31:     backward-compute ...............................: (1027.59, 1065.71)
31:  [2026-08-18 03:16:04.065160] iteration       44/   18141 | consumed samples:        12672 | elapsed time per iteration (ms): 1559.2 | throughput per GPU (TFLOP/s/GPU): 373.6 | learning rate: 3.520000E-05 | global batch size:   288 | lm loss: 7.876460E+00 | loss scale: 1.0 | grad norm: 1.155 | params norm: 663.212 | number of skipped iterations:   0 | number of nan iterations:   0 |
31: INFO:megatron.core.timers:(min, max) time across ranks (ms):
31:     forward-backward ...............................: (1540.68, 1540.77)
31:     embedding-grads-all-reduce .....................: (0.02, 0.02)
31:     all-grads-sync .................................: (0.16, 0.23)
31:     optimizer-copy-to-main-grad ....................: (0.16, 0.39)
31:     optimizer-inner-step ...........................: (0.55, 0.66)
31:     optimizer-copy-main-to-model-params ............: (0.32, 0.96)
31:     optimizer ......................................: (2.71, 3.36)
31:     batch-generator ................................: (4.11, 4.72)
31:     forward-compute ................................: (501.27, 529.64)
31:     backward-compute ...............................: (1006.91, 1032.88)
31:  [2026-08-18 03:16:05.632617] iteration       45/   18141 | consumed samples:        12960 | elapsed time per iteration (ms): 1567.3 | throughput per GPU (TFLOP/s/GPU): 371.9 | learning rate: 3.600000E-05 | global batch size:   288 | lm loss: 7.823132E+00 | loss scale: 1.0 | grad norm: 1.428 | params norm: 663.216 | number of skipped iterations:   0 | number of nan iterations:   0 |
31: INFO:megatron.core.timers:(min, max) time across ranks (ms):
31:     forward-backward ...............................: (1549.73, 1549.84)
31:     embedding-grads-all-reduce .....................: (0.01, 0.02)
31:     all-grads-sync .................................: (0.17, 0.23)
31:     optimizer-copy-to-main-grad ....................: (0.15, 0.40)
31:     optimizer-inner-step ...........................: (0.55, 0.67)
31:     optimizer-copy-main-to-model-params ............: (0.31, 0.94)
31:     optimizer ......................................: (2.75, 3.40)
31:     batch-generator ................................: (3.90, 4.64)
31:     forward-compute ................................: (494.17, 533.36)
31:     backward-compute ...............................: (1012.90, 1051.82)
31:  [2026-08-18 03:16:07.220008] iteration       46/   18141 | consumed samples:        13248 | elapsed time per iteration (ms): 1587.2 | throughput per GPU (TFLOP/s/GPU): 367.1 | learning rate: 3.680000E-05 | global batch size:   288 | lm loss: 7.752617E+00 | loss scale: 1.0 | grad norm: 1.496 | params norm: 663.221 | number of skipped iterations:   0 | number of nan iterations:   0 |
31: INFO:megatron.core.timers:(min, max) time across ranks (ms):
31:     forward-backward ...............................: (1568.95, 1569.05)
31:     embedding-grads-all-reduce .....................: (0.02, 0.02)
31:     all-grads-sync .................................: (0.15, 0.21)
31:     optimizer-copy-to-main-grad ....................: (0.16, 0.37)
31:     optimizer-inner-step ...........................: (0.55, 0.67)
31:     optimizer-copy-main-to-model-params ............: (0.30, 0.95)
31:     optimizer ......................................: (2.69, 3.34)
31:     batch-generator ................................: (4.14, 4.59)
31:     forward-compute ................................: (497.92, 541.94)
31:     backward-compute ...............................: (1023.58, 1067.48)
31:  [2026-08-18 03:16:08.833411] iteration       47/   18141 | consumed samples:        13536 | elapsed time per iteration (ms): 1613.2 | throughput per GPU (TFLOP/s/GPU): 362.3 | learning rate: 3.760000E-05 | global batch size:   288 | lm loss: 7.700771E+00 | loss scale: 1.0 | grad norm: 1.692 | params norm: 663.226 | number of skipped iterations:   0 | number of nan iterations:   0 |
31: INFO:megatron.core.timers:(min, max) time across ranks (ms):
31:     forward-backward ...............................: (1594.94, 1595.07)
31:     embedding-grads-all-reduce .....................: (0.02, 0.02)
31:     all-grads-sync .................................: (0.15, 0.24)
31:     optimizer-copy-to-main-grad ....................: (0.16, 0.39)
31:     optimizer-inner-step ...........................: (0.55, 0.67)
31:     optimizer-copy-main-to-model-params ............: (0.34, 0.95)
31:     optimizer ......................................: (2.78, 3.38)
31:     batch-generator ................................: (4.05, 4.57)
31:     forward-compute ................................: (498.42, 552.38)
31:     backward-compute ...............................: (1039.04, 1093.22)
31:  [2026-08-18 03:16:10.416764] iteration       48/   18141 | consumed samples:        13824 | elapsed time per iteration (ms): 1583.2 | throughput per GPU (TFLOP/s/GPU): 369.0 | learning rate: 3.840000E-05 | global batch size:   288 | lm loss: 7.646421E+00 | loss scale: 1.0 | grad norm: 1.188 | params norm: 663.231 | number of skipped iterations:   0 | number of nan iterations:   0 |
31: INFO:megatron.core.timers:(min, max) time across ranks (ms):
31:     forward-backward ...............................: (1564.72, 1564.80)
31:     embedding-grads-all-reduce .....................: (0.02, 0.02)
31:     all-grads-sync .................................: (0.16, 0.21)
31:     optimizer-copy-to-main-grad ....................: (0.15, 0.38)
31:     optimizer-inner-step ...........................: (0.55, 0.68)
31:     optimizer-copy-main-to-model-params ............: (0.31, 0.97)
31:     optimizer ......................................: (2.72, 3.38)
31:     batch-generator ................................: (4.07, 4.78)
31:     forward-compute ................................: (498.27, 533.95)
31:     backward-compute ...............................: (1025.74, 1062.36)
31:  [2026-08-18 03:16:11.996139] iteration       49/   18141 | consumed samples:        14112 | elapsed time per iteration (ms): 1579.2 | throughput per GPU (TFLOP/s/GPU): 369.5 | learning rate: 3.920000E-05 | global batch size:   288 | lm loss: 7.575164E+00 | loss scale: 1.0 | grad norm: 1.973 | params norm: 663.237 | number of skipped iterations:   0 | number of nan iterations:   0 |
31: INFO:megatron.core.timers:(min, max) time across ranks (ms):
31:     forward-backward ...............................: (1560.60, 1560.70)
31:     embedding-grads-all-reduce .....................: (0.01, 0.02)
31:     all-grads-sync .................................: (0.16, 0.22)
31:     optimizer-copy-to-main-grad ....................: (0.16, 0.40)
31:     optimizer-inner-step ...........................: (0.55, 0.68)
31:     optimizer-copy-main-to-model-params ............: (0.29, 0.92)
31:     optimizer ......................................: (2.76, 3.39)
31:     batch-generator ................................: (4.16, 4.67)
31:     forward-compute ................................: (499.00, 530.74)
31:     backward-compute ...............................: (1023.86, 1058.42)
31:  [2026-08-18 03:16:13.556333] iteration       50/   18141 | consumed samples:        14400 | elapsed time per iteration (ms): 1560.0 | throughput per GPU (TFLOP/s/GPU): 374.5 | learning rate: 4.000000E-05 | global batch size:   288 | lm loss: 7.527983E+00 | loss scale: 1.0 | grad norm: 1.624 | params norm: 663.243 | number of skipped iterations:   0 | number of nan iterations:   0 |
31: INFO:megatron.core.timers:(min, max) time across ranks (ms):
31:     forward-backward ...............................: (1541.01, 1541.11)
31:     embedding-grads-all-reduce .....................: (0.01, 0.02)
31:     all-grads-sync .................................: (0.16, 0.23)
31:     optimizer-copy-to-main-grad ....................: (0.16, 0.37)
31:     optimizer-inner-step ...........................: (0.56, 0.68)
31:     optimizer-copy-main-to-model-params ............: (0.30, 0.95)
31:     optimizer ......................................: (2.73, 3.38)
31:     batch-generator ................................: (4.10, 4.76)
31:     forward-compute ................................: (496.25, 529.73)
31:     backward-compute ...............................: (1006.35, 1040.52)
31:  [2026-08-18 03:16:15.158951] iteration       51/   18141 | consumed samples:        14688 | elapsed time per iteration (ms): 1602.5 | throughput per GPU (TFLOP/s/GPU): 365.1 | learning rate: 4.080000E-05 | global batch size:   288 | lm loss: 7.498554E+00 | loss scale: 1.0 | grad norm: 1.323 | params norm: 663.250 | number of skipped iterations:   0 | number of nan iterations:   0 |
31: INFO:megatron.core.timers:(min, max) time across ranks (ms):
31:     forward-backward ...............................: (1584.49, 1584.59)
31:     embedding-grads-all-reduce .....................: (0.02, 0.02)
31:     all-grads-sync .................................: (0.16, 0.22)
31:     optimizer-copy-to-main-grad ....................: (0.16, 0.37)
31:     optimizer-inner-step ...........................: (0.55, 0.66)
31:     optimizer-copy-main-to-model-params ............: (0.31, 0.94)
31:     optimizer ......................................: (2.71, 3.33)
31:     batch-generator ................................: (4.00, 4.85)
31:     forward-compute ................................: (501.03, 545.76)
31:     backward-compute ...............................: (1035.16, 1076.50)
31:  [2026-08-18 03:16:16.731131] iteration       52/   18141 | consumed samples:        14976 | elapsed time per iteration (ms): 1572.1 | throughput per GPU (TFLOP/s/GPU): 370.6 | learning rate: 4.160000E-05 | global batch size:   288 | lm loss: 7.452594E+00 | loss scale: 1.0 | grad norm: 2.688 | params norm: 663.257 | number of skipped iterations:   0 | number of nan iterations:   0 |
31: INFO:megatron.core.timers:(min, max) time across ranks (ms):
31:     forward-backward ...............................: (1553.67, 1553.80)
31:     embedding-grads-all-reduce .....................: (0.01, 0.02)
31:     all-grads-sync .................................: (0.16, 0.21)
31:     optimizer-copy-to-main-grad ....................: (0.15, 0.37)
31:     optimizer-inner-step ...........................: (0.55, 0.67)
31:     optimizer-copy-main-to-model-params ............: (0.30, 0.95)
31:     optimizer ......................................: (2.72, 3.37)
31:     batch-generator ................................: (4.06, 4.74)
31:     forward-compute ................................: (496.92, 533.57)
31:     backward-compute ...............................: (1015.88, 1053.13)
31:  [2026-08-18 03:16:18.299165] iteration       53/   18141 | consumed samples:        15264 | elapsed time per iteration (ms): 1567.9 | throughput per GPU (TFLOP/s/GPU): 371.5 | learning rate: 4.240000E-05 | global batch size:   288 | lm loss: 7.398669E+00 | loss scale: 1.0 | grad norm: 1.429 | params norm: 663.264 | number of skipped iterations:   0 | number of nan iterations:   0 |
31: INFO:megatron.core.timers:(min, max) time across ranks (ms):
31:     forward-backward ...............................: (1549.81, 1549.91)
31:     embedding-grads-all-reduce .....................: (0.01, 0.02)
31:     all-grads-sync .................................: (0.16, 0.23)
31:     optimizer-copy-to-main-grad ....................: (0.15, 0.38)
31:     optimizer-inner-step ...........................: (0.55, 0.67)
31:     optimizer-copy-main-to-model-params ............: (0.32, 0.98)
31:     optimizer ......................................: (2.75, 3.41)
31:     batch-generator ................................: (4.08, 4.70)
31:     forward-compute ................................: (497.12, 532.25)
31:     backward-compute ...............................: (1012.06, 1048.63)
31:  [2026-08-18 03:16:19.888672] iteration       54/   18141 | consumed samples:        15552 | elapsed time per iteration (ms): 1589.3 | throughput per GPU (TFLOP/s/GPU): 368.0 | learning rate: 4.320000E-05 | global batch size:   288 | lm loss: 7.363263E+00 | loss scale: 1.0 | grad norm: 1.381 | params norm: 663.273 | number of skipped iterations:   0 | number of nan iterations:   0 |
31: INFO:megatron.core.timers:(min, max) time across ranks (ms):
31:     forward-backward ...............................: (1570.66, 1570.83)
31:     embedding-grads-all-reduce .....................: (0.02, 0.02)
31:     all-grads-sync .................................: (0.16, 0.23)
31:     optimizer-copy-to-main-grad ....................: (0.16, 0.37)
31:     optimizer-inner-step ...........................: (0.55, 0.68)
31:     optimizer-copy-main-to-model-params ............: (0.30, 0.95)
31:     optimizer ......................................: (2.73, 3.39)
31:     batch-generator ................................: (4.04, 6.34)
31:     forward-compute ................................: (498.54, 540.79)
31:     backward-compute ...............................: (1024.43, 1067.05)
31:  [2026-08-18 03:16:21.481032] iteration       55/   18141 | consumed samples:        15840 | elapsed time per iteration (ms): 1592.2 | throughput per GPU (TFLOP/s/GPU): 367.1 | learning rate: 4.400000E-05 | global batch size:   288 | lm loss: 7.319036E+00 | loss scale: 1.0 | grad norm: 1.628 | params norm: 663.281 | number of skipped iterations:   0 | number of nan iterations:   0 |
31: INFO:megatron.core.timers:(min, max) time across ranks (ms):
31:     forward-backward ...............................: (1573.82, 1573.93)
31:     embedding-grads-all-reduce .....................: (0.02, 0.04)
31:     all-grads-sync .................................: (0.16, 0.23)
31:     optimizer-copy-to-main-grad ....................: (0.16, 0.40)
31:     optimizer-inner-step ...........................: (0.55, 0.68)
31:     optimizer-copy-main-to-model-params ............: (0.33, 0.91)
31:     optimizer ......................................: (2.75, 3.32)
31:     batch-generator ................................: (4.12, 4.76)
31:     forward-compute ................................: (494.96, 542.04)
31:     backward-compute ...............................: (1028.22, 1070.23)
31:  [2026-08-18 03:16:23.047032] iteration       56/   18141 | consumed samples:        16128 | elapsed time per iteration (ms): 1565.9 | throughput per GPU (TFLOP/s/GPU): 372.0 | learning rate: 4.480000E-05 | global batch size:   288 | lm loss: 7.274946E+00 | loss scale: 1.0 | grad norm: 1.156 | params norm: 663.290 | number of skipped iterations:   0 | number of nan iterations:   0 |
31: INFO:megatron.core.timers:(min, max) time across ranks (ms):
31:     forward-backward ...............................: (1547.49, 1547.60)
31:     embedding-grads-all-reduce .....................: (0.02, 0.02)
31:     all-grads-sync .................................: (0.17, 0.24)
31:     optimizer-copy-to-main-grad ....................: (0.15, 0.36)
31:     optimizer-inner-step ...........................: (0.55, 0.68)
31:     optimizer-copy-main-to-model-params ............: (0.31, 0.94)
31:     optimizer ......................................: (2.77, 3.40)
31:     batch-generator ................................: (4.08, 4.82)
31:     forward-compute ................................: (503.02, 528.49)
31:     backward-compute ...............................: (1014.92, 1038.17)
31:  [2026-08-18 03:16:24.605974] iteration       57/   18141 | consumed samples:        16416 | elapsed time per iteration (ms): 1558.7 | throughput per GPU (TFLOP/s/GPU): 373.5 | learning rate: 4.560000E-05 | global batch size:   288 | lm loss: 7.244119E+00 | loss scale: 1.0 | grad norm: 1.200 | params norm: 663.299 | number of skipped iterations:   0 | number of nan iterations:   0 |
31: INFO:megatron.core.timers:(min, max) time across ranks (ms):
31:     forward-backward ...............................: (1541.24, 1541.39)
31:     embedding-grads-all-reduce .....................: (0.02, 0.02)
31:     all-grads-sync .................................: (0.16, 0.23)
31:     optimizer-copy-to-main-grad ....................: (0.15, 0.39)
31:     optimizer-inner-step ...........................: (0.55, 0.67)
31:     optimizer-copy-main-to-model-params ............: (0.31, 0.91)
31:     optimizer ......................................: (2.74, 3.34)
31:     batch-generator ................................: (4.11, 4.69)
31:     forward-compute ................................: (506.18, 543.76)
31:     backward-compute ...............................: (993.80, 1030.58)
31:  [2026-08-18 03:16:26.192434] iteration       58/   18141 | consumed samples:        16704 | elapsed time per iteration (ms): 1586.3 | throughput per GPU (TFLOP/s/GPU): 368.9 | learning rate: 4.640000E-05 | global batch size:   288 | lm loss: 7.175104E+00 | loss scale: 1.0 | grad norm: 0.808 | params norm: 663.310 | number of skipped iterations:   0 | number of nan iterations:   0 |
31: INFO:megatron.core.timers:(min, max) time across ranks (ms):
31:     forward-backward ...............................: (1567.80, 1567.90)
31:     embedding-grads-all-reduce .....................: (0.02, 0.02)
31:     all-grads-sync .................................: (0.16, 0.22)
31:     optimizer-copy-to-main-grad ....................: (0.16, 0.39)
31:     optimizer-inner-step ...........................: (0.55, 0.67)
31:     optimizer-copy-main-to-model-params ............: (0.31, 0.89)
31:     optimizer ......................................: (2.73, 3.31)
31:     batch-generator ................................: (4.11, 4.78)
31:     forward-compute ................................: (496.18, 541.01)
31:     backward-compute ...............................: (1022.52, 1067.78)
31:  [2026-08-18 03:16:27.770381] iteration       59/   18141 | consumed samples:        16992 | elapsed time per iteration (ms): 1577.8 | throughput per GPU (TFLOP/s/GPU): 369.7 | learning rate: 4.720000E-05 | global batch size:   288 | lm loss: 7.153633E+00 | loss scale: 1.0 | grad norm: 1.348 | params norm: 663.320 | number of skipped iterations:   0 | number of nan iterations:   0 |
31: INFO:megatron.core.timers:(min, max) time across ranks (ms):
31:     forward-backward ...............................: (1559.75, 1559.86)
31:     embedding-grads-all-reduce .....................: (0.02, 0.04)
31:     all-grads-sync .................................: (0.17, 0.22)
31:     optimizer-copy-to-main-grad ....................: (0.16, 0.38)
31:     optimizer-inner-step ...........................: (0.55, 0.73)
31:     optimizer-copy-main-to-model-params ............: (0.34, 0.91)
31:     optimizer ......................................: (2.80, 3.37)
31:     batch-generator ................................: (4.17, 4.89)
31:     forward-compute ................................: (495.21, 531.81)
31:     backward-compute ...............................: (1021.82, 1060.96)
31:  [2026-08-18 03:16:29.369308] iteration       60/   18141 | consumed samples:        17280 | elapsed time per iteration (ms): 1598.8 | throughput per GPU (TFLOP/s/GPU): 366.2 | learning rate: 4.800000E-05 | global batch size:   288 | lm loss: 7.138338E+00 | loss scale: 1.0 | grad norm: 1.545 | params norm: 663.331 | number of skipped iterations:   0 | number of nan iterations:   0 |
31: INFO:megatron.core.timers:(min, max) time across ranks (ms):
31:     forward-backward ...............................: (1580.45, 1580.55)
31:     embedding-grads-all-reduce .....................: (0.02, 0.02)
31:     all-grads-sync .................................: (0.17, 0.22)
31:     optimizer-copy-to-main-grad ....................: (0.15, 0.40)
31:     optimizer-inner-step ...........................: (0.56, 0.67)
31:     optimizer-copy-main-to-model-params ............: (0.30, 0.89)
31:     optimizer ......................................: (2.74, 3.33)
31:     batch-generator ................................: (4.07, 4.76)
31:     forward-compute ................................: (491.95, 539.31)
31:     backward-compute ...............................: (1035.64, 1085.17)
31:  [2026-08-18 03:16:30.984319] iteration       61/   18141 | consumed samples:        17568 | elapsed time per iteration (ms): 1614.9 | throughput per GPU (TFLOP/s/GPU): 363.6 | learning rate: 4.880000E-05 | global batch size:   288 | lm loss: 7.049462E+00 | loss scale: 1.0 | grad norm: 0.928 | params norm: 663.343 | number of skipped iterations:   0 | number of nan iterations:   0 |
31: INFO:megatron.core.timers:(min, max) time across ranks (ms):
31:     forward-backward ...............................: (1596.36, 1596.47)
31:     embedding-grads-all-reduce .....................: (0.02, 0.02)
31:     all-grads-sync .................................: (0.16, 0.22)
31:     optimizer-copy-to-main-grad ....................: (0.15, 0.37)
31:     optimizer-inner-step ...........................: (0.55, 0.66)
31:     optimizer-copy-main-to-model-params ............: (0.34, 0.97)
31:     optimizer ......................................: (2.75, 3.37)
31:     batch-generator ................................: (4.09, 4.77)
31:     forward-compute ................................: (500.84, 541.91)
31:     backward-compute ...............................: (1048.40, 1089.99)
31:  [2026-08-18 03:16:32.547850] iteration       62/   18141 | consumed samples:        17856 | elapsed time per iteration (ms): 1563.4 | throughput per GPU (TFLOP/s/GPU): 372.8 | learning rate: 4.960000E-05 | global batch size:   288 | lm loss: 7.080670E+00 | loss scale: 1.0 | grad norm: 1.786 | params norm: 663.354 | number of skipped iterations:   0 | number of nan iterations:   0 |
31: INFO:megatron.core.timers:(min, max) time across ranks (ms):
31:     forward-backward ...............................: (1544.88, 1545.03)
31:     embedding-grads-all-reduce .....................: (0.01, 0.02)
31:     all-grads-sync .................................: (0.16, 0.23)
31:     optimizer-copy-to-main-grad ....................: (0.14, 0.42)
31:     optimizer-inner-step ...........................: (0.54, 0.69)
31:     optimizer-copy-main-to-model-params ............: (0.31, 0.97)
31:     optimizer ......................................: (2.79, 3.45)
31:     batch-generator ................................: (4.02, 4.92)
31:     forward-compute ................................: (501.16, 539.13)
31:     backward-compute ...............................: (1002.23, 1038.44)
31:  [2026-08-18 03:16:34.137935] iteration       63/   18141 | consumed samples:        18144 | elapsed time per iteration (ms): 1589.9 | throughput per GPU (TFLOP/s/GPU): 367.1 | learning rate: 5.040000E-05 | global batch size:   288 | lm loss: 7.028125E+00 | loss scale: 1.0 | grad norm: 1.188 | params norm: 663.367 | number of skipped iterations:   0 | number of nan iterations:   0 |
31: INFO:megatron.core.timers:(min, max) time across ranks (ms):
31:     forward-backward ...............................: (1570.84, 1570.92)
31:     embedding-grads-all-reduce .....................: (0.02, 0.02)
31:     all-grads-sync .................................: (0.17, 0.22)
31:     optimizer-copy-to-main-grad ....................: (0.16, 0.39)
31:     optimizer-inner-step ...........................: (0.55, 0.67)
31:     optimizer-copy-main-to-model-params ............: (0.31, 0.96)
31:     optimizer ......................................: (2.74, 3.39)
31:     batch-generator ................................: (4.00, 4.78)
31:     forward-compute ................................: (497.86, 538.97)
31:     backward-compute ...............................: (1027.61, 1069.24)
31:  [2026-08-18 03:16:35.703611] iteration       64/   18141 | consumed samples:        18432 | elapsed time per iteration (ms): 1565.5 | throughput per GPU (TFLOP/s/GPU): 372.0 | learning rate: 5.120000E-05 | global batch size:   288 | lm loss: 6.979868E+00 | loss scale: 1.0 | grad norm: 1.409 | params norm: 663.379 | number of skipped iterations:   0 | number of nan iterations:   0 |
31: INFO:megatron.core.timers:(min, max) time across ranks (ms):
31:     forward-backward ...............................: (1547.66, 1547.76)
31:     embedding-grads-all-reduce .....................: (0.01, 0.02)
31:     all-grads-sync .................................: (0.17, 0.23)
31:     optimizer-copy-to-main-grad ....................: (0.16, 0.38)
31:     optimizer-inner-step ...........................: (0.55, 0.68)
31:     optimizer-copy-main-to-model-params ............: (0.32, 0.91)
31:     optimizer ......................................: (2.73, 3.33)
31:     batch-generator ................................: (4.07, 4.67)
31:     forward-compute ................................: (500.66, 536.34)
31:     backward-compute ...............................: (1007.91, 1043.14)
31:  [2026-08-18 03:16:37.269061] iteration       65/   18141 | consumed samples:        18720 | elapsed time per iteration (ms): 1565.3 | throughput per GPU (TFLOP/s/GPU): 372.3 | learning rate: 5.200000E-05 | global batch size:   288 | lm loss: 6.948524E+00 | loss scale: 1.0 | grad norm: 1.835 | params norm: 663.392 | number of skipped iterations:   0 | number of nan iterations:   0 |
31: INFO:megatron.core.timers:(min, max) time across ranks (ms):
31:     forward-backward ...............................: (1547.41, 1547.52)
31:     embedding-grads-all-reduce .....................: (0.01, 0.02)
31:     all-grads-sync .................................: (0.16, 0.22)
31:     optimizer-copy-to-main-grad ....................: (0.15, 0.37)
31:     optimizer-inner-step ...........................: (0.55, 0.67)
31:     optimizer-copy-main-to-model-params ............: (0.31, 0.93)
31:     optimizer ......................................: (2.72, 3.35)
31:     batch-generator ................................: (4.03, 4.74)
31:     forward-compute ................................: (498.12, 537.39)
31:     backward-compute ...............................: (1006.53, 1045.41)
31:  [2026-08-18 03:16:38.879625] iteration       66/   18141 | consumed samples:        19008 | elapsed time per iteration (ms): 1610.3 | throughput per GPU (TFLOP/s/GPU): 362.7 | learning rate: 5.280000E-05 | global batch size:   288 | lm loss: 6.947739E+00 | loss scale: 1.0 | grad norm: 1.127 | params norm: 663.405 | number of skipped iterations:   0 | number of nan iterations:   0 |
31: INFO:megatron.core.timers:(min, max) time across ranks (ms):
31:     forward-backward ...............................: (1591.88, 1592.04)
31:     embedding-grads-all-reduce .....................: (0.01, 0.02)
31:     all-grads-sync .................................: (0.17, 0.21)
31:     optimizer-copy-to-main-grad ....................: (0.15, 0.39)
31:     optimizer-inner-step ...........................: (0.55, 0.70)
31:     optimizer-copy-main-to-model-params ............: (0.32, 0.99)
31:     optimizer ......................................: (2.80, 3.48)
31:     batch-generator ................................: (4.12, 4.76)
31:     forward-compute ................................: (499.82, 540.43)
31:     backward-compute ...............................: (1044.81, 1087.05)
31:  [2026-08-18 03:16:40.490036] iteration       67/   18141 | consumed samples:        19296 | elapsed time per iteration (ms): 1610.3 | throughput per GPU (TFLOP/s/GPU): 362.0 | learning rate: 5.360000E-05 | global batch size:   288 | lm loss: 6.899630E+00 | loss scale: 1.0 | grad norm: 1.850 | params norm: 663.418 | number of skipped iterations:   0 | number of nan iterations:   0 |
31: INFO:megatron.core.timers:(min, max) time across ranks (ms):
31:     forward-backward ...............................: (1592.44, 1592.57)
31:     embedding-grads-all-reduce .....................: (0.02, 0.02)
31:     all-grads-sync .................................: (0.16, 0.21)
31:     optimizer-copy-to-main-grad ....................: (0.16, 0.38)
31:     optimizer-inner-step ...........................: (0.55, 0.66)
31:     optimizer-copy-main-to-model-params ............: (0.30, 0.90)
31:     optimizer ......................................: (2.70, 3.31)
31:     batch-generator ................................: (4.05, 4.76)
31:     forward-compute ................................: (496.47, 536.71)
31:     backward-compute ...............................: (1052.25, 1092.71)
31:  [2026-08-18 03:16:42.070095] iteration       68/   18141 | consumed samples:        19584 | elapsed time per iteration (ms): 1579.9 | throughput per GPU (TFLOP/s/GPU): 369.4 | learning rate: 5.440000E-05 | global batch size:   288 | lm loss: 6.891480E+00 | loss scale: 1.0 | grad norm: 1.683 | params norm: 663.431 | number of skipped iterations:   0 | number of nan iterations:   0 |
31: INFO:megatron.core.timers:(min, max) time across ranks (ms):
31:     forward-backward ...............................: (1561.80, 1561.94)
31:     embedding-grads-all-reduce .....................: (0.01, 0.02)
31:     all-grads-sync .................................: (0.17, 0.22)
31:     optimizer-copy-to-main-grad ....................: (0.16, 0.38)
31:     optimizer-inner-step ...........................: (0.56, 0.70)
31:     optimizer-copy-main-to-model-params ............: (0.31, 0.88)
31:     optimizer ......................................: (2.75, 3.32)
31:     batch-generator ................................: (4.12, 4.78)
31:     forward-compute ................................: (501.00, 537.28)
31:     backward-compute ...............................: (1020.76, 1055.92)
31:  [2026-08-18 03:16:43.673225] iteration       69/   18141 | consumed samples:        19872 | elapsed time per iteration (ms): 1603.0 | throughput per GPU (TFLOP/s/GPU): 364.4 | learning rate: 5.520000E-05 | global batch size:   288 | lm loss: 6.856277E+00 | loss scale: 1.0 | grad norm: 1.469 | params norm: 663.445 | number of skipped iterations:   0 | number of nan iterations:   0 |
31: INFO:megatron.core.timers:(min, max) time across ranks (ms):
31:     forward-backward ...............................: (1584.69, 1584.77)
31:     embedding-grads-all-reduce .....................: (0.02, 0.02)
31:     all-grads-sync .................................: (0.16, 0.23)
31:     optimizer-copy-to-main-grad ....................: (0.16, 0.38)
31:     optimizer-inner-step ...........................: (0.56, 0.68)
31:     optimizer-copy-main-to-model-params ............: (0.31, 0.97)
31:     optimizer ......................................: (2.74, 3.41)
31:     batch-generator ................................: (4.13, 4.67)
31:     forward-compute ................................: (500.78, 539.42)
31:     backward-compute ...............................: (1041.00, 1077.81)
31:  [2026-08-18 03:16:45.240798] iteration       70/   18141 | consumed samples:        20160 | elapsed time per iteration (ms): 1567.3 | throughput per GPU (TFLOP/s/GPU): 371.0 | learning rate: 5.600000E-05 | global batch size:   288 | lm loss: 6.802026E+00 | loss scale: 1.0 | grad norm: 1.200 | params norm: 663.459 | number of skipped iterations:   0 | number of nan iterations:   0 |
31: INFO:megatron.core.timers:(min, max) time across ranks (ms):
31:     forward-backward ...............................: (1549.36, 1549.46)
31:     embedding-grads-all-reduce .....................: (0.02, 0.02)
31:     all-grads-sync .................................: (0.16, 0.22)
31:     optimizer-copy-to-main-grad ....................: (0.15, 0.39)
31:     optimizer-inner-step ...........................: (0.56, 0.68)
31:     optimizer-copy-main-to-model-params ............: (0.33, 0.96)
31:     optimizer ......................................: (2.77, 3.39)
31:     batch-generator ................................: (4.18, 4.74)
31:     forward-compute ................................: (498.37, 532.79)
31:     backward-compute ...............................: (1012.01, 1047.20)
31:  [2026-08-18 03:16:46.812276] iteration       71/   18141 | consumed samples:        20448 | elapsed time per iteration (ms): 1571.4 | throughput per GPU (TFLOP/s/GPU): 370.8 | learning rate: 5.680000E-05 | global batch size:   288 | lm loss: 6.797150E+00 | loss scale: 1.0 | grad norm: 2.092 | params norm: 663.473 | number of skipped iterations:   0 | number of nan iterations:   0 |
31: INFO:megatron.core.timers:(min, max) time across ranks (ms):
31:     forward-backward ...............................: (1553.55, 1553.64)
31:     embedding-grads-all-reduce .....................: (0.02, 0.03)
31:     all-grads-sync .................................: (0.15, 0.23)
31:     optimizer-copy-to-main-grad ....................: (0.15, 0.38)
31:     optimizer-inner-step ...........................: (0.55, 0.68)
31:     optimizer-copy-main-to-model-params ............: (0.31, 0.90)
31:     optimizer ......................................: (2.74, 3.33)
31:     batch-generator ................................: (4.09, 4.87)
31:     forward-compute ................................: (505.64, 544.83)
31:     backward-compute ...............................: (1002.72, 1043.89)
31:  [2026-08-18 03:16:48.426848] iteration       72/   18141 | consumed samples:        20736 | elapsed time per iteration (ms): 1614.4 | throughput per GPU (TFLOP/s/GPU): 362.9 | learning rate: 5.760000E-05 | global batch size:   288 | lm loss: 6.788622E+00 | loss scale: 1.0 | grad norm: 1.409 | params norm: 663.487 | number of skipped iterations:   0 | number of nan iterations:   0 |
31: INFO:megatron.core.timers:(min, max) time across ranks (ms):
31:     forward-backward ...............................: (1596.87, 1596.98)
31:     embedding-grads-all-reduce .....................: (0.01, 0.02)
31:     all-grads-sync .................................: (0.17, 0.22)
31:     optimizer-copy-to-main-grad ....................: (0.15, 0.37)
31:     optimizer-inner-step ...........................: (0.55, 0.67)
31:     optimizer-copy-main-to-model-params ............: (0.33, 0.93)
31:     optimizer ......................................: (2.72, 3.32)
31:     batch-generator ................................: (4.08, 4.66)
31:     forward-compute ................................: (498.06, 547.51)
31:     backward-compute ...............................: (1045.01, 1091.87)
31:  [2026-08-18 03:16:49.994627] iteration       73/   18141 | consumed samples:        21024 | elapsed time per iteration (ms): 1567.6 | throughput per GPU (TFLOP/s/GPU): 372.7 | learning rate: 5.840000E-05 | global batch size:   288 | lm loss: 6.786685E+00 | loss scale: 1.0 | grad norm: 1.106 | params norm: 663.501 | number of skipped iterations:   0 | number of nan iterations:   0 |
31: INFO:megatron.core.timers:(min, max) time across ranks (ms):
31:     forward-backward ...............................: (1550.11, 1550.24)
31:     embedding-grads-all-reduce .....................: (0.01, 0.02)
31:     all-grads-sync .................................: (0.16, 0.23)
31:     optimizer-copy-to-main-grad ....................: (0.16, 0.38)
31:     optimizer-inner-step ...........................: (0.56, 0.67)
31:     optimizer-copy-main-to-model-params ............: (0.31, 0.95)
31:     optimizer ......................................: (2.73, 3.36)
31:     batch-generator ................................: (4.11, 4.65)
31:     forward-compute ................................: (492.77, 533.83)
31:     backward-compute ...............................: (1010.04, 1051.26)
31:  [2026-08-18 03:16:51.576495] iteration       74/   18141 | consumed samples:        21312 | elapsed time per iteration (ms): 1581.7 | throughput per GPU (TFLOP/s/GPU): 367.3 | learning rate: 5.920000E-05 | global batch size:   288 | lm loss: 6.738455E+00 | loss scale: 1.0 | grad norm: 1.724 | params norm: 663.515 | number of skipped iterations:   0 | number of nan iterations:   0 |
31: INFO:megatron.core.timers:(min, max) time across ranks (ms):
31:     forward-backward ...............................: (1562.88, 1562.98)
31:     embedding-grads-all-reduce .....................: (0.01, 0.02)
31:     all-grads-sync .................................: (0.17, 0.24)
31:     optimizer-copy-to-main-grad ....................: (0.15, 0.39)
31:     optimizer-inner-step ...........................: (0.56, 0.69)
31:     optimizer-copy-main-to-model-params ............: (0.31, 0.98)
31:     optimizer ......................................: (2.77, 3.44)
31:     batch-generator ................................: (4.05, 4.89)
31:     forward-compute ................................: (496.40, 533.07)
31:     backward-compute ...............................: (1022.79, 1059.50)
31:  [2026-08-18 03:16:53.174452] iteration       75/   18141 | consumed samples:        21600 | elapsed time per iteration (ms): 1597.8 | throughput per GPU (TFLOP/s/GPU): 364.9 | learning rate: 6.000000E-05 | global batch size:   288 | lm loss: 6.719415E+00 | loss scale: 1.0 | grad norm: 1.499 | params norm: 663.529 | number of skipped iterations:   0 | number of nan iterations:   0 |
31: INFO:megatron.core.timers:(min, max) time across ranks (ms):
31:     forward-backward ...............................: (1579.03, 1579.12)
31:     embedding-grads-all-reduce .....................: (0.01, 0.02)
31:     all-grads-sync .................................: (0.17, 0.22)
31:     optimizer-copy-to-main-grad ....................: (0.16, 0.39)
31:     optimizer-inner-step ...........................: (0.55, 0.69)
31:     optimizer-copy-main-to-model-params ............: (0.30, 0.96)
31:     optimizer ......................................: (2.77, 3.43)
31:     batch-generator ................................: (4.10, 4.77)
31:     forward-compute ................................: (501.72, 538.68)
31:     backward-compute ...............................: (1035.66, 1068.65)
31:  [2026-08-18 03:16:54.786857] iteration       76/   18141 | consumed samples:        21888 | elapsed time per iteration (ms): 1612.3 | throughput per GPU (TFLOP/s/GPU): 363.9 | learning rate: 6.080000E-05 | global batch size:   288 | lm loss: 6.691913E+00 | loss scale: 1.0 | grad norm: 2.149 | params norm: 663.544 | number of skipped iterations:   0 | number of nan iterations:   0 |
31: INFO:megatron.core.timers:(min, max) time across ranks (ms):
31:     forward-backward ...............................: (1593.84, 1593.96)
31:     embedding-grads-all-reduce .....................: (0.01, 0.02)
31:     all-grads-sync .................................: (0.16, 0.24)
31:     optimizer-copy-to-main-grad ....................: (0.16, 0.38)
31:     optimizer-inner-step ...........................: (0.55, 0.67)
31:     optimizer-copy-main-to-model-params ............: (0.30, 0.99)
31:     optimizer ......................................: (2.72, 3.41)
31:     batch-generator ................................: (4.16, 4.89)
31:     forward-compute ................................: (504.06, 540.69)
31:     backward-compute ...............................: (1044.99, 1084.03)
31:  [2026-08-18 03:16:56.421635] iteration       77/   18141 | consumed samples:        22176 | elapsed time per iteration (ms): 1634.6 | throughput per GPU (TFLOP/s/GPU): 357.0 | learning rate: 6.160000E-05 | global batch size:   288 | lm loss: 6.674929E+00 | loss scale: 1.0 | grad norm: 1.431 | params norm: 663.558 | number of skipped iterations:   0 | number of nan iterations:   0 |
31: INFO:megatron.core.timers:(min, max) time across ranks (ms):
31:     forward-backward ...............................: (1616.66, 1616.74)
31:     embedding-grads-all-reduce .....................: (0.02, 0.02)
31:     all-grads-sync .................................: (0.16, 0.23)
31:     optimizer-copy-to-main-grad ....................: (0.16, 0.39)
31:     optimizer-inner-step ...........................: (0.55, 0.67)
31:     optimizer-copy-main-to-model-params ............: (0.33, 0.98)
31:     optimizer ......................................: (2.77, 3.42)
31:     batch-generator ................................: (4.06, 4.67)
31:     forward-compute ................................: (498.55, 550.31)
31:     backward-compute ...............................: (1060.18, 1113.83)
31:  [2026-08-18 03:16:58.034621] iteration       78/   18141 | consumed samples:        22464 | elapsed time per iteration (ms): 1612.8 | throughput per GPU (TFLOP/s/GPU): 362.5 | learning rate: 6.240000E-05 | global batch size:   288 | lm loss: 6.644247E+00 | loss scale: 1.0 | grad norm: 1.189 | params norm: 663.573 | number of skipped iterations:   0 | number of nan iterations:   0 |
31: INFO:megatron.core.timers:(min, max) time across ranks (ms):
31:     forward-backward ...............................: (1594.30, 1594.40)
31:     embedding-grads-all-reduce .....................: (0.02, 0.02)
31:     all-grads-sync .................................: (0.16, 0.22)
31:     optimizer-copy-to-main-grad ....................: (0.16, 0.38)
31:     optimizer-inner-step ...........................: (0.54, 0.67)
31:     optimizer-copy-main-to-model-params ............: (0.31, 0.89)
31:     optimizer ......................................: (2.76, 3.34)
31:     batch-generator ................................: (4.12, 4.67)
31:     forward-compute ................................: (499.04, 542.24)
31:     backward-compute ...............................: (1047.82, 1088.62)
31:  [2026-08-18 03:16:59.610141] iteration       79/   18141 | consumed samples:        22752 | elapsed time per iteration (ms): 1575.4 | throughput per GPU (TFLOP/s/GPU): 371.8 | learning rate: 6.320000E-05 | global batch size:   288 | lm loss: 6.652656E+00 | loss scale: 1.0 | grad norm: 2.422 | params norm: 663.588 | number of skipped iterations:   0 | number of nan iterations:   0 |
31: INFO:megatron.core.timers:(min, max) time across ranks (ms):
31:     forward-backward ...............................: (1557.38, 1557.49)
31:     embedding-grads-all-reduce .....................: (0.02, 0.02)
31:     all-grads-sync .................................: (0.17, 0.23)
31:     optimizer-copy-to-main-grad ....................: (0.15, 0.34)
31:     optimizer-inner-step ...........................: (0.55, 0.69)
31:     optimizer-copy-main-to-model-params ............: (0.31, 0.72)
31:     optimizer ......................................: (2.64, 3.06)
31:     batch-generator ................................: (4.12, 5.02)
31:     forward-compute ................................: (495.50, 541.19)
31:     backward-compute ...............................: (1011.77, 1058.09)
31:  [2026-08-18 03:17:01.196908] iteration       80/   18141 | consumed samples:        23040 | elapsed time per iteration (ms): 1586.6 | throughput per GPU (TFLOP/s/GPU): 367.0 | learning rate: 6.400000E-05 | global batch size:   288 | lm loss: 6.621012E+00 | loss scale: 1.0 | grad norm: 1.255 | params norm: 663.602 | number of skipped iterations:   0 | number of nan iterations:   0 |
31: INFO:megatron.core.timers:(min, max) time across ranks (ms):
31:     forward-backward ...............................: (1568.01, 1568.11)
31:     embedding-grads-all-reduce .....................: (0.02, 0.02)
31:     all-grads-sync .................................: (0.17, 0.24)
31:     optimizer-copy-to-main-grad ....................: (0.16, 0.38)
31:     optimizer-inner-step ...........................: (0.55, 0.68)
31:     optimizer-copy-main-to-model-params ............: (0.32, 0.94)
31:     optimizer ......................................: (2.78, 3.39)
31:     batch-generator ................................: (4.15, 4.90)
31:     forward-compute ................................: (501.32, 539.61)
31:     backward-compute ...............................: (1024.89, 1061.33)
31:  [2026-08-18 03:17:02.793492] iteration       81/   18141 | consumed samples:        23328 | elapsed time per iteration (ms): 1596.4 | throughput per GPU (TFLOP/s/GPU): 364.8 | learning rate: 6.480000E-05 | global batch size:   288 | lm loss: 6.588548E+00 | loss scale: 1.0 | grad norm: 2.227 | params norm: 663.616 | number of skipped iterations:   0 | number of nan iterations:   0 |
31: INFO:megatron.core.timers:(min, max) time across ranks (ms):
31:     forward-backward ...............................: (1578.03, 1578.12)
31:     embedding-grads-all-reduce .....................: (0.02, 0.02)
31:     all-grads-sync .................................: (0.17, 0.24)
31:     optimizer-copy-to-main-grad ....................: (0.16, 0.38)
31:     optimizer-inner-step ...........................: (0.55, 0.67)
31:     optimizer-copy-main-to-model-params ............: (0.32, 0.88)
31:     optimizer ......................................: (2.71, 3.26)
31:     batch-generator ................................: (4.13, 5.20)
31:     forward-compute ................................: (497.84, 540.71)
31:     backward-compute ...............................: (1031.62, 1074.97)
31:  [2026-08-18 03:17:04.407385] iteration       82/   18141 | consumed samples:        23616 | elapsed time per iteration (ms): 1613.7 | throughput per GPU (TFLOP/s/GPU): 362.9 | learning rate: 6.560000E-05 | global batch size:   288 | lm loss: 6.597058E+00 | loss scale: 1.0 | grad norm: 1.655 | params norm: 663.631 | number of skipped iterations:   0 | number of nan iterations:   0 |
31: INFO:megatron.core.timers:(min, max) time across ranks (ms):
31:     forward-backward ...............................: (1595.32, 1595.44)
31:     embedding-grads-all-reduce .....................: (0.02, 0.02)
31:     all-grads-sync .................................: (0.16, 0.23)
31:     optimizer-copy-to-main-grad ....................: (0.16, 0.39)
31:     optimizer-inner-step ...........................: (0.55, 0.67)
31:     optimizer-copy-main-to-model-params ............: (0.33, 0.93)
31:     optimizer ......................................: (2.80, 3.41)
31:     batch-generator ................................: (4.09, 4.68)
31:     forward-compute ................................: (505.04, 544.46)
31:     backward-compute ...............................: (1047.35, 1084.64)
31:  [2026-08-18 03:17:05.992424] iteration       83/   18141 | consumed samples:        23904 | elapsed time per iteration (ms): 1584.9 | throughput per GPU (TFLOP/s/GPU): 369.1 | learning rate: 6.640000E-05 | global batch size:   288 | lm loss: 6.574525E+00 | loss scale: 1.0 | grad norm: 1.135 | params norm: 663.646 | number of skipped iterations:   0 | number of nan iterations:   0 |
31: INFO:megatron.core.timers:(min, max) time across ranks (ms):
31:     forward-backward ...............................: (1566.52, 1566.61)
31:     embedding-grads-all-reduce .....................: (0.01, 0.02)
31:     all-grads-sync .................................: (0.16, 0.22)
31:     optimizer-copy-to-main-grad ....................: (0.15, 0.39)
31:     optimizer-inner-step ...........................: (0.55, 0.67)
31:     optimizer-copy-main-to-model-params ............: (0.31, 0.94)
31:     optimizer ......................................: (2.77, 3.40)
31:     batch-generator ................................: (4.16, 4.67)
31:     forward-compute ................................: (500.89, 539.97)
31:     backward-compute ...............................: (1018.80, 1058.91)
31:  [2026-08-18 03:17:07.556224] iteration       84/   18141 | consumed samples:        24192 | elapsed time per iteration (ms): 1563.6 | throughput per GPU (TFLOP/s/GPU): 372.1 | learning rate: 6.720000E-05 | global batch size:   288 | lm loss: 6.532687E+00 | loss scale: 1.0 | grad norm: 2.099 | params norm: 663.661 | number of skipped iterations:   0 | number of nan iterations:   0 |
31: INFO:megatron.core.timers:(min, max) time across ranks (ms):
31:     forward-backward ...............................: (1545.57, 1545.79)
31:     embedding-grads-all-reduce .....................: (0.02, 0.02)
31:     all-grads-sync .................................: (0.16, 0.23)
31:     optimizer-copy-to-main-grad ....................: (0.15, 0.37)
31:     optimizer-inner-step ...........................: (0.56, 0.67)
31:     optimizer-copy-main-to-model-params ............: (0.31, 0.92)
31:     optimizer ......................................: (2.73, 3.35)
31:     batch-generator ................................: (4.18, 4.87)
31:     forward-compute ................................: (496.95, 534.04)
31:     backward-compute ...............................: (1006.25, 1044.93)
31:  [2026-08-18 03:17:09.131625] iteration       85/   18141 | consumed samples:        24480 | elapsed time per iteration (ms): 1575.3 | throughput per GPU (TFLOP/s/GPU): 370.2 | learning rate: 6.800000E-05 | global batch size:   288 | lm loss: 6.569100E+00 | loss scale: 1.0 | grad norm: 2.307 | params norm: 663.675 | number of skipped iterations:   0 | number of nan iterations:   0 |
31: INFO:megatron.core.timers:(min, max) time across ranks (ms):
31:     forward-backward ...............................: (1556.98, 1557.06)
31:     embedding-grads-all-reduce .....................: (0.02, 0.02)
31:     all-grads-sync .................................: (0.16, 0.23)
31:     optimizer-copy-to-main-grad ....................: (0.15, 0.38)
31:     optimizer-inner-step ...........................: (0.55, 0.67)
31:     optimizer-copy-main-to-model-params ............: (0.30, 0.94)
31:     optimizer ......................................: (2.77, 3.42)
31:     batch-generator ................................: (4.07, 4.79)
31:     forward-compute ................................: (496.84, 536.40)
31:     backward-compute ...............................: (1014.22, 1055.66)
31:  [2026-08-18 03:17:10.703653] iteration       86/   18141 | consumed samples:        24768 | elapsed time per iteration (ms): 1571.9 | throughput per GPU (TFLOP/s/GPU): 371.2 | learning rate: 6.880000E-05 | global batch size:   288 | lm loss: 6.522081E+00 | loss scale: 1.0 | grad norm: 1.373 | params norm: 663.690 | number of skipped iterations:   0 | number of nan iterations:   0 |
31: INFO:megatron.core.timers:(min, max) time across ranks (ms):
31:     forward-backward ...............................: (1552.87, 1553.00)
31:     embedding-grads-all-reduce .....................: (0.01, 0.02)
31:     all-grads-sync .................................: (0.17, 0.22)
31:     optimizer-copy-to-main-grad ....................: (0.16, 0.38)
31:     optimizer-inner-step ...........................: (0.55, 0.66)
31:     optimizer-copy-main-to-model-params ............: (0.33, 0.91)
31:     optimizer ......................................: (2.76, 3.35)
31:     batch-generator ................................: (4.11, 5.25)
31:     forward-compute ................................: (501.50, 536.42)
31:     backward-compute ...............................: (1012.55, 1047.41)
31:  [2026-08-18 03:17:12.289859] iteration       87/   18141 | consumed samples:        25056 | elapsed time per iteration (ms): 1586.0 | throughput per GPU (TFLOP/s/GPU): 367.7 | learning rate: 6.960000E-05 | global batch size:   288 | lm loss: 6.478067E+00 | loss scale: 1.0 | grad norm: 1.229 | params norm: 663.705 | number of skipped iterations:   0 | number of nan iterations:   0 |
31: INFO:megatron.core.timers:(min, max) time across ranks (ms):
31:     forward-backward ...............................: (1567.52, 1567.61)
31:     embedding-grads-all-reduce .....................: (0.02, 0.02)
31:     all-grads-sync .................................: (0.16, 0.23)
31:     optimizer-copy-to-main-grad ....................: (0.15, 0.38)
31:     optimizer-inner-step ...........................: (0.55, 0.67)
31:     optimizer-copy-main-to-model-params ............: (0.31, 0.94)
31:     optimizer ......................................: (2.69, 3.33)
31:     batch-generator ................................: (4.06, 6.31)
31:     forward-compute ................................: (498.59, 536.96)
31:     backward-compute ...............................: (1021.89, 1065.36)
31:  [2026-08-18 03:17:13.860359] iteration       88/   18141 | consumed samples:        25344 | elapsed time per iteration (ms): 1570.3 | throughput per GPU (TFLOP/s/GPU): 372.4 | learning rate: 7.040000E-05 | global batch size:   288 | lm loss: 6.473060E+00 | loss scale: 1.0 | grad norm: 1.237 | params norm: 663.720 | number of skipped iterations:   0 | number of nan iterations:   0 |
31: INFO:megatron.core.timers:(min, max) time across ranks (ms):
31:     forward-backward ...............................: (1552.07, 1552.15)
31:     embedding-grads-all-reduce .....................: (0.02, 0.02)
31:     all-grads-sync .................................: (0.16, 0.22)
31:     optimizer-copy-to-main-grad ....................: (0.15, 0.39)
31:     optimizer-inner-step ...........................: (0.55, 0.67)
31:     optimizer-copy-main-to-model-params ............: (0.33, 0.96)
31:     optimizer ......................................: (2.75, 3.38)
31:     batch-generator ................................: (4.21, 5.16)
31:     forward-compute ................................: (496.79, 539.45)
31:     backward-compute ...............................: (1008.92, 1051.10)
31:  [2026-08-18 03:17:15.437969] iteration       89/   18141 | consumed samples:        25632 | elapsed time per iteration (ms): 1577.4 | throughput per GPU (TFLOP/s/GPU): 370.4 | learning rate: 7.120000E-05 | global batch size:   288 | lm loss: 6.438262E+00 | loss scale: 1.0 | grad norm: 1.484 | params norm: 663.735 | number of skipped iterations:   0 | number of nan iterations:   0 |
31: INFO:megatron.core.timers:(min, max) time across ranks (ms):
31:     forward-backward ...............................: (1559.00, 1559.10)
31:     embedding-grads-all-reduce .....................: (0.01, 0.02)
31:     all-grads-sync .................................: (0.16, 0.22)
31:     optimizer-copy-to-main-grad ....................: (0.15, 0.38)
31:     optimizer-inner-step ...........................: (0.55, 0.67)
31:     optimizer-copy-main-to-model-params ............: (0.34, 0.89)
31:     optimizer ......................................: (2.77, 3.32)
31:     batch-generator ................................: (4.15, 5.15)
31:     forward-compute ................................: (499.03, 539.92)
31:     backward-compute ...............................: (1015.13, 1056.50)
31:  [2026-08-18 03:17:17.023343] iteration       90/   18141 | consumed samples:        25920 | elapsed time per iteration (ms): 1585.2 | throughput per GPU (TFLOP/s/GPU): 370.0 | learning rate: 7.200000E-05 | global batch size:   288 | lm loss: 6.450287E+00 | loss scale: 1.0 | grad norm: 1.471 | params norm: 663.751 | number of skipped iterations:   0 | number of nan iterations:   0 |
31: INFO:megatron.core.timers:(min, max) time across ranks (ms):
31:     forward-backward ...............................: (1567.23, 1567.32)
31:     embedding-grads-all-reduce .....................: (0.01, 0.02)
31:     all-grads-sync .................................: (0.16, 0.23)
31:     optimizer-copy-to-main-grad ....................: (0.16, 0.48)
31:     optimizer-inner-step ...........................: (0.55, 0.69)
31:     optimizer-copy-main-to-model-params ............: (0.37, 0.80)
31:     optimizer ......................................: (2.85, 3.28)
31:     batch-generator ................................: (4.08, 4.66)
31:     forward-compute ................................: (495.31, 539.55)
31:     backward-compute ...............................: (1019.74, 1067.61)
31:  [2026-08-18 03:17:18.617330] iteration       91/   18141 | consumed samples:        26208 | elapsed time per iteration (ms): 1593.8 | throughput per GPU (TFLOP/s/GPU): 365.7 | learning rate: 7.280000E-05 | global batch size:   288 | lm loss: 6.376560E+00 | loss scale: 1.0 | grad norm: 1.285 | params norm: 663.767 | number of skipped iterations:   0 | number of nan iterations:   0 |
31: INFO:megatron.core.timers:(min, max) time across ranks (ms):
31:     forward-backward ...............................: (1575.43, 1575.52)
31:     embedding-grads-all-reduce .....................: (0.01, 0.02)
31:     all-grads-sync .................................: (0.16, 0.22)
31:     optimizer-copy-to-main-grad ....................: (0.15, 0.35)
31:     optimizer-inner-step ...........................: (0.55, 0.66)
31:     optimizer-copy-main-to-model-params ............: (0.31, 0.92)
31:     optimizer ......................................: (2.67, 3.28)
31:     batch-generator ................................: (4.17, 4.70)
31:     forward-compute ................................: (496.17, 543.01)
31:     backward-compute ...............................: (1028.92, 1075.43)
31:  [2026-08-18 03:17:20.214786] iteration       92/   18141 | consumed samples:        26496 | elapsed time per iteration (ms): 1597.3 | throughput per GPU (TFLOP/s/GPU): 365.7 | learning rate: 7.360000E-05 | global batch size:   288 | lm loss: 6.382392E+00 | loss scale: 1.0 | grad norm: 0.972 | params norm: 663.784 | number of skipped iterations:   0 | number of nan iterations:   0 |
31: INFO:megatron.core.timers:(min, max) time across ranks (ms):
31:     forward-backward ...............................: (1578.66, 1578.76)
31:     embedding-grads-all-reduce .....................: (0.02, 0.02)
31:     all-grads-sync .................................: (0.17, 0.23)
31:     optimizer-copy-to-main-grad ....................: (0.16, 0.36)
31:     optimizer-inner-step ...........................: (0.55, 0.67)
31:     optimizer-copy-main-to-model-params ............: (0.36, 0.91)
31:     optimizer ......................................: (2.76, 3.31)
31:     batch-generator ................................: (4.01, 5.33)
31:     forward-compute ................................: (501.38, 540.92)
31:     backward-compute ...............................: (1034.31, 1072.42)
31:  [2026-08-18 03:17:21.798173] iteration       93/   18141 | consumed samples:        26784 | elapsed time per iteration (ms): 1583.2 | throughput per GPU (TFLOP/s/GPU): 369.0 | learning rate: 7.440000E-05 | global batch size:   288 | lm loss: 6.369270E+00 | loss scale: 1.0 | grad norm: 0.871 | params norm: 663.800 | number of skipped iterations:   0 | number of nan iterations:   0 |
31: INFO:megatron.core.timers:(min, max) time across ranks (ms):
31:     forward-backward ...............................: (1565.64, 1565.76)
31:     embedding-grads-all-reduce .....................: (0.01, 0.04)
31:     all-grads-sync .................................: (0.18, 0.23)
31:     optimizer-copy-to-main-grad ....................: (0.16, 0.37)
31:     optimizer-inner-step ...........................: (0.56, 0.70)
31:     optimizer-copy-main-to-model-params ............: (0.30, 0.93)
31:     optimizer ......................................: (2.73, 3.36)
31:     batch-generator ................................: (4.14, 5.48)
31:     forward-compute ................................: (504.26, 540.37)
31:     backward-compute ...............................: (1021.89, 1057.37)
31:  [2026-08-18 03:17:23.377562] iteration       94/   18141 | consumed samples:        27072 | elapsed time per iteration (ms): 1579.2 | throughput per GPU (TFLOP/s/GPU): 369.5 | learning rate: 7.520000E-05 | global batch size:   288 | lm loss: 6.344925E+00 | loss scale: 1.0 | grad norm: 0.998 | params norm: 663.818 | number of skipped iterations:   0 | number of nan iterations:   0 |
31: INFO:megatron.core.timers:(min, max) time across ranks (ms):
31:     forward-backward ...............................: (1560.49, 1560.60)
31:     embedding-grads-all-reduce .....................: (0.02, 0.02)
31:     all-grads-sync .................................: (0.17, 0.23)
31:     optimizer-copy-to-main-grad ....................: (0.16, 0.39)
31:     optimizer-inner-step ...........................: (0.55, 0.69)
31:     optimizer-copy-main-to-model-params ............: (0.29, 0.99)
31:     optimizer ......................................: (2.78, 3.49)
31:     batch-generator ................................: (4.13, 6.55)
31:     forward-compute ................................: (503.44, 538.35)
31:     backward-compute ...............................: (1018.36, 1052.71)
31:  [2026-08-18 03:17:24.967769] iteration       95/   18141 | consumed samples:        27360 | elapsed time per iteration (ms): 1590.0 | throughput per GPU (TFLOP/s/GPU): 366.1 | learning rate: 7.600000E-05 | global batch size:   288 | lm loss: 6.347509E+00 | loss scale: 1.0 | grad norm: 1.434 | params norm: 663.836 | number of skipped iterations:   0 | number of nan iterations:   0 |
31: INFO:megatron.core.timers:(min, max) time across ranks (ms):
31:     forward-backward ...............................: (1572.51, 1572.60)
31:     embedding-grads-all-reduce .....................: (0.01, 0.02)
31:     all-grads-sync .................................: (0.17, 0.22)
31:     optimizer-copy-to-main-grad ....................: (0.16, 0.40)
31:     optimizer-inner-step ...........................: (0.55, 0.68)
31:     optimizer-copy-main-to-model-params ............: (0.29, 1.00)
31:     optimizer ......................................: (2.70, 3.41)
31:     batch-generator ................................: (4.17, 4.75)
31:     forward-compute ................................: (500.41, 540.42)
31:     backward-compute ...............................: (1027.00, 1067.38)
31:  [2026-08-18 03:17:26.533330] iteration       96/   18141 | consumed samples:        27648 | elapsed time per iteration (ms): 1565.4 | throughput per GPU (TFLOP/s/GPU): 371.8 | learning rate: 7.680000E-05 | global batch size:   288 | lm loss: 6.330472E+00 | loss scale: 1.0 | grad norm: 1.137 | params norm: 663.854 | number of skipped iterations:   0 | number of nan iterations:   0 |
31: INFO:megatron.core.timers:(min, max) time across ranks (ms):
31:     forward-backward ...............................: (1546.62, 1546.71)
31:     embedding-grads-all-reduce .....................: (0.02, 0.02)
31:     all-grads-sync .................................: (0.17, 0.23)
31:     optimizer-copy-to-main-grad ....................: (0.16, 0.38)
31:     optimizer-inner-step ...........................: (0.55, 0.68)
31:     optimizer-copy-main-to-model-params ............: (0.32, 0.96)
31:     optimizer ......................................: (2.75, 3.40)
31:     batch-generator ................................: (4.04, 5.31)
31:     forward-compute ................................: (498.66, 534.15)
31:     backward-compute ...............................: (1006.80, 1041.10)
31:  [2026-08-18 03:17:28.108624] iteration       97/   18141 | consumed samples:        27936 | elapsed time per iteration (ms): 1575.2 | throughput per GPU (TFLOP/s/GPU): 370.6 | learning rate: 7.760000E-05 | global batch size:   288 | lm loss: 6.317746E+00 | loss scale: 1.0 | grad norm: 1.655 | params norm: 663.872 | number of skipped iterations:   0 | number of nan iterations:   0 |
31: INFO:megatron.core.timers:(min, max) time across ranks (ms):
31:     forward-backward ...............................: (1557.32, 1557.42)
31:     embedding-grads-all-reduce .....................: (0.02, 0.02)
31:     all-grads-sync .................................: (0.15, 0.23)
31:     optimizer-copy-to-main-grad ....................: (0.16, 0.37)
31:     optimizer-inner-step ...........................: (0.55, 0.67)
31:     optimizer-copy-main-to-model-params ............: (0.34, 0.94)
31:     optimizer ......................................: (2.74, 3.35)
31:     batch-generator ................................: (4.19, 5.19)
31:     forward-compute ................................: (499.04, 532.54)
31:     backward-compute ...............................: (1018.02, 1053.39)
31:  [2026-08-18 03:17:29.697178] iteration       98/   18141 | consumed samples:        28224 | elapsed time per iteration (ms): 1588.3 | throughput per GPU (TFLOP/s/GPU): 368.0 | learning rate: 7.840000E-05 | global batch size:   288 | lm loss: 6.314940E+00 | loss scale: 1.0 | grad norm: 1.401 | params norm: 663.890 | number of skipped iterations:   0 | number of nan iterations:   0 |
31: INFO:megatron.core.timers:(min, max) time across ranks (ms):
31:     forward-backward ...............................: (1569.80, 1569.89)
31:     embedding-grads-all-reduce .....................: (0.02, 0.03)
31:     all-grads-sync .................................: (0.17, 0.28)
31:     optimizer-copy-to-main-grad ....................: (0.15, 0.37)
31:     optimizer-inner-step ...........................: (0.55, 0.66)
31:     optimizer-copy-main-to-model-params ............: (0.30, 0.94)
31:     optimizer ......................................: (2.69, 3.33)
31:     batch-generator ................................: (4.14, 4.75)
31:     forward-compute ................................: (499.26, 534.13)
31:     backward-compute ...............................: (1031.64, 1064.21)
31:  [2026-08-18 03:17:31.296018] iteration       99/   18141 | consumed samples:        28512 | elapsed time per iteration (ms): 1598.7 | throughput per GPU (TFLOP/s/GPU): 364.8 | learning rate: 7.920000E-05 | global batch size:   288 | lm loss: 6.259426E+00 | loss scale: 1.0 | grad norm: 0.969 | params norm: 663.909 | number of skipped iterations:   0 | number of nan iterations:   0 |
31: INFO:megatron.core.timers:(min, max) time across ranks (ms):
31:     forward-backward ...............................: (1579.98, 1580.11)
31:     embedding-grads-all-reduce .....................: (0.02, 0.02)
31:     all-grads-sync .................................: (0.17, 0.23)
31:     optimizer-copy-to-main-grad ....................: (0.15, 0.40)
31:     optimizer-inner-step ...........................: (0.55, 0.67)
31:     optimizer-copy-main-to-model-params ............: (0.31, 0.98)
31:     optimizer ......................................: (2.78, 3.46)
31:     batch-generator ................................: (4.04, 5.53)
31:     forward-compute ................................: (506.01, 539.18)
31:     backward-compute ...............................: (1034.43, 1067.37)
31:  [2026-08-18 03:17:32.894102] iteration      100/   18141 | consumed samples:        28800 | elapsed time per iteration (ms): 1598.0 | throughput per GPU (TFLOP/s/GPU): 365.6 | learning rate: 8.000000E-05 | global batch size:   288 | lm loss: 6.290380E+00 | loss scale: 1.0 | grad norm: 2.072 | params norm: 663.927 | number of skipped iterations:   0 | number of nan iterations:   0 |
31: INFO:megatron.core.timers:(min, max) time across ranks (ms):
31:     forward-backward ...............................: (1579.13, 1579.22)
31:     embedding-grads-all-reduce .....................: (0.01, 0.02)
31:     all-grads-sync .................................: (0.15, 0.22)
31:     optimizer-copy-to-main-grad ....................: (0.16, 0.37)
31:     optimizer-inner-step ...........................: (0.55, 0.69)
31:     optimizer-copy-main-to-model-params ............: (0.30, 0.93)
31:     optimizer ......................................: (2.72, 3.34)
31:     batch-generator ................................: (4.13, 4.82)
31:     forward-compute ................................: (500.36, 535.81)
31:     backward-compute ...............................: (1037.27, 1074.41)
31:  [2026-08-18 03:17:34.469066] iteration      101/   18141 | consumed samples:        29088 | elapsed time per iteration (ms): 1574.8 | throughput per GPU (TFLOP/s/GPU): 369.5 | learning rate: 8.080000E-05 | global batch size:   288 | lm loss: 6.231975E+00 | loss scale: 1.0 | grad norm: 1.463 | params norm: 663.946 | number of skipped iterations:   0 | number of nan iterations:   0 |
31: INFO:megatron.core.timers:(min, max) time across ranks (ms):
31:     forward-backward ...............................: (1557.22, 1557.32)
31:     embedding-grads-all-reduce .....................: (0.01, 0.04)
31:     all-grads-sync .................................: (0.16, 0.22)
31:     optimizer-copy-to-main-grad ....................: (0.16, 0.39)
31:     optimizer-inner-step ...........................: (0.55, 0.69)
31:     optimizer-copy-main-to-model-params ............: (0.34, 0.96)
31:     optimizer ......................................: (2.78, 3.40)
31:     batch-generator ................................: (4.07, 5.68)
31:     forward-compute ................................: (503.99, 535.05)
31:     backward-compute ...............................: (1017.29, 1047.04)
31:  [2026-08-18 03:17:36.067513] iteration      102/   18141 | consumed samples:        29376 | elapsed time per iteration (ms): 1598.3 | throughput per GPU (TFLOP/s/GPU): 366.1 | learning rate: 8.160000E-05 | global batch size:   288 | lm loss: 6.236203E+00 | loss scale: 1.0 | grad norm: 1.551 | params norm: 663.965 | number of skipped iterations:   0 | number of nan iterations:   0 |
31: INFO:megatron.core.timers:(min, max) time across ranks (ms):
31:     forward-backward ...............................: (1579.79, 1579.88)
31:     embedding-grads-all-reduce .....................: (0.01, 0.02)
31:     all-grads-sync .................................: (0.17, 0.22)
31:     optimizer-copy-to-main-grad ....................: (0.16, 0.37)
31:     optimizer-inner-step ...........................: (0.55, 0.68)
31:     optimizer-copy-main-to-model-params ............: (0.31, 0.89)
31:     optimizer ......................................: (2.73, 3.31)
31:     batch-generator ................................: (4.13, 5.51)
31:     forward-compute ................................: (503.78, 551.61)
31:     backward-compute ...............................: (1024.65, 1069.92)
31:  [2026-08-18 03:17:37.651138] iteration      103/   18141 | consumed samples:        29664 | elapsed time per iteration (ms): 1583.4 | throughput per GPU (TFLOP/s/GPU): 369.8 | learning rate: 8.240000E-05 | global batch size:   288 | lm loss: 6.253096E+00 | loss scale: 1.0 | grad norm: 2.077 | params norm: 663.983 | number of skipped iterations:   0 | number of nan iterations:   0 |
31: INFO:megatron.core.timers:(min, max) time across ranks (ms):
31:     forward-backward ...............................: (1565.31, 1565.45)
31:     embedding-grads-all-reduce .....................: (0.02, 0.02)
31:     all-grads-sync .................................: (0.17, 0.24)
31:     optimizer-copy-to-main-grad ....................: (0.16, 0.38)
31:     optimizer-inner-step ...........................: (0.56, 0.69)
31:     optimizer-copy-main-to-model-params ............: (0.32, 0.97)
31:     optimizer ......................................: (2.75, 3.41)
31:     batch-generator ................................: (4.15, 5.27)
31:     forward-compute ................................: (497.90, 535.68)
31:     backward-compute ...............................: (1023.97, 1063.15)
31:  [2026-08-18 03:17:39.256637] iteration      104/   18141 | consumed samples:        29952 | elapsed time per iteration (ms): 1605.4 | throughput per GPU (TFLOP/s/GPU): 364.4 | learning rate: 8.320000E-05 | global batch size:   288 | lm loss: 6.224379E+00 | loss scale: 1.0 | grad norm: 1.365 | params norm: 664.002 | number of skipped iterations:   0 | number of nan iterations:   0 |
31: INFO:megatron.core.timers:(min, max) time across ranks (ms):
31:     forward-backward ...............................: (1586.84, 1586.94)
31:     embedding-grads-all-reduce .....................: (0.02, 0.02)
31:     all-grads-sync .................................: (0.16, 0.22)
31:     optimizer-copy-to-main-grad ....................: (0.16, 0.38)
31:     optimizer-inner-step ...........................: (0.55, 0.68)
31:     optimizer-copy-main-to-model-params ............: (0.33, 0.97)
31:     optimizer ......................................: (2.73, 3.37)
31:     batch-generator ................................: (4.12, 4.77)
31:     forward-compute ................................: (502.33, 544.18)
31:     backward-compute ...............................: (1039.27, 1080.83)
31:  [2026-08-18 03:17:40.839866] iteration      105/   18141 | consumed samples:        30240 | elapsed time per iteration (ms): 1583.1 | throughput per GPU (TFLOP/s/GPU): 370.2 | learning rate: 8.400000E-05 | global batch size:   288 | lm loss: 6.201731E+00 | loss scale: 1.0 | grad norm: 1.348 | params norm: 664.021 | number of skipped iterations:   0 | number of nan iterations:   0 |
31: INFO:megatron.core.timers:(min, max) time across ranks (ms):
31:     forward-backward ...............................: (1565.15, 1565.23)
31:     embedding-grads-all-reduce .....................: (0.02, 0.02)
31:     all-grads-sync .................................: (0.17, 0.22)
31:     optimizer-copy-to-main-grad ....................: (0.16, 0.41)
31:     optimizer-inner-step ...........................: (0.55, 0.67)
31:     optimizer-copy-main-to-model-params ............: (0.33, 0.95)
31:     optimizer ......................................: (2.79, 3.41)
31:     batch-generator ................................: (4.13, 5.02)
31:     forward-compute ................................: (497.26, 537.03)
31:     backward-compute ...............................: (1024.65, 1063.66)
31:  [2026-08-18 03:17:42.427021] iteration      106/   18141 | consumed samples:        30528 | elapsed time per iteration (ms): 1587.0 | throughput per GPU (TFLOP/s/GPU): 368.6 | learning rate: 8.480000E-05 | global batch size:   288 | lm loss: 6.170895E+00 | loss scale: 1.0 | grad norm: 1.043 | params norm: 664.040 | number of skipped iterations:   0 | number of nan iterations:   0 |
31: INFO:megatron.core.timers:(min, max) time across ranks (ms):
31:     forward-backward ...............................: (1568.47, 1568.55)
31:     embedding-grads-all-reduce .....................: (0.02, 0.02)
31:     all-grads-sync .................................: (0.16, 0.23)
31:     optimizer-copy-to-main-grad ....................: (0.16, 0.38)
31:     optimizer-inner-step ...........................: (0.55, 0.68)
31:     optimizer-copy-main-to-model-params ............: (0.34, 0.92)
31:     optimizer ......................................: (2.78, 3.36)
31:     batch-generator ................................: (4.15, 5.02)
31:     forward-compute ................................: (497.93, 534.94)
31:     backward-compute ...............................: (1028.04, 1066.77)
31:  [2026-08-18 03:17:43.987456] iteration      107/   18141 | consumed samples:        30816 | elapsed time per iteration (ms): 1560.3 | throughput per GPU (TFLOP/s/GPU): 374.5 | learning rate: 8.560000E-05 | global batch size:   288 | lm loss: 6.166914E+00 | loss scale: 1.0 | grad norm: 1.295 | params norm: 664.060 | number of skipped iterations:   0 | number of nan iterations:   0 |
31: INFO:megatron.core.timers:(min, max) time across ranks (ms):
31:     forward-backward ...............................: (1541.61, 1541.72)
31:     embedding-grads-all-reduce .....................: (0.01, 0.02)
31:     all-grads-sync .................................: (0.17, 0.22)
31:     optimizer-copy-to-main-grad ....................: (0.15, 0.38)
31:     optimizer-inner-step ...........................: (0.55, 0.67)
31:     optimizer-copy-main-to-model-params ............: (0.30, 0.94)
31:     optimizer ......................................: (2.75, 3.39)
31:     batch-generator ................................: (4.16, 4.75)
31:     forward-compute ................................: (501.52, 532.26)
31:     backward-compute ...............................: (1002.41, 1034.55)
31:  [2026-08-18 03:17:45.567213] iteration      108/   18141 | consumed samples:        31104 | elapsed time per iteration (ms): 1579.6 | throughput per GPU (TFLOP/s/GPU): 370.8 | learning rate: 8.640000E-05 | global batch size:   288 | lm loss: 6.172995E+00 | loss scale: 1.0 | grad norm: 1.255 | params norm: 664.079 | number of skipped iterations:   0 | number of nan iterations:   0 |
31: INFO:megatron.core.timers:(min, max) time across ranks (ms):
31:     forward-backward ...............................: (1561.57, 1561.65)
31:     embedding-grads-all-reduce .....................: (0.01, 0.02)
31:     all-grads-sync .................................: (0.16, 0.24)
31:     optimizer-copy-to-main-grad ....................: (0.15, 0.40)
31:     optimizer-inner-step ...........................: (0.55, 0.67)
31:     optimizer-copy-main-to-model-params ............: (0.32, 0.97)
31:     optimizer ......................................: (2.74, 3.40)
31:     batch-generator ................................: (4.14, 4.70)
31:     forward-compute ................................: (498.77, 538.43)
31:     backward-compute ...............................: (1017.80, 1056.18)
31:  [2026-08-18 03:17:47.165869] iteration      109/   18141 | consumed samples:        31392 | elapsed time per iteration (ms): 1598.5 | throughput per GPU (TFLOP/s/GPU): 366.6 | learning rate: 8.720000E-05 | global batch size:   288 | lm loss: 6.142699E+00 | loss scale: 1.0 | grad norm: 0.951 | params norm: 664.100 | number of skipped iterations:   0 | number of nan iterations:   0 |
31: INFO:megatron.core.timers:(min, max) time across ranks (ms):
31:     forward-backward ...............................: (1580.13, 1580.23)
31:     embedding-grads-all-reduce .....................: (0.02, 0.02)
31:     all-grads-sync .................................: (0.17, 0.22)
31:     optimizer-copy-to-main-grad ....................: (0.15, 0.35)
31:     optimizer-inner-step ...........................: (0.55, 0.68)
31:     optimizer-copy-main-to-model-params ............: (0.33, 0.97)
31:     optimizer ......................................: (2.73, 3.37)
31:     batch-generator ................................: (4.10, 4.86)
31:     forward-compute ................................: (497.78, 536.63)
31:     backward-compute ...............................: (1039.53, 1075.59)
31:  [2026-08-18 03:17:48.767531] iteration      110/   18141 | consumed samples:        31680 | elapsed time per iteration (ms): 1601.5 | throughput per GPU (TFLOP/s/GPU): 364.4 | learning rate: 8.800000E-05 | global batch size:   288 | lm loss: 6.128836E+00 | loss scale: 1.0 | grad norm: 1.746 | params norm: 664.120 | number of skipped iterations:   0 | number of nan iterations:   0 |
31: INFO:megatron.core.timers:(min, max) time across ranks (ms):
31:     forward-backward ...............................: (1583.12, 1583.22)
31:     embedding-grads-all-reduce .....................: (0.02, 0.02)
31:     all-grads-sync .................................: (0.16, 0.22)
31:     optimizer-copy-to-main-grad ....................: (0.16, 0.36)
31:     optimizer-inner-step ...........................: (0.55, 0.67)
31:     optimizer-copy-main-to-model-params ............: (0.33, 0.86)
31:     optimizer ......................................: (2.72, 3.25)
31:     batch-generator ................................: (4.14, 5.44)
31:     forward-compute ................................: (501.06, 535.93)
31:     backward-compute ...............................: (1040.87, 1076.22)
31:  [2026-08-18 03:17:50.361559] iteration      111/   18141 | consumed samples:        31968 | elapsed time per iteration (ms): 1593.8 | throughput per GPU (TFLOP/s/GPU): 366.1 | learning rate: 8.880000E-05 | global batch size:   288 | lm loss: 6.098872E+00 | loss scale: 1.0 | grad norm: 0.967 | params norm: 664.141 | number of skipped iterations:   0 | number of nan iterations:   0 |
31: INFO:megatron.core.timers:(min, max) time across ranks (ms):
31:     forward-backward ...............................: (1575.44, 1575.56)
31:     embedding-grads-all-reduce .....................: (0.02, 0.02)
31:     all-grads-sync .................................: (0.16, 0.22)
31:     optimizer-copy-to-main-grad ....................: (0.15, 0.36)
31:     optimizer-inner-step ...........................: (0.55, 0.67)
31:     optimizer-copy-main-to-model-params ............: (0.31, 0.92)
31:     optimizer ......................................: (2.70, 3.32)
31:     batch-generator ................................: (4.19, 4.71)
31:     forward-compute ................................: (500.92, 543.57)
31:     backward-compute ...............................: (1028.29, 1070.21)
31:  [2026-08-18 03:17:51.919767] iteration      112/   18141 | consumed samples:        32256 | elapsed time per iteration (ms): 1558.1 | throughput per GPU (TFLOP/s/GPU): 373.6 | learning rate: 8.960000E-05 | global batch size:   288 | lm loss: 6.087595E+00 | loss scale: 1.0 | grad norm: 1.207 | params norm: 664.162 | number of skipped iterations:   0 | number of nan iterations:   0 |
31: INFO:megatron.core.timers:(min, max) time across ranks (ms):
31:     forward-backward ...............................: (1539.51, 1539.61)
31:     embedding-grads-all-reduce .....................: (0.02, 0.02)
31:     all-grads-sync .................................: (0.17, 0.22)
31:     optimizer-copy-to-main-grad ....................: (0.16, 0.42)
31:     optimizer-inner-step ...........................: (0.55, 0.69)
31:     optimizer-copy-main-to-model-params ............: (0.32, 0.93)
31:     optimizer ......................................: (2.81, 3.42)
31:     batch-generator ................................: (4.13, 5.05)
31:     forward-compute ................................: (499.79, 533.54)
31:     backward-compute ...............................: (997.88, 1033.54)
31:  [2026-08-18 03:17:53.489667] iteration      113/   18141 | consumed samples:        32544 | elapsed time per iteration (ms): 1569.8 | throughput per GPU (TFLOP/s/GPU): 370.6 | learning rate: 9.040000E-05 | global batch size:   288 | lm loss: 6.106022E+00 | loss scale: 1.0 | grad norm: 1.357 | params norm: 664.183 | number of skipped iterations:   0 | number of nan iterations:   0 |
31: INFO:megatron.core.timers:(min, max) time across ranks (ms):
31:     forward-backward ...............................: (1552.13, 1552.19)
31:     embedding-grads-all-reduce .....................: (0.01, 0.02)
31:     all-grads-sync .................................: (0.17, 0.23)
31:     optimizer-copy-to-main-grad ....................: (0.15, 0.39)
31:     optimizer-inner-step ...........................: (0.55, 0.68)
31:     optimizer-copy-main-to-model-params ............: (0.30, 0.90)
31:     optimizer ......................................: (2.72, 3.32)
31:     batch-generator ................................: (4.12, 4.77)
31:     forward-compute ................................: (495.29, 530.06)
31:     backward-compute ...............................: (1015.84, 1051.34)
31:  [2026-08-18 03:17:55.078690] iteration      114/   18141 | consumed samples:        32832 | elapsed time per iteration (ms): 1588.9 | throughput per GPU (TFLOP/s/GPU): 366.8 | learning rate: 9.120000E-05 | global batch size:   288 | lm loss: 6.071723E+00 | loss scale: 1.0 | grad norm: 1.191 | params norm: 664.205 | number of skipped iterations:   0 | number of nan iterations:   0 |
31: INFO:megatron.core.timers:(min, max) time across ranks (ms):
31:     forward-backward ...............................: (1570.72, 1570.79)
31:     embedding-grads-all-reduce .....................: (0.02, 0.02)
31:     all-grads-sync .................................: (0.16, 0.22)
31:     optimizer-copy-to-main-grad ....................: (0.15, 0.37)
31:     optimizer-inner-step ...........................: (0.56, 0.68)
31:     optimizer-copy-main-to-model-params ............: (0.31, 0.90)
31:     optimizer ......................................: (2.72, 3.32)
31:     batch-generator ................................: (4.13, 4.76)
31:     forward-compute ................................: (501.57, 536.18)
31:     backward-compute ...............................: (1030.01, 1065.48)
31:  [2026-08-18 03:17:56.679844] iteration      115/   18141 | consumed samples:        33120 | elapsed time per iteration (ms): 1601.0 | throughput per GPU (TFLOP/s/GPU): 363.4 | learning rate: 9.200000E-05 | global batch size:   288 | lm loss: 6.078870E+00 | loss scale: 1.0 | grad norm: 1.420 | params norm: 664.227 | number of skipped iterations:   0 | number of nan iterations:   0 |
31: INFO:megatron.core.timers:(min, max) time across ranks (ms):
31:     forward-backward ...............................: (1583.50, 1583.60)
31:     embedding-grads-all-reduce .....................: (0.01, 0.02)
31:     all-grads-sync .................................: (0.17, 0.24)
31:     optimizer-copy-to-main-grad ....................: (0.15, 0.39)
31:     optimizer-inner-step ...........................: (0.55, 0.68)
31:     optimizer-copy-main-to-model-params ............: (0.31, 0.95)
31:     optimizer ......................................: (2.74, 3.38)
31:     batch-generator ................................: (4.20, 4.77)
31:     forward-compute ................................: (502.19, 541.17)
31:     backward-compute ...............................: (1035.21, 1075.22)
31:  [2026-08-18 03:17:58.273498] iteration      116/   18141 | consumed samples:        33408 | elapsed time per iteration (ms): 1593.5 | throughput per GPU (TFLOP/s/GPU): 365.5 | learning rate: 9.280000E-05 | global batch size:   288 | lm loss: 6.037083E+00 | loss scale: 1.0 | grad norm: 1.117 | params norm: 664.249 | number of skipped iterations:   0 | number of nan iterations:   0 |
31: INFO:megatron.core.timers:(min, max) time across ranks (ms):
31:     forward-backward ...............................: (1575.41, 1575.51)
31:     embedding-grads-all-reduce .....................: (0.01, 0.02)
31:     all-grads-sync .................................: (0.17, 0.22)
31:     optimizer-copy-to-main-grad ....................: (0.16, 0.41)
31:     optimizer-inner-step ...........................: (0.55, 0.67)
31:     optimizer-copy-main-to-model-params ............: (0.29, 0.98)
31:     optimizer ......................................: (2.73, 3.43)
31:     batch-generator ................................: (4.25, 5.06)
31:     forward-compute ................................: (499.64, 539.29)
31:     backward-compute ...............................: (1032.91, 1071.70)
31:  [2026-08-18 03:17:59.853520] iteration      117/   18141 | consumed samples:        33696 | elapsed time per iteration (ms): 1579.9 | throughput per GPU (TFLOP/s/GPU): 371.6 | learning rate: 9.360000E-05 | global batch size:   288 | lm loss: 6.057807E+00 | loss scale: 1.0 | grad norm: 2.217 | params norm: 664.270 | number of skipped iterations:   0 | number of nan iterations:   0 |
31: INFO:megatron.core.timers:(min, max) time across ranks (ms):
31:     forward-backward ...............................: (1561.28, 1561.41)
31:     embedding-grads-all-reduce .....................: (0.01, 0.02)
31:     all-grads-sync .................................: (0.16, 0.22)
31:     optimizer-copy-to-main-grad ....................: (0.16, 0.39)
31:     optimizer-inner-step ...........................: (0.55, 0.68)
31:     optimizer-copy-main-to-model-params ............: (0.31, 1.03)
31:     optimizer ......................................: (2.76, 3.48)
31:     batch-generator ................................: (3.98, 4.76)
31:     forward-compute ................................: (507.00, 538.86)
31:     backward-compute ...............................: (1014.99, 1049.94)
31:  [2026-08-18 03:18:01.441184] iteration      118/   18141 | consumed samples:        33984 | elapsed time per iteration (ms): 1587.5 | throughput per GPU (TFLOP/s/GPU): 367.1 | learning rate: 9.440000E-05 | global batch size:   288 | lm loss: 6.048174E+00 | loss scale: 1.0 | grad norm: 1.220 | params norm: 664.292 | number of skipped iterations:   0 | number of nan iterations:   0 |
31: INFO:megatron.core.timers:(min, max) time across ranks (ms):
31:     forward-backward ...............................: (1569.78, 1569.89)
31:     embedding-grads-all-reduce .....................: (0.02, 0.02)
31:     all-grads-sync .................................: (0.17, 0.22)
31:     optimizer-copy-to-main-grad ....................: (0.15, 0.37)
31:     optimizer-inner-step ...........................: (0.56, 0.67)
31:     optimizer-copy-main-to-model-params ............: (0.31, 0.87)
31:     optimizer ......................................: (2.71, 3.27)
31:     batch-generator ................................: (4.09, 4.78)
31:     forward-compute ................................: (504.07, 535.40)
31:     backward-compute ...............................: (1030.93, 1059.05)
31:  [2026-08-18 03:18:03.025329] iteration      119/   18141 | consumed samples:        34272 | elapsed time per iteration (ms): 1584.0 | throughput per GPU (TFLOP/s/GPU): 369.6 | learning rate: 9.520000E-05 | global batch size:   288 | lm loss: 5.991790E+00 | loss scale: 1.0 | grad norm: 1.203 | params norm: 664.315 | number of skipped iterations:   0 | number of nan iterations:   0 |
31: INFO:megatron.core.timers:(min, max) time across ranks (ms):
31:     forward-backward ...............................: (1565.71, 1565.82)
31:     embedding-grads-all-reduce .....................: (0.02, 0.02)
31:     all-grads-sync .................................: (0.17, 0.23)
31:     optimizer-copy-to-main-grad ....................: (0.16, 0.40)
31:     optimizer-inner-step ...........................: (0.55, 0.67)
31:     optimizer-copy-main-to-model-params ............: (0.31, 0.94)
31:     optimizer ......................................: (2.74, 3.37)
31:     batch-generator ................................: (3.97, 4.86)
31:     forward-compute ................................: (502.34, 533.55)
31:     backward-compute ...............................: (1025.63, 1059.99)
31:  [2026-08-18 03:18:04.596426] iteration      120/   18141 | consumed samples:        34560 | elapsed time per iteration (ms): 1571.0 | throughput per GPU (TFLOP/s/GPU): 373.4 | learning rate: 9.600000E-05 | global batch size:   288 | lm loss: 5.997586E+00 | loss scale: 1.0 | grad norm: 1.538 | params norm: 664.337 | number of skipped iterations:   0 | number of nan iterations:   0 |
31: INFO:megatron.core.timers:(min, max) time across ranks (ms):
31:     forward-backward ...............................: (1552.61, 1552.73)
31:     embedding-grads-all-reduce .....................: (0.02, 0.02)
31:     all-grads-sync .................................: (0.16, 0.22)
31:     optimizer-copy-to-main-grad ....................: (0.16, 0.37)
31:     optimizer-inner-step ...........................: (0.55, 0.66)
31:     optimizer-copy-main-to-model-params ............: (0.33, 0.96)
31:     optimizer ......................................: (2.71, 3.35)
31:     batch-generator ................................: (4.12, 5.85)
31:     forward-compute ................................: (502.98, 536.76)
31:     backward-compute ...............................: (1009.02, 1045.53)
31:  [2026-08-18 03:18:06.198834] iteration      121/   18141 | consumed samples:        34848 | elapsed time per iteration (ms): 1602.2 | throughput per GPU (TFLOP/s/GPU): 365.2 | learning rate: 9.680000E-05 | global batch size:   288 | lm loss: 5.994141E+00 | loss scale: 1.0 | grad norm: 1.019 | params norm: 664.359 | number of skipped iterations:   0 | number of nan iterations:   0 |
31: INFO:megatron.core.timers:(min, max) time across ranks (ms):
31:     forward-backward ...............................: (1583.66, 1583.74)
31:     embedding-grads-all-reduce .....................: (0.02, 0.02)
31:     all-grads-sync .................................: (0.17, 0.22)
31:     optimizer-copy-to-main-grad ....................: (0.16, 0.38)
31:     optimizer-inner-step ...........................: (0.55, 0.68)
31:     optimizer-copy-main-to-model-params ............: (0.31, 0.94)
31:     optimizer ......................................: (2.75, 3.38)
31:     batch-generator ................................: (4.05, 4.64)
31:     forward-compute ................................: (509.23, 548.79)
31:     backward-compute ...............................: (1031.20, 1070.73)
31:  [2026-08-18 03:18:07.809988] iteration      122/   18141 | consumed samples:        35136 | elapsed time per iteration (ms): 1611.0 | throughput per GPU (TFLOP/s/GPU): 363.0 | learning rate: 9.760000E-05 | global batch size:   288 | lm loss: 5.967974E+00 | loss scale: 1.0 | grad norm: 1.346 | params norm: 664.382 | number of skipped iterations:   0 | number of nan iterations:   0 |
31: INFO:megatron.core.timers:(min, max) time across ranks (ms):
31:     forward-backward ...............................: (1593.22, 1593.36)
31:     embedding-grads-all-reduce .....................: (0.02, 0.02)
31:     all-grads-sync .................................: (0.17, 0.22)
31:     optimizer-copy-to-main-grad ....................: (0.16, 0.38)
31:     optimizer-inner-step ...........................: (0.56, 0.68)
31:     optimizer-copy-main-to-model-params ............: (0.33, 0.91)
31:     optimizer ......................................: (2.77, 3.35)
31:     batch-generator ................................: (4.11, 5.42)
31:     forward-compute ................................: (498.30, 548.06)
31:     backward-compute ...............................: (1037.07, 1088.53)
31:  [2026-08-18 03:18:09.416277] iteration      123/   18141 | consumed samples:        35424 | elapsed time per iteration (ms): 1606.1 | throughput per GPU (TFLOP/s/GPU): 363.0 | learning rate: 9.840000E-05 | global batch size:   288 | lm loss: 5.973995E+00 | loss scale: 1.0 | grad norm: 1.261 | params norm: 664.405 | number of skipped iterations:   0 | number of nan iterations:   0 |
31: INFO:megatron.core.timers:(min, max) time across ranks (ms):
31:     forward-backward ...............................: (1587.81, 1587.90)
31:     embedding-grads-all-reduce .....................: (0.02, 0.04)
31:     all-grads-sync .................................: (0.16, 0.22)
31:     optimizer-copy-to-main-grad ....................: (0.15, 0.36)
31:     optimizer-inner-step ...........................: (0.55, 0.69)
31:     optimizer-copy-main-to-model-params ............: (0.33, 0.94)
31:     optimizer ......................................: (2.72, 3.33)
31:     batch-generator ................................: (4.06, 6.30)
31:     forward-compute ................................: (501.45, 545.24)
31:     backward-compute ...............................: (1039.06, 1080.47)
31:  [2026-08-18 03:18:11.002176] iteration      124/   18141 | consumed samples:        35712 | elapsed time per iteration (ms): 1585.7 | throughput per GPU (TFLOP/s/GPU): 368.9 | learning rate: 9.920000E-05 | global batch size:   288 | lm loss: 5.986369E+00 | loss scale: 1.0 | grad norm: 1.047 | params norm: 664.429 | number of skipped iterations:   0 | number of nan iterations:   0 |
31: INFO:megatron.core.timers:(min, max) time across ranks (ms):
31:     forward-backward ...............................: (1567.34, 1567.44)
31:     embedding-grads-all-reduce .....................: (0.02, 0.04)
31:     all-grads-sync .................................: (0.16, 0.23)
31:     optimizer-copy-to-main-grad ....................: (0.15, 0.38)
31:     optimizer-inner-step ...........................: (0.55, 0.67)
31:     optimizer-copy-main-to-model-params ............: (0.35, 0.95)
31:     optimizer ......................................: (2.75, 3.35)
31:     batch-generator ................................: (4.12, 4.89)
31:     forward-compute ................................: (501.34, 542.66)
31:     backward-compute ...............................: (1020.32, 1059.26)
31:  [2026-08-18 03:18:12.558548] iteration      125/   18141 | consumed samples:        36000 | elapsed time per iteration (ms): 1556.2 | throughput per GPU (TFLOP/s/GPU): 374.2 | learning rate: 1.000000E-04 | global batch size:   288 | lm loss: 5.935949E+00 | loss scale: 1.0 | grad norm: 1.124 | params norm: 664.453 | number of skipped iterations:   0 | number of nan iterations:   0 |
31: INFO:megatron.core.timers:(min, max) time across ranks (ms):
31:     forward-backward ...............................: (1537.95, 1538.06)
31:     embedding-grads-all-reduce .....................: (0.02, 0.02)
31:     all-grads-sync .................................: (0.16, 0.23)
31:     optimizer-copy-to-main-grad ....................: (0.16, 0.35)
31:     optimizer-inner-step ...........................: (0.56, 0.69)
31:     optimizer-copy-main-to-model-params ............: (0.31, 0.96)
31:     optimizer ......................................: (2.71, 3.37)
31:     batch-generator ................................: (4.10, 5.03)
31:     forward-compute ................................: (501.70, 532.70)
31:     backward-compute ...............................: (1000.62, 1031.49)
31:  [2026-08-18 03:18:14.133545] iteration      126/   18141 | consumed samples:        36288 | elapsed time per iteration (ms): 1574.9 | throughput per GPU (TFLOP/s/GPU): 369.9 | learning rate: 1.008000E-04 | global batch size:   288 | lm loss: 5.926227E+00 | loss scale: 1.0 | grad norm: 1.298 | params norm: 664.476 | number of skipped iterations:   0 | number of nan iterations:   0 |
31: INFO:megatron.core.timers:(min, max) time across ranks (ms):
31:     forward-backward ...............................: (1557.14, 1557.27)
31:     embedding-grads-all-reduce .....................: (0.02, 0.02)
31:     all-grads-sync .................................: (0.17, 0.23)
31:     optimizer-copy-to-main-grad ....................: (0.16, 0.36)
31:     optimizer-inner-step ...........................: (0.56, 0.66)
31:     optimizer-copy-main-to-model-params ............: (0.35, 0.91)
31:     optimizer ......................................: (2.72, 3.29)
31:     batch-generator ................................: (4.06, 6.23)
31:     forward-compute ................................: (504.27, 538.64)
31:     backward-compute ...............................: (1014.89, 1047.42)
31:  [2026-08-18 03:18:15.729489] iteration      127/   18141 | consumed samples:        36576 | elapsed time per iteration (ms): 1595.8 | throughput per GPU (TFLOP/s/GPU): 367.3 | learning rate: 1.016000E-04 | global batch size:   288 | lm loss: 5.908688E+00 | loss scale: 1.0 | grad norm: 1.268 | params norm: 664.501 | number of skipped iterations:   0 | number of nan iterations:   0 |
31: INFO:megatron.core.timers:(min, max) time across ranks (ms):
31:     forward-backward ...............................: (1577.68, 1577.75)
31:     embedding-grads-all-reduce .....................: (0.02, 0.02)
31:     all-grads-sync .................................: (0.16, 0.22)
31:     optimizer-copy-to-main-grad ....................: (0.16, 0.38)
31:     optimizer-inner-step ...........................: (0.56, 0.69)
31:     optimizer-copy-main-to-model-params ............: (0.32, 0.96)
31:     optimizer ......................................: (2.77, 3.41)
31:     batch-generator ................................: (4.21, 4.68)
31:     forward-compute ................................: (510.77, 544.53)
31:     backward-compute ...............................: (1027.12, 1062.69)
31:  [2026-08-18 03:18:17.291775] iteration      128/   18141 | consumed samples:        36864 | elapsed time per iteration (ms): 1562.1 | throughput per GPU (TFLOP/s/GPU): 373.1 | learning rate: 1.024000E-04 | global batch size:   288 | lm loss: 5.887101E+00 | loss scale: 1.0 | grad norm: 0.879 | params norm: 664.526 | number of skipped iterations:   0 | number of nan iterations:   0 |
31: INFO:megatron.core.timers:(min, max) time across ranks (ms):
31:     forward-backward ...............................: (1543.62, 1543.72)
31:     embedding-grads-all-reduce .....................: (0.01, 0.02)
31:     all-grads-sync .................................: (0.16, 0.22)
31:     optimizer-copy-to-main-grad ....................: (0.15, 0.40)
31:     optimizer-inner-step ...........................: (0.55, 0.68)
31:     optimizer-copy-main-to-model-params ............: (0.30, 0.99)
31:     optimizer ......................................: (2.75, 3.44)
31:     batch-generator ................................: (4.14, 5.01)
31:     forward-compute ................................: (504.07, 534.88)
31:     backward-compute ...............................: (1003.26, 1035.10)
31:  [2026-08-18 03:18:18.868186] iteration      129/   18141 | consumed samples:        37152 | elapsed time per iteration (ms): 1576.3 | throughput per GPU (TFLOP/s/GPU): 370.8 | learning rate: 1.032000E-04 | global batch size:   288 | lm loss: 5.895754E+00 | loss scale: 1.0 | grad norm: 1.162 | params norm: 664.551 | number of skipped iterations:   0 | number of nan iterations:   0 |
31: INFO:megatron.core.timers:(min, max) time across ranks (ms):
31:     forward-backward ...............................: (1557.98, 1558.12)
31:     embedding-grads-all-reduce .....................: (0.02, 0.02)
31:     all-grads-sync .................................: (0.17, 0.22)
31:     optimizer-copy-to-main-grad ....................: (0.16, 0.35)
31:     optimizer-inner-step ...........................: (0.55, 0.68)
31:     optimizer-copy-main-to-model-params ............: (0.34, 0.88)
31:     optimizer ......................................: (2.80, 3.34)
31:     batch-generator ................................: (4.11, 4.71)
31:     forward-compute ................................: (495.88, 537.66)
31:     backward-compute ...............................: (1016.90, 1058.05)
31:  [2026-08-18 03:18:20.486716] iteration      130/   18141 | consumed samples:        37440 | elapsed time per iteration (ms): 1618.4 | throughput per GPU (TFLOP/s/GPU): 360.9 | learning rate: 1.040000E-04 | global batch size:   288 | lm loss: 5.885314E+00 | loss scale: 1.0 | grad norm: 1.009 | params norm: 664.577 | number of skipped iterations:   0 | number of nan iterations:   0 |
31: INFO:megatron.core.timers:(min, max) time across ranks (ms):
31:     forward-backward ...............................: (1600.21, 1600.30)
31:     embedding-grads-all-reduce .....................: (0.02, 0.02)
31:     all-grads-sync .................................: (0.17, 0.23)
31:     optimizer-copy-to-main-grad ....................: (0.16, 0.38)
31:     optimizer-inner-step ...........................: (0.55, 0.67)
31:     optimizer-copy-main-to-model-params ............: (0.33, 0.96)
31:     optimizer ......................................: (2.75, 3.37)
31:     batch-generator ................................: (4.11, 4.82)
31:     forward-compute ................................: (502.63, 537.03)
31:     backward-compute ...............................: (1057.71, 1090.18)
31:  [2026-08-18 03:18:22.079600] iteration      131/   18141 | consumed samples:        37728 | elapsed time per iteration (ms): 1592.7 | throughput per GPU (TFLOP/s/GPU): 367.6 | learning rate: 1.048000E-04 | global batch size:   288 | lm loss: 5.891053E+00 | loss scale: 1.0 | grad norm: 1.578 | params norm: 664.602 | number of skipped iterations:   0 | number of nan iterations:   0 |
31: INFO:megatron.core.timers:(min, max) time across ranks (ms):
31:     forward-backward ...............................: (1574.40, 1574.48)
31:     embedding-grads-all-reduce .....................: (0.01, 0.02)
31:     all-grads-sync .................................: (0.15, 0.23)
31:     optimizer-copy-to-main-grad ....................: (0.16, 0.35)
31:     optimizer-inner-step ...........................: (0.55, 0.68)
31:     optimizer-copy-main-to-model-params ............: (0.31, 0.97)
31:     optimizer ......................................: (2.75, 3.42)
31:     batch-generator ................................: (4.17, 5.11)
31:     forward-compute ................................: (503.06, 546.56)
31:     backward-compute ...............................: (1020.97, 1067.55)
31:  [2026-08-18 03:18:23.704659] iteration      132/   18141 | consumed samples:        38016 | elapsed time per iteration (ms): 1624.9 | throughput per GPU (TFLOP/s/GPU): 358.8 | learning rate: 1.056000E-04 | global batch size:   288 | lm loss: 5.880673E+00 | loss scale: 1.0 | grad norm: 1.485 | params norm: 664.628 | number of skipped iterations:   0 | number of nan iterations:   0 |
31: INFO:megatron.core.timers:(min, max) time across ranks (ms):
31:     forward-backward ...............................: (1606.59, 1606.70)
31:     embedding-grads-all-reduce .....................: (0.01, 0.02)
31:     all-grads-sync .................................: (0.17, 0.23)
31:     optimizer-copy-to-main-grad ....................: (0.15, 0.36)
31:     optimizer-inner-step ...........................: (0.55, 0.69)
31:     optimizer-copy-main-to-model-params ............: (0.35, 0.86)
31:     optimizer ......................................: (2.76, 3.27)
31:     batch-generator ................................: (4.04, 4.87)
31:     forward-compute ................................: (500.58, 541.10)
31:     backward-compute ...............................: (1058.75, 1098.17)
31:  [2026-08-18 03:18:25.328618] iteration      133/   18141 | consumed samples:        38304 | elapsed time per iteration (ms): 1623.8 | throughput per GPU (TFLOP/s/GPU): 358.7 | learning rate: 1.064000E-04 | global batch size:   288 | lm loss: 5.865968E+00 | loss scale: 1.0 | grad norm: 1.023 | params norm: 664.654 | number of skipped iterations:   0 | number of nan iterations:   0 |
31: INFO:megatron.core.timers:(min, max) time across ranks (ms):
31:     forward-backward ...............................: (1605.33, 1605.46)
31:     embedding-grads-all-reduce .....................: (0.02, 0.04)
31:     all-grads-sync .................................: (0.16, 0.24)
31:     optimizer-copy-to-main-grad ....................: (0.16, 0.35)
31:     optimizer-inner-step ...........................: (0.55, 0.68)
31:     optimizer-copy-main-to-model-params ............: (0.31, 0.92)
31:     optimizer ......................................: (2.69, 3.31)
31:     batch-generator ................................: (4.08, 5.20)
31:     forward-compute ................................: (493.75, 542.61)
31:     backward-compute ...............................: (1059.64, 1108.41)
31:  [2026-08-18 03:18:26.917323] iteration      134/   18141 | consumed samples:        38592 | elapsed time per iteration (ms): 1588.5 | throughput per GPU (TFLOP/s/GPU): 368.3 | learning rate: 1.072000E-04 | global batch size:   288 | lm loss: 5.837148E+00 | loss scale: 1.0 | grad norm: 1.348 | params norm: 664.681 | number of skipped iterations:   0 | number of nan iterations:   0 |
31: INFO:megatron.core.timers:(min, max) time across ranks (ms):
31:     forward-backward ...............................: (1564.40, 1564.49)
31:     embedding-grads-all-reduce .....................: (0.02, 0.02)
31:     all-grads-sync .................................: (0.16, 0.23)
31:     optimizer-copy-to-main-grad ....................: (0.16, 0.38)
31:     optimizer-inner-step ...........................: (0.56, 0.67)
31:     optimizer-copy-main-to-model-params ............: (0.32, 0.95)
31:     optimizer ......................................: (9.12, 9.76)
31:     batch-generator ................................: (4.11, 4.75)
31:     forward-compute ................................: (506.83, 537.41)
31:     backward-compute ...............................: (1020.93, 1054.24)
31:  [2026-08-18 03:18:28.479232] iteration      135/   18141 | consumed samples:        38880 | elapsed time per iteration (ms): 1561.7 | throughput per GPU (TFLOP/s/GPU): 372.0 | learning rate: 1.080000E-04 | global batch size:   288 | lm loss: 5.827938E+00 | loss scale: 1.0 | grad norm: 1.556 | params norm: 664.707 | number of skipped iterations:   0 | number of nan iterations:   0 |
31: INFO:megatron.core.timers:(min, max) time across ranks (ms):
31:     forward-backward ...............................: (1542.61, 1542.71)
31:     embedding-grads-all-reduce .....................: (0.02, 0.02)
31:     all-grads-sync .................................: (0.17, 0.22)
31:     optimizer-copy-to-main-grad ....................: (0.15, 0.39)
31:     optimizer-inner-step ...........................: (0.55, 0.68)
31:     optimizer-copy-main-to-model-params ............: (0.31, 1.02)
31:     optimizer ......................................: (2.77, 3.49)
31:     batch-generator ................................: (4.11, 4.64)
31:     forward-compute ................................: (499.39, 535.14)
31:     backward-compute ...............................: (1004.02, 1037.70)
31:  [2026-08-18 03:18:30.107470] iteration      136/   18141 | consumed samples:        39168 | elapsed time per iteration (ms): 1628.1 | throughput per GPU (TFLOP/s/GPU): 359.8 | learning rate: 1.088000E-04 | global batch size:   288 | lm loss: 5.809283E+00 | loss scale: 1.0 | grad norm: 1.046 | params norm: 664.733 | number of skipped iterations:   0 | number of nan iterations:   0 |
31: INFO:megatron.core.timers:(min, max) time across ranks (ms):
31:     forward-backward ...............................: (1610.30, 1610.40)
31:     embedding-grads-all-reduce .....................: (0.02, 0.02)
31:     all-grads-sync .................................: (0.17, 0.21)
31:     optimizer-copy-to-main-grad ....................: (0.16, 0.39)
31:     optimizer-inner-step ...........................: (0.55, 0.66)
31:     optimizer-copy-main-to-model-params ............: (0.34, 0.88)
31:     optimizer ......................................: (2.77, 3.31)
31:     batch-generator ................................: (4.15, 4.69)
31:     forward-compute ................................: (505.14, 554.70)
31:     backward-compute ...............................: (1052.04, 1098.67)
31:  [2026-08-18 03:18:31.720347] iteration      137/   18141 | consumed samples:        39456 | elapsed time per iteration (ms): 1612.7 | throughput per GPU (TFLOP/s/GPU): 364.1 | learning rate: 1.096000E-04 | global batch size:   288 | lm loss: 5.831318E+00 | loss scale: 1.0 | grad norm: 0.957 | params norm: 664.760 | number of skipped iterations:   0 | number of nan iterations:   0 |
31: INFO:megatron.core.timers:(min, max) time across ranks (ms):
31:     forward-backward ...............................: (1594.37, 1594.45)
31:     embedding-grads-all-reduce .....................: (0.02, 0.02)
31:     all-grads-sync .................................: (0.16, 0.22)
31:     optimizer-copy-to-main-grad ....................: (0.15, 0.40)
31:     optimizer-inner-step ...........................: (0.55, 0.66)
31:     optimizer-copy-main-to-model-params ............: (0.32, 0.99)
31:     optimizer ......................................: (2.76, 3.45)
31:     batch-generator ................................: (4.18, 4.64)
31:     forward-compute ................................: (505.82, 546.12)
31:     backward-compute ...............................: (1044.64, 1082.04)
31:  [2026-08-18 03:18:33.307614] iteration      138/   18141 | consumed samples:        39744 | elapsed time per iteration (ms): 1587.1 | throughput per GPU (TFLOP/s/GPU): 367.1 | learning rate: 1.104000E-04 | global batch size:   288 | lm loss: 5.801584E+00 | loss scale: 1.0 | grad norm: 1.145 | params norm: 664.788 | number of skipped iterations:   0 | number of nan iterations:   0 |
31: INFO:megatron.core.timers:(min, max) time across ranks (ms):
31:     forward-backward ...............................: (1568.29, 1568.37)
31:     embedding-grads-all-reduce .....................: (0.02, 0.02)
31:     all-grads-sync .................................: (0.17, 0.22)
31:     optimizer-copy-to-main-grad ....................: (0.16, 0.38)
31:     optimizer-inner-step ...........................: (0.55, 0.66)
31:     optimizer-copy-main-to-model-params ............: (0.33, 1.01)
31:     optimizer ......................................: (2.77, 3.45)
31:     batch-generator ................................: (4.19, 5.09)
31:     forward-compute ................................: (497.09, 534.12)
31:     backward-compute ...............................: (1029.04, 1065.43)
31:  [2026-08-18 03:18:34.911108] iteration      139/   18141 | consumed samples:        40032 | elapsed time per iteration (ms): 1603.4 | throughput per GPU (TFLOP/s/GPU): 364.6 | learning rate: 1.112000E-04 | global batch size:   288 | lm loss: 5.777397E+00 | loss scale: 1.0 | grad norm: 0.843 | params norm: 664.816 | number of skipped iterations:   0 | number of nan iterations:   0 |
31: INFO:megatron.core.timers:(min, max) time across ranks (ms):
31:     forward-backward ...............................: (1585.17, 1585.27)
31:     embedding-grads-all-reduce .....................: (0.01, 0.02)
31:     all-grads-sync .................................: (0.17, 0.24)
31:     optimizer-copy-to-main-grad ....................: (0.15, 0.37)
31:     optimizer-inner-step ...........................: (0.55, 0.67)
31:     optimizer-copy-main-to-model-params ............: (0.32, 0.92)
31:     optimizer ......................................: (2.73, 3.33)
31:     batch-generator ................................: (4.18, 4.80)
31:     forward-compute ................................: (499.85, 540.60)
31:     backward-compute ...............................: (1040.89, 1081.40)
31:  [2026-08-18 03:18:36.505883] iteration      140/   18141 | consumed samples:        40320 | elapsed time per iteration (ms): 1594.6 | throughput per GPU (TFLOP/s/GPU): 366.4 | learning rate: 1.120000E-04 | global batch size:   288 | lm loss: 5.763339E+00 | loss scale: 1.0 | grad norm: 0.884 | params norm: 664.845 | number of skipped iterations:   0 | number of nan iterations:   0 |
31: INFO:megatron.core.timers:(min, max) time across ranks (ms):
31:     forward-backward ...............................: (1575.84, 1575.93)
31:     embedding-grads-all-reduce .....................: (0.01, 0.02)
31:     all-grads-sync .................................: (0.17, 0.22)
31:     optimizer-copy-to-main-grad ....................: (0.16, 0.38)
31:     optimizer-inner-step ...........................: (0.56, 0.69)
31:     optimizer-copy-main-to-model-params ............: (0.32, 0.94)
31:     optimizer ......................................: (2.80, 3.43)
31:     batch-generator ................................: (4.21, 4.87)
31:     forward-compute ................................: (505.98, 541.06)
31:     backward-compute ...............................: (1026.62, 1066.51)
31:  [2026-08-18 03:18:38.101584] iteration      141/   18141 | consumed samples:        40608 | elapsed time per iteration (ms): 1595.6 | throughput per GPU (TFLOP/s/GPU): 366.4 | learning rate: 1.128000E-04 | global batch size:   288 | lm loss: 5.754747E+00 | loss scale: 1.0 | grad norm: 1.232 | params norm: 664.874 | number of skipped iterations:   0 | number of nan iterations:   0 |
31: INFO:megatron.core.timers:(min, max) time across ranks (ms):
31:     forward-backward ...............................: (1577.39, 1577.48)
31:     embedding-grads-all-reduce .....................: (0.02, 0.02)
31:     all-grads-sync .................................: (0.17, 0.22)
31:     optimizer-copy-to-main-grad ....................: (0.15, 0.39)
31:     optimizer-inner-step ...........................: (0.55, 0.67)
31:     optimizer-copy-main-to-model-params ............: (0.35, 0.94)
31:     optimizer ......................................: (2.79, 3.38)
31:     batch-generator ................................: (4.13, 4.64)
31:     forward-compute ................................: (498.63, 542.57)
31:     backward-compute ...............................: (1031.25, 1074.92)
31:  [2026-08-18 03:18:39.700272] iteration      142/   18141 | consumed samples:        40896 | elapsed time per iteration (ms): 1598.5 | throughput per GPU (TFLOP/s/GPU): 364.5 | learning rate: 1.136000E-04 | global batch size:   288 | lm loss: 5.735857E+00 | loss scale: 1.0 | grad norm: 1.453 | params norm: 664.903 | number of skipped iterations:   0 | number of nan iterations:   0 |
31: INFO:megatron.core.timers:(min, max) time across ranks (ms):
31:     forward-backward ...............................: (1579.97, 1580.14)
31:     embedding-grads-all-reduce .....................: (0.02, 0.02)
31:     all-grads-sync .................................: (0.17, 0.22)
31:     optimizer-copy-to-main-grad ....................: (0.15, 0.39)
31:     optimizer-inner-step ...........................: (0.56, 0.68)
31:     optimizer-copy-main-to-model-params ............: (0.31, 0.96)
31:     optimizer ......................................: (2.73, 3.38)
31:     batch-generator ................................: (4.16, 4.84)
31:     forward-compute ................................: (502.36, 538.79)
31:     backward-compute ...............................: (1037.63, 1072.39)
31:  [2026-08-18 03:18:41.253948] iteration      143/   18141 | consumed samples:        41184 | elapsed time per iteration (ms): 1553.5 | throughput per GPU (TFLOP/s/GPU): 374.7 | learning rate: 1.144000E-04 | global batch size:   288 | lm loss: 5.756495E+00 | loss scale: 1.0 | grad norm: 1.367 | params norm: 664.932 | number of skipped iterations:   0 | number of nan iterations:   0 |
31: INFO:megatron.core.timers:(min, max) time across ranks (ms):
31:     forward-backward ...............................: (1535.23, 1535.40)
31:     embedding-grads-all-reduce .....................: (0.02, 0.02)
31:     all-grads-sync .................................: (0.17, 0.23)
31:     optimizer-copy-to-main-grad ....................: (0.15, 0.37)
31:     optimizer-inner-step ...........................: (0.56, 0.66)
31:     optimizer-copy-main-to-model-params ............: (0.32, 0.89)
31:     optimizer ......................................: (2.69, 3.26)
31:     batch-generator ................................: (4.20, 4.75)
31:     forward-compute ................................: (499.61, 529.24)
31:     backward-compute ...............................: (1002.11, 1032.32)
31:  [2026-08-18 03:18:42.816778] iteration      144/   18141 | consumed samples:        41472 | elapsed time per iteration (ms): 1562.7 | throughput per GPU (TFLOP/s/GPU): 374.5 | learning rate: 1.152000E-04 | global batch size:   288 | lm loss: 5.713974E+00 | loss scale: 1.0 | grad norm: 1.243 | params norm: 664.961 | number of skipped iterations:   0 | number of nan iterations:   0 |
31: INFO:megatron.core.timers:(min, max) time across ranks (ms):
31:     forward-backward ...............................: (1543.82, 1543.91)
31:     embedding-grads-all-reduce .....................: (0.02, 0.02)
31:     all-grads-sync .................................: (0.16, 0.22)
31:     optimizer-copy-to-main-grad ....................: (0.15, 0.37)
31:     optimizer-inner-step ...........................: (0.55, 0.67)
31:     optimizer-copy-main-to-model-params ............: (0.30, 0.91)
31:     optimizer ......................................: (2.72, 3.35)
31:     batch-generator ................................: (4.16, 5.32)
31:     forward-compute ................................: (506.16, 534.75)
31:     backward-compute ...............................: (1001.03, 1033.91)
31:  [2026-08-18 03:18:44.380481] iteration      145/   18141 | consumed samples:        41760 | elapsed time per iteration (ms): 1563.5 | throughput per GPU (TFLOP/s/GPU): 372.7 | learning rate: 1.160000E-04 | global batch size:   288 | lm loss: 5.711852E+00 | loss scale: 1.0 | grad norm: 0.850 | params norm: 664.990 | number of skipped iterations:   0 | number of nan iterations:   0 |
31: INFO:megatron.core.timers:(min, max) time across ranks (ms):
31:     forward-backward ...............................: (1544.97, 1545.04)
31:     embedding-grads-all-reduce .....................: (0.02, 0.02)
31:     all-grads-sync .................................: (0.16, 0.22)
31:     optimizer-copy-to-main-grad ....................: (0.16, 0.36)
31:     optimizer-inner-step ...........................: (0.55, 0.67)
31:     optimizer-copy-main-to-model-params ............: (0.31, 0.88)
31:     optimizer ......................................: (2.71, 3.28)
31:     batch-generator ................................: (4.06, 6.01)
31:     forward-compute ................................: (498.34, 536.08)
31:     backward-compute ...............................: (1005.19, 1041.62)
31:  [2026-08-18 03:18:45.987974] iteration      146/   18141 | consumed samples:        42048 | elapsed time per iteration (ms): 1607.4 | throughput per GPU (TFLOP/s/GPU): 363.8 | learning rate: 1.168000E-04 | global batch size:   288 | lm loss: 5.706254E+00 | loss scale: 1.0 | grad norm: 1.003 | params norm: 665.020 | number of skipped iterations:   0 | number of nan iterations:   0 |
31: INFO:megatron.core.timers:(min, max) time across ranks (ms):
31:     forward-backward ...............................: (1589.03, 1589.14)
31:     embedding-grads-all-reduce .....................: (0.02, 0.02)
31:     all-grads-sync .................................: (0.17, 0.22)
31:     optimizer-copy-to-main-grad ....................: (0.16, 0.35)
31:     optimizer-inner-step ...........................: (0.55, 0.67)
31:     optimizer-copy-main-to-model-params ............: (0.30, 0.77)
31:     optimizer ......................................: (2.63, 3.09)
31:     batch-generator ................................: (4.20, 4.98)
31:     forward-compute ................................: (501.71, 545.66)
31:     backward-compute ...............................: (1039.95, 1084.15)
31:  [2026-08-18 03:18:47.613949] iteration      147/   18141 | consumed samples:        42336 | elapsed time per iteration (ms): 1625.8 | throughput per GPU (TFLOP/s/GPU): 358.3 | learning rate: 1.176000E-04 | global batch size:   288 | lm loss: 5.708613E+00 | loss scale: 1.0 | grad norm: 1.487 | params norm: 665.050 | number of skipped iterations:   0 | number of nan iterations:   0 |
31: INFO:megatron.core.timers:(min, max) time across ranks (ms):
31:     forward-backward ...............................: (1607.84, 1607.95)
31:     embedding-grads-all-reduce .....................: (0.02, 0.02)
31:     all-grads-sync .................................: (0.17, 0.23)
31:     optimizer-copy-to-main-grad ....................: (0.16, 0.38)
31:     optimizer-inner-step ...........................: (0.55, 0.68)
31:     optimizer-copy-main-to-model-params ............: (0.34, 0.92)
31:     optimizer ......................................: (2.76, 3.34)
31:     batch-generator ................................: (4.07, 4.67)
31:     forward-compute ................................: (507.59, 558.45)
31:     backward-compute ...............................: (1045.85, 1096.36)
31:  [2026-08-18 03:18:49.219549] iteration      148/   18141 | consumed samples:        42624 | elapsed time per iteration (ms): 1605.5 | throughput per GPU (TFLOP/s/GPU): 364.8 | learning rate: 1.184000E-04 | global batch size:   288 | lm loss: 5.698211E+00 | loss scale: 1.0 | grad norm: 1.148 | params norm: 665.080 | number of skipped iterations:   0 | number of nan iterations:   0 |
31: INFO:megatron.core.timers:(min, max) time across ranks (ms):
31:     forward-backward ...............................: (1586.97, 1587.09)
31:     embedding-grads-all-reduce .....................: (0.02, 0.02)
31:     all-grads-sync .................................: (0.16, 0.22)
31:     optimizer-copy-to-main-grad ....................: (0.15, 0.39)
31:     optimizer-inner-step ...........................: (0.55, 0.68)
31:     optimizer-copy-main-to-model-params ............: (0.31, 0.95)
31:     optimizer ......................................: (2.76, 3.39)
31:     batch-generator ................................: (4.15, 5.02)
31:     forward-compute ................................: (496.52, 544.27)
31:     backward-compute ...............................: (1035.69, 1087.21)
31:  [2026-08-18 03:18:50.797407] iteration      149/   18141 | consumed samples:        42912 | elapsed time per iteration (ms): 1577.7 | throughput per GPU (TFLOP/s/GPU): 369.7 | learning rate: 1.192000E-04 | global batch size:   288 | lm loss: 5.688328E+00 | loss scale: 1.0 | grad norm: 2.134 | params norm: 665.110 | number of skipped iterations:   0 | number of nan iterations:   0 |
31: INFO:megatron.core.timers:(min, max) time across ranks (ms):
31:     forward-backward ...............................: (1558.95, 1559.12)
31:     embedding-grads-all-reduce .....................: (0.02, 0.02)
31:     all-grads-sync .................................: (0.17, 0.24)
31:     optimizer-copy-to-main-grad ....................: (0.16, 0.38)
31:     optimizer-inner-step ...........................: (0.55, 0.68)
31:     optimizer-copy-main-to-model-params ............: (0.30, 0.99)
31:     optimizer ......................................: (2.70, 3.39)
31:     batch-generator ................................: (4.08, 4.83)
31:     forward-compute ................................: (498.24, 540.59)
31:     backward-compute ...............................: (1014.18, 1055.59)
31:  [2026-08-18 03:18:52.388496] iteration      150/   18141 | consumed samples:        43200 | elapsed time per iteration (ms): 1590.9 | throughput per GPU (TFLOP/s/GPU): 366.6 | learning rate: 1.200000E-04 | global batch size:   288 | lm loss: 5.653807E+00 | loss scale: 1.0 | grad norm: 0.970 | params norm: 665.140 | number of skipped iterations:   0 | number of nan iterations:   0 |
31: INFO:megatron.core.timers:(min, max) time across ranks (ms):
31:     forward-backward ...............................: (1572.39, 1572.51)
31:     embedding-grads-all-reduce .....................: (0.02, 0.02)
31:     all-grads-sync .................................: (0.17, 0.22)
31:     optimizer-copy-to-main-grad ....................: (0.16, 0.37)
31:     optimizer-inner-step ...........................: (0.56, 0.67)
31:     optimizer-copy-main-to-model-params ............: (0.32, 0.77)
31:     optimizer ......................................: (2.67, 3.12)
31:     batch-generator ................................: (4.16, 4.95)
31:     forward-compute ................................: (503.64, 544.32)
31:     backward-compute ...............................: (1023.87, 1062.02)
31:  [2026-08-18 03:18:53.952859] iteration      151/   18141 | consumed samples:        43488 | elapsed time per iteration (ms): 1564.2 | throughput per GPU (TFLOP/s/GPU): 373.8 | learning rate: 1.208000E-04 | global batch size:   288 | lm loss: 5.669157E+00 | loss scale: 1.0 | grad norm: 1.354 | params norm: 665.171 | number of skipped iterations:   0 | number of nan iterations:   0 |
31: INFO:megatron.core.timers:(min, max) time across ranks (ms):
31:     forward-backward ...............................: (1546.73, 1546.84)
31:     embedding-grads-all-reduce .....................: (0.02, 0.02)
31:     all-grads-sync .................................: (0.17, 0.24)
31:     optimizer-copy-to-main-grad ....................: (0.16, 0.34)
31:     optimizer-inner-step ...........................: (0.55, 0.67)
31:     optimizer-copy-main-to-model-params ............: (0.33, 0.97)
31:     optimizer ......................................: (2.66, 3.31)
31:     batch-generator ................................: (4.03, 4.69)
31:     forward-compute ................................: (500.44, 537.28)
31:     backward-compute ...............................: (1005.83, 1042.52)
31:  [2026-08-18 03:18:55.562106] iteration      152/   18141 | consumed samples:        43776 | elapsed time per iteration (ms): 1609.1 | throughput per GPU (TFLOP/s/GPU): 364.0 | learning rate: 1.216000E-04 | global batch size:   288 | lm loss: 5.666504E+00 | loss scale: 1.0 | grad norm: 1.102 | params norm: 665.201 | number of skipped iterations:   0 | number of nan iterations:   0 |
31: INFO:megatron.core.timers:(min, max) time across ranks (ms):
31:     forward-backward ...............................: (1590.79, 1590.87)
31:     embedding-grads-all-reduce .....................: (0.01, 0.02)
31:     all-grads-sync .................................: (0.16, 0.22)
31:     optimizer-copy-to-main-grad ....................: (0.15, 0.37)
31:     optimizer-inner-step ...........................: (0.55, 0.68)
31:     optimizer-copy-main-to-model-params ............: (0.35, 0.93)
31:     optimizer ......................................: (2.78, 3.36)
31:     batch-generator ................................: (4.11, 4.78)
31:     forward-compute ................................: (506.34, 551.50)
31:     backward-compute ...............................: (1035.68, 1080.07)
31:  [2026-08-18 03:18:57.191250] iteration      153/   18141 | consumed samples:        44064 | elapsed time per iteration (ms): 1629.0 | throughput per GPU (TFLOP/s/GPU): 359.4 | learning rate: 1.224000E-04 | global batch size:   288 | lm loss: 5.675142E+00 | loss scale: 1.0 | grad norm: 1.465 | params norm: 665.232 | number of skipped iterations:   0 | number of nan iterations:   0 |
31: INFO:megatron.core.timers:(min, max) time across ranks (ms):
31:     forward-backward ...............................: (1611.14, 1611.21)
31:     embedding-grads-all-reduce .....................: (0.02, 0.02)
31:     all-grads-sync .................................: (0.16, 0.22)
31:     optimizer-copy-to-main-grad ....................: (0.16, 0.37)
31:     optimizer-inner-step ...........................: (0.55, 0.67)
31:     optimizer-copy-main-to-model-params ............: (0.31, 1.02)
31:     optimizer ......................................: (2.73, 3.44)
31:     batch-generator ................................: (4.18, 4.72)
31:     forward-compute ................................: (501.00, 549.15)
31:     backward-compute ...............................: (1058.63, 1105.52)
31:  [2026-08-18 03:18:58.804931] iteration      154/   18141 | consumed samples:        44352 | elapsed time per iteration (ms): 1613.5 | throughput per GPU (TFLOP/s/GPU): 361.1 | learning rate: 1.232000E-04 | global batch size:   288 | lm loss: 5.657526E+00 | loss scale: 1.0 | grad norm: 1.488 | params norm: 665.262 | number of skipped iterations:   0 | number of nan iterations:   0 |
31: INFO:megatron.core.timers:(min, max) time across ranks (ms):
31:     forward-backward ...............................: (1595.16, 1595.37)
31:     embedding-grads-all-reduce .....................: (0.02, 0.02)
31:     all-grads-sync .................................: (0.17, 0.23)
31:     optimizer-copy-to-main-grad ....................: (0.15, 0.36)
31:     optimizer-inner-step ...........................: (0.55, 0.67)
31:     optimizer-copy-main-to-model-params ............: (0.30, 0.74)
31:     optimizer ......................................: (2.66, 3.10)
31:     batch-generator ................................: (4.08, 4.85)
31:     forward-compute ................................: (501.41, 546.33)
31:     backward-compute ...............................: (1044.48, 1086.10)
31:  [2026-08-18 03:19:00.398962] iteration      155/   18141 | consumed samples:        44640 | elapsed time per iteration (ms): 1593.9 | throughput per GPU (TFLOP/s/GPU): 366.8 | learning rate: 1.240000E-04 | global batch size:   288 | lm loss: 5.627890E+00 | loss scale: 1.0 | grad norm: 1.076 | params norm: 665.293 | number of skipped iterations:   0 | number of nan iterations:   0 |
31: INFO:megatron.core.timers:(min, max) time across ranks (ms):
31:     forward-backward ...............................: (1575.61, 1575.70)
31:     embedding-grads-all-reduce .....................: (0.02, 0.02)
31:     all-grads-sync .................................: (0.17, 0.25)
31:     optimizer-copy-to-main-grad ....................: (0.15, 0.36)
31:     optimizer-inner-step ...........................: (0.55, 0.67)
31:     optimizer-copy-main-to-model-params ............: (0.30, 0.89)
31:     optimizer ......................................: (2.74, 3.33)
31:     batch-generator ................................: (4.05, 5.14)
31:     forward-compute ................................: (498.45, 541.63)
31:     backward-compute ...............................: (1030.52, 1070.27)
31:  [2026-08-18 03:19:01.989601] iteration      156/   18141 | consumed samples:        44928 | elapsed time per iteration (ms): 1590.5 | throughput per GPU (TFLOP/s/GPU): 366.9 | learning rate: 1.248000E-04 | global batch size:   288 | lm loss: 5.609609E+00 | loss scale: 1.0 | grad norm: 1.385 | params norm: 665.324 | number of skipped iterations:   0 | number of nan iterations:   0 |
31: INFO:megatron.core.timers:(min, max) time across ranks (ms):
31:     forward-backward ...............................: (1572.19, 1572.31)
31:     embedding-grads-all-reduce .....................: (0.02, 0.02)
31:     all-grads-sync .................................: (0.16, 0.23)
31:     optimizer-copy-to-main-grad ....................: (0.15, 0.35)
31:     optimizer-inner-step ...........................: (0.55, 0.68)
31:     optimizer-copy-main-to-model-params ............: (0.30, 0.94)
31:     optimizer ......................................: (2.71, 3.35)
31:     batch-generator ................................: (4.17, 6.61)
31:     forward-compute ................................: (503.42, 541.07)
31:     backward-compute ...............................: (1027.62, 1064.43)
31:  [2026-08-18 03:19:03.569131] iteration      157/   18141 | consumed samples:        45216 | elapsed time per iteration (ms): 1579.4 | throughput per GPU (TFLOP/s/GPU): 369.2 | learning rate: 1.256000E-04 | global batch size:   288 | lm loss: 5.635830E+00 | loss scale: 1.0 | grad norm: 1.186 | params norm: 665.355 | number of skipped iterations:   0 | number of nan iterations:   0 |
31: INFO:megatron.core.timers:(min, max) time across ranks (ms):
31:     forward-backward ...............................: (1560.87, 1560.95)
31:     embedding-grads-all-reduce .....................: (0.02, 0.02)
31:     all-grads-sync .................................: (0.17, 0.26)
31:     optimizer-copy-to-main-grad ....................: (0.16, 0.38)
31:     optimizer-inner-step ...........................: (0.55, 0.76)
31:     optimizer-copy-main-to-model-params ............: (0.32, 0.99)
31:     optimizer ......................................: (2.87, 3.54)
31:     batch-generator ................................: (4.07, 4.84)
31:     forward-compute ................................: (504.41, 539.13)
31:     backward-compute ...............................: (1015.54, 1051.23)
31:  [2026-08-18 03:19:05.129537] iteration      158/   18141 | consumed samples:        45504 | elapsed time per iteration (ms): 1560.2 | throughput per GPU (TFLOP/s/GPU): 374.8 | learning rate: 1.264000E-04 | global batch size:   288 | lm loss: 5.628924E+00 | loss scale: 1.0 | grad norm: 1.304 | params norm: 665.386 | number of skipped iterations:   0 | number of nan iterations:   0 |
31: INFO:megatron.core.timers:(min, max) time across ranks (ms):
31:     forward-backward ...............................: (1541.44, 1541.51)
31:     embedding-grads-all-reduce .....................: (0.02, 0.02)
31:     all-grads-sync .................................: (0.16, 0.22)
31:     optimizer-copy-to-main-grad ....................: (0.15, 0.38)
31:     optimizer-inner-step ...........................: (0.55, 0.69)
31:     optimizer-copy-main-to-model-params ............: (0.31, 1.01)
31:     optimizer ......................................: (2.77, 3.47)
31:     batch-generator ................................: (4.13, 4.99)
31:     forward-compute ................................: (500.73, 531.17)
31:     backward-compute ...............................: (1004.58, 1037.09)
31:  [2026-08-18 03:19:06.712393] iteration      159/   18141 | consumed samples:        45792 | elapsed time per iteration (ms): 1582.8 | throughput per GPU (TFLOP/s/GPU): 369.6 | learning rate: 1.272000E-04 | global batch size:   288 | lm loss: 5.616009E+00 | loss scale: 1.0 | grad norm: 1.048 | params norm: 665.418 | number of skipped iterations:   0 | number of nan iterations:   0 |
31: INFO:megatron.core.timers:(min, max) time across ranks (ms):
31:     forward-backward ...............................: (1564.93, 1565.07)
31:     embedding-grads-all-reduce .....................: (0.02, 0.02)
31:     all-grads-sync .................................: (0.16, 0.22)
31:     optimizer-copy-to-main-grad ....................: (0.15, 0.36)
31:     optimizer-inner-step ...........................: (0.56, 0.67)
31:     optimizer-copy-main-to-model-params ............: (0.30, 0.93)
31:     optimizer ......................................: (2.68, 3.31)
31:     batch-generator ................................: (4.17, 4.66)
31:     forward-compute ................................: (502.40, 543.12)
31:     backward-compute ...............................: (1017.77, 1058.30)
31:  [2026-08-18 03:19:08.285536] iteration      160/   18141 | consumed samples:        46080 | elapsed time per iteration (ms): 1573.0 | throughput per GPU (TFLOP/s/GPU): 370.5 | learning rate: 1.280000E-04 | global batch size:   288 | lm loss: 5.589717E+00 | loss scale: 1.0 | grad norm: 1.305 | params norm: 665.450 | number of skipped iterations:   0 | number of nan iterations:   0 |
31: INFO:megatron.core.timers:(min, max) time across ranks (ms):
31:     forward-backward ...............................: (1555.29, 1555.38)
31:     embedding-grads-all-reduce .....................: (0.02, 0.02)
31:     all-grads-sync .................................: (0.17, 0.23)
31:     optimizer-copy-to-main-grad ....................: (0.16, 0.38)
31:     optimizer-inner-step ...........................: (0.55, 0.67)
31:     optimizer-copy-main-to-model-params ............: (0.31, 0.95)
31:     optimizer ......................................: (2.72, 3.36)
31:     batch-generator ................................: (4.14, 4.87)
31:     forward-compute ................................: (498.97, 539.54)
31:     backward-compute ...............................: (1010.73, 1050.32)
31:  [2026-08-18 03:19:09.893234] iteration      161/   18141 | consumed samples:        46368 | elapsed time per iteration (ms): 1607.5 | throughput per GPU (TFLOP/s/GPU): 364.5 | learning rate: 1.288000E-04 | global batch size:   288 | lm loss: 5.558701E+00 | loss scale: 1.0 | grad norm: 1.122 | params norm: 665.482 | number of skipped iterations:   0 | number of nan iterations:   0 |
31: INFO:megatron.core.timers:(min, max) time across ranks (ms):
31:     forward-backward ...............................: (1589.27, 1589.34)
31:     embedding-grads-all-reduce .....................: (0.02, 0.02)
31:     all-grads-sync .................................: (0.17, 0.25)
31:     optimizer-copy-to-main-grad ....................: (0.15, 0.38)
31:     optimizer-inner-step ...........................: (0.55, 0.67)
31:     optimizer-copy-main-to-model-params ............: (0.31, 0.95)
31:     optimizer ......................................: (2.76, 3.40)
31:     batch-generator ................................: (4.03, 5.88)
31:     forward-compute ................................: (504.80, 541.26)
31:     backward-compute ...............................: (1044.36, 1078.17)
31:  [2026-08-18 03:19:11.494504] iteration      162/   18141 | consumed samples:        46656 | elapsed time per iteration (ms): 1601.1 | throughput per GPU (TFLOP/s/GPU): 363.9 | learning rate: 1.296000E-04 | global batch size:   288 | lm loss: 5.564131E+00 | loss scale: 1.0 | grad norm: 1.045 | params norm: 665.515 | number of skipped iterations:   0 | number of nan iterations:   0 |
31: INFO:megatron.core.timers:(min, max) time across ranks (ms):
31:     forward-backward ...............................: (1582.71, 1582.81)
31:     embedding-grads-all-reduce .....................: (0.02, 0.02)
31:     all-grads-sync .................................: (0.17, 0.23)
31:     optimizer-copy-to-main-grad ....................: (0.15, 0.38)
31:     optimizer-inner-step ...........................: (0.55, 0.70)
31:     optimizer-copy-main-to-model-params ............: (0.30, 0.96)
31:     optimizer ......................................: (2.72, 3.38)
31:     batch-generator ................................: (4.19, 5.56)
31:     forward-compute ................................: (491.21, 543.07)
31:     backward-compute ...............................: (1036.16, 1087.35)
31:  [2026-08-18 03:19:13.064130] iteration      163/   18141 | consumed samples:        46944 | elapsed time per iteration (ms): 1569.5 | throughput per GPU (TFLOP/s/GPU): 372.7 | learning rate: 1.304000E-04 | global batch size:   288 | lm loss: 5.556738E+00 | loss scale: 1.0 | grad norm: 0.945 | params norm: 665.549 | number of skipped iterations:   0 | number of nan iterations:   0 |
31: INFO:megatron.core.timers:(min, max) time across ranks (ms):
31:     forward-backward ...............................: (1551.05, 1551.14)
31:     embedding-grads-all-reduce .....................: (0.01, 0.02)
31:     all-grads-sync .................................: (0.17, 0.23)
31:     optimizer-copy-to-main-grad ....................: (0.15, 0.36)
31:     optimizer-inner-step ...........................: (0.56, 0.68)
31:     optimizer-copy-main-to-model-params ............: (0.29, 0.96)
31:     optimizer ......................................: (2.72, 3.39)
31:     batch-generator ................................: (4.15, 5.14)
31:     forward-compute ................................: (500.41, 542.01)
31:     backward-compute ...............................: (1005.45, 1047.31)
31:  [2026-08-18 03:19:14.648386] iteration      164/   18141 | consumed samples:        47232 | elapsed time per iteration (ms): 1584.1 | throughput per GPU (TFLOP/s/GPU): 367.6 | learning rate: 1.312000E-04 | global batch size:   288 | lm loss: 5.541085E+00 | loss scale: 1.0 | grad norm: 1.138 | params norm: 665.583 | number of skipped iterations:   0 | number of nan iterations:   0 |
31: INFO:megatron.core.timers:(min, max) time across ranks (ms):
31:     forward-backward ...............................: (1565.68, 1565.79)
31:     embedding-grads-all-reduce .....................: (0.02, 0.02)
31:     all-grads-sync .................................: (0.17, 0.23)
31:     optimizer-copy-to-main-grad ....................: (0.16, 0.38)
31:     optimizer-inner-step ...........................: (0.55, 0.69)
31:     optimizer-copy-main-to-model-params ............: (0.33, 0.97)
31:     optimizer ......................................: (2.79, 3.44)
31:     batch-generator ................................: (4.07, 4.69)
31:     forward-compute ................................: (491.87, 542.80)
31:     backward-compute ...............................: (1019.36, 1065.77)
31:  [2026-08-18 03:19:16.214129] iteration      165/   18141 | consumed samples:        47520 | elapsed time per iteration (ms): 1565.6 | throughput per GPU (TFLOP/s/GPU): 370.5 | learning rate: 1.320000E-04 | global batch size:   288 | lm loss: 5.543853E+00 | loss scale: 1.0 | grad norm: 0.915 | params norm: 665.617 | number of skipped iterations:   0 | number of nan iterations:   0 |
31: INFO:megatron.core.timers:(min, max) time across ranks (ms):
31:     forward-backward ...............................: (1547.59, 1547.69)
31:     embedding-grads-all-reduce .....................: (0.02, 0.02)
31:     all-grads-sync .................................: (0.16, 0.23)
31:     optimizer-copy-to-main-grad ....................: (0.16, 0.37)
31:     optimizer-inner-step ...........................: (0.56, 0.70)
31:     optimizer-copy-main-to-model-params ............: (0.33, 0.90)
31:     optimizer ......................................: (2.75, 3.31)
31:     batch-generator ................................: (4.11, 4.79)
31:     forward-compute ................................: (500.47, 531.52)
31:     backward-compute ...............................: (1009.63, 1043.12)
31:  [2026-08-18 03:19:17.834528] iteration      166/   18141 | consumed samples:        47808 | elapsed time per iteration (ms): 1620.2 | throughput per GPU (TFLOP/s/GPU): 360.4 | learning rate: 1.328000E-04 | global batch size:   288 | lm loss: 5.522551E+00 | loss scale: 1.0 | grad norm: 1.217 | params norm: 665.652 | number of skipped iterations:   0 | number of nan iterations:   0 |
31: INFO:megatron.core.timers:(min, max) time across ranks (ms):
31:     forward-backward ...............................: (1602.00, 1602.10)
31:     embedding-grads-all-reduce .....................: (0.02, 0.02)
31:     all-grads-sync .................................: (0.16, 0.23)
31:     optimizer-copy-to-main-grad ....................: (0.15, 0.39)
31:     optimizer-inner-step ...........................: (0.55, 0.67)
31:     optimizer-copy-main-to-model-params ............: (0.31, 0.97)
31:     optimizer ......................................: (2.75, 3.41)
31:     batch-generator ................................: (4.18, 5.32)
31:     forward-compute ................................: (506.56, 550.20)
31:     backward-compute ...............................: (1048.51, 1089.58)
31:  [2026-08-18 03:19:19.400082] iteration      167/   18141 | consumed samples:        48096 | elapsed time per iteration (ms): 1565.4 | throughput per GPU (TFLOP/s/GPU): 372.7 | learning rate: 1.336000E-04 | global batch size:   288 | lm loss: 5.510571E+00 | loss scale: 1.0 | grad norm: 0.928 | params norm: 665.687 | number of skipped iterations:   0 | number of nan iterations:   0 |
31: INFO:megatron.core.timers:(min, max) time across ranks (ms):
31:     forward-backward ...............................: (1547.08, 1547.16)
31:     embedding-grads-all-reduce .....................: (0.02, 0.05)
31:     all-grads-sync .................................: (0.16, 0.23)
31:     optimizer-copy-to-main-grad ....................: (0.16, 0.36)
31:     optimizer-inner-step ...........................: (0.56, 0.66)
31:     optimizer-copy-main-to-model-params ............: (0.32, 0.92)
31:     optimizer ......................................: (2.69, 3.30)
31:     batch-generator ................................: (4.18, 4.72)
31:     forward-compute ................................: (503.04, 534.32)
31:     backward-compute ...............................: (1008.95, 1039.79)
31:  [2026-08-18 03:19:20.976902] iteration      168/   18141 | consumed samples:        48384 | elapsed time per iteration (ms): 1576.6 | throughput per GPU (TFLOP/s/GPU): 370.4 | learning rate: 1.344000E-04 | global batch size:   288 | lm loss: 5.490150E+00 | loss scale: 1.0 | grad norm: 0.939 | params norm: 665.723 | number of skipped iterations:   0 | number of nan iterations:   0 |
31: INFO:megatron.core.timers:(min, max) time across ranks (ms):
31:     forward-backward ...............................: (1558.61, 1558.75)
31:     embedding-grads-all-reduce .....................: (0.02, 0.02)
31:     all-grads-sync .................................: (0.17, 0.23)
31:     optimizer-copy-to-main-grad ....................: (0.16, 0.36)
31:     optimizer-inner-step ...........................: (0.56, 0.68)
31:     optimizer-copy-main-to-model-params ............: (0.30, 0.96)
31:     optimizer ......................................: (2.70, 3.36)
31:     batch-generator ................................: (4.26, 4.91)
31:     forward-compute ................................: (498.54, 534.64)
31:     backward-compute ...............................: (1016.38, 1053.84)
31:  [2026-08-18 03:19:22.555822] iteration      169/   18141 | consumed samples:        48672 | elapsed time per iteration (ms): 1578.8 | throughput per GPU (TFLOP/s/GPU): 371.0 | learning rate: 1.352000E-04 | global batch size:   288 | lm loss: 5.479959E+00 | loss scale: 1.0 | grad norm: 0.764 | params norm: 665.759 | number of skipped iterations:   0 | number of nan iterations:   0 |
31: INFO:megatron.core.timers:(min, max) time across ranks (ms):
31:     forward-backward ...............................: (1560.67, 1560.81)
31:     embedding-grads-all-reduce .....................: (0.01, 0.02)
31:     all-grads-sync .................................: (0.17, 0.23)
31:     optimizer-copy-to-main-grad ....................: (0.16, 0.40)
31:     optimizer-inner-step ...........................: (0.56, 0.68)
31:     optimizer-copy-main-to-model-params ............: (0.31, 1.00)
31:     optimizer ......................................: (2.74, 3.43)
31:     batch-generator ................................: (4.19, 4.76)
31:     forward-compute ................................: (497.90, 538.77)
31:     backward-compute ...............................: (1018.28, 1058.46)
31:  [2026-08-18 03:19:24.129989] iteration      170/   18141 | consumed samples:        48960 | elapsed time per iteration (ms): 1574.0 | throughput per GPU (TFLOP/s/GPU): 371.5 | learning rate: 1.360000E-04 | global batch size:   288 | lm loss: 5.457820E+00 | loss scale: 1.0 | grad norm: 0.954 | params norm: 665.797 | number of skipped iterations:   0 | number of nan iterations:   0 |
31: INFO:megatron.core.timers:(min, max) time across ranks (ms):
31:     forward-backward ...............................: (1555.59, 1555.76)
31:     embedding-grads-all-reduce .....................: (0.01, 0.02)
31:     all-grads-sync .................................: (0.16, 0.23)
31:     optimizer-copy-to-main-grad ....................: (0.15, 0.38)
31:     optimizer-inner-step ...........................: (0.55, 0.67)
31:     optimizer-copy-main-to-model-params ............: (0.30, 0.93)
31:     optimizer ......................................: (2.71, 3.35)
31:     batch-generator ................................: (4.07, 5.07)
31:     forward-compute ................................: (505.62, 539.71)
31:     backward-compute ...............................: (1011.27, 1046.16)
31:  [2026-08-18 03:19:25.712856] iteration      171/   18141 | consumed samples:        49248 | elapsed time per iteration (ms): 1582.7 | throughput per GPU (TFLOP/s/GPU): 368.6 | learning rate: 1.368000E-04 | global batch size:   288 | lm loss: 5.442450E+00 | loss scale: 1.0 | grad norm: 0.984 | params norm: 665.834 | number of skipped iterations:   0 | number of nan iterations:   0 |
31: INFO:megatron.core.timers:(min, max) time across ranks (ms):
31:     forward-backward ...............................: (1564.92, 1565.06)
31:     embedding-grads-all-reduce .....................: (0.01, 0.02)
31:     all-grads-sync .................................: (0.16, 0.23)
31:     optimizer-copy-to-main-grad ....................: (0.16, 0.38)
31:     optimizer-inner-step ...........................: (0.56, 0.67)
31:     optimizer-copy-main-to-model-params ............: (0.30, 0.94)
31:     optimizer ......................................: (2.73, 3.37)
31:     batch-generator ................................: (4.15, 5.25)
31:     forward-compute ................................: (498.20, 538.29)
31:     backward-compute ...............................: (1022.98, 1063.24)
31:  [2026-08-18 03:19:27.293728] iteration      172/   18141 | consumed samples:        49536 | elapsed time per iteration (ms): 1580.7 | throughput per GPU (TFLOP/s/GPU): 368.7 | learning rate: 1.376000E-04 | global batch size:   288 | lm loss: 5.454059E+00 | loss scale: 1.0 | grad norm: 1.203 | params norm: 665.872 | number of skipped iterations:   0 | number of nan iterations:   0 |
31: INFO:megatron.core.timers:(min, max) time across ranks (ms):
31:     forward-backward ...............................: (1562.29, 1562.42)
31:     embedding-grads-all-reduce .....................: (0.02, 0.02)
31:     all-grads-sync .................................: (0.17, 0.23)
31:     optimizer-copy-to-main-grad ....................: (0.14, 0.39)
31:     optimizer-inner-step ...........................: (0.56, 0.68)
31:     optimizer-copy-main-to-model-params ............: (0.33, 0.97)
31:     optimizer ......................................: (2.80, 3.44)
31:     batch-generator ................................: (4.04, 5.03)
31:     forward-compute ................................: (508.94, 546.44)
31:     backward-compute ...............................: (1012.19, 1047.43)
31:  [2026-08-18 03:19:28.837489] iteration      173/   18141 | consumed samples:        49824 | elapsed time per iteration (ms): 1543.6 | throughput per GPU (TFLOP/s/GPU): 376.8 | learning rate: 1.384000E-04 | global batch size:   288 | lm loss: 5.448106E+00 | loss scale: 1.0 | grad norm: 0.893 | params norm: 665.911 | number of skipped iterations:   0 | number of nan iterations:   0 |
31: INFO:megatron.core.timers:(min, max) time across ranks (ms):
31:     forward-backward ...............................: (1525.05, 1525.14)
31:     embedding-grads-all-reduce .....................: (0.02, 0.02)
31:     all-grads-sync .................................: (0.16, 0.22)
31:     optimizer-copy-to-main-grad ....................: (0.16, 0.37)
31:     optimizer-inner-step ...........................: (0.56, 0.66)
31:     optimizer-copy-main-to-model-params ............: (0.31, 0.98)
31:     optimizer ......................................: (2.73, 3.41)
31:     batch-generator ................................: (4.08, 5.37)
31:     forward-compute ................................: (494.82, 529.04)
31:     backward-compute ...............................: (992.09, 1022.18)
31:  [2026-08-18 03:19:30.413358] iteration      174/   18141 | consumed samples:        50112 | elapsed time per iteration (ms): 1575.7 | throughput per GPU (TFLOP/s/GPU): 369.7 | learning rate: 1.392000E-04 | global batch size:   288 | lm loss: 5.434878E+00 | loss scale: 1.0 | grad norm: 1.228 | params norm: 665.949 | number of skipped iterations:   0 | number of nan iterations:   0 |
31: INFO:megatron.core.timers:(min, max) time across ranks (ms):
31:     forward-backward ...............................: (1557.28, 1557.37)
31:     embedding-grads-all-reduce .....................: (0.02, 0.02)
31:     all-grads-sync .................................: (0.16, 0.25)
31:     optimizer-copy-to-main-grad ....................: (0.16, 0.39)
31:     optimizer-inner-step ...........................: (0.56, 0.68)
31:     optimizer-copy-main-to-model-params ............: (0.31, 1.00)
31:     optimizer ......................................: (2.76, 3.46)
31:     batch-generator ................................: (4.04, 5.75)
31:     forward-compute ................................: (506.74, 539.90)
31:     backward-compute ...............................: (1013.59, 1046.72)
31:  [2026-08-18 03:19:32.020517] iteration      175/   18141 | consumed samples:        50400 | elapsed time per iteration (ms): 1607.0 | throughput per GPU (TFLOP/s/GPU): 363.5 | learning rate: 1.400000E-04 | global batch size:   288 | lm loss: 5.435478E+00 | loss scale: 1.0 | grad norm: 1.110 | params norm: 665.988 | number of skipped iterations:   0 | number of nan iterations:   0 |
31: INFO:megatron.core.timers:(min, max) time across ranks (ms):
31:     forward-backward ...............................: (1588.43, 1588.53)
31:     embedding-grads-all-reduce .....................: (0.02, 0.02)
31:     all-grads-sync .................................: (0.16, 0.22)
31:     optimizer-copy-to-main-grad ....................: (0.16, 0.37)
31:     optimizer-inner-step ...........................: (0.55, 0.68)
31:     optimizer-copy-main-to-model-params ............: (0.31, 0.98)
31:     optimizer ......................................: (2.71, 3.38)
31:     batch-generator ................................: (4.12, 5.84)
31:     forward-compute ................................: (498.74, 545.26)
31:     backward-compute ...............................: (1039.49, 1082.86)
31:  [2026-08-18 03:19:33.621903] iteration      176/   18141 | consumed samples:        50688 | elapsed time per iteration (ms): 1601.2 | throughput per GPU (TFLOP/s/GPU): 365.5 | learning rate: 1.408000E-04 | global batch size:   288 | lm loss: 5.446256E+00 | loss scale: 1.0 | grad norm: 1.263 | params norm: 666.027 | number of skipped iterations:   0 | number of nan iterations:   0 |
31: INFO:megatron.core.timers:(min, max) time across ranks (ms):
31:     forward-backward ...............................: (1583.56, 1583.67)
31:     embedding-grads-all-reduce .....................: (0.02, 0.02)
31:     all-grads-sync .................................: (0.16, 0.24)
31:     optimizer-copy-to-main-grad ....................: (0.16, 0.37)
31:     optimizer-inner-step ...........................: (0.54, 0.67)
31:     optimizer-copy-main-to-model-params ............: (0.33, 0.94)
31:     optimizer ......................................: (2.75, 3.36)
31:     batch-generator ................................: (4.22, 5.49)
31:     forward-compute ................................: (494.44, 550.76)
31:     backward-compute ...............................: (1026.79, 1081.06)
31:  [2026-08-18 03:19:35.205333] iteration      177/   18141 | consumed samples:        50976 | elapsed time per iteration (ms): 1583.0 | throughput per GPU (TFLOP/s/GPU): 368.2 | learning rate: 1.416000E-04 | global batch size:   288 | lm loss: 5.417699E+00 | loss scale: 1.0 | grad norm: 1.286 | params norm: 666.066 | number of skipped iterations:   0 | number of nan iterations:   0 |
31: INFO:megatron.core.timers:(min, max) time across ranks (ms):
31:     forward-backward ...............................: (1564.23, 1564.32)
31:     embedding-grads-all-reduce .....................: (0.01, 0.02)
31:     all-grads-sync .................................: (0.17, 0.23)
31:     optimizer-copy-to-main-grad ....................: (0.16, 0.36)
31:     optimizer-inner-step ...........................: (0.55, 0.69)
31:     optimizer-copy-main-to-model-params ............: (0.31, 0.76)
31:     optimizer ......................................: (2.67, 3.11)
31:     batch-generator ................................: (4.12, 5.06)
31:     forward-compute ................................: (503.02, 540.20)
31:     backward-compute ...............................: (1017.74, 1056.71)
31:  [2026-08-18 03:19:36.819208] iteration      178/   18141 | consumed samples:        51264 | elapsed time per iteration (ms): 1613.7 | throughput per GPU (TFLOP/s/GPU): 362.3 | learning rate: 1.424000E-04 | global batch size:   288 | lm loss: 5.419713E+00 | loss scale: 1.0 | grad norm: 1.018 | params norm: 666.105 | number of skipped iterations:   0 | number of nan iterations:   0 |
31: INFO:megatron.core.timers:(min, max) time across ranks (ms):
31:     forward-backward ...............................: (1594.98, 1595.11)
31:     embedding-grads-all-reduce .....................: (0.01, 0.02)
31:     all-grads-sync .................................: (0.17, 0.22)
31:     optimizer-copy-to-main-grad ....................: (0.15, 0.39)
31:     optimizer-inner-step ...........................: (0.55, 0.68)
31:     optimizer-copy-main-to-model-params ............: (0.30, 0.90)
31:     optimizer ......................................: (2.76, 3.36)
31:     batch-generator ................................: (4.15, 4.81)
31:     forward-compute ................................: (510.69, 554.29)
31:     backward-compute ...............................: (1036.76, 1079.38)
31:  [2026-08-18 03:19:38.399218] iteration      179/   18141 | consumed samples:        51552 | elapsed time per iteration (ms): 1579.9 | throughput per GPU (TFLOP/s/GPU): 368.4 | learning rate: 1.432000E-04 | global batch size:   288 | lm loss: 5.410408E+00 | loss scale: 1.0 | grad norm: 1.080 | params norm: 666.145 | number of skipped iterations:   0 | number of nan iterations:   0 |
31: INFO:megatron.core.timers:(min, max) time across ranks (ms):
31:     forward-backward ...............................: (1561.29, 1561.39)
31:     embedding-grads-all-reduce .....................: (0.02, 0.02)
31:     all-grads-sync .................................: (0.16, 0.24)
31:     optimizer-copy-to-main-grad ....................: (0.15, 0.38)
31:     optimizer-inner-step ...........................: (0.55, 0.69)
31:     optimizer-copy-main-to-model-params ............: (0.31, 0.93)
31:     optimizer ......................................: (2.75, 3.38)
31:     batch-generator ................................: (4.12, 4.76)
31:     forward-compute ................................: (498.10, 535.09)
31:     backward-compute ...............................: (1021.97, 1059.83)
31:  [2026-08-18 03:19:40.022966] iteration      180/   18141 | consumed samples:        51840 | elapsed time per iteration (ms): 1623.6 | throughput per GPU (TFLOP/s/GPU): 359.8 | learning rate: 1.440000E-04 | global batch size:   288 | lm loss: 5.359735E+00 | loss scale: 1.0 | grad norm: 0.899 | params norm: 666.185 | number of skipped iterations:   0 | number of nan iterations:   0 |
31: INFO:megatron.core.timers:(min, max) time across ranks (ms):
31:     forward-backward ...............................: (1605.13, 1605.21)
31:     embedding-grads-all-reduce .....................: (0.02, 0.02)
31:     all-grads-sync .................................: (0.16, 0.24)
31:     optimizer-copy-to-main-grad ....................: (0.15, 0.36)
31:     optimizer-inner-step ...........................: (0.55, 0.69)
31:     optimizer-copy-main-to-model-params ............: (0.33, 0.93)
31:     optimizer ......................................: (2.74, 3.34)
31:     batch-generator ................................: (4.16, 4.77)
31:     forward-compute ................................: (503.29, 536.92)
31:     backward-compute ...............................: (1064.00, 1097.46)
31:  [2026-08-18 03:19:41.600574] iteration      181/   18141 | consumed samples:        52128 | elapsed time per iteration (ms): 1577.4 | throughput per GPU (TFLOP/s/GPU): 372.1 | learning rate: 1.448000E-04 | global batch size:   288 | lm loss: 5.386585E+00 | loss scale: 1.0 | grad norm: 0.948 | params norm: 666.226 | number of skipped iterations:   0 | number of nan iterations:   0 |
31: INFO:megatron.core.timers:(min, max) time across ranks (ms):
31:     forward-backward ...............................: (1558.57, 1558.72)
31:     embedding-grads-all-reduce .....................: (0.02, 0.02)
31:     all-grads-sync .................................: (0.16, 0.22)
31:     optimizer-copy-to-main-grad ....................: (0.16, 0.36)
31:     optimizer-inner-step ...........................: (0.56, 0.68)
31:     optimizer-copy-main-to-model-params ............: (0.35, 0.91)
31:     optimizer ......................................: (2.77, 3.33)
31:     batch-generator ................................: (4.19, 5.23)
31:     forward-compute ................................: (500.10, 536.98)
31:     backward-compute ...............................: (1017.17, 1054.59)
31:  [2026-08-18 03:19:43.199643] iteration      182/   18141 | consumed samples:        52416 | elapsed time per iteration (ms): 1598.9 | throughput per GPU (TFLOP/s/GPU): 365.6 | learning rate: 1.456000E-04 | global batch size:   288 | lm loss: 5.385470E+00 | loss scale: 1.0 | grad norm: 1.274 | params norm: 666.267 | number of skipped iterations:   0 | number of nan iterations:   0 |
31: INFO:megatron.core.timers:(min, max) time across ranks (ms):
31:     forward-backward ...............................: (1579.78, 1579.89)
31:     embedding-grads-all-reduce .....................: (0.02, 0.02)
31:     all-grads-sync .................................: (0.17, 0.22)
31:     optimizer-copy-to-main-grad ....................: (0.15, 0.38)
31:     optimizer-inner-step ...........................: (0.55, 0.68)
31:     optimizer-copy-main-to-model-params ............: (0.34, 0.95)
31:     optimizer ......................................: (2.79, 3.40)
31:     batch-generator ................................: (4.26, 4.82)
31:     forward-compute ................................: (501.24, 540.43)
31:     backward-compute ...............................: (1035.73, 1075.15)
31:  [2026-08-18 03:19:44.802957] iteration      183/   18141 | consumed samples:        52704 | elapsed time per iteration (ms): 1603.2 | throughput per GPU (TFLOP/s/GPU): 365.0 | learning rate: 1.464000E-04 | global batch size:   288 | lm loss: 5.348560E+00 | loss scale: 1.0 | grad norm: 0.985 | params norm: 666.308 | number of skipped iterations:   0 | number of nan iterations:   0 |
31: INFO:megatron.core.timers:(min, max) time across ranks (ms):
31:     forward-backward ...............................: (1584.52, 1584.63)
31:     embedding-grads-all-reduce .....................: (0.01, 0.02)
31:     all-grads-sync .................................: (0.18, 0.24)
31:     optimizer-copy-to-main-grad ....................: (0.15, 0.38)
31:     optimizer-inner-step ...........................: (0.55, 0.68)
31:     optimizer-copy-main-to-model-params ............: (0.33, 0.98)
31:     optimizer ......................................: (2.77, 3.42)
31:     batch-generator ................................: (4.12, 5.02)
31:     forward-compute ................................: (496.66, 546.54)
31:     backward-compute ...............................: (1034.51, 1082.31)
31:  [2026-08-18 03:19:46.427156] iteration      184/   18141 | consumed samples:        52992 | elapsed time per iteration (ms): 1624.1 | throughput per GPU (TFLOP/s/GPU): 360.9 | learning rate: 1.472000E-04 | global batch size:   288 | lm loss: 5.368531E+00 | loss scale: 1.0 | grad norm: 1.107 | params norm: 666.350 | number of skipped iterations:   0 | number of nan iterations:   0 |
31: INFO:megatron.core.timers:(min, max) time across ranks (ms):
31:     forward-backward ...............................: (1605.87, 1605.98)
31:     embedding-grads-all-reduce .....................: (0.02, 0.02)
31:     all-grads-sync .................................: (0.17, 0.23)
31:     optimizer-copy-to-main-grad ....................: (0.15, 0.37)
31:     optimizer-inner-step ...........................: (0.55, 0.69)
31:     optimizer-copy-main-to-model-params ............: (0.31, 0.94)
31:     optimizer ......................................: (2.76, 3.38)
31:     batch-generator ................................: (4.20, 4.61)
31:     forward-compute ................................: (501.44, 540.64)
31:     backward-compute ...............................: (1061.84, 1098.41)
31:  [2026-08-18 03:19:48.049316] iteration      185/   18141 | consumed samples:        53280 | elapsed time per iteration (ms): 1622.0 | throughput per GPU (TFLOP/s/GPU): 360.6 | learning rate: 1.480000E-04 | global batch size:   288 | lm loss: 5.311624E+00 | loss scale: 1.0 | grad norm: 1.005 | params norm: 666.391 | number of skipped iterations:   0 | number of nan iterations:   0 |
31: INFO:megatron.core.timers:(min, max) time across ranks (ms):
31:     forward-backward ...............................: (1603.27, 1603.37)
31:     embedding-grads-all-reduce .....................: (0.01, 0.02)
31:     all-grads-sync .................................: (0.17, 0.23)
31:     optimizer-copy-to-main-grad ....................: (0.15, 0.38)
31:     optimizer-inner-step ...........................: (0.55, 0.68)
31:     optimizer-copy-main-to-model-params ............: (0.32, 1.01)
31:     optimizer ......................................: (2.73, 3.43)
31:     batch-generator ................................: (4.07, 4.74)
31:     forward-compute ................................: (497.48, 547.19)
31:     backward-compute ...............................: (1052.46, 1102.14)
31:  [2026-08-18 03:19:49.641539] iteration      186/   18141 | consumed samples:        53568 | elapsed time per iteration (ms): 1592.1 | throughput per GPU (TFLOP/s/GPU): 366.9 | learning rate: 1.488000E-04 | global batch size:   288 | lm loss: 5.344469E+00 | loss scale: 1.0 | grad norm: 1.019 | params norm: 666.434 | number of skipped iterations:   0 | number of nan iterations:   0 |
31: INFO:megatron.core.timers:(min, max) time across ranks (ms):
31:     forward-backward ...............................: (1569.01, 1569.09)
31:     embedding-grads-all-reduce .....................: (0.02, 0.02)
31:     all-grads-sync .................................: (0.16, 0.23)
31:     optimizer-copy-to-main-grad ....................: (0.15, 0.40)
31:     optimizer-inner-step ...........................: (0.55, 0.68)
31:     optimizer-copy-main-to-model-params ............: (0.31, 0.98)
31:     optimizer ......................................: (2.75, 3.42)
31:     batch-generator ................................: (4.17, 4.74)
31:     forward-compute ................................: (504.88, 538.71)
31:     backward-compute ...............................: (1026.04, 1060.39)
31:  [2026-08-18 03:19:51.212481] iteration      187/   18141 | consumed samples:        53856 | elapsed time per iteration (ms): 1570.8 | throughput per GPU (TFLOP/s/GPU): 370.2 | learning rate: 1.496000E-04 | global batch size:   288 | lm loss: 5.313426E+00 | loss scale: 1.0 | grad norm: 1.041 | params norm: 666.477 | number of skipped iterations:   0 | number of nan iterations:   0 |
31: INFO:megatron.core.timers:(min, max) time across ranks (ms):
31:     forward-backward ...............................: (1551.98, 1552.09)
31:     embedding-grads-all-reduce .....................: (0.02, 0.02)
31:     all-grads-sync .................................: (0.16, 0.23)
31:     optimizer-copy-to-main-grad ....................: (0.16, 0.37)
31:     optimizer-inner-step ...........................: (0.55, 0.67)
31:     optimizer-copy-main-to-model-params ............: (0.31, 0.93)
31:     optimizer ......................................: (2.69, 3.32)
31:     batch-generator ................................: (4.14, 4.73)
31:     forward-compute ................................: (495.75, 529.70)
31:     backward-compute ...............................: (1018.61, 1050.89)
31:  [2026-08-18 03:19:52.822997] iteration      188/   18141 | consumed samples:        54144 | elapsed time per iteration (ms): 1610.3 | throughput per GPU (TFLOP/s/GPU): 362.0 | learning rate: 1.504000E-04 | global batch size:   288 | lm loss: 5.324241E+00 | loss scale: 1.0 | grad norm: 1.433 | params norm: 666.519 | number of skipped iterations:   0 | number of nan iterations:   0 |
31: INFO:megatron.core.timers:(min, max) time across ranks (ms):
31:     forward-backward ...............................: (1591.71, 1591.89)
31:     embedding-grads-all-reduce .....................: (0.02, 0.02)
31:     all-grads-sync .................................: (0.16, 0.24)
31:     optimizer-copy-to-main-grad ....................: (0.16, 0.39)
31:     optimizer-inner-step ...........................: (0.55, 0.67)
31:     optimizer-copy-main-to-model-params ............: (0.33, 1.00)
31:     optimizer ......................................: (2.78, 3.46)
31:     batch-generator ................................: (4.15, 4.73)
31:     forward-compute ................................: (502.28, 538.58)
31:     backward-compute ...............................: (1047.60, 1084.35)
31:  [2026-08-18 03:19:54.408742] iteration      189/   18141 | consumed samples:        54432 | elapsed time per iteration (ms): 1585.6 | throughput per GPU (TFLOP/s/GPU): 366.9 | learning rate: 1.512000E-04 | global batch size:   288 | lm loss: 5.287237E+00 | loss scale: 1.0 | grad norm: 0.893 | params norm: 666.562 | number of skipped iterations:   0 | number of nan iterations:   0 |
31: INFO:megatron.core.timers:(min, max) time across ranks (ms):
31:     forward-backward ...............................: (1566.81, 1566.91)
31:     embedding-grads-all-reduce .....................: (0.02, 0.02)
31:     all-grads-sync .................................: (0.17, 0.22)
31:     optimizer-copy-to-main-grad ....................: (0.15, 0.39)
31:     optimizer-inner-step ...........................: (0.55, 0.68)
31:     optimizer-copy-main-to-model-params ............: (0.31, 0.95)
31:     optimizer ......................................: (2.75, 3.39)
31:     batch-generator ................................: (4.15, 4.68)
31:     forward-compute ................................: (497.28, 532.12)
31:     backward-compute ...............................: (1029.54, 1065.72)
31:  [2026-08-18 03:19:55.990190] iteration      190/   18141 | consumed samples:        54720 | elapsed time per iteration (ms): 1581.2 | throughput per GPU (TFLOP/s/GPU): 370.4 | learning rate: 1.520000E-04 | global batch size:   288 | lm loss: 5.302886E+00 | loss scale: 1.0 | grad norm: 0.803 | params norm: 666.605 | number of skipped iterations:   0 | number of nan iterations:   0 |
31: INFO:megatron.core.timers:(min, max) time across ranks (ms):
31:     forward-backward ...............................: (1563.06, 1563.15)
31:     embedding-grads-all-reduce .....................: (0.02, 0.02)
31:     all-grads-sync .................................: (0.17, 0.23)
31:     optimizer-copy-to-main-grad ....................: (0.15, 0.39)
31:     optimizer-inner-step ...........................: (0.56, 0.68)
31:     optimizer-copy-main-to-model-params ............: (0.31, 0.98)
31:     optimizer ......................................: (2.80, 3.47)
31:     batch-generator ................................: (4.15, 4.86)
31:     forward-compute ................................: (495.57, 535.88)
31:     backward-compute ...............................: (1020.38, 1063.37)
31:  [2026-08-18 03:19:57.581564] iteration      191/   18141 | consumed samples:        55008 | elapsed time per iteration (ms): 1591.3 | throughput per GPU (TFLOP/s/GPU): 366.2 | learning rate: 1.528000E-04 | global batch size:   288 | lm loss: 5.285397E+00 | loss scale: 1.0 | grad norm: 0.677 | params norm: 666.648 | number of skipped iterations:   0 | number of nan iterations:   0 |
31: INFO:megatron.core.timers:(min, max) time across ranks (ms):
31:     forward-backward ...............................: (1572.52, 1572.63)
31:     embedding-grads-all-reduce .....................: (0.02, 0.02)
31:     all-grads-sync .................................: (0.16, 0.23)
31:     optimizer-copy-to-main-grad ....................: (0.15, 0.36)
31:     optimizer-inner-step ...........................: (0.55, 0.69)
31:     optimizer-copy-main-to-model-params ............: (0.31, 0.96)
31:     optimizer ......................................: (2.73, 3.38)
31:     batch-generator ................................: (4.20, 5.00)
31:     forward-compute ................................: (507.56, 538.73)
31:     backward-compute ...............................: (1029.30, 1059.25)
31:  [2026-08-18 03:19:59.157598] iteration      192/   18141 | consumed samples:        55296 | elapsed time per iteration (ms): 1575.8 | throughput per GPU (TFLOP/s/GPU): 371.3 | learning rate: 1.536000E-04 | global batch size:   288 | lm loss: 5.268094E+00 | loss scale: 1.0 | grad norm: 0.792 | params norm: 666.693 | number of skipped iterations:   0 | number of nan iterations:   0 |
31: INFO:megatron.core.timers:(min, max) time across ranks (ms):
31:     forward-backward ...............................: (1557.16, 1557.27)
31:     embedding-grads-all-reduce .....................: (0.01, 0.02)
31:     all-grads-sync .................................: (0.17, 0.23)
31:     optimizer-copy-to-main-grad ....................: (0.15, 0.39)
31:     optimizer-inner-step ...........................: (0.55, 0.70)
31:     optimizer-copy-main-to-model-params ............: (0.31, 1.00)
31:     optimizer ......................................: (2.83, 3.53)
31:     batch-generator ................................: (4.14, 4.92)
31:     forward-compute ................................: (500.75, 537.00)
31:     backward-compute ...............................: (1013.03, 1053.21)
31:  [2026-08-18 03:20:00.717500] iteration      193/   18141 | consumed samples:        55584 | elapsed time per iteration (ms): 1559.8 | throughput per GPU (TFLOP/s/GPU): 373.2 | learning rate: 1.544000E-04 | global batch size:   288 | lm loss: 5.271132E+00 | loss scale: 1.0 | grad norm: 1.002 | params norm: 666.737 | number of skipped iterations:   0 | number of nan iterations:   0 |
31: INFO:megatron.core.timers:(min, max) time across ranks (ms):
31:     forward-backward ...............................: (1541.60, 1541.71)
31:     embedding-grads-all-reduce .....................: (0.01, 0.02)
31:     all-grads-sync .................................: (0.16, 0.22)
31:     optimizer-copy-to-main-grad ....................: (0.16, 0.37)
31:     optimizer-inner-step ...........................: (0.56, 0.68)
31:     optimizer-copy-main-to-model-params ............: (0.31, 0.96)
31:     optimizer ......................................: (2.75, 3.41)
31:     batch-generator ................................: (4.12, 4.84)
31:     forward-compute ................................: (500.30, 532.46)
31:     backward-compute ...............................: (1005.71, 1036.60)
31:  [2026-08-18 03:20:02.316004] iteration      194/   18141 | consumed samples:        55872 | elapsed time per iteration (ms): 1598.3 | throughput per GPU (TFLOP/s/GPU): 364.6 | learning rate: 1.552000E-04 | global batch size:   288 | lm loss: 5.283103E+00 | loss scale: 1.0 | grad norm: 1.104 | params norm: 666.782 | number of skipped iterations:   0 | number of nan iterations:   0 |
31: INFO:megatron.core.timers:(min, max) time across ranks (ms):
31:     forward-backward ...............................: (1579.70, 1579.90)
31:     embedding-grads-all-reduce .....................: (0.02, 0.02)
31:     all-grads-sync .................................: (0.17, 0.22)
31:     optimizer-copy-to-main-grad ....................: (0.15, 0.39)
31:     optimizer-inner-step ...........................: (0.55, 0.67)
31:     optimizer-copy-main-to-model-params ............: (0.31, 0.86)
31:     optimizer ......................................: (2.74, 3.28)
31:     batch-generator ................................: (4.00, 5.54)
31:     forward-compute ................................: (499.26, 534.88)
31:     backward-compute ...............................: (1038.29, 1077.23)
31:  [2026-08-18 03:20:03.890454] iteration      195/   18141 | consumed samples:        56160 | elapsed time per iteration (ms): 1574.3 | throughput per GPU (TFLOP/s/GPU): 370.2 | learning rate: 1.560000E-04 | global batch size:   288 | lm loss: 5.244061E+00 | loss scale: 1.0 | grad norm: 1.027 | params norm: 666.827 | number of skipped iterations:   0 | number of nan iterations:   0 |
31: INFO:megatron.core.timers:(min, max) time across ranks (ms):
31:     forward-backward ...............................: (1555.66, 1555.77)
31:     embedding-grads-all-reduce .....................: (0.02, 0.02)
31:     all-grads-sync .................................: (0.16, 0.22)
31:     optimizer-copy-to-main-grad ....................: (0.15, 0.35)
31:     optimizer-inner-step ...........................: (0.55, 0.70)
31:     optimizer-copy-main-to-model-params ............: (0.29, 0.93)
31:     optimizer ......................................: (2.69, 3.32)
31:     batch-generator ................................: (3.99, 6.01)
31:     forward-compute ................................: (499.05, 536.05)
31:     backward-compute ...............................: (1015.32, 1052.76)
31:  [2026-08-18 03:20:05.474708] iteration      196/   18141 | consumed samples:        56448 | elapsed time per iteration (ms): 1584.1 | throughput per GPU (TFLOP/s/GPU): 367.1 | learning rate: 1.568000E-04 | global batch size:   288 | lm loss: 5.251282E+00 | loss scale: 1.0 | grad norm: 1.084 | params norm: 666.873 | number of skipped iterations:   0 | number of nan iterations:   0 |
31: INFO:megatron.core.timers:(min, max) time across ranks (ms):
31:     forward-backward ...............................: (1565.72, 1565.82)
31:     embedding-grads-all-reduce .....................: (0.01, 0.02)
31:     all-grads-sync .................................: (0.16, 0.24)
31:     optimizer-copy-to-main-grad ....................: (0.15, 0.34)
31:     optimizer-inner-step ...........................: (0.55, 0.69)
31:     optimizer-copy-main-to-model-params ............: (0.35, 0.93)
31:     optimizer ......................................: (2.75, 3.33)
31:     batch-generator ................................: (4.12, 5.36)
31:     forward-compute ................................: (503.92, 541.76)
31:     backward-compute ...............................: (1020.34, 1057.53)
31:  [2026-08-18 03:20:07.030920] iteration      197/   18141 | consumed samples:        56736 | elapsed time per iteration (ms): 1556.0 | throughput per GPU (TFLOP/s/GPU): 376.6 | learning rate: 1.576000E-04 | global batch size:   288 | lm loss: 5.213049E+00 | loss scale: 1.0 | grad norm: 0.827 | params norm: 666.918 | number of skipped iterations:   0 | number of nan iterations:   0 |
31: INFO:megatron.core.timers:(min, max) time across ranks (ms):
31:     forward-backward ...............................: (1537.88, 1537.94)
31:     embedding-grads-all-reduce .....................: (0.02, 0.02)
31:     all-grads-sync .................................: (0.16, 0.23)
31:     optimizer-copy-to-main-grad ....................: (0.16, 0.37)
31:     optimizer-inner-step ...........................: (0.56, 0.67)
31:     optimizer-copy-main-to-model-params ............: (0.33, 0.95)
31:     optimizer ......................................: (2.76, 3.38)
31:     batch-generator ................................: (4.16, 4.70)
31:     forward-compute ................................: (502.13, 537.34)
31:     backward-compute ...............................: (995.11, 1030.64)
31:  [2026-08-18 03:20:08.609094] iteration      198/   18141 | consumed samples:        57024 | elapsed time per iteration (ms): 1578.0 | throughput per GPU (TFLOP/s/GPU): 370.2 | learning rate: 1.584000E-04 | global batch size:   288 | lm loss: 5.223562E+00 | loss scale: 1.0 | grad norm: 0.956 | params norm: 666.965 | number of skipped iterations:   0 | number of nan iterations:   0 |
31: INFO:megatron.core.timers:(min, max) time across ranks (ms):
31:     forward-backward ...............................: (1559.84, 1559.93)
31:     embedding-grads-all-reduce .....................: (0.02, 0.02)
31:     all-grads-sync .................................: (0.17, 0.25)
31:     optimizer-copy-to-main-grad ....................: (0.15, 0.39)
31:     optimizer-inner-step ...........................: (0.55, 0.67)
31:     optimizer-copy-main-to-model-params ............: (0.33, 0.97)
31:     optimizer ......................................: (2.74, 3.38)
31:     batch-generator ................................: (4.20, 4.76)
31:     forward-compute ................................: (497.84, 539.79)
31:     backward-compute ...............................: (1015.79, 1058.66)
31:  [2026-08-18 03:20:10.213766] iteration      199/   18141 | consumed samples:        57312 | elapsed time per iteration (ms): 1604.4 | throughput per GPU (TFLOP/s/GPU): 363.0 | learning rate: 1.592000E-04 | global batch size:   288 | lm loss: 5.198754E+00 | loss scale: 1.0 | grad norm: 0.874 | params norm: 667.011 | number of skipped iterations:   0 | number of nan iterations:   0 |
31: INFO:megatron.core.timers:(min, max) time across ranks (ms):
31:     forward-backward ...............................: (1586.33, 1586.42)
31:     embedding-grads-all-reduce .....................: (0.01, 0.02)
31:     all-grads-sync .................................: (0.17, 0.24)
31:     optimizer-copy-to-main-grad ....................: (0.16, 0.36)
31:     optimizer-inner-step ...........................: (0.55, 0.67)
31:     optimizer-copy-main-to-model-params ............: (0.32, 0.99)
31:     optimizer ......................................: (2.73, 3.40)
31:     batch-generator ................................: (4.16, 5.09)
31:     forward-compute ................................: (498.18, 543.39)
31:     backward-compute ...............................: (1039.43, 1083.52)
31:  [2026-08-18 03:20:11.795376] iteration      200/   18141 | consumed samples:        57600 | elapsed time per iteration (ms): 1581.4 | throughput per GPU (TFLOP/s/GPU): 369.3 | learning rate: 1.600000E-04 | global batch size:   288 | lm loss: 5.196357E+00 | loss scale: 1.0 | grad norm: 0.991 | params norm: 667.057 | number of skipped iterations:   0 | number of nan iterations:   0 |
31: INFO:megatron.core.timers:(min, max) time across ranks (ms):
31:     forward-backward ...............................: (1562.92, 1563.01)
31:     embedding-grads-all-reduce .....................: (0.02, 0.02)
31:     all-grads-sync .................................: (0.16, 0.23)
31:     optimizer-copy-to-main-grad ....................: (0.15, 0.39)
31:     optimizer-inner-step ...........................: (0.55, 0.67)
31:     optimizer-copy-main-to-model-params ............: (0.31, 0.92)
31:     optimizer ......................................: (2.78, 3.38)
31:     batch-generator ................................: (4.03, 5.18)
31:     forward-compute ................................: (501.30, 539.83)
31:     backward-compute ...............................: (1019.22, 1056.98)
31:  [2026-08-18 03:20:13.402538] iteration      201/   18141 | consumed samples:        57888 | elapsed time per iteration (ms): 1607.1 | throughput per GPU (TFLOP/s/GPU): 362.2 | learning rate: 1.608000E-04 | global batch size:   288 | lm loss: 5.219618E+00 | loss scale: 1.0 | grad norm: 1.089 | params norm: 667.103 | number of skipped iterations:   0 | number of nan iterations:   0 |
31: INFO:megatron.core.timers:(min, max) time across ranks (ms):
31:     forward-backward ...............................: (1587.24, 1587.33)
31:     embedding-grads-all-reduce .....................: (0.01, 0.02)
31:     all-grads-sync .................................: (0.17, 0.22)
31:     optimizer-copy-to-main-grad ....................: (0.15, 0.37)
31:     optimizer-inner-step ...........................: (0.55, 0.69)
31:     optimizer-copy-main-to-model-params ............: (0.31, 0.95)
31:     optimizer ......................................: (2.74, 3.39)
31:     batch-generator ................................: (4.12, 4.74)
31:     forward-compute ................................: (502.23, 539.80)
31:     backward-compute ...............................: (1044.22, 1080.76)
31:  [2026-08-18 03:20:14.979797] iteration      202/   18141 | consumed samples:        58176 | elapsed time per iteration (ms): 1577.2 | throughput per GPU (TFLOP/s/GPU): 370.0 | learning rate: 1.616000E-04 | global batch size:   288 | lm loss: 5.244277E+00 | loss scale: 1.0 | grad norm: 1.004 | params norm: 667.150 | number of skipped iterations:   0 | number of nan iterations:   0 |
31: INFO:megatron.core.timers:(min, max) time across ranks (ms):
31:     forward-backward ...............................: (1557.50, 1557.62)
31:     embedding-grads-all-reduce .....................: (0.02, 0.02)
31:     all-grads-sync .................................: (0.16, 0.23)
31:     optimizer-copy-to-main-grad ....................: (0.15, 0.37)
31:     optimizer-inner-step ...........................: (0.55, 0.68)
31:     optimizer-copy-main-to-model-params ............: (0.33, 0.99)
31:     optimizer ......................................: (2.77, 3.44)
31:     batch-generator ................................: (4.16, 4.85)
31:     forward-compute ................................: (508.09, 536.86)
31:     backward-compute ...............................: (1013.65, 1044.21)
31:  [2026-08-18 03:20:16.561377] iteration      203/   18141 | consumed samples:        58464 | elapsed time per iteration (ms): 1581.4 | throughput per GPU (TFLOP/s/GPU): 368.4 | learning rate: 1.624000E-04 | global batch size:   288 | lm loss: 5.201643E+00 | loss scale: 1.0 | grad norm: 0.847 | params norm: 667.197 | number of skipped iterations:   0 | number of nan iterations:   0 |
31: INFO:megatron.core.timers:(min, max) time across ranks (ms):
31:     forward-backward ...............................: (1563.34, 1563.48)
31:     embedding-grads-all-reduce .....................: (0.02, 0.02)
31:     all-grads-sync .................................: (0.16, 0.23)
31:     optimizer-copy-to-main-grad ....................: (0.15, 0.37)
31:     optimizer-inner-step ...........................: (0.56, 0.68)
31:     optimizer-copy-main-to-model-params ............: (0.30, 0.96)
31:     optimizer ......................................: (2.72, 3.38)
31:     batch-generator ................................: (4.12, 4.72)
31:     forward-compute ................................: (500.49, 536.15)
31:     backward-compute ...............................: (1023.32, 1057.89)
31:  [2026-08-18 03:20:18.153882] iteration      204/   18141 | consumed samples:        58752 | elapsed time per iteration (ms): 1592.4 | throughput per GPU (TFLOP/s/GPU): 366.4 | learning rate: 1.632000E-04 | global batch size:   288 | lm loss: 5.166936E+00 | loss scale: 1.0 | grad norm: 0.813 | params norm: 667.245 | number of skipped iterations:   0 | number of nan iterations:   0 |
31: INFO:megatron.core.timers:(min, max) time across ranks (ms):
31:     forward-backward ...............................: (1573.50, 1573.60)
31:     embedding-grads-all-reduce .....................: (0.01, 0.02)
31:     all-grads-sync .................................: (0.17, 0.23)
31:     optimizer-copy-to-main-grad ....................: (0.15, 0.37)
31:     optimizer-inner-step ...........................: (0.54, 0.66)
31:     optimizer-copy-main-to-model-params ............: (0.29, 0.92)
31:     optimizer ......................................: (2.69, 3.32)
31:     batch-generator ................................: (4.16, 4.77)
31:     forward-compute ................................: (503.54, 540.10)
31:     backward-compute ...............................: (1029.84, 1064.77)
31:  [2026-08-18 03:20:19.753349] iteration      205/   18141 | consumed samples:        59040 | elapsed time per iteration (ms): 1599.3 | throughput per GPU (TFLOP/s/GPU): 365.2 | learning rate: 1.640000E-04 | global batch size:   288 | lm loss: 5.205340E+00 | loss scale: 1.0 | grad norm: 0.967 | params norm: 667.292 | number of skipped iterations:   0 | number of nan iterations:   0 |
31: INFO:megatron.core.timers:(min, max) time across ranks (ms):
31:     forward-backward ...............................: (1580.47, 1580.68)
31:     embedding-grads-all-reduce .....................: (0.02, 0.02)
31:     all-grads-sync .................................: (0.17, 0.25)
31:     optimizer-copy-to-main-grad ....................: (0.15, 0.37)
31:     optimizer-inner-step ...........................: (0.55, 0.67)
31:     optimizer-copy-main-to-model-params ............: (0.34, 0.98)
31:     optimizer ......................................: (2.75, 3.40)
31:     batch-generator ................................: (4.08, 4.69)
31:     forward-compute ................................: (503.19, 536.77)
31:     backward-compute ...............................: (1038.58, 1073.69)
31:  [2026-08-18 03:20:21.328272] iteration      206/   18141 | consumed samples:        59328 | elapsed time per iteration (ms): 1574.8 | throughput per GPU (TFLOP/s/GPU): 369.1 | learning rate: 1.648000E-04 | global batch size:   288 | lm loss: 5.146739E+00 | loss scale: 1.0 | grad norm: 1.024 | params norm: 667.340 | number of skipped iterations:   0 | number of nan iterations:   0 |
31: INFO:megatron.core.timers:(min, max) time across ranks (ms):
31:     forward-backward ...............................: (1556.39, 1556.49)
31:     embedding-grads-all-reduce .....................: (0.02, 0.02)
31:     all-grads-sync .................................: (0.16, 0.22)
31:     optimizer-copy-to-main-grad ....................: (0.15, 0.36)
31:     optimizer-inner-step ...........................: (0.55, 0.68)
31:     optimizer-copy-main-to-model-params ............: (0.33, 0.98)
31:     optimizer ......................................: (2.74, 3.37)
31:     batch-generator ................................: (4.25, 4.74)
31:     forward-compute ................................: (502.82, 537.42)
31:     backward-compute ...............................: (1011.00, 1050.30)
31:  [2026-08-18 03:20:22.924974] iteration      207/   18141 | consumed samples:        59616 | elapsed time per iteration (ms): 1596.5 | throughput per GPU (TFLOP/s/GPU): 366.4 | learning rate: 1.656000E-04 | global batch size:   288 | lm loss: 5.179060E+00 | loss scale: 1.0 | grad norm: 1.013 | params norm: 667.388 | number of skipped iterations:   0 | number of nan iterations:   0 |
31: INFO:megatron.core.timers:(min, max) time across ranks (ms):
31:     forward-backward ...............................: (1578.62, 1578.73)
31:     embedding-grads-all-reduce .....................: (0.02, 0.04)
31:     all-grads-sync .................................: (0.17, 0.24)
31:     optimizer-copy-to-main-grad ....................: (0.16, 0.38)
31:     optimizer-inner-step ...........................: (0.54, 0.68)
31:     optimizer-copy-main-to-model-params ............: (0.31, 0.97)
31:     optimizer ......................................: (2.73, 3.39)
31:     batch-generator ................................: (4.18, 4.78)
31:     forward-compute ................................: (503.33, 548.67)
31:     backward-compute ...............................: (1026.61, 1068.52)
31:  [2026-08-18 03:20:24.517704] iteration      208/   18141 | consumed samples:        59904 | elapsed time per iteration (ms): 1592.5 | throughput per GPU (TFLOP/s/GPU): 367.2 | learning rate: 1.664000E-04 | global batch size:   288 | lm loss: 5.159346E+00 | loss scale: 1.0 | grad norm: 0.912 | params norm: 667.436 | number of skipped iterations:   0 | number of nan iterations:   0 |
31: INFO:megatron.core.timers:(min, max) time across ranks (ms):
31:     forward-backward ...............................: (1573.79, 1573.94)
31:     embedding-grads-all-reduce .....................: (0.01, 0.02)
31:     all-grads-sync .................................: (0.16, 0.22)
31:     optimizer-copy-to-main-grad ....................: (0.16, 0.38)
31:     optimizer-inner-step ...........................: (0.55, 0.67)
31:     optimizer-copy-main-to-model-params ............: (0.31, 0.93)
31:     optimizer ......................................: (2.70, 3.32)
31:     batch-generator ................................: (4.30, 4.85)
31:     forward-compute ................................: (502.75, 539.58)
31:     backward-compute ...............................: (1030.65, 1067.39)
31:  [2026-08-18 03:20:26.102324] iteration      209/   18141 | consumed samples:        60192 | elapsed time per iteration (ms): 1584.4 | throughput per GPU (TFLOP/s/GPU): 368.7 | learning rate: 1.672000E-04 | global batch size:   288 | lm loss: 5.129191E+00 | loss scale: 1.0 | grad norm: 0.800 | params norm: 667.485 | number of skipped iterations:   0 | number of nan iterations:   0 |
31: INFO:megatron.core.timers:(min, max) time across ranks (ms):
31:     forward-backward ...............................: (1565.73, 1565.87)
31:     embedding-grads-all-reduce .....................: (0.02, 0.02)
31:     all-grads-sync .................................: (0.17, 0.23)
31:     optimizer-copy-to-main-grad ....................: (0.15, 0.37)
31:     optimizer-inner-step ...........................: (0.55, 0.66)
31:     optimizer-copy-main-to-model-params ............: (0.30, 0.93)
31:     optimizer ......................................: (2.68, 3.31)
31:     batch-generator ................................: (4.13, 4.92)
31:     forward-compute ................................: (500.82, 540.70)
31:     backward-compute ...............................: (1021.43, 1058.54)
31:  [2026-08-18 03:20:27.721904] iteration      210/   18141 | consumed samples:        60480 | elapsed time per iteration (ms): 1619.5 | throughput per GPU (TFLOP/s/GPU): 359.0 | learning rate: 1.680000E-04 | global batch size:   288 | lm loss: 5.094512E+00 | loss scale: 1.0 | grad norm: 0.762 | params norm: 667.534 | number of skipped iterations:   0 | number of nan iterations:   0 |
31: INFO:megatron.core.timers:(min, max) time across ranks (ms):
31:     forward-backward ...............................: (1601.51, 1601.60)
31:     embedding-grads-all-reduce .....................: (0.02, 0.02)
31:     all-grads-sync .................................: (0.15, 0.24)
31:     optimizer-copy-to-main-grad ....................: (0.16, 0.38)
31:     optimizer-inner-step ...........................: (0.55, 0.68)
31:     optimizer-copy-main-to-model-params ............: (0.36, 0.89)
31:     optimizer ......................................: (2.78, 3.31)
31:     batch-generator ................................: (4.14, 4.75)
31:     forward-compute ................................: (506.68, 554.66)
31:     backward-compute ...............................: (1043.27, 1088.40)
31:  [2026-08-18 03:20:29.309804] iteration      211/   18141 | consumed samples:        60768 | elapsed time per iteration (ms): 1587.8 | throughput per GPU (TFLOP/s/GPU): 367.8 | learning rate: 1.688000E-04 | global batch size:   288 | lm loss: 5.130990E+00 | loss scale: 1.0 | grad norm: 0.690 | params norm: 667.582 | number of skipped iterations:   0 | number of nan iterations:   0 |
31: INFO:megatron.core.timers:(min, max) time across ranks (ms):
31:     forward-backward ...............................: (1569.03, 1569.13)
31:     embedding-grads-all-reduce .....................: (0.01, 0.02)
31:     all-grads-sync .................................: (0.16, 0.23)
31:     optimizer-copy-to-main-grad ....................: (0.15, 0.39)
31:     optimizer-inner-step ...........................: (0.56, 0.66)
31:     optimizer-copy-main-to-model-params ............: (0.31, 0.92)
31:     optimizer ......................................: (2.74, 3.37)
31:     batch-generator ................................: (4.09, 5.18)
31:     forward-compute ................................: (503.55, 543.83)
31:     backward-compute ...............................: (1019.21, 1059.91)
31:  [2026-08-18 03:20:30.913303] iteration      212/   18141 | consumed samples:        61056 | elapsed time per iteration (ms): 1603.3 | throughput per GPU (TFLOP/s/GPU): 364.8 | learning rate: 1.696000E-04 | global batch size:   288 | lm loss: 5.091632E+00 | loss scale: 1.0 | grad norm: 0.568 | params norm: 667.631 | number of skipped iterations:   0 | number of nan iterations:   0 |
31: INFO:megatron.core.timers:(min, max) time across ranks (ms):
31:     forward-backward ...............................: (1585.65, 1585.75)
31:     embedding-grads-all-reduce .....................: (0.02, 0.02)
31:     all-grads-sync .................................: (0.17, 0.24)
31:     optimizer-copy-to-main-grad ....................: (0.16, 0.38)
31:     optimizer-inner-step ...........................: (0.55, 0.67)
31:     optimizer-copy-main-to-model-params ............: (0.35, 0.95)
31:     optimizer ......................................: (2.76, 3.36)
31:     batch-generator ................................: (4.24, 4.92)
31:     forward-compute ................................: (502.38, 546.18)
31:     backward-compute ...............................: (1035.86, 1077.87)
31:  [2026-08-18 03:20:32.470523] iteration      213/   18141 | consumed samples:        61344 | elapsed time per iteration (ms): 1557.1 | throughput per GPU (TFLOP/s/GPU): 374.0 | learning rate: 1.704000E-04 | global batch size:   288 | lm loss: 5.114356E+00 | loss scale: 1.0 | grad norm: 0.718 | params norm: 667.680 | number of skipped iterations:   0 | number of nan iterations:   0 |
31: INFO:megatron.core.timers:(min, max) time across ranks (ms):
31:     forward-backward ...............................: (1538.45, 1538.63)
31:     embedding-grads-all-reduce .....................: (0.01, 0.02)
31:     all-grads-sync .................................: (0.16, 0.23)
31:     optimizer-copy-to-main-grad ....................: (0.15, 0.36)
31:     optimizer-inner-step ...........................: (0.54, 0.68)
31:     optimizer-copy-main-to-model-params ............: (0.31, 0.95)
31:     optimizer ......................................: (2.72, 3.37)
31:     batch-generator ................................: (4.13, 4.83)
31:     forward-compute ................................: (497.01, 533.28)
31:     backward-compute ...............................: (999.66, 1035.35)
31:  [2026-08-18 03:20:34.078358] iteration      214/   18141 | consumed samples:        61632 | elapsed time per iteration (ms): 1607.7 | throughput per GPU (TFLOP/s/GPU): 362.5 | learning rate: 1.712000E-04 | global batch size:   288 | lm loss: 5.070113E+00 | loss scale: 1.0 | grad norm: 0.713 | params norm: 667.729 | number of skipped iterations:   0 | number of nan iterations:   0 |
31: INFO:megatron.core.timers:(min, max) time across ranks (ms):
31:     forward-backward ...............................: (1589.12, 1589.22)
31:     embedding-grads-all-reduce .....................: (0.02, 0.02)
31:     all-grads-sync .................................: (0.17, 0.22)
31:     optimizer-copy-to-main-grad ....................: (0.15, 0.38)
31:     optimizer-inner-step ...........................: (0.55, 0.68)
31:     optimizer-copy-main-to-model-params ............: (0.30, 0.88)
31:     optimizer ......................................: (2.71, 3.30)
31:     batch-generator ................................: (4.18, 4.81)
31:     forward-compute ................................: (500.55, 546.40)
31:     backward-compute ...............................: (1039.20, 1082.20)
31:  [2026-08-18 03:20:35.653052] iteration      215/   18141 | consumed samples:        61920 | elapsed time per iteration (ms): 1574.6 | throughput per GPU (TFLOP/s/GPU): 370.1 | learning rate: 1.720000E-04 | global batch size:   288 | lm loss: 5.096270E+00 | loss scale: 1.0 | grad norm: 0.817 | params norm: 667.779 | number of skipped iterations:   0 | number of nan iterations:   0 |
31: INFO:megatron.core.timers:(min, max) time across ranks (ms):
31:     forward-backward ...............................: (1556.63, 1556.75)
31:     embedding-grads-all-reduce .....................: (0.02, 0.02)
31:     all-grads-sync .................................: (0.17, 0.24)
31:     optimizer-copy-to-main-grad ....................: (0.15, 0.38)
31:     optimizer-inner-step ...........................: (0.55, 0.66)
31:     optimizer-copy-main-to-model-params ............: (0.32, 0.94)
31:     optimizer ......................................: (2.70, 3.32)
31:     batch-generator ................................: (4.11, 4.93)
31:     forward-compute ................................: (503.04, 532.21)
31:     backward-compute ...............................: (1018.86, 1049.84)
31:  [2026-08-18 03:20:37.219326] iteration      216/   18141 | consumed samples:        62208 | elapsed time per iteration (ms): 1566.1 | throughput per GPU (TFLOP/s/GPU): 371.9 | learning rate: 1.728000E-04 | global batch size:   288 | lm loss: 5.086987E+00 | loss scale: 1.0 | grad norm: 0.910 | params norm: 667.828 | number of skipped iterations:   0 | number of nan iterations:   0 |
31: INFO:megatron.core.timers:(min, max) time across ranks (ms):
31:     forward-backward ...............................: (1547.62, 1547.72)
31:     embedding-grads-all-reduce .....................: (0.02, 0.02)
31:     all-grads-sync .................................: (0.17, 0.22)
31:     optimizer-copy-to-main-grad ....................: (0.15, 0.47)
31:     optimizer-inner-step ...........................: (0.55, 0.66)
31:     optimizer-copy-main-to-model-params ............: (0.33, 0.88)
31:     optimizer ......................................: (2.78, 3.33)
31:     batch-generator ................................: (4.21, 4.70)
31:     forward-compute ................................: (503.37, 538.53)
31:     backward-compute ...............................: (1003.55, 1038.35)
31:  [2026-08-18 03:20:38.783936] iteration      217/   18141 | consumed samples:        62496 | elapsed time per iteration (ms): 1564.5 | throughput per GPU (TFLOP/s/GPU): 371.8 | learning rate: 1.736000E-04 | global batch size:   288 | lm loss: 5.068365E+00 | loss scale: 1.0 | grad norm: 0.998 | params norm: 667.878 | number of skipped iterations:   0 | number of nan iterations:   0 |
31: INFO:megatron.core.timers:(min, max) time across ranks (ms):
31:     forward-backward ...............................: (1545.94, 1546.07)
31:     embedding-grads-all-reduce .....................: (0.02, 0.02)
31:     all-grads-sync .................................: (0.18, 0.22)
31:     optimizer-copy-to-main-grad ....................: (0.15, 0.39)
31:     optimizer-inner-step ...........................: (0.56, 0.70)
31:     optimizer-copy-main-to-model-params ............: (0.31, 0.89)
31:     optimizer ......................................: (2.73, 3.31)
31:     batch-generator ................................: (4.25, 5.06)
31:     forward-compute ................................: (493.55, 534.95)
31:     backward-compute ...............................: (1002.80, 1045.66)
31:  [2026-08-18 03:20:40.349677] iteration      218/   18141 | consumed samples:        62784 | elapsed time per iteration (ms): 1565.6 | throughput per GPU (TFLOP/s/GPU): 372.9 | learning rate: 1.744000E-04 | global batch size:   288 | lm loss: 5.089616E+00 | loss scale: 1.0 | grad norm: 0.960 | params norm: 667.928 | number of skipped iterations:   0 | number of nan iterations:   0 |
31: INFO:megatron.core.timers:(min, max) time across ranks (ms):
31:     forward-backward ...............................: (1547.32, 1547.41)
31:     embedding-grads-all-reduce .....................: (0.02, 0.02)
31:     all-grads-sync .................................: (0.16, 0.23)
31:     optimizer-copy-to-main-grad ....................: (0.15, 0.34)
31:     optimizer-inner-step ...........................: (0.56, 0.66)
31:     optimizer-copy-main-to-model-params ............: (0.29, 0.98)
31:     optimizer ......................................: (2.66, 3.34)
31:     batch-generator ................................: (4.00, 4.79)
31:     forward-compute ................................: (500.99, 531.62)
31:     backward-compute ...............................: (1008.71, 1043.07)
31:  [2026-08-18 03:20:41.971035] iteration      219/   18141 | consumed samples:        63072 | elapsed time per iteration (ms): 1621.2 | throughput per GPU (TFLOP/s/GPU): 359.7 | learning rate: 1.752000E-04 | global batch size:   288 | lm loss: 5.065677E+00 | loss scale: 1.0 | grad norm: 0.979 | params norm: 667.978 | number of skipped iterations:   0 | number of nan iterations:   0 |
31: INFO:megatron.core.timers:(min, max) time across ranks (ms):
31:     forward-backward ...............................: (1602.74, 1602.84)
31:     embedding-grads-all-reduce .....................: (0.01, 0.02)
31:     all-grads-sync .................................: (0.16, 0.24)
31:     optimizer-copy-to-main-grad ....................: (0.15, 0.37)
31:     optimizer-inner-step ...........................: (0.55, 0.66)
31:     optimizer-copy-main-to-model-params ............: (0.30, 0.89)
31:     optimizer ......................................: (2.73, 3.31)
31:     batch-generator ................................: (4.09, 4.83)
31:     forward-compute ................................: (503.58, 548.99)
31:     backward-compute ...............................: (1047.42, 1094.13)
31:  [2026-08-18 03:20:43.576824] iteration      220/   18141 | consumed samples:        63360 | elapsed time per iteration (ms): 1605.7 | throughput per GPU (TFLOP/s/GPU): 365.4 | learning rate: 1.760000E-04 | global batch size:   288 | lm loss: 5.077783E+00 | loss scale: 1.0 | grad norm: 0.923 | params norm: 668.029 | number of skipped iterations:   0 | number of nan iterations:   0 |
31: INFO:megatron.core.timers:(min, max) time across ranks (ms):
31:     forward-backward ...............................: (1587.64, 1587.74)
31:     embedding-grads-all-reduce .....................: (0.02, 0.02)
31:     all-grads-sync .................................: (0.17, 0.23)
31:     optimizer-copy-to-main-grad ....................: (0.16, 0.37)
31:     optimizer-inner-step ...........................: (0.55, 0.67)
31:     optimizer-copy-main-to-model-params ............: (0.31, 0.98)
31:     optimizer ......................................: (2.72, 3.38)
31:     batch-generator ................................: (4.11, 4.74)
31:     forward-compute ................................: (501.54, 542.47)
31:     backward-compute ...............................: (1041.76, 1082.52)
31:  [2026-08-18 03:20:45.144811] iteration      221/   18141 | consumed samples:        63648 | elapsed time per iteration (ms): 1567.8 | throughput per GPU (TFLOP/s/GPU): 371.4 | learning rate: 1.768000E-04 | global batch size:   288 | lm loss: 5.032217E+00 | loss scale: 1.0 | grad norm: 0.924 | params norm: 668.080 | number of skipped iterations:   0 | number of nan iterations:   0 |
31: INFO:megatron.core.timers:(min, max) time across ranks (ms):
31:     forward-backward ...............................: (1549.32, 1549.43)
31:     embedding-grads-all-reduce .....................: (0.01, 0.02)
31:     all-grads-sync .................................: (0.17, 0.24)
31:     optimizer-copy-to-main-grad ....................: (0.16, 0.36)
31:     optimizer-inner-step ...........................: (0.55, 0.66)
31:     optimizer-copy-main-to-model-params ............: (0.31, 0.92)
31:     optimizer ......................................: (2.67, 3.28)
31:     batch-generator ................................: (4.11, 4.86)
31:     forward-compute ................................: (504.93, 533.17)
31:     backward-compute ...............................: (1011.84, 1039.63)
31:  [2026-08-18 03:20:46.751579] iteration      222/   18141 | consumed samples:        63936 | elapsed time per iteration (ms): 1606.6 | throughput per GPU (TFLOP/s/GPU): 363.6 | learning rate: 1.776000E-04 | global batch size:   288 | lm loss: 5.029787E+00 | loss scale: 1.0 | grad norm: 0.787 | params norm: 668.131 | number of skipped iterations:   0 | number of nan iterations:   0 |
31: INFO:megatron.core.timers:(min, max) time across ranks (ms):
31:     forward-backward ...............................: (1588.06, 1588.14)
31:     embedding-grads-all-reduce .....................: (0.02, 0.02)
31:     all-grads-sync .................................: (0.17, 0.24)
31:     optimizer-copy-to-main-grad ....................: (0.15, 0.42)
31:     optimizer-inner-step ...........................: (0.56, 0.68)
31:     optimizer-copy-main-to-model-params ............: (0.29, 0.92)
31:     optimizer ......................................: (2.74, 3.37)
31:     batch-generator ................................: (4.19, 5.11)
31:     forward-compute ................................: (505.20, 545.71)
31:     backward-compute ...............................: (1038.95, 1076.86)
31:  [2026-08-18 03:20:48.325025] iteration      223/   18141 | consumed samples:        64224 | elapsed time per iteration (ms): 1573.3 | throughput per GPU (TFLOP/s/GPU): 369.4 | learning rate: 1.784000E-04 | global batch size:   288 | lm loss: 5.034839E+00 | loss scale: 1.0 | grad norm: 0.752 | params norm: 668.182 | number of skipped iterations:   0 | number of nan iterations:   0 |
31: INFO:megatron.core.timers:(min, max) time across ranks (ms):
31:     forward-backward ...............................: (1555.33, 1555.42)
31:     embedding-grads-all-reduce .....................: (0.02, 0.02)
31:     all-grads-sync .................................: (0.16, 0.24)
31:     optimizer-copy-to-main-grad ....................: (0.15, 0.38)
31:     optimizer-inner-step ...........................: (0.55, 0.68)
31:     optimizer-copy-main-to-model-params ............: (0.31, 0.93)
31:     optimizer ......................................: (2.71, 3.34)
31:     batch-generator ................................: (4.25, 4.73)
31:     forward-compute ................................: (502.75, 530.91)
31:     backward-compute ...............................: (1017.56, 1049.29)
31:  [2026-08-18 03:20:49.884630] iteration      224/   18141 | consumed samples:        64512 | elapsed time per iteration (ms): 1559.5 | throughput per GPU (TFLOP/s/GPU): 374.1 | learning rate: 1.792000E-04 | global batch size:   288 | lm loss: 5.001461E+00 | loss scale: 1.0 | grad norm: 0.870 | params norm: 668.234 | number of skipped iterations:   0 | number of nan iterations:   0 |
31: INFO:megatron.core.timers:(min, max) time across ranks (ms):
31:     forward-backward ...............................: (1541.00, 1541.13)
31:     embedding-grads-all-reduce .....................: (0.01, 0.02)
31:     all-grads-sync .................................: (0.17, 0.23)
31:     optimizer-copy-to-main-grad ....................: (0.16, 0.37)
31:     optimizer-inner-step ...........................: (0.55, 0.67)
31:     optimizer-copy-main-to-model-params ............: (0.31, 0.93)
31:     optimizer ......................................: (2.71, 3.35)
31:     batch-generator ................................: (4.11, 4.72)
31:     forward-compute ................................: (501.06, 530.78)
31:     backward-compute ...............................: (1004.15, 1033.28)
31:  [2026-08-18 03:20:51.502884] iteration      225/   18141 | consumed samples:        64800 | elapsed time per iteration (ms): 1618.1 | throughput per GPU (TFLOP/s/GPU): 360.6 | learning rate: 1.800000E-04 | global batch size:   288 | lm loss: 5.039618E+00 | loss scale: 1.0 | grad norm: 0.848 | params norm: 668.285 | number of skipped iterations:   0 | number of nan iterations:   0 |
31: INFO:megatron.core.timers:(min, max) time across ranks (ms):
31:     forward-backward ...............................: (1599.77, 1599.89)
31:     embedding-grads-all-reduce .....................: (0.02, 0.02)
31:     all-grads-sync .................................: (0.16, 0.24)
31:     optimizer-copy-to-main-grad ....................: (0.16, 0.37)
31:     optimizer-inner-step ...........................: (0.55, 0.68)
31:     optimizer-copy-main-to-model-params ............: (0.30, 0.91)
31:     optimizer ......................................: (2.73, 3.34)
31:     batch-generator ................................: (4.25, 6.28)
31:     forward-compute ................................: (503.59, 543.83)
31:     backward-compute ...............................: (1052.40, 1092.35)
31:  [2026-08-18 03:20:53.065974] iteration      226/   18141 | consumed samples:        65088 | elapsed time per iteration (ms): 1562.9 | throughput per GPU (TFLOP/s/GPU): 371.9 | learning rate: 1.808000E-04 | global batch size:   288 | lm loss: 5.027628E+00 | loss scale: 1.0 | grad norm: 0.980 | params norm: 668.337 | number of skipped iterations:   0 | number of nan iterations:   0 |
31: INFO:megatron.core.timers:(min, max) time across ranks (ms):
31:     forward-backward ...............................: (1545.35, 1545.43)
31:     embedding-grads-all-reduce .....................: (0.01, 0.02)
31:     all-grads-sync .................................: (0.16, 0.22)
31:     optimizer-copy-to-main-grad ....................: (0.15, 0.34)
31:     optimizer-inner-step ...........................: (0.55, 0.71)
31:     optimizer-copy-main-to-model-params ............: (0.31, 0.72)
31:     optimizer ......................................: (2.65, 3.06)
31:     batch-generator ................................: (4.11, 4.84)
31:     forward-compute ................................: (501.69, 531.59)
31:     backward-compute ...............................: (1010.21, 1039.99)
31:  [2026-08-18 03:20:54.638967] iteration      227/   18141 | consumed samples:        65376 | elapsed time per iteration (ms): 1572.8 | throughput per GPU (TFLOP/s/GPU): 370.9 | learning rate: 1.816000E-04 | global batch size:   288 | lm loss: 5.012237E+00 | loss scale: 1.0 | grad norm: 1.009 | params norm: 668.388 | number of skipped iterations:   0 | number of nan iterations:   0 |
31: INFO:megatron.core.timers:(min, max) time across ranks (ms):
31:     forward-backward ...............................: (1554.20, 1554.34)
31:     embedding-grads-all-reduce .....................: (0.02, 0.02)
31:     all-grads-sync .................................: (0.16, 0.24)
31:     optimizer-copy-to-main-grad ....................: (0.15, 0.37)
31:     optimizer-inner-step ...........................: (0.55, 0.67)
31:     optimizer-copy-main-to-model-params ............: (0.35, 0.93)
31:     optimizer ......................................: (2.78, 3.36)
31:     batch-generator ................................: (4.05, 4.76)
31:     forward-compute ................................: (493.69, 533.34)
31:     backward-compute ...............................: (1016.97, 1056.58)
31:  [2026-08-18 03:20:56.242097] iteration      228/   18141 | consumed samples:        65664 | elapsed time per iteration (ms): 1603.0 | throughput per GPU (TFLOP/s/GPU): 365.0 | learning rate: 1.824000E-04 | global batch size:   288 | lm loss: 5.029369E+00 | loss scale: 1.0 | grad norm: 0.971 | params norm: 668.440 | number of skipped iterations:   0 | number of nan iterations:   0 |
31: INFO:megatron.core.timers:(min, max) time across ranks (ms):
31:     forward-backward ...............................: (1584.39, 1584.49)
31:     embedding-grads-all-reduce .....................: (0.01, 0.02)
31:     all-grads-sync .................................: (0.16, 0.23)
31:     optimizer-copy-to-main-grad ....................: (0.16, 0.38)
31:     optimizer-inner-step ...........................: (0.55, 0.67)
31:     optimizer-copy-main-to-model-params ............: (0.31, 0.91)
31:     optimizer ......................................: (2.72, 3.33)
31:     batch-generator ................................: (4.22, 5.25)
31:     forward-compute ................................: (499.39, 546.79)
31:     backward-compute ...............................: (1033.23, 1079.02)
31:  [2026-08-18 03:20:57.852903] iteration      229/   18141 | consumed samples:        65952 | elapsed time per iteration (ms): 1610.6 | throughput per GPU (TFLOP/s/GPU): 362.0 | learning rate: 1.832000E-04 | global batch size:   288 | lm loss: 4.974422E+00 | loss scale: 1.0 | grad norm: 0.854 | params norm: 668.492 | number of skipped iterations:   0 | number of nan iterations:   0 |
31: INFO:megatron.core.timers:(min, max) time across ranks (ms):
31:     forward-backward ...............................: (1592.33, 1592.44)
31:     embedding-grads-all-reduce .....................: (0.02, 0.02)
31:     all-grads-sync .................................: (0.17, 0.23)
31:     optimizer-copy-to-main-grad ....................: (0.15, 0.38)
31:     optimizer-inner-step ...........................: (0.54, 0.68)
31:     optimizer-copy-main-to-model-params ............: (0.29, 1.02)
31:     optimizer ......................................: (2.71, 3.44)
31:     batch-generator ................................: (4.06, 4.88)
31:     forward-compute ................................: (502.76, 545.71)
31:     backward-compute ...............................: (1041.18, 1084.36)
31:  [2026-08-18 03:20:59.449866] iteration      230/   18141 | consumed samples:        66240 | elapsed time per iteration (ms): 1596.8 | throughput per GPU (TFLOP/s/GPU): 366.9 | learning rate: 1.840000E-04 | global batch size:   288 | lm loss: 5.011631E+00 | loss scale: 1.0 | grad norm: 0.867 | params norm: 668.544 | number of skipped iterations:   0 | number of nan iterations:   0 |
31: INFO:megatron.core.timers:(min, max) time across ranks (ms):
31:     forward-backward ...............................: (1578.32, 1578.41)
31:     embedding-grads-all-reduce .....................: (0.01, 0.02)
31:     all-grads-sync .................................: (0.15, 0.24)
31:     optimizer-copy-to-main-grad ....................: (0.16, 0.39)
31:     optimizer-inner-step ...........................: (0.55, 0.68)
31:     optimizer-copy-main-to-model-params ............: (0.30, 0.92)
31:     optimizer ......................................: (2.74, 3.37)
31:     batch-generator ................................: (4.11, 5.05)
31:     forward-compute ................................: (502.24, 537.82)
31:     backward-compute ...............................: (1035.51, 1070.42)
31:  [2026-08-18 03:21:01.051584] iteration      231/   18141 | consumed samples:        66528 | elapsed time per iteration (ms): 1601.6 | throughput per GPU (TFLOP/s/GPU): 365.1 | learning rate: 1.848000E-04 | global batch size:   288 | lm loss: 4.983418E+00 | loss scale: 1.0 | grad norm: 0.778 | params norm: 668.596 | number of skipped iterations:   0 | number of nan iterations:   0 |
31: INFO:megatron.core.timers:(min, max) time across ranks (ms):
31:     forward-backward ...............................: (1582.90, 1583.01)
31:     embedding-grads-all-reduce .....................: (0.02, 0.02)
31:     all-grads-sync .................................: (0.16, 0.22)
31:     optimizer-copy-to-main-grad ....................: (0.16, 0.37)
31:     optimizer-inner-step ...........................: (0.56, 0.67)
31:     optimizer-copy-main-to-model-params ............: (0.31, 0.85)
31:     optimizer ......................................: (2.69, 3.24)
31:     batch-generator ................................: (4.12, 4.68)
31:     forward-compute ................................: (501.97, 544.80)
31:     backward-compute ...............................: (1032.97, 1074.39)
31:  [2026-08-18 03:21:02.651360] iteration      232/   18141 | consumed samples:        66816 | elapsed time per iteration (ms): 1599.6 | throughput per GPU (TFLOP/s/GPU): 366.1 | learning rate: 1.856000E-04 | global batch size:   288 | lm loss: 4.990283E+00 | loss scale: 1.0 | grad norm: 0.722 | params norm: 668.648 | number of skipped iterations:   0 | number of nan iterations:   0 |
31: INFO:megatron.core.timers:(min, max) time across ranks (ms):
31:     forward-backward ...............................: (1581.31, 1581.43)
31:     embedding-grads-all-reduce .....................: (0.02, 0.02)
31:     all-grads-sync .................................: (0.17, 0.22)
31:     optimizer-copy-to-main-grad ....................: (0.15, 0.39)
31:     optimizer-inner-step ...........................: (0.55, 0.66)
31:     optimizer-copy-main-to-model-params ............: (0.30, 0.95)
31:     optimizer ......................................: (2.73, 3.38)
31:     batch-generator ................................: (4.15, 5.16)
31:     forward-compute ................................: (496.73, 539.97)
31:     backward-compute ...............................: (1037.93, 1081.43)
31:  [2026-08-18 03:21:04.248005] iteration      233/   18141 | consumed samples:        67104 | elapsed time per iteration (ms): 1596.5 | throughput per GPU (TFLOP/s/GPU): 365.9 | learning rate: 1.864000E-04 | global batch size:   288 | lm loss: 4.967424E+00 | loss scale: 1.0 | grad norm: 0.850 | params norm: 668.700 | number of skipped iterations:   0 | number of nan iterations:   0 |
31: INFO:megatron.core.timers:(min, max) time across ranks (ms):
31:     forward-backward ...............................: (1578.14, 1578.26)
31:     embedding-grads-all-reduce .....................: (0.02, 0.02)
31:     all-grads-sync .................................: (0.17, 0.23)
31:     optimizer-copy-to-main-grad ....................: (0.16, 0.36)
31:     optimizer-inner-step ...........................: (0.55, 0.66)
31:     optimizer-copy-main-to-model-params ............: (0.34, 1.00)
31:     optimizer ......................................: (2.73, 3.39)
31:     batch-generator ................................: (4.22, 4.76)
31:     forward-compute ................................: (499.54, 543.10)
31:     backward-compute ...............................: (1030.72, 1071.82)
31:  [2026-08-18 03:21:05.836220] iteration      234/   18141 | consumed samples:        67392 | elapsed time per iteration (ms): 1588.1 | throughput per GPU (TFLOP/s/GPU): 367.5 | learning rate: 1.872000E-04 | global batch size:   288 | lm loss: 4.939694E+00 | loss scale: 1.0 | grad norm: 0.779 | params norm: 668.753 | number of skipped iterations:   0 | number of nan iterations:   0 |
31: INFO:megatron.core.timers:(min, max) time across ranks (ms):
31:     forward-backward ...............................: (1569.28, 1569.39)
31:     embedding-grads-all-reduce .....................: (0.01, 0.02)
31:     all-grads-sync .................................: (0.17, 0.23)
31:     optimizer-copy-to-main-grad ....................: (0.15, 0.42)
31:     optimizer-inner-step ...........................: (0.55, 0.68)
31:     optimizer-copy-main-to-model-params ............: (0.32, 1.03)
31:     optimizer ......................................: (2.88, 3.59)
31:     batch-generator ................................: (4.13, 5.29)
31:     forward-compute ................................: (498.60, 537.25)
31:     backward-compute ...............................: (1028.59, 1063.09)
31:  [2026-08-18 03:21:07.383311] iteration      235/   18141 | consumed samples:        67680 | elapsed time per iteration (ms): 1546.9 | throughput per GPU (TFLOP/s/GPU): 376.8 | learning rate: 1.880000E-04 | global batch size:   288 | lm loss: 4.944566E+00 | loss scale: 1.0 | grad norm: 0.641 | params norm: 668.805 | number of skipped iterations:   0 | number of nan iterations:   0 |
31: INFO:megatron.core.timers:(min, max) time across ranks (ms):
31:     forward-backward ...............................: (1528.16, 1528.26)
31:     embedding-grads-all-reduce .....................: (0.02, 0.02)
31:     all-grads-sync .................................: (0.16, 0.25)
31:     optimizer-copy-to-main-grad ....................: (0.16, 0.38)
31:     optimizer-inner-step ...........................: (0.55, 0.68)
31:     optimizer-copy-main-to-model-params ............: (0.32, 0.97)
31:     optimizer ......................................: (2.78, 3.43)
31:     batch-generator ................................: (4.16, 4.82)
31:     forward-compute ................................: (505.24, 533.19)
31:     backward-compute ...............................: (990.46, 1016.13)
31:  [2026-08-18 03:21:09.006346] iteration      236/   18141 | consumed samples:        67968 | elapsed time per iteration (ms): 1622.9 | throughput per GPU (TFLOP/s/GPU): 359.9 | learning rate: 1.888000E-04 | global batch size:   288 | lm loss: 4.960087E+00 | loss scale: 1.0 | grad norm: 0.794 | params norm: 668.857 | number of skipped iterations:   0 | number of nan iterations:   0 |
31: INFO:megatron.core.timers:(min, max) time across ranks (ms):
31:     forward-backward ...............................: (1605.11, 1605.20)
31:     embedding-grads-all-reduce .....................: (0.02, 0.02)
31:     all-grads-sync .................................: (0.17, 0.22)
31:     optimizer-copy-to-main-grad ....................: (0.15, 0.38)
31:     optimizer-inner-step ...........................: (0.56, 0.69)
31:     optimizer-copy-main-to-model-params ............: (0.30, 0.89)
31:     optimizer ......................................: (2.74, 3.33)
31:     batch-generator ................................: (4.20, 4.80)
31:     forward-compute ................................: (508.90, 545.16)
31:     backward-compute ...............................: (1056.18, 1092.31)
31:  [2026-08-18 03:21:10.565426] iteration      237/   18141 | consumed samples:        68256 | elapsed time per iteration (ms): 1558.9 | throughput per GPU (TFLOP/s/GPU): 373.9 | learning rate: 1.896000E-04 | global batch size:   288 | lm loss: 4.932262E+00 | loss scale: 1.0 | grad norm: 0.908 | params norm: 668.909 | number of skipped iterations:   0 | number of nan iterations:   0 |
31: INFO:megatron.core.timers:(min, max) time across ranks (ms):
31:     forward-backward ...............................: (1541.05, 1541.14)
31:     embedding-grads-all-reduce .....................: (0.01, 0.02)
31:     all-grads-sync .................................: (0.17, 0.22)
31:     optimizer-copy-to-main-grad ....................: (0.15, 0.38)
31:     optimizer-inner-step ...........................: (0.55, 0.67)
31:     optimizer-copy-main-to-model-params ............: (0.30, 0.95)
31:     optimizer ......................................: (2.72, 3.38)
31:     batch-generator ................................: (4.17, 5.09)
31:     forward-compute ................................: (501.18, 534.33)
31:     backward-compute ...............................: (1001.95, 1034.67)
31:  [2026-08-18 03:21:12.152654] iteration      238/   18141 | consumed samples:        68544 | elapsed time per iteration (ms): 1587.1 | throughput per GPU (TFLOP/s/GPU): 368.5 | learning rate: 1.904000E-04 | global batch size:   288 | lm loss: 4.919582E+00 | loss scale: 1.0 | grad norm: 0.968 | params norm: 668.962 | number of skipped iterations:   0 | number of nan iterations:   0 |
31: INFO:megatron.core.timers:(min, max) time across ranks (ms):
31:     forward-backward ...............................: (1569.51, 1569.60)
31:     embedding-grads-all-reduce .....................: (0.02, 0.02)
31:     all-grads-sync .................................: (0.17, 0.24)
31:     optimizer-copy-to-main-grad ....................: (0.16, 0.37)
31:     optimizer-inner-step ...........................: (0.56, 0.68)
31:     optimizer-copy-main-to-model-params ............: (0.32, 0.95)
31:     optimizer ......................................: (2.74, 3.37)
31:     batch-generator ................................: (4.13, 5.34)
31:     forward-compute ................................: (501.38, 539.58)
31:     backward-compute ...............................: (1025.54, 1063.88)
31:  [2026-08-18 03:21:13.753345] iteration      239/   18141 | consumed samples:        68832 | elapsed time per iteration (ms): 1600.5 | throughput per GPU (TFLOP/s/GPU): 364.4 | learning rate: 1.912000E-04 | global batch size:   288 | lm loss: 4.903021E+00 | loss scale: 1.0 | grad norm: 0.738 | params norm: 669.014 | number of skipped iterations:   0 | number of nan iterations:   0 |
31: INFO:megatron.core.timers:(min, max) time across ranks (ms):
31:     forward-backward ...............................: (1582.09, 1582.18)
31:     embedding-grads-all-reduce .....................: (0.02, 0.02)
31:     all-grads-sync .................................: (0.17, 0.23)
31:     optimizer-copy-to-main-grad ....................: (0.16, 0.37)
31:     optimizer-inner-step ...........................: (0.56, 0.67)
31:     optimizer-copy-main-to-model-params ............: (0.32, 0.92)
31:     optimizer ......................................: (2.74, 3.34)
31:     batch-generator ................................: (4.10, 4.86)
31:     forward-compute ................................: (504.34, 547.12)
31:     backward-compute ...............................: (1029.68, 1073.52)
31:  [2026-08-18 03:21:15.330514] iteration      240/   18141 | consumed samples:        69120 | elapsed time per iteration (ms): 1577.0 | throughput per GPU (TFLOP/s/GPU): 370.7 | learning rate: 1.920000E-04 | global batch size:   288 | lm loss: 4.896120E+00 | loss scale: 1.0 | grad norm: 0.889 | params norm: 669.067 | number of skipped iterations:   0 | number of nan iterations:   0 |
31: INFO:megatron.core.timers:(min, max) time across ranks (ms):
31:     forward-backward ...............................: (1558.36, 1558.45)
31:     embedding-grads-all-reduce .....................: (0.02, 0.05)
31:     all-grads-sync .................................: (0.16, 0.22)
31:     optimizer-copy-to-main-grad ....................: (0.16, 0.37)
31:     optimizer-inner-step ...........................: (0.55, 0.66)
31:     optimizer-copy-main-to-model-params ............: (0.36, 0.99)
31:     optimizer ......................................: (2.75, 3.39)
31:     batch-generator ................................: (4.13, 5.18)
31:     forward-compute ................................: (501.09, 535.23)
31:     backward-compute ...............................: (1018.65, 1052.58)
31:  [2026-08-18 03:21:16.911906] iteration      241/   18141 | consumed samples:        69408 | elapsed time per iteration (ms): 1581.2 | throughput per GPU (TFLOP/s/GPU): 367.9 | learning rate: 1.928000E-04 | global batch size:   288 | lm loss: 4.917464E+00 | loss scale: 1.0 | grad norm: 1.032 | params norm: 669.118 | number of skipped iterations:   0 | number of nan iterations:   0 |
31: INFO:megatron.core.timers:(min, max) time across ranks (ms):
31:     forward-backward ...............................: (1563.02, 1563.12)
31:     embedding-grads-all-reduce .....................: (0.02, 0.02)
31:     all-grads-sync .................................: (0.16, 0.23)
31:     optimizer-copy-to-main-grad ....................: (0.16, 0.37)
31:     optimizer-inner-step ...........................: (0.56, 0.68)
31:     optimizer-copy-main-to-model-params ............: (0.31, 0.99)
31:     optimizer ......................................: (2.73, 3.41)
31:     batch-generator ................................: (4.20, 4.77)
31:     forward-compute ................................: (500.83, 537.03)
31:     backward-compute ...............................: (1018.54, 1056.91)
31:  [2026-08-18 03:21:18.480159] iteration      242/   18141 | consumed samples:        69696 | elapsed time per iteration (ms): 1568.1 | throughput per GPU (TFLOP/s/GPU): 373.1 | learning rate: 1.936000E-04 | global batch size:   288 | lm loss: 4.891739E+00 | loss scale: 1.0 | grad norm: 0.799 | params norm: 669.171 | number of skipped iterations:   0 | number of nan iterations:   0 |
31: INFO:megatron.core.timers:(min, max) time across ranks (ms):
31:     forward-backward ...............................: (1550.16, 1550.28)
31:     embedding-grads-all-reduce .....................: (0.02, 0.02)
31:     all-grads-sync .................................: (0.17, 0.23)
31:     optimizer-copy-to-main-grad ....................: (0.16, 0.36)
31:     optimizer-inner-step ...........................: (0.55, 0.67)
31:     optimizer-copy-main-to-model-params ............: (0.33, 1.00)
31:     optimizer ......................................: (2.74, 3.42)
31:     batch-generator ................................: (4.21, 4.71)
31:     forward-compute ................................: (494.16, 538.10)
31:     backward-compute ...............................: (1008.54, 1052.87)
31:  [2026-08-18 03:21:20.091725] iteration      243/   18141 | consumed samples:        69984 | elapsed time per iteration (ms): 1611.4 | throughput per GPU (TFLOP/s/GPU): 362.8 | learning rate: 1.944000E-04 | global batch size:   288 | lm loss: 4.896111E+00 | loss scale: 1.0 | grad norm: 0.739 | params norm: 669.224 | number of skipped iterations:   0 | number of nan iterations:   0 |
31: INFO:megatron.core.timers:(min, max) time across ranks (ms):
31:     forward-backward ...............................: (1592.32, 1592.44)
31:     embedding-grads-all-reduce .....................: (0.02, 0.02)
31:     all-grads-sync .................................: (0.16, 0.24)
31:     optimizer-copy-to-main-grad ....................: (0.16, 0.36)
31:     optimizer-inner-step ...........................: (0.55, 0.67)
31:     optimizer-copy-main-to-model-params ............: (0.32, 0.95)
31:     optimizer ......................................: (2.76, 3.39)
31:     batch-generator ................................: (4.05, 4.87)
31:     forward-compute ................................: (510.71, 547.49)
31:     backward-compute ...............................: (1040.96, 1078.50)
31:  [2026-08-18 03:21:21.688894] iteration      244/   18141 | consumed samples:        70272 | elapsed time per iteration (ms): 1597.0 | throughput per GPU (TFLOP/s/GPU): 364.4 | learning rate: 1.952000E-04 | global batch size:   288 | lm loss: 4.875390E+00 | loss scale: 1.0 | grad norm: 0.656 | params norm: 669.277 | number of skipped iterations:   0 | number of nan iterations:   0 |
31: INFO:megatron.core.timers:(min, max) time across ranks (ms):
31:     forward-backward ...............................: (1578.17, 1578.26)
31:     embedding-grads-all-reduce .....................: (0.01, 0.02)
31:     all-grads-sync .................................: (0.17, 0.24)
31:     optimizer-copy-to-main-grad ....................: (0.16, 0.38)
31:     optimizer-inner-step ...........................: (0.55, 0.68)
31:     optimizer-copy-main-to-model-params ............: (0.32, 0.97)
31:     optimizer ......................................: (2.73, 3.38)
31:     batch-generator ................................: (4.15, 4.76)
31:     forward-compute ................................: (496.93, 544.38)
31:     backward-compute ...............................: (1030.31, 1077.85)
31:  [2026-08-18 03:21:23.277032] iteration      245/   18141 | consumed samples:        70560 | elapsed time per iteration (ms): 1588.0 | throughput per GPU (TFLOP/s/GPU): 366.9 | learning rate: 1.960000E-04 | global batch size:   288 | lm loss: 4.849610E+00 | loss scale: 1.0 | grad norm: 0.621 | params norm: 669.329 | number of skipped iterations:   0 | number of nan iterations:   0 |
31: INFO:megatron.core.timers:(min, max) time across ranks (ms):
31:     forward-backward ...............................: (1569.37, 1569.48)
31:     embedding-grads-all-reduce .....................: (0.01, 0.02)
31:     all-grads-sync .................................: (0.15, 0.24)
31:     optimizer-copy-to-main-grad ....................: (0.15, 0.37)
31:     optimizer-inner-step ...........................: (0.56, 0.66)
31:     optimizer-copy-main-to-model-params ............: (0.30, 0.99)
31:     optimizer ......................................: (2.72, 3.42)
31:     batch-generator ................................: (4.18, 4.92)
31:     forward-compute ................................: (499.06, 538.71)
31:     backward-compute ...............................: (1022.61, 1062.73)
31:  [2026-08-18 03:21:24.887387] iteration      246/   18141 | consumed samples:        70848 | elapsed time per iteration (ms): 1610.2 | throughput per GPU (TFLOP/s/GPU): 363.4 | learning rate: 1.968000E-04 | global batch size:   288 | lm loss: 4.845020E+00 | loss scale: 1.0 | grad norm: 0.658 | params norm: 669.382 | number of skipped iterations:   0 | number of nan iterations:   0 |
31: INFO:megatron.core.timers:(min, max) time across ranks (ms):
31:     forward-backward ...............................: (1592.61, 1592.73)
31:     embedding-grads-all-reduce .....................: (0.02, 0.02)
31:     all-grads-sync .................................: (0.17, 0.23)
31:     optimizer-copy-to-main-grad ....................: (0.15, 0.40)
31:     optimizer-inner-step ...........................: (0.55, 0.66)
31:     optimizer-copy-main-to-model-params ............: (0.31, 0.94)
31:     optimizer ......................................: (2.76, 3.39)
31:     batch-generator ................................: (4.21, 5.53)
31:     forward-compute ................................: (501.72, 549.51)
31:     backward-compute ...............................: (1039.55, 1086.60)
31:  [2026-08-18 03:21:26.451969] iteration      247/   18141 | consumed samples:        71136 | elapsed time per iteration (ms): 1564.4 | throughput per GPU (TFLOP/s/GPU): 372.4 | learning rate: 1.976000E-04 | global batch size:   288 | lm loss: 4.841358E+00 | loss scale: 1.0 | grad norm: 0.692 | params norm: 669.435 | number of skipped iterations:   0 | number of nan iterations:   0 |
31: INFO:megatron.core.timers:(min, max) time across ranks (ms):
31:     forward-backward ...............................: (1545.86, 1545.94)
31:     embedding-grads-all-reduce .....................: (0.01, 0.02)
31:     all-grads-sync .................................: (0.16, 0.22)
31:     optimizer-copy-to-main-grad ....................: (0.15, 0.38)
31:     optimizer-inner-step ...........................: (0.54, 0.68)
31:     optimizer-copy-main-to-model-params ............: (0.31, 0.94)
31:     optimizer ......................................: (2.70, 3.33)
31:     batch-generator ................................: (4.28, 4.89)
31:     forward-compute ................................: (502.05, 528.67)
31:     backward-compute ...............................: (1013.42, 1039.69)
31:  [2026-08-18 03:21:28.066239] iteration      248/   18141 | consumed samples:        71424 | elapsed time per iteration (ms): 1614.1 | throughput per GPU (TFLOP/s/GPU): 360.9 | learning rate: 1.984000E-04 | global batch size:   288 | lm loss: 4.838366E+00 | loss scale: 1.0 | grad norm: 0.612 | params norm: 669.488 | number of skipped iterations:   0 | number of nan iterations:   0 |
31: INFO:megatron.core.timers:(min, max) time across ranks (ms):
31:     forward-backward ...............................: (1595.75, 1595.88)
31:     embedding-grads-all-reduce .....................: (0.02, 0.02)
31:     all-grads-sync .................................: (0.16, 0.25)
31:     optimizer-copy-to-main-grad ....................: (0.16, 0.38)
31:     optimizer-inner-step ...........................: (0.56, 0.69)
31:     optimizer-copy-main-to-model-params ............: (0.31, 0.94)
31:     optimizer ......................................: (2.73, 3.36)
31:     batch-generator ................................: (4.17, 4.84)
31:     forward-compute ................................: (502.85, 542.29)
31:     backward-compute ...............................: (1050.16, 1088.48)
31:  [2026-08-18 03:21:29.644906] iteration      249/   18141 | consumed samples:        71712 | elapsed time per iteration (ms): 1578.5 | throughput per GPU (TFLOP/s/GPU): 368.7 | learning rate: 1.992000E-04 | global batch size:   288 | lm loss: 4.850597E+00 | loss scale: 1.0 | grad norm: 0.708 | params norm: 669.541 | number of skipped iterations:   0 | number of nan iterations:   0 |
31: INFO:megatron.core.timers:(min, max) time across ranks (ms):
31:     forward-backward ...............................: (1560.09, 1560.18)
31:     embedding-grads-all-reduce .....................: (0.02, 0.04)
31:     all-grads-sync .................................: (0.17, 0.23)
31:     optimizer-copy-to-main-grad ....................: (0.15, 0.38)
31:     optimizer-inner-step ...........................: (0.54, 0.67)
31:     optimizer-copy-main-to-model-params ............: (0.30, 0.95)
31:     optimizer ......................................: (2.72, 3.37)
31:     batch-generator ................................: (4.07, 4.90)
31:     forward-compute ................................: (493.93, 531.49)
31:     backward-compute ...............................: (1020.66, 1059.21)
31:  [2026-08-18 03:21:31.271614] iteration      250/   18141 | consumed samples:        72000 | elapsed time per iteration (ms): 1626.6 | throughput per GPU (TFLOP/s/GPU): 360.0 | learning rate: 2.000000E-04 | global batch size:   288 | lm loss: 4.854227E+00 | loss scale: 1.0 | grad norm: 0.749 | params norm: 669.594 | number of skipped iterations:   0 | number of nan iterations:   0 |
31: INFO:megatron.core.timers:(min, max) time across ranks (ms):
31:     forward-backward ...............................: (1608.05, 1608.13)
31:     embedding-grads-all-reduce .....................: (0.02, 0.02)
31:     all-grads-sync .................................: (0.17, 0.23)
31:     optimizer-copy-to-main-grad ....................: (0.15, 0.39)
31:     optimizer-inner-step ...........................: (0.56, 0.68)
31:     optimizer-copy-main-to-model-params ............: (0.30, 0.87)
31:     optimizer ......................................: (2.74, 3.30)
31:     batch-generator ................................: (4.26, 5.00)
31:     forward-compute ................................: (498.44, 546.56)
31:     backward-compute ...............................: (1057.14, 1104.01)
31:  [2026-08-18 03:21:32.845180] iteration      251/   18141 | consumed samples:        72288 | elapsed time per iteration (ms): 1573.4 | throughput per GPU (TFLOP/s/GPU): 371.8 | learning rate: 2.008000E-04 | global batch size:   288 | lm loss: 4.861835E+00 | loss scale: 1.0 | grad norm: 0.771 | params norm: 669.647 | number of skipped iterations:   0 | number of nan iterations:   0 |
31: INFO:megatron.core.timers:(min, max) time across ranks (ms):
31:     forward-backward ...............................: (1554.75, 1554.87)
31:     embedding-grads-all-reduce .....................: (0.02, 0.02)
31:     all-grads-sync .................................: (0.17, 0.22)
31:     optimizer-copy-to-main-grad ....................: (0.16, 0.36)
31:     optimizer-inner-step ...........................: (0.55, 0.67)
31:     optimizer-copy-main-to-model-params ............: (0.34, 0.91)
31:     optimizer ......................................: (2.76, 3.34)
31:     batch-generator ................................: (4.13, 4.89)
31:     forward-compute ................................: (494.98, 535.21)
31:     backward-compute ...............................: (1012.92, 1056.17)
31:  [2026-08-18 03:21:34.388054] iteration      252/   18141 | consumed samples:        72576 | elapsed time per iteration (ms): 1542.7 | throughput per GPU (TFLOP/s/GPU): 376.3 | learning rate: 2.016000E-04 | global batch size:   288 | lm loss: 4.832238E+00 | loss scale: 1.0 | grad norm: 0.721 | params norm: 669.700 | number of skipped iterations:   0 | number of nan iterations:   0 |
31: INFO:megatron.core.timers:(min, max) time across ranks (ms):
31:     forward-backward ...............................: (1524.47, 1524.56)
31:     embedding-grads-all-reduce .....................: (0.01, 0.04)
31:     all-grads-sync .................................: (0.16, 0.22)
31:     optimizer-copy-to-main-grad ....................: (0.16, 0.38)
31:     optimizer-inner-step ...........................: (0.55, 0.66)
31:     optimizer-copy-main-to-model-params ............: (0.31, 0.95)
31:     optimizer ......................................: (2.69, 3.34)
31:     batch-generator ................................: (4.14, 4.69)
31:     forward-compute ................................: (501.22, 532.43)
31:     backward-compute ...............................: (988.16, 1019.39)
31:  [2026-08-18 03:21:35.995719] iteration      253/   18141 | consumed samples:        72864 | elapsed time per iteration (ms): 1607.5 | throughput per GPU (TFLOP/s/GPU): 363.7 | learning rate: 2.024000E-04 | global batch size:   288 | lm loss: 4.834499E+00 | loss scale: 1.0 | grad norm: 0.705 | params norm: 669.754 | number of skipped iterations:   0 | number of nan iterations:   0 |
31: INFO:megatron.core.timers:(min, max) time across ranks (ms):
31:     forward-backward ...............................: (1588.88, 1588.97)
31:     embedding-grads-all-reduce .....................: (0.01, 0.02)
31:     all-grads-sync .................................: (0.17, 0.23)
31:     optimizer-copy-to-main-grad ....................: (0.16, 0.40)
31:     optimizer-inner-step ...........................: (0.55, 0.67)
31:     optimizer-copy-main-to-model-params ............: (0.31, 0.94)
31:     optimizer ......................................: (2.75, 3.39)
31:     batch-generator ................................: (4.16, 4.78)
31:     forward-compute ................................: (505.55, 544.68)
31:     backward-compute ...............................: (1039.91, 1077.91)
31:  [2026-08-18 03:21:37.575360] iteration      254/   18141 | consumed samples:        73152 | elapsed time per iteration (ms): 1579.5 | throughput per GPU (TFLOP/s/GPU): 370.3 | learning rate: 2.032000E-04 | global batch size:   288 | lm loss: 4.828273E+00 | loss scale: 1.0 | grad norm: 0.748 | params norm: 669.808 | number of skipped iterations:   0 | number of nan iterations:   0 |
31: INFO:megatron.core.timers:(min, max) time across ranks (ms):
31:     forward-backward ...............................: (1561.11, 1561.31)
31:     embedding-grads-all-reduce .....................: (0.01, 0.02)
31:     all-grads-sync .................................: (0.17, 0.23)
31:     optimizer-copy-to-main-grad ....................: (0.15, 0.39)
31:     optimizer-inner-step ...........................: (0.54, 0.67)
31:     optimizer-copy-main-to-model-params ............: (0.30, 0.83)
31:     optimizer ......................................: (2.72, 3.25)
31:     batch-generator ................................: (4.16, 5.52)
31:     forward-compute ................................: (511.08, 542.31)
31:     backward-compute ...............................: (1012.64, 1045.53)
31:  [2026-08-18 03:21:39.140890] iteration      255/   18141 | consumed samples:        73440 | elapsed time per iteration (ms): 1565.4 | throughput per GPU (TFLOP/s/GPU): 372.5 | learning rate: 2.040000E-04 | global batch size:   288 | lm loss: 4.836216E+00 | loss scale: 1.0 | grad norm: 0.734 | params norm: 669.861 | number of skipped iterations:   0 | number of nan iterations:   0 |
31: INFO:megatron.core.timers:(min, max) time across ranks (ms):
31:     forward-backward ...............................: (1546.75, 1546.83)
31:     embedding-grads-all-reduce .....................: (0.01, 0.02)
31:     all-grads-sync .................................: (0.16, 0.23)
31:     optimizer-copy-to-main-grad ....................: (0.15, 0.36)
31:     optimizer-inner-step ...........................: (0.55, 0.69)
31:     optimizer-copy-main-to-model-params ............: (0.29, 0.96)
31:     optimizer ......................................: (2.72, 3.39)
31:     batch-generator ................................: (4.23, 4.82)
31:     forward-compute ................................: (494.17, 534.39)
31:     backward-compute ...............................: (1005.61, 1048.53)
31:  [2026-08-18 03:21:40.773049] iteration      256/   18141 | consumed samples:        73728 | elapsed time per iteration (ms): 1632.0 | throughput per GPU (TFLOP/s/GPU): 359.1 | learning rate: 2.048000E-04 | global batch size:   288 | lm loss: 4.809456E+00 | loss scale: 1.0 | grad norm: 0.703 | params norm: 669.915 | number of skipped iterations:   0 | number of nan iterations:   0 |
31: INFO:megatron.core.timers:(min, max) time across ranks (ms):
31:     forward-backward ...............................: (1613.58, 1613.69)
31:     embedding-grads-all-reduce .....................: (0.02, 0.02)
31:     all-grads-sync .................................: (0.17, 0.25)
31:     optimizer-copy-to-main-grad ....................: (0.15, 0.38)
31:     optimizer-inner-step ...........................: (0.55, 0.68)
31:     optimizer-copy-main-to-model-params ............: (0.32, 0.96)
31:     optimizer ......................................: (2.74, 3.39)
31:     batch-generator ................................: (4.20, 4.79)
31:     forward-compute ................................: (502.99, 551.36)
31:     backward-compute ...............................: (1058.62, 1105.47)
31:  [2026-08-18 03:21:42.364550] iteration      257/   18141 | consumed samples:        74016 | elapsed time per iteration (ms): 1591.3 | throughput per GPU (TFLOP/s/GPU): 367.0 | learning rate: 2.056000E-04 | global batch size:   288 | lm loss: 4.822137E+00 | loss scale: 1.0 | grad norm: 0.723 | params norm: 669.970 | number of skipped iterations:   0 | number of nan iterations:   0 |
31: INFO:megatron.core.timers:(min, max) time across ranks (ms):
31:     forward-backward ...............................: (1572.96, 1573.08)
31:     embedding-grads-all-reduce .....................: (0.01, 0.02)
31:     all-grads-sync .................................: (0.16, 0.23)
31:     optimizer-copy-to-main-grad ....................: (0.15, 0.39)
31:     optimizer-inner-step ...........................: (0.55, 0.68)
31:     optimizer-copy-main-to-model-params ............: (0.32, 0.93)
31:     optimizer ......................................: (2.76, 3.38)
31:     batch-generator ................................: (4.15, 4.70)
31:     forward-compute ................................: (498.00, 536.77)
31:     backward-compute ...............................: (1030.00, 1069.84)
31:  [2026-08-18 03:21:43.992562] iteration      258/   18141 | consumed samples:        74304 | elapsed time per iteration (ms): 1627.8 | throughput per GPU (TFLOP/s/GPU): 359.2 | learning rate: 2.064000E-04 | global batch size:   288 | lm loss: 4.808266E+00 | loss scale: 1.0 | grad norm: 0.749 | params norm: 670.024 | number of skipped iterations:   0 | number of nan iterations:   0 |
31: INFO:megatron.core.timers:(min, max) time across ranks (ms):
31:     forward-backward ...............................: (1609.12, 1609.22)
31:     embedding-grads-all-reduce .....................: (0.01, 0.04)
31:     all-grads-sync .................................: (0.17, 0.22)
31:     optimizer-copy-to-main-grad ....................: (0.16, 0.35)
31:     optimizer-inner-step ...........................: (0.55, 0.68)
31:     optimizer-copy-main-to-model-params ............: (0.30, 0.98)
31:     optimizer ......................................: (2.69, 3.36)
31:     batch-generator ................................: (4.06, 5.94)
31:     forward-compute ................................: (504.00, 549.08)
31:     backward-compute ...............................: (1055.99, 1101.14)
31:  [2026-08-18 03:21:45.583337] iteration      259/   18141 | consumed samples:        74592 | elapsed time per iteration (ms): 1590.6 | throughput per GPU (TFLOP/s/GPU): 366.0 | learning rate: 2.072000E-04 | global batch size:   288 | lm loss: 4.786210E+00 | loss scale: 1.0 | grad norm: 0.692 | params norm: 670.079 | number of skipped iterations:   0 | number of nan iterations:   0 |
31: INFO:megatron.core.timers:(min, max) time across ranks (ms):
31:     forward-backward ...............................: (1572.01, 1572.09)
31:     embedding-grads-all-reduce .....................: (0.02, 0.02)
31:     all-grads-sync .................................: (0.15, 0.22)
31:     optimizer-copy-to-main-grad ....................: (0.16, 0.36)
31:     optimizer-inner-step ...........................: (0.55, 0.68)
31:     optimizer-copy-main-to-model-params ............: (0.35, 0.91)
31:     optimizer ......................................: (2.78, 3.35)
31:     batch-generator ................................: (4.15, 5.08)
31:     forward-compute ................................: (502.82, 547.30)
31:     backward-compute ...............................: (1021.29, 1062.95)
31:  [2026-08-18 03:21:47.153832] iteration      260/   18141 | consumed samples:        74880 | elapsed time per iteration (ms): 1570.4 | throughput per GPU (TFLOP/s/GPU): 370.1 | learning rate: 2.080000E-04 | global batch size:   288 | lm loss: 4.767919E+00 | loss scale: 1.0 | grad norm: 0.624 | params norm: 670.133 | number of skipped iterations:   0 | number of nan iterations:   0 |
31: INFO:megatron.core.timers:(min, max) time across ranks (ms):
31:     forward-backward ...............................: (1551.69, 1551.78)
31:     embedding-grads-all-reduce .....................: (0.02, 0.02)
31:     all-grads-sync .................................: (0.17, 0.22)
31:     optimizer-copy-to-main-grad ....................: (0.15, 0.35)
31:     optimizer-inner-step ...........................: (0.55, 0.68)
31:     optimizer-copy-main-to-model-params ............: (0.33, 0.96)
31:     optimizer ......................................: (2.74, 3.36)
31:     batch-generator ................................: (4.19, 4.75)
31:     forward-compute ................................: (492.80, 528.05)
31:     backward-compute ...............................: (1020.06, 1051.03)
31:  [2026-08-18 03:21:48.755605] iteration      261/   18141 | consumed samples:        75168 | elapsed time per iteration (ms): 1601.6 | throughput per GPU (TFLOP/s/GPU): 365.0 | learning rate: 2.088000E-04 | global batch size:   288 | lm loss: 4.797083E+00 | loss scale: 1.0 | grad norm: 0.631 | params norm: 670.188 | number of skipped iterations:   0 | number of nan iterations:   0 |
31: INFO:megatron.core.timers:(min, max) time across ranks (ms):
31:     forward-backward ...............................: (1583.31, 1583.41)
31:     embedding-grads-all-reduce .....................: (0.01, 0.02)
31:     all-grads-sync .................................: (0.17, 0.22)
31:     optimizer-copy-to-main-grad ....................: (0.16, 0.39)
31:     optimizer-inner-step ...........................: (0.55, 0.67)
31:     optimizer-copy-main-to-model-params ............: (0.31, 0.92)
31:     optimizer ......................................: (2.73, 3.34)
31:     batch-generator ................................: (4.08, 4.67)
31:     forward-compute ................................: (502.56, 538.22)
31:     backward-compute ...............................: (1040.12, 1076.59)
31:  [2026-08-18 03:21:50.369212] iteration      262/   18141 | consumed samples:        75456 | elapsed time per iteration (ms): 1613.5 | throughput per GPU (TFLOP/s/GPU): 362.5 | learning rate: 2.096000E-04 | global batch size:   288 | lm loss: 4.791723E+00 | loss scale: 1.0 | grad norm: 0.689 | params norm: 670.242 | number of skipped iterations:   0 | number of nan iterations:   0 |
31: INFO:megatron.core.timers:(min, max) time across ranks (ms):
31:     forward-backward ...............................: (1595.33, 1595.43)
31:     embedding-grads-all-reduce .....................: (0.01, 0.02)
31:     all-grads-sync .................................: (0.17, 0.22)
31:     optimizer-copy-to-main-grad ....................: (0.15, 0.37)
31:     optimizer-inner-step ...........................: (0.56, 0.68)
31:     optimizer-copy-main-to-model-params ............: (0.30, 0.91)
31:     optimizer ......................................: (2.70, 3.32)
31:     batch-generator ................................: (4.20, 5.05)
31:     forward-compute ................................: (506.57, 541.79)
31:     backward-compute ...............................: (1048.08, 1082.82)
31:  [2026-08-18 03:21:51.925422] iteration      263/   18141 | consumed samples:        75744 | elapsed time per iteration (ms): 1556.0 | throughput per GPU (TFLOP/s/GPU): 374.2 | learning rate: 2.104000E-04 | global batch size:   288 | lm loss: 4.739980E+00 | loss scale: 1.0 | grad norm: 0.663 | params norm: 670.297 | number of skipped iterations:   0 | number of nan iterations:   0 |
31: INFO:megatron.core.timers:(min, max) time across ranks (ms):
31:     forward-backward ...............................: (1537.98, 1538.10)
31:     embedding-grads-all-reduce .....................: (0.02, 0.02)
31:     all-grads-sync .................................: (0.17, 0.25)
31:     optimizer-copy-to-main-grad ....................: (0.15, 0.37)
31:     optimizer-inner-step ...........................: (0.56, 0.71)
31:     optimizer-copy-main-to-model-params ............: (0.32, 0.91)
31:     optimizer ......................................: (2.75, 3.34)
31:     batch-generator ................................: (4.10, 5.61)
31:     forward-compute ................................: (496.95, 529.97)
31:     backward-compute ...............................: (1004.27, 1035.77)
31:  [2026-08-18 03:21:53.545979] iteration      264/   18141 | consumed samples:        76032 | elapsed time per iteration (ms): 1620.4 | throughput per GPU (TFLOP/s/GPU): 361.0 | learning rate: 2.112000E-04 | global batch size:   288 | lm loss: 4.736101E+00 | loss scale: 1.0 | grad norm: 0.699 | params norm: 670.351 | number of skipped iterations:   0 | number of nan iterations:   0 |
31: INFO:megatron.core.timers:(min, max) time across ranks (ms):
31:     forward-backward ...............................: (1601.61, 1601.72)
31:     embedding-grads-all-reduce .....................: (0.01, 0.02)
31:     all-grads-sync .................................: (0.17, 0.22)
31:     optimizer-copy-to-main-grad ....................: (0.16, 0.38)
31:     optimizer-inner-step ...........................: (0.54, 0.67)
31:     optimizer-copy-main-to-model-params ............: (0.33, 0.97)
31:     optimizer ......................................: (2.72, 3.36)
31:     batch-generator ................................: (4.18, 4.86)
31:     forward-compute ................................: (498.42, 541.30)
31:     backward-compute ...............................: (1054.47, 1097.08)
31:  [2026-08-18 03:21:55.159361] iteration      265/   18141 | consumed samples:        76320 | elapsed time per iteration (ms): 1613.3 | throughput per GPU (TFLOP/s/GPU): 360.2 | learning rate: 2.120000E-04 | global batch size:   288 | lm loss: 4.772566E+00 | loss scale: 1.0 | grad norm: 0.837 | params norm: 670.406 | number of skipped iterations:   0 | number of nan iterations:   0 |
31: INFO:megatron.core.timers:(min, max) time across ranks (ms):
31:     forward-backward ...............................: (1594.43, 1594.55)
31:     embedding-grads-all-reduce .....................: (0.02, 0.02)
31:     all-grads-sync .................................: (0.16, 0.22)
31:     optimizer-copy-to-main-grad ....................: (0.15, 0.38)
31:     optimizer-inner-step ...........................: (0.55, 0.68)
31:     optimizer-copy-main-to-model-params ............: (0.31, 0.91)
31:     optimizer ......................................: (2.80, 3.40)
31:     batch-generator ................................: (4.29, 5.17)
31:     forward-compute ................................: (499.78, 540.48)
31:     backward-compute ...............................: (1049.70, 1091.18)
31:  [2026-08-18 03:21:56.754100] iteration      266/   18141 | consumed samples:        76608 | elapsed time per iteration (ms): 1594.5 | throughput per GPU (TFLOP/s/GPU): 366.2 | learning rate: 2.128000E-04 | global batch size:   288 | lm loss: 4.735400E+00 | loss scale: 1.0 | grad norm: 0.907 | params norm: 670.461 | number of skipped iterations:   0 | number of nan iterations:   0 |
31: INFO:megatron.core.timers:(min, max) time across ranks (ms):
31:     forward-backward ...............................: (1576.85, 1576.95)
31:     embedding-grads-all-reduce .....................: (0.01, 0.02)
31:     all-grads-sync .................................: (0.16, 0.22)
31:     optimizer-copy-to-main-grad ....................: (0.16, 0.38)
31:     optimizer-inner-step ...........................: (0.55, 0.69)
31:     optimizer-copy-main-to-model-params ............: (0.32, 0.96)
31:     optimizer ......................................: (2.79, 3.43)
31:     batch-generator ................................: (4.28, 4.69)
31:     forward-compute ................................: (492.28, 538.35)
31:     backward-compute ...............................: (1034.98, 1079.10)
31:  [2026-08-18 03:21:58.413703] iteration      267/   18141 | consumed samples:        76896 | elapsed time per iteration (ms): 1659.5 | throughput per GPU (TFLOP/s/GPU): 351.0 | learning rate: 2.136000E-04 | global batch size:   288 | lm loss: 4.759791E+00 | loss scale: 1.0 | grad norm: 0.897 | params norm: 670.516 | number of skipped iterations:   0 | number of nan iterations:   0 |
31: INFO:megatron.core.timers:(min, max) time across ranks (ms):
31:     forward-backward ...............................: (1641.32, 1641.43)
31:     embedding-grads-all-reduce .....................: (0.01, 0.02)
31:     all-grads-sync .................................: (0.17, 0.23)
31:     optimizer-copy-to-main-grad ....................: (0.15, 0.37)
31:     optimizer-inner-step ...........................: (0.55, 0.70)
31:     optimizer-copy-main-to-model-params ............: (0.31, 0.94)
31:     optimizer ......................................: (2.74, 3.37)
31:     batch-generator ................................: (4.20, 5.00)
31:     forward-compute ................................: (507.07, 557.93)
31:     backward-compute ...............................: (1078.19, 1130.01)
31:  [2026-08-18 03:21:59.990267] iteration      268/   18141 | consumed samples:        77184 | elapsed time per iteration (ms): 1576.4 | throughput per GPU (TFLOP/s/GPU): 370.4 | learning rate: 2.144000E-04 | global batch size:   288 | lm loss: 4.762059E+00 | loss scale: 1.0 | grad norm: 1.087 | params norm: 670.571 | number of skipped iterations:   0 | number of nan iterations:   0 |
31: INFO:megatron.core.timers:(min, max) time across ranks (ms):
31:     forward-backward ...............................: (1557.67, 1557.77)
31:     embedding-grads-all-reduce .....................: (0.01, 0.02)
31:     all-grads-sync .................................: (0.17, 0.22)
31:     optimizer-copy-to-main-grad ....................: (0.14, 0.38)
31:     optimizer-inner-step ...........................: (0.55, 0.73)
31:     optimizer-copy-main-to-model-params ............: (0.31, 0.98)
31:     optimizer ......................................: (2.80, 3.47)
31:     batch-generator ................................: (4.25, 4.79)
31:     forward-compute ................................: (500.60, 538.03)
31:     backward-compute ...............................: (1016.21, 1050.87)
31:  [2026-08-18 03:22:01.583440] iteration      269/   18141 | consumed samples:        77472 | elapsed time per iteration (ms): 1593.0 | throughput per GPU (TFLOP/s/GPU): 365.3 | learning rate: 2.152000E-04 | global batch size:   288 | lm loss: 4.758299E+00 | loss scale: 1.0 | grad norm: 0.871 | params norm: 670.626 | number of skipped iterations:   0 | number of nan iterations:   0 |
31: INFO:megatron.core.timers:(min, max) time across ranks (ms):
31:     forward-backward ...............................: (1575.04, 1575.15)
31:     embedding-grads-all-reduce .....................: (0.02, 0.02)
31:     all-grads-sync .................................: (0.15, 0.23)
31:     optimizer-copy-to-main-grad ....................: (0.16, 0.37)
31:     optimizer-inner-step ...........................: (0.55, 0.68)
31:     optimizer-copy-main-to-model-params ............: (0.31, 0.72)
31:     optimizer ......................................: (2.67, 3.08)
31:     batch-generator ................................: (4.18, 5.46)
31:     forward-compute ................................: (501.57, 538.59)
31:     backward-compute ...............................: (1030.40, 1069.93)
31:  [2026-08-18 03:22:03.173364] iteration      270/   18141 | consumed samples:        77760 | elapsed time per iteration (ms): 1589.8 | throughput per GPU (TFLOP/s/GPU): 366.4 | learning rate: 2.160000E-04 | global batch size:   288 | lm loss: 4.770752E+00 | loss scale: 1.0 | grad norm: 1.099 | params norm: 670.682 | number of skipped iterations:   0 | number of nan iterations:   0 |
31: INFO:megatron.core.timers:(min, max) time across ranks (ms):
31:     forward-backward ...............................: (1571.95, 1572.07)
31:     embedding-grads-all-reduce .....................: (0.01, 0.02)
31:     all-grads-sync .................................: (0.17, 0.23)
31:     optimizer-copy-to-main-grad ....................: (0.15, 0.38)
31:     optimizer-inner-step ...........................: (0.55, 0.67)
31:     optimizer-copy-main-to-model-params ............: (0.30, 0.90)
31:     optimizer ......................................: (2.71, 3.30)
31:     batch-generator ................................: (4.10, 4.89)
31:     forward-compute ................................: (501.41, 547.85)
31:     backward-compute ...............................: (1020.51, 1066.83)
31:  [2026-08-18 03:22:04.782682] iteration      271/   18141 | consumed samples:        78048 | elapsed time per iteration (ms): 1609.2 | throughput per GPU (TFLOP/s/GPU): 364.2 | learning rate: 2.168000E-04 | global batch size:   288 | lm loss: 4.771662E+00 | loss scale: 1.0 | grad norm: 1.157 | params norm: 670.737 | number of skipped iterations:   0 | number of nan iterations:   0 |
31: INFO:megatron.core.timers:(min, max) time across ranks (ms):
31:     forward-backward ...............................: (1590.31, 1590.41)
31:     embedding-grads-all-reduce .....................: (0.02, 0.02)
31:     all-grads-sync .................................: (0.17, 0.22)
31:     optimizer-copy-to-main-grad ....................: (0.15, 0.38)
31:     optimizer-inner-step ...........................: (0.55, 0.69)
31:     optimizer-copy-main-to-model-params ............: (0.32, 0.97)
31:     optimizer ......................................: (2.77, 3.41)
31:     batch-generator ................................: (4.24, 4.76)
31:     forward-compute ................................: (501.68, 546.25)
31:     backward-compute ...............................: (1040.48, 1082.45)
31:  [2026-08-18 03:22:06.354884] iteration      272/   18141 | consumed samples:        78336 | elapsed time per iteration (ms): 1572.0 | throughput per GPU (TFLOP/s/GPU): 371.9 | learning rate: 2.176000E-04 | global batch size:   288 | lm loss: 4.738025E+00 | loss scale: 1.0 | grad norm: 0.720 | params norm: 670.793 | number of skipped iterations:   0 | number of nan iterations:   0 |
31: INFO:megatron.core.timers:(min, max) time across ranks (ms):
31:     forward-backward ...............................: (1553.35, 1553.45)
31:     embedding-grads-all-reduce .....................: (0.02, 0.02)
31:     all-grads-sync .................................: (0.17, 0.26)
31:     optimizer-copy-to-main-grad ....................: (0.16, 0.37)
31:     optimizer-inner-step ...........................: (0.55, 0.68)
31:     optimizer-copy-main-to-model-params ............: (0.33, 1.00)
31:     optimizer ......................................: (2.77, 3.45)
31:     batch-generator ................................: (4.20, 4.82)
31:     forward-compute ................................: (503.03, 533.01)
31:     backward-compute ...............................: (1016.04, 1045.22)
31:  [2026-08-18 03:22:07.900620] iteration      273/   18141 | consumed samples:        78624 | elapsed time per iteration (ms): 1545.6 | throughput per GPU (TFLOP/s/GPU): 377.0 | learning rate: 2.184000E-04 | global batch size:   288 | lm loss: 4.730990E+00 | loss scale: 1.0 | grad norm: 0.795 | params norm: 670.848 | number of skipped iterations:   0 | number of nan iterations:   0 |
31: INFO:megatron.core.timers:(min, max) time across ranks (ms):
31:     forward-backward ...............................: (1527.34, 1527.42)
31:     embedding-grads-all-reduce .....................: (0.02, 0.02)
31:     all-grads-sync .................................: (0.16, 0.22)
31:     optimizer-copy-to-main-grad ....................: (0.15, 0.38)
31:     optimizer-inner-step ...........................: (0.55, 0.67)
31:     optimizer-copy-main-to-model-params ............: (0.33, 0.92)
31:     optimizer ......................................: (2.73, 3.32)
31:     batch-generator ................................: (4.15, 5.87)
31:     forward-compute ................................: (500.10, 531.68)
31:     backward-compute ...............................: (990.95, 1023.06)
31:  [2026-08-18 03:22:09.468163] iteration      274/   18141 | consumed samples:        78912 | elapsed time per iteration (ms): 1567.4 | throughput per GPU (TFLOP/s/GPU): 372.4 | learning rate: 2.192000E-04 | global batch size:   288 | lm loss: 4.733663E+00 | loss scale: 1.0 | grad norm: 0.843 | params norm: 670.904 | number of skipped iterations:   0 | number of nan iterations:   0 |
31: INFO:megatron.core.timers:(min, max) time across ranks (ms):
31:     forward-backward ...............................: (1549.13, 1549.22)
31:     embedding-grads-all-reduce .....................: (0.01, 0.02)
31:     all-grads-sync .................................: (0.17, 0.22)
31:     optimizer-copy-to-main-grad ....................: (0.15, 0.39)
31:     optimizer-inner-step ...........................: (0.55, 0.67)
31:     optimizer-copy-main-to-model-params ............: (0.32, 0.95)
31:     optimizer ......................................: (2.75, 3.39)
31:     batch-generator ................................: (4.20, 5.37)
31:     forward-compute ................................: (506.46, 537.85)
31:     backward-compute ...............................: (1006.03, 1039.39)
31:  [2026-08-18 03:22:11.022492] iteration      275/   18141 | consumed samples:        79200 | elapsed time per iteration (ms): 1554.2 | throughput per GPU (TFLOP/s/GPU): 373.9 | learning rate: 2.200000E-04 | global batch size:   288 | lm loss: 4.712460E+00 | loss scale: 1.0 | grad norm: 0.830 | params norm: 670.960 | number of skipped iterations:   0 | number of nan iterations:   0 |
31: INFO:megatron.core.timers:(min, max) time across ranks (ms):
31:     forward-backward ...............................: (1535.70, 1535.82)
31:     embedding-grads-all-reduce .....................: (0.02, 0.06)
31:     all-grads-sync .................................: (0.18, 0.22)
31:     optimizer-copy-to-main-grad ....................: (0.15, 0.37)
31:     optimizer-inner-step ...........................: (0.55, 0.69)
31:     optimizer-copy-main-to-model-params ............: (0.32, 0.95)
31:     optimizer ......................................: (2.77, 3.41)
31:     batch-generator ................................: (4.02, 5.12)
31:     forward-compute ................................: (497.01, 529.08)
31:     backward-compute ...............................: (999.45, 1032.47)
31:  [2026-08-18 03:22:12.599489] iteration      276/   18141 | consumed samples:        79488 | elapsed time per iteration (ms): 1576.8 | throughput per GPU (TFLOP/s/GPU): 369.7 | learning rate: 2.208000E-04 | global batch size:   288 | lm loss: 4.715758E+00 | loss scale: 1.0 | grad norm: 0.904 | params norm: 671.016 | number of skipped iterations:   0 | number of nan iterations:   0 |
31: INFO:megatron.core.timers:(min, max) time across ranks (ms):
31:     forward-backward ...............................: (1558.21, 1558.30)
31:     embedding-grads-all-reduce .....................: (0.02, 0.02)
31:     all-grads-sync .................................: (0.17, 0.22)
31:     optimizer-copy-to-main-grad ....................: (0.16, 0.36)
31:     optimizer-inner-step ...........................: (0.55, 0.67)
31:     optimizer-copy-main-to-model-params ............: (0.33, 0.93)
31:     optimizer ......................................: (2.73, 3.34)
31:     batch-generator ................................: (4.20, 4.79)
31:     forward-compute ................................: (500.41, 537.23)
31:     backward-compute ...............................: (1014.26, 1052.28)
31:  [2026-08-18 03:22:14.228436] iteration      277/   18141 | consumed samples:        79776 | elapsed time per iteration (ms): 1628.8 | throughput per GPU (TFLOP/s/GPU): 358.7 | learning rate: 2.216000E-04 | global batch size:   288 | lm loss: 4.724944E+00 | loss scale: 1.0 | grad norm: 0.829 | params norm: 671.073 | number of skipped iterations:   0 | number of nan iterations:   0 |
31: INFO:megatron.core.timers:(min, max) time across ranks (ms):
31:     forward-backward ...............................: (1610.10, 1610.19)
31:     embedding-grads-all-reduce .....................: (0.01, 0.02)
31:     all-grads-sync .................................: (0.17, 0.22)
31:     optimizer-copy-to-main-grad ....................: (0.16, 0.37)
31:     optimizer-inner-step ...........................: (0.55, 0.69)
31:     optimizer-copy-main-to-model-params ............: (0.31, 0.97)
31:     optimizer ......................................: (2.72, 3.38)
31:     batch-generator ................................: (4.16, 4.75)
31:     forward-compute ................................: (500.09, 546.81)
31:     backward-compute ...............................: (1057.74, 1105.64)
31:  [2026-08-18 03:22:15.791573] iteration      278/   18141 | consumed samples:        80064 | elapsed time per iteration (ms): 1563.0 | throughput per GPU (TFLOP/s/GPU): 372.5 | learning rate: 2.224000E-04 | global batch size:   288 | lm loss: 4.709358E+00 | loss scale: 1.0 | grad norm: 0.771 | params norm: 671.129 | number of skipped iterations:   0 | number of nan iterations:   0 |
31: INFO:megatron.core.timers:(min, max) time across ranks (ms):
31:     forward-backward ...............................: (1544.56, 1544.64)
31:     embedding-grads-all-reduce .....................: (0.02, 0.02)
31:     all-grads-sync .................................: (0.17, 0.23)
31:     optimizer-copy-to-main-grad ....................: (0.16, 0.40)
31:     optimizer-inner-step ...........................: (0.56, 0.67)
31:     optimizer-copy-main-to-model-params ............: (0.31, 0.95)
31:     optimizer ......................................: (2.75, 3.39)
31:     batch-generator ................................: (4.09, 5.07)
31:     forward-compute ................................: (500.73, 532.59)
31:     backward-compute ...............................: (1006.01, 1040.05)
31:  [2026-08-18 03:22:17.354372] iteration      279/   18141 | consumed samples:        80352 | elapsed time per iteration (ms): 1562.6 | throughput per GPU (TFLOP/s/GPU): 371.5 | learning rate: 2.232000E-04 | global batch size:   288 | lm loss: 4.699810E+00 | loss scale: 1.0 | grad norm: 0.555 | params norm: 671.186 | number of skipped iterations:   0 | number of nan iterations:   0 |
31: INFO:megatron.core.timers:(min, max) time across ranks (ms):
31:     forward-backward ...............................: (1544.91, 1545.04)
31:     embedding-grads-all-reduce .....................: (0.02, 0.02)
31:     all-grads-sync .................................: (0.17, 0.22)
31:     optimizer-copy-to-main-grad ....................: (0.16, 0.38)
31:     optimizer-inner-step ...........................: (0.55, 0.69)
31:     optimizer-copy-main-to-model-params ............: (0.35, 0.94)
31:     optimizer ......................................: (2.79, 3.38)
31:     batch-generator ................................: (4.23, 4.94)
31:     forward-compute ................................: (496.96, 534.06)
31:     backward-compute ...............................: (1007.30, 1040.71)
31:  [2026-08-18 03:22:18.962843] iteration      280/   18141 | consumed samples:        80640 | elapsed time per iteration (ms): 1608.3 | throughput per GPU (TFLOP/s/GPU): 363.9 | learning rate: 2.240000E-04 | global batch size:   288 | lm loss: 4.685463E+00 | loss scale: 1.0 | grad norm: 0.569 | params norm: 671.242 | number of skipped iterations:   0 | number of nan iterations:   0 |
31: INFO:megatron.core.timers:(min, max) time across ranks (ms):
31:     forward-backward ...............................: (1589.68, 1589.77)
31:     embedding-grads-all-reduce .....................: (0.02, 0.02)
31:     all-grads-sync .................................: (0.17, 0.25)
31:     optimizer-copy-to-main-grad ....................: (0.15, 0.38)
31:     optimizer-inner-step ...........................: (0.56, 0.67)
31:     optimizer-copy-main-to-model-params ............: (0.36, 0.95)
31:     optimizer ......................................: (2.81, 3.39)
31:     batch-generator ................................: (4.24, 4.82)
31:     forward-compute ................................: (496.22, 540.22)
31:     backward-compute ...............................: (1046.18, 1086.91)
31:  [2026-08-18 03:22:20.536945] iteration      281/   18141 | consumed samples:        80928 | elapsed time per iteration (ms): 1573.9 | throughput per GPU (TFLOP/s/GPU): 370.5 | learning rate: 2.248000E-04 | global batch size:   288 | lm loss: 4.669481E+00 | loss scale: 1.0 | grad norm: 0.567 | params norm: 671.299 | number of skipped iterations:   0 | number of nan iterations:   0 |
31: INFO:megatron.core.timers:(min, max) time across ranks (ms):
31:     forward-backward ...............................: (1555.62, 1555.71)
31:     embedding-grads-all-reduce .....................: (0.02, 0.02)
31:     all-grads-sync .................................: (0.16, 0.24)
31:     optimizer-copy-to-main-grad ....................: (0.16, 0.36)
31:     optimizer-inner-step ...........................: (0.55, 0.67)
31:     optimizer-copy-main-to-model-params ............: (0.32, 0.81)
31:     optimizer ......................................: (2.70, 3.19)
31:     batch-generator ................................: (4.13, 4.80)
31:     forward-compute ................................: (503.21, 541.46)
31:     backward-compute ...............................: (1010.61, 1048.73)
31:  [2026-08-18 03:22:22.147762] iteration      282/   18141 | consumed samples:        81216 | elapsed time per iteration (ms): 1610.7 | throughput per GPU (TFLOP/s/GPU): 364.2 | learning rate: 2.256000E-04 | global batch size:   288 | lm loss: 4.664565E+00 | loss scale: 1.0 | grad norm: 0.505 | params norm: 671.356 | number of skipped iterations:   0 | number of nan iterations:   0 |
31: INFO:megatron.core.timers:(min, max) time across ranks (ms):
31:     forward-backward ...............................: (1592.56, 1592.67)
31:     embedding-grads-all-reduce .....................: (0.02, 0.02)
31:     all-grads-sync .................................: (0.16, 0.23)
31:     optimizer-copy-to-main-grad ....................: (0.16, 0.39)
31:     optimizer-inner-step ...........................: (0.55, 0.68)
31:     optimizer-copy-main-to-model-params ............: (0.32, 0.91)
31:     optimizer ......................................: (2.78, 3.37)
31:     batch-generator ................................: (4.18, 4.88)
31:     forward-compute ................................: (507.87, 549.91)
31:     backward-compute ...............................: (1038.02, 1078.40)
31:  [2026-08-18 03:22:23.711860] iteration      283/   18141 | consumed samples:        81504 | elapsed time per iteration (ms): 1563.9 | throughput per GPU (TFLOP/s/GPU): 372.8 | learning rate: 2.264000E-04 | global batch size:   288 | lm loss: 4.669705E+00 | loss scale: 1.0 | grad norm: 0.505 | params norm: 671.413 | number of skipped iterations:   0 | number of nan iterations:   0 |
31: INFO:megatron.core.timers:(min, max) time across ranks (ms):
31:     forward-backward ...............................: (1545.70, 1545.78)
31:     embedding-grads-all-reduce .....................: (0.02, 0.02)
31:     all-grads-sync .................................: (0.16, 0.22)
31:     optimizer-copy-to-main-grad ....................: (0.16, 0.37)
31:     optimizer-inner-step ...........................: (0.56, 0.68)
31:     optimizer-copy-main-to-model-params ............: (0.36, 0.92)
31:     optimizer ......................................: (2.80, 3.36)
31:     batch-generator ................................: (4.23, 5.34)
31:     forward-compute ................................: (502.25, 536.01)
31:     backward-compute ...............................: (1003.54, 1037.43)
31:  [2026-08-18 03:22:25.303173] iteration      284/   18141 | consumed samples:        81792 | elapsed time per iteration (ms): 1591.1 | throughput per GPU (TFLOP/s/GPU): 365.1 | learning rate: 2.272000E-04 | global batch size:   288 | lm loss: 4.629393E+00 | loss scale: 1.0 | grad norm: 0.581 | params norm: 671.469 | number of skipped iterations:   0 | number of nan iterations:   0 |
31: INFO:megatron.core.timers:(min, max) time across ranks (ms):
31:     forward-backward ...............................: (1573.34, 1573.43)
31:     embedding-grads-all-reduce .....................: (0.02, 0.02)
31:     all-grads-sync .................................: (0.17, 0.24)
31:     optimizer-copy-to-main-grad ....................: (0.16, 0.36)
31:     optimizer-inner-step ...........................: (0.56, 0.69)
31:     optimizer-copy-main-to-model-params ............: (0.32, 0.95)
31:     optimizer ......................................: (2.79, 3.42)
31:     batch-generator ................................: (4.18, 4.71)
31:     forward-compute ................................: (500.12, 540.11)
31:     backward-compute ...............................: (1026.96, 1067.81)
31:  [2026-08-18 03:22:26.929968] iteration      285/   18141 | consumed samples:        82080 | elapsed time per iteration (ms): 1626.7 | throughput per GPU (TFLOP/s/GPU): 360.8 | learning rate: 2.280000E-04 | global batch size:   288 | lm loss: 4.659619E+00 | loss scale: 1.0 | grad norm: 0.529 | params norm: 671.526 | number of skipped iterations:   0 | number of nan iterations:   0 |
31: INFO:megatron.core.timers:(min, max) time across ranks (ms):
31:     forward-backward ...............................: (1608.24, 1608.36)
31:     embedding-grads-all-reduce .....................: (0.01, 0.02)
31:     all-grads-sync .................................: (0.17, 0.24)
31:     optimizer-copy-to-main-grad ....................: (0.16, 0.36)
31:     optimizer-inner-step ...........................: (0.55, 0.70)
31:     optimizer-copy-main-to-model-params ............: (0.31, 0.90)
31:     optimizer ......................................: (2.74, 3.33)
31:     batch-generator ................................: (4.19, 4.71)
31:     forward-compute ................................: (500.95, 544.85)
31:     backward-compute ...............................: (1060.19, 1101.34)
31:  [2026-08-18 03:22:28.519015] iteration      286/   18141 | consumed samples:        82368 | elapsed time per iteration (ms): 1588.9 | throughput per GPU (TFLOP/s/GPU): 367.1 | learning rate: 2.288000E-04 | global batch size:   288 | lm loss: 4.639995E+00 | loss scale: 1.0 | grad norm: 0.555 | params norm: 671.582 | number of skipped iterations:   0 | number of nan iterations:   0 |
31: INFO:megatron.core.timers:(min, max) time across ranks (ms):
31:     forward-backward ...............................: (1570.48, 1570.56)
31:     embedding-grads-all-reduce .....................: (0.01, 0.02)
31:     all-grads-sync .................................: (0.17, 0.24)
31:     optimizer-copy-to-main-grad ....................: (0.15, 0.37)
31:     optimizer-inner-step ...........................: (0.55, 0.70)
31:     optimizer-copy-main-to-model-params ............: (0.30, 0.89)
31:     optimizer ......................................: (2.75, 3.34)
31:     batch-generator ................................: (4.10, 5.31)
31:     forward-compute ................................: (506.01, 540.96)
31:     backward-compute ...............................: (1023.27, 1059.33)
31:  [2026-08-18 03:22:30.122867] iteration      287/   18141 | consumed samples:        82656 | elapsed time per iteration (ms): 1603.6 | throughput per GPU (TFLOP/s/GPU): 364.5 | learning rate: 2.296000E-04 | global batch size:   288 | lm loss: 4.647230E+00 | loss scale: 1.0 | grad norm: 0.636 | params norm: 671.639 | number of skipped iterations:   0 | number of nan iterations:   0 |
31: INFO:megatron.core.timers:(min, max) time across ranks (ms):
31:     forward-backward ...............................: (1585.36, 1585.44)
31:     embedding-grads-all-reduce .....................: (0.02, 0.02)
31:     all-grads-sync .................................: (0.17, 0.24)
31:     optimizer-copy-to-main-grad ....................: (0.16, 0.37)
31:     optimizer-inner-step ...........................: (0.55, 0.68)
31:     optimizer-copy-main-to-model-params ............: (0.33, 0.84)
31:     optimizer ......................................: (2.74, 3.26)
31:     batch-generator ................................: (4.14, 4.89)
31:     forward-compute ................................: (498.82, 539.34)
31:     backward-compute ...............................: (1040.17, 1081.01)
31:  [2026-08-18 03:22:31.732808] iteration      288/   18141 | consumed samples:        82944 | elapsed time per iteration (ms): 1609.8 | throughput per GPU (TFLOP/s/GPU): 362.8 | learning rate: 2.304000E-04 | global batch size:   288 | lm loss: 4.649127E+00 | loss scale: 1.0 | grad norm: 0.644 | params norm: 671.695 | number of skipped iterations:   0 | number of nan iterations:   0 |
31: INFO:megatron.core.timers:(min, max) time across ranks (ms):
31:     forward-backward ...............................: (1591.41, 1591.50)
31:     embedding-grads-all-reduce .....................: (0.02, 0.02)
31:     all-grads-sync .................................: (0.17, 0.24)
31:     optimizer-copy-to-main-grad ....................: (0.15, 0.38)
31:     optimizer-inner-step ...........................: (0.55, 0.68)
31:     optimizer-copy-main-to-model-params ............: (0.36, 0.94)
31:     optimizer ......................................: (2.79, 3.38)
31:     batch-generator ................................: (4.18, 4.65)
31:     forward-compute ................................: (508.65, 550.57)
31:     backward-compute ...............................: (1037.36, 1079.09)
31:  [2026-08-18 03:22:33.317106] iteration      289/   18141 | consumed samples:        83232 | elapsed time per iteration (ms): 1584.2 | throughput per GPU (TFLOP/s/GPU): 368.3 | learning rate: 2.312000E-04 | global batch size:   288 | lm loss: 4.622155E+00 | loss scale: 1.0 | grad norm: 0.668 | params norm: 671.752 | number of skipped iterations:   0 | number of nan iterations:   0 |
31: INFO:megatron.core.timers:(min, max) time across ranks (ms):
31:     forward-backward ...............................: (1565.58, 1565.70)
31:     embedding-grads-all-reduce .....................: (0.01, 0.02)
31:     all-grads-sync .................................: (0.16, 0.24)
31:     optimizer-copy-to-main-grad ....................: (0.15, 0.39)
31:     optimizer-inner-step ...........................: (0.55, 0.67)
31:     optimizer-copy-main-to-model-params ............: (0.30, 0.99)
31:     optimizer ......................................: (2.75, 3.43)
31:     batch-generator ................................: (4.14, 4.77)
31:     forward-compute ................................: (499.70, 540.06)
31:     backward-compute ...............................: (1021.80, 1062.09)
31:  [2026-08-18 03:22:34.908544] iteration      290/   18141 | consumed samples:        83520 | elapsed time per iteration (ms): 1591.3 | throughput per GPU (TFLOP/s/GPU): 367.3 | learning rate: 2.320000E-04 | global batch size:   288 | lm loss: 4.619925E+00 | loss scale: 1.0 | grad norm: 0.610 | params norm: 671.809 | number of skipped iterations:   0 | number of nan iterations:   0 |
31: INFO:megatron.core.timers:(min, max) time across ranks (ms):
31:     forward-backward ...............................: (1572.48, 1572.56)
31:     embedding-grads-all-reduce .....................: (0.01, 0.02)
31:     all-grads-sync .................................: (0.17, 0.23)
31:     optimizer-copy-to-main-grad ....................: (0.16, 0.39)
31:     optimizer-inner-step ...........................: (0.56, 0.68)
31:     optimizer-copy-main-to-model-params ............: (0.32, 0.94)
31:     optimizer ......................................: (2.73, 3.35)
31:     batch-generator ................................: (4.18, 4.83)
31:     forward-compute ................................: (500.09, 540.74)
31:     backward-compute ...............................: (1025.66, 1069.29)
31:  [2026-08-18 03:22:36.486375] iteration      291/   18141 | consumed samples:        83808 | elapsed time per iteration (ms): 1577.6 | throughput per GPU (TFLOP/s/GPU): 369.3 | learning rate: 2.328000E-04 | global batch size:   288 | lm loss: 4.632589E+00 | loss scale: 1.0 | grad norm: 0.704 | params norm: 671.866 | number of skipped iterations:   0 | number of nan iterations:   0 |
31: INFO:megatron.core.timers:(min, max) time across ranks (ms):
31:     forward-backward ...............................: (1559.46, 1559.57)
31:     embedding-grads-all-reduce .....................: (0.01, 0.02)
31:     all-grads-sync .................................: (0.17, 0.22)
31:     optimizer-copy-to-main-grad ....................: (0.16, 0.38)
31:     optimizer-inner-step ...........................: (0.55, 0.67)
31:     optimizer-copy-main-to-model-params ............: (0.30, 0.88)
31:     optimizer ......................................: (2.72, 3.31)
31:     batch-generator ................................: (4.23, 5.43)
31:     forward-compute ................................: (497.83, 536.49)
31:     backward-compute ...............................: (1014.18, 1054.64)
31:  [2026-08-18 03:22:38.081006] iteration      292/   18141 | consumed samples:        84096 | elapsed time per iteration (ms): 1594.5 | throughput per GPU (TFLOP/s/GPU): 367.9 | learning rate: 2.336000E-04 | global batch size:   288 | lm loss: 4.638813E+00 | loss scale: 1.0 | grad norm: 0.808 | params norm: 671.923 | number of skipped iterations:   0 | number of nan iterations:   0 |
31: INFO:megatron.core.timers:(min, max) time across ranks (ms):
31:     forward-backward ...............................: (1575.93, 1576.06)
31:     embedding-grads-all-reduce .....................: (0.01, 0.02)
31:     all-grads-sync .................................: (0.17, 0.24)
31:     optimizer-copy-to-main-grad ....................: (0.16, 0.40)
31:     optimizer-inner-step ...........................: (0.55, 0.70)
31:     optimizer-copy-main-to-model-params ............: (0.33, 0.92)
31:     optimizer ......................................: (2.80, 3.40)
31:     batch-generator ................................: (4.09, 5.10)
31:     forward-compute ................................: (502.93, 540.82)
31:     backward-compute ...............................: (1028.19, 1066.25)
31:  [2026-08-18 03:22:39.664203] iteration      293/   18141 | consumed samples:        84384 | elapsed time per iteration (ms): 1583.1 | throughput per GPU (TFLOP/s/GPU): 368.9 | learning rate: 2.344000E-04 | global batch size:   288 | lm loss: 4.622295E+00 | loss scale: 1.0 | grad norm: 0.722 | params norm: 671.979 | number of skipped iterations:   0 | number of nan iterations:   0 |
31: INFO:megatron.core.timers:(min, max) time across ranks (ms):
31:     forward-backward ...............................: (1564.59, 1564.73)
31:     embedding-grads-all-reduce .....................: (0.02, 0.02)
31:     all-grads-sync .................................: (0.17, 0.22)
31:     optimizer-copy-to-main-grad ....................: (0.16, 0.38)
31:     optimizer-inner-step ...........................: (0.55, 0.66)
31:     optimizer-copy-main-to-model-params ............: (0.34, 0.89)
31:     optimizer ......................................: (2.76, 3.30)
31:     batch-generator ................................: (4.22, 5.32)
31:     forward-compute ................................: (502.34, 538.86)
31:     backward-compute ...............................: (1018.72, 1056.13)
31:  [2026-08-18 03:22:41.248363] iteration      294/   18141 | consumed samples:        84672 | elapsed time per iteration (ms): 1583.9 | throughput per GPU (TFLOP/s/GPU): 367.7 | learning rate: 2.352000E-04 | global batch size:   288 | lm loss: 4.566664E+00 | loss scale: 1.0 | grad norm: 0.777 | params norm: 672.037 | number of skipped iterations:   0 | number of nan iterations:   0 |
31: INFO:megatron.core.timers:(min, max) time across ranks (ms):
31:     forward-backward ...............................: (1565.61, 1565.71)
31:     embedding-grads-all-reduce .....................: (0.02, 0.02)
31:     all-grads-sync .................................: (0.17, 0.22)
31:     optimizer-copy-to-main-grad ....................: (0.16, 0.38)
31:     optimizer-inner-step ...........................: (0.55, 0.66)
31:     optimizer-copy-main-to-model-params ............: (0.35, 0.90)
31:     optimizer ......................................: (2.74, 3.28)
31:     batch-generator ................................: (4.15, 4.86)
31:     forward-compute ................................: (497.42, 540.79)
31:     backward-compute ...............................: (1021.19, 1063.36)
31:  [2026-08-18 03:22:42.850962] iteration      295/   18141 | consumed samples:        84960 | elapsed time per iteration (ms): 1602.4 | throughput per GPU (TFLOP/s/GPU): 367.1 | learning rate: 2.360000E-04 | global batch size:   288 | lm loss: 4.616522E+00 | loss scale: 1.0 | grad norm: 0.787 | params norm: 672.093 | number of skipped iterations:   0 | number of nan iterations:   0 |
31: INFO:megatron.core.timers:(min, max) time across ranks (ms):
31:     forward-backward ...............................: (1584.20, 1584.28)
31:     embedding-grads-all-reduce .....................: (0.02, 0.02)
31:     all-grads-sync .................................: (0.17, 0.24)
31:     optimizer-copy-to-main-grad ....................: (0.15, 0.39)
31:     optimizer-inner-step ...........................: (0.55, 0.67)
31:     optimizer-copy-main-to-model-params ............: (0.32, 0.93)
31:     optimizer ......................................: (2.76, 3.37)
31:     batch-generator ................................: (4.19, 5.17)
31:     forward-compute ................................: (510.65, 551.08)
31:     backward-compute ...............................: (1029.66, 1070.36)
31:  [2026-08-18 03:22:44.443522] iteration      296/   18141 | consumed samples:        85248 | elapsed time per iteration (ms): 1592.5 | throughput per GPU (TFLOP/s/GPU): 368.5 | learning rate: 2.368000E-04 | global batch size:   288 | lm loss: 4.657137E+00 | loss scale: 1.0 | grad norm: 0.774 | params norm: 672.151 | number of skipped iterations:   0 | number of nan iterations:   0 |
31: INFO:megatron.core.timers:(min, max) time across ranks (ms):
31:     forward-backward ...............................: (1574.31, 1574.42)
31:     embedding-grads-all-reduce .....................: (0.02, 0.02)
31:     all-grads-sync .................................: (0.17, 0.22)
31:     optimizer-copy-to-main-grad ....................: (0.15, 0.39)
31:     optimizer-inner-step ...........................: (0.55, 0.67)
31:     optimizer-copy-main-to-model-params ............: (0.31, 0.92)
31:     optimizer ......................................: (2.73, 3.34)
31:     batch-generator ................................: (4.14, 4.70)
31:     forward-compute ................................: (502.76, 540.25)
31:     backward-compute ...............................: (1029.91, 1065.12)
31:  [2026-08-18 03:22:46.027073] iteration      297/   18141 | consumed samples:        85536 | elapsed time per iteration (ms): 1583.4 | throughput per GPU (TFLOP/s/GPU): 369.3 | learning rate: 2.376000E-04 | global batch size:   288 | lm loss: 4.586590E+00 | loss scale: 1.0 | grad norm: 0.721 | params norm: 672.209 | number of skipped iterations:   0 | number of nan iterations:   0 |
31: INFO:megatron.core.timers:(min, max) time across ranks (ms):
31:     forward-backward ...............................: (1565.13, 1565.24)
31:     embedding-grads-all-reduce .....................: (0.02, 0.02)
31:     all-grads-sync .................................: (0.17, 0.23)
31:     optimizer-copy-to-main-grad ....................: (0.15, 0.36)
31:     optimizer-inner-step ...........................: (0.55, 0.67)
31:     optimizer-copy-main-to-model-params ............: (0.30, 0.73)
31:     optimizer ......................................: (2.66, 3.09)
31:     batch-generator ................................: (3.96, 4.80)
31:     forward-compute ................................: (503.98, 542.64)
31:     backward-compute ...............................: (1018.95, 1057.13)
31:  [2026-08-18 03:22:47.604480] iteration      298/   18141 | consumed samples:        85824 | elapsed time per iteration (ms): 1577.2 | throughput per GPU (TFLOP/s/GPU): 369.1 | learning rate: 2.384000E-04 | global batch size:   288 | lm loss: 4.593925E+00 | loss scale: 1.0 | grad norm: 0.760 | params norm: 672.266 | number of skipped iterations:   0 | number of nan iterations:   0 |
31: INFO:megatron.core.timers:(min, max) time across ranks (ms):
31:     forward-backward ...............................: (1559.18, 1559.30)
31:     embedding-grads-all-reduce .....................: (0.01, 0.02)
31:     all-grads-sync .................................: (0.16, 0.22)
31:     optimizer-copy-to-main-grad ....................: (0.16, 0.36)
31:     optimizer-inner-step ...........................: (0.55, 0.67)
31:     optimizer-copy-main-to-model-params ............: (0.31, 0.91)
31:     optimizer ......................................: (2.69, 3.29)
31:     batch-generator ................................: (4.14, 4.71)
31:     forward-compute ................................: (503.09, 538.41)
31:     backward-compute ...............................: (1015.22, 1051.91)
31:  [2026-08-18 03:22:49.150288] iteration      299/   18141 | consumed samples:        86112 | elapsed time per iteration (ms): 1545.6 | throughput per GPU (TFLOP/s/GPU): 377.4 | learning rate: 2.392000E-04 | global batch size:   288 | lm loss: 4.619986E+00 | loss scale: 1.0 | grad norm: 0.742 | params norm: 672.325 | number of skipped iterations:   0 | number of nan iterations:   0 |
31: INFO:megatron.core.timers:(min, max) time across ranks (ms):
31:     forward-backward ...............................: (1527.33, 1527.48)
31:     embedding-grads-all-reduce .....................: (0.02, 0.02)
31:     all-grads-sync .................................: (0.16, 0.21)
31:     optimizer-copy-to-main-grad ....................: (0.15, 0.37)
31:     optimizer-inner-step ...........................: (0.56, 0.68)
31:     optimizer-copy-main-to-model-params ............: (0.34, 0.91)
31:     optimizer ......................................: (2.77, 3.33)
31:     batch-generator ................................: (4.18, 4.83)
31:     forward-compute ................................: (497.33, 531.58)
31:     backward-compute ...............................: (989.24, 1024.48)
31:  [2026-08-18 03:22:50.758362] iteration      300/   18141 | consumed samples:        86400 | elapsed time per iteration (ms): 1607.9 | throughput per GPU (TFLOP/s/GPU): 363.8 | learning rate: 2.400000E-04 | global batch size:   288 | lm loss: 4.593590E+00 | loss scale: 1.0 | grad norm: 0.639 | params norm: 672.384 | number of skipped iterations:   0 | number of nan iterations:   0 |
31: INFO:megatron.core.timers:(min, max) time across ranks (ms):
31:     forward-backward ...............................: (1589.68, 1589.79)
31:     embedding-grads-all-reduce .....................: (0.02, 0.02)
31:     all-grads-sync .................................: (0.16, 0.23)
31:     optimizer-copy-to-main-grad ....................: (0.15, 0.38)
31:     optimizer-inner-step ...........................: (0.55, 0.67)
31:     optimizer-copy-main-to-model-params ............: (0.31, 0.91)
31:     optimizer ......................................: (2.76, 3.35)
31:     batch-generator ................................: (4.23, 6.79)
31:     forward-compute ................................: (499.50, 545.16)
31:     backward-compute ...............................: (1041.00, 1084.74)
31:  [2026-08-18 03:22:52.348193] iteration      301/   18141 | consumed samples:        86688 | elapsed time per iteration (ms): 1589.7 | throughput per GPU (TFLOP/s/GPU): 367.6 | learning rate: 2.408000E-04 | global batch size:   288 | lm loss: 4.608945E+00 | loss scale: 1.0 | grad norm: 0.785 | params norm: 672.444 | number of skipped iterations:   0 | number of nan iterations:   0 |
31: INFO:megatron.core.timers:(min, max) time across ranks (ms):
31:     forward-backward ...............................: (1571.58, 1571.66)
31:     embedding-grads-all-reduce .....................: (0.01, 0.02)
31:     all-grads-sync .................................: (0.17, 0.22)
31:     optimizer-copy-to-main-grad ....................: (0.14, 0.37)
31:     optimizer-inner-step ...........................: (0.54, 0.68)
31:     optimizer-copy-main-to-model-params ............: (0.32, 0.97)
31:     optimizer ......................................: (2.72, 3.37)
31:     batch-generator ................................: (4.05, 5.72)
31:     forward-compute ................................: (499.10, 536.54)
31:     backward-compute ...............................: (1028.15, 1067.40)
31:  [2026-08-18 03:22:53.931903] iteration      302/   18141 | consumed samples:        86976 | elapsed time per iteration (ms): 1583.6 | throughput per GPU (TFLOP/s/GPU): 368.1 | learning rate: 2.416000E-04 | global batch size:   288 | lm loss: 4.597475E+00 | loss scale: 1.0 | grad norm: 0.705 | params norm: 672.502 | number of skipped iterations:   0 | number of nan iterations:   0 |
31: INFO:megatron.core.timers:(min, max) time across ranks (ms):
31:     forward-backward ...............................: (1565.37, 1565.49)
31:     embedding-grads-all-reduce .....................: (0.01, 0.02)
31:     all-grads-sync .................................: (0.15, 0.22)
31:     optimizer-copy-to-main-grad ....................: (0.16, 0.36)
31:     optimizer-inner-step ...........................: (0.55, 0.68)
31:     optimizer-copy-main-to-model-params ............: (0.32, 0.97)
31:     optimizer ......................................: (2.72, 3.38)
31:     batch-generator ................................: (4.15, 5.22)
31:     forward-compute ................................: (505.88, 533.60)
31:     backward-compute ...............................: (1023.63, 1053.26)
31:  [2026-08-18 03:22:55.580196] iteration      303/   18141 | consumed samples:        87264 | elapsed time per iteration (ms): 1648.1 | throughput per GPU (TFLOP/s/GPU): 357.4 | learning rate: 2.424000E-04 | global batch size:   288 | lm loss: 4.584018E+00 | loss scale: 1.0 | grad norm: 0.642 | params norm: 672.562 | number of skipped iterations:   0 | number of nan iterations:   0 |
31: INFO:megatron.core.timers:(min, max) time across ranks (ms):
31:     forward-backward ...............................: (1629.77, 1629.90)
31:     embedding-grads-all-reduce .....................: (0.02, 0.02)
31:     all-grads-sync .................................: (0.17, 0.23)
31:     optimizer-copy-to-main-grad ....................: (0.15, 0.37)
31:     optimizer-inner-step ...........................: (0.55, 0.66)
31:     optimizer-copy-main-to-model-params ............: (0.35, 0.97)
31:     optimizer ......................................: (2.74, 3.36)
31:     batch-generator ................................: (4.18, 4.89)
31:     forward-compute ................................: (509.85, 554.18)
31:     backward-compute ...............................: (1070.42, 1113.15)
31:  [2026-08-18 03:22:57.157653] iteration      304/   18141 | consumed samples:        87552 | elapsed time per iteration (ms): 1577.3 | throughput per GPU (TFLOP/s/GPU): 371.9 | learning rate: 2.432000E-04 | global batch size:   288 | lm loss: 4.605066E+00 | loss scale: 1.0 | grad norm: 0.579 | params norm: 672.621 | number of skipped iterations:   0 | number of nan iterations:   0 |
31: INFO:megatron.core.timers:(min, max) time across ranks (ms):
31:     forward-backward ...............................: (1559.08, 1559.17)
31:     embedding-grads-all-reduce .....................: (0.02, 0.02)
31:     all-grads-sync .................................: (0.16, 0.22)
31:     optimizer-copy-to-main-grad ....................: (0.16, 0.38)
31:     optimizer-inner-step ...........................: (0.55, 0.68)
31:     optimizer-copy-main-to-model-params ............: (0.35, 0.96)
31:     optimizer ......................................: (2.80, 3.42)
31:     batch-generator ................................: (4.12, 5.55)
31:     forward-compute ................................: (506.14, 541.50)
31:     backward-compute ...............................: (1013.58, 1049.31)
31:  [2026-08-18 03:22:58.754700] iteration      305/   18141 | consumed samples:        87840 | elapsed time per iteration (ms): 1596.9 | throughput per GPU (TFLOP/s/GPU): 365.3 | learning rate: 2.440000E-04 | global batch size:   288 | lm loss: 4.554035E+00 | loss scale: 1.0 | grad norm: 0.776 | params norm: 672.681 | number of skipped iterations:   0 | number of nan iterations:   0 |
31: INFO:megatron.core.timers:(min, max) time across ranks (ms):
31:     forward-backward ...............................: (1578.66, 1578.75)
31:     embedding-grads-all-reduce .....................: (0.01, 0.02)
31:     all-grads-sync .................................: (0.18, 0.24)
31:     optimizer-copy-to-main-grad ....................: (0.15, 0.38)
31:     optimizer-inner-step ...........................: (0.55, 0.67)
31:     optimizer-copy-main-to-model-params ............: (0.33, 0.94)
31:     optimizer ......................................: (2.75, 3.37)
31:     batch-generator ................................: (4.12, 4.66)
31:     forward-compute ................................: (501.48, 549.56)
31:     backward-compute ...............................: (1025.11, 1073.06)
31:  [2026-08-18 03:23:00.320889] iteration      306/   18141 | consumed samples:        88128 | elapsed time per iteration (ms): 1566.0 | throughput per GPU (TFLOP/s/GPU): 372.4 | learning rate: 2.448000E-04 | global batch size:   288 | lm loss: 4.565614E+00 | loss scale: 1.0 | grad norm: 0.782 | params norm: 672.741 | number of skipped iterations:   0 | number of nan iterations:   0 |
31: INFO:megatron.core.timers:(min, max) time across ranks (ms):
31:     forward-backward ...............................: (1547.33, 1547.42)
31:     embedding-grads-all-reduce .....................: (0.02, 0.02)
31:     all-grads-sync .................................: (0.17, 0.22)
31:     optimizer-copy-to-main-grad ....................: (0.16, 0.38)
31:     optimizer-inner-step ...........................: (0.56, 0.69)
31:     optimizer-copy-main-to-model-params ............: (0.32, 1.01)
31:     optimizer ......................................: (2.77, 3.47)
31:     batch-generator ................................: (4.21, 4.86)
31:     forward-compute ................................: (498.25, 534.98)
31:     backward-compute ...............................: (1008.61, 1045.41)
31:  [2026-08-18 03:23:01.893069] iteration      307/   18141 | consumed samples:        88416 | elapsed time per iteration (ms): 1572.0 | throughput per GPU (TFLOP/s/GPU): 371.2 | learning rate: 2.456000E-04 | global batch size:   288 | lm loss: 4.572684E+00 | loss scale: 1.0 | grad norm: 0.876 | params norm: 672.801 | number of skipped iterations:   0 | number of nan iterations:   0 |
31: INFO:megatron.core.timers:(min, max) time across ranks (ms):
31:     forward-backward ...............................: (1553.50, 1553.58)
31:     embedding-grads-all-reduce .....................: (0.02, 0.02)
31:     all-grads-sync .................................: (0.16, 0.23)
31:     optimizer-copy-to-main-grad ....................: (0.15, 0.38)
31:     optimizer-inner-step ...........................: (0.56, 0.69)
31:     optimizer-copy-main-to-model-params ............: (0.32, 0.97)
31:     optimizer ......................................: (2.74, 3.39)
31:     batch-generator ................................: (4.15, 4.72)
31:     forward-compute ................................: (502.63, 546.89)
31:     backward-compute ...............................: (1002.88, 1045.40)
31:  [2026-08-18 03:23:03.487604] iteration      308/   18141 | consumed samples:        88704 | elapsed time per iteration (ms): 1594.4 | throughput per GPU (TFLOP/s/GPU): 366.6 | learning rate: 2.464000E-04 | global batch size:   288 | lm loss: 4.538650E+00 | loss scale: 1.0 | grad norm: 0.750 | params norm: 672.861 | number of skipped iterations:   0 | number of nan iterations:   0 |
31: INFO:megatron.core.timers:(min, max) time across ranks (ms):
31:     forward-backward ...............................: (1575.93, 1576.04)
31:     embedding-grads-all-reduce .....................: (0.02, 0.02)
31:     all-grads-sync .................................: (0.16, 0.22)
31:     optimizer-copy-to-main-grad ....................: (0.16, 0.47)
31:     optimizer-inner-step ...........................: (0.54, 0.67)
31:     optimizer-copy-main-to-model-params ............: (0.31, 0.93)
31:     optimizer ......................................: (2.75, 3.37)
31:     batch-generator ................................: (4.10, 5.38)
31:     forward-compute ................................: (504.38, 542.31)
31:     backward-compute ...............................: (1029.47, 1066.43)
31:  [2026-08-18 03:23:05.068742] iteration      309/   18141 | consumed samples:        88992 | elapsed time per iteration (ms): 1581.0 | throughput per GPU (TFLOP/s/GPU): 369.6 | learning rate: 2.472000E-04 | global batch size:   288 | lm loss: 4.560343E+00 | loss scale: 1.0 | grad norm: 0.629 | params norm: 672.921 | number of skipped iterations:   0 | number of nan iterations:   0 |
31: INFO:megatron.core.timers:(min, max) time across ranks (ms):
31:     forward-backward ...............................: (1562.64, 1562.75)
31:     embedding-grads-all-reduce .....................: (0.01, 0.02)
31:     all-grads-sync .................................: (0.16, 0.23)
31:     optimizer-copy-to-main-grad ....................: (0.15, 0.37)
31:     optimizer-inner-step ...........................: (0.55, 0.69)
31:     optimizer-copy-main-to-model-params ............: (0.31, 0.99)
31:     optimizer ......................................: (2.76, 3.45)
31:     batch-generator ................................: (4.24, 4.79)
31:     forward-compute ................................: (500.54, 538.72)
31:     backward-compute ...............................: (1018.34, 1056.01)
31:  [2026-08-18 03:23:06.657004] iteration      310/   18141 | consumed samples:        89280 | elapsed time per iteration (ms): 1588.1 | throughput per GPU (TFLOP/s/GPU): 367.3 | learning rate: 2.480000E-04 | global batch size:   288 | lm loss: 4.537246E+00 | loss scale: 1.0 | grad norm: 0.611 | params norm: 672.981 | number of skipped iterations:   0 | number of nan iterations:   0 |
31: INFO:megatron.core.timers:(min, max) time across ranks (ms):
31:     forward-backward ...............................: (1569.64, 1569.73)
31:     embedding-grads-all-reduce .....................: (0.02, 0.03)
31:     all-grads-sync .................................: (0.17, 0.23)
31:     optimizer-copy-to-main-grad ....................: (0.17, 0.38)
31:     optimizer-inner-step ...........................: (0.55, 0.68)
31:     optimizer-copy-main-to-model-params ............: (0.35, 0.98)
31:     optimizer ......................................: (2.77, 3.40)
31:     batch-generator ................................: (4.15, 5.25)
31:     forward-compute ................................: (496.44, 535.77)
31:     backward-compute ...............................: (1025.75, 1069.42)
31:  [2026-08-18 03:23:08.290569] iteration      311/   18141 | consumed samples:        89568 | elapsed time per iteration (ms): 1633.4 | throughput per GPU (TFLOP/s/GPU): 358.7 | learning rate: 2.488000E-04 | global batch size:   288 | lm loss: 4.545460E+00 | loss scale: 1.0 | grad norm: 0.645 | params norm: 673.041 | number of skipped iterations:   0 | number of nan iterations:   0 |
31: INFO:megatron.core.timers:(min, max) time across ranks (ms):
31:     forward-backward ...............................: (1615.17, 1615.29)
31:     embedding-grads-all-reduce .....................: (0.02, 0.02)
31:     all-grads-sync .................................: (0.16, 0.26)
31:     optimizer-copy-to-main-grad ....................: (0.16, 0.38)
31:     optimizer-inner-step ...........................: (0.54, 0.70)
31:     optimizer-copy-main-to-model-params ............: (0.32, 0.88)
31:     optimizer ......................................: (2.77, 3.34)
31:     batch-generator ................................: (4.15, 4.79)
31:     forward-compute ................................: (507.86, 540.42)
31:     backward-compute ...............................: (1070.36, 1101.10)
31:  [2026-08-18 03:23:09.863203] iteration      312/   18141 | consumed samples:        89856 | elapsed time per iteration (ms): 1572.4 | throughput per GPU (TFLOP/s/GPU): 369.8 | learning rate: 2.496000E-04 | global batch size:   288 | lm loss: 4.526529E+00 | loss scale: 1.0 | grad norm: 0.649 | params norm: 673.102 | number of skipped iterations:   0 | number of nan iterations:   0 |
31: INFO:megatron.core.timers:(min, max) time across ranks (ms):
31:     forward-backward ...............................: (1553.73, 1553.86)
31:     embedding-grads-all-reduce .....................: (0.01, 0.02)
31:     all-grads-sync .................................: (0.16, 0.24)
31:     optimizer-copy-to-main-grad ....................: (0.15, 0.36)
31:     optimizer-inner-step ...........................: (0.54, 0.67)
31:     optimizer-copy-main-to-model-params ............: (0.34, 0.90)
31:     optimizer ......................................: (2.77, 3.33)
31:     batch-generator ................................: (4.15, 4.78)
31:     forward-compute ................................: (491.28, 528.19)
31:     backward-compute ...............................: (1020.59, 1054.36)
31:  [2026-08-18 03:23:11.431412] iteration      313/   18141 | consumed samples:        90144 | elapsed time per iteration (ms): 1568.1 | throughput per GPU (TFLOP/s/GPU): 371.3 | learning rate: 2.504000E-04 | global batch size:   288 | lm loss: 4.546240E+00 | loss scale: 1.0 | grad norm: 0.632 | params norm: 673.163 | number of skipped iterations:   0 | number of nan iterations:   0 |
31: INFO:megatron.core.timers:(min, max) time across ranks (ms):
31:     forward-backward ...............................: (1549.94, 1550.00)
31:     embedding-grads-all-reduce .....................: (0.02, 0.02)
31:     all-grads-sync .................................: (0.16, 0.24)
31:     optimizer-copy-to-main-grad ....................: (0.15, 0.36)
31:     optimizer-inner-step ...........................: (0.56, 0.67)
31:     optimizer-copy-main-to-model-params ............: (0.31, 0.92)
31:     optimizer ......................................: (2.79, 3.40)
31:     batch-generator ................................: (4.07, 4.69)
31:     forward-compute ................................: (499.37, 531.71)
31:     backward-compute ...............................: (1014.34, 1047.09)
31:  [2026-08-18 03:23:13.006562] iteration      314/   18141 | consumed samples:        90432 | elapsed time per iteration (ms): 1575.0 | throughput per GPU (TFLOP/s/GPU): 371.7 | learning rate: 2.512000E-04 | global batch size:   288 | lm loss: 4.522439E+00 | loss scale: 1.0 | grad norm: 0.539 | params norm: 673.223 | number of skipped iterations:   0 | number of nan iterations:   0 |
31: INFO:megatron.core.timers:(min, max) time across ranks (ms):
31:     forward-backward ...............................: (1556.27, 1556.36)
31:     embedding-grads-all-reduce .....................: (0.02, 0.02)
31:     all-grads-sync .................................: (0.16, 0.22)
31:     optimizer-copy-to-main-grad ....................: (0.15, 0.39)
31:     optimizer-inner-step ...........................: (0.56, 0.70)
31:     optimizer-copy-main-to-model-params ............: (0.30, 0.97)
31:     optimizer ......................................: (2.79, 3.46)
31:     batch-generator ................................: (4.16, 5.04)
31:     forward-compute ................................: (500.15, 534.62)
31:     backward-compute ...............................: (1017.60, 1052.11)
31:  [2026-08-18 03:23:14.599054] iteration      315/   18141 | consumed samples:        90720 | elapsed time per iteration (ms): 1592.4 | throughput per GPU (TFLOP/s/GPU): 367.8 | learning rate: 2.520000E-04 | global batch size:   288 | lm loss: 4.510615E+00 | loss scale: 1.0 | grad norm: 0.560 | params norm: 673.284 | number of skipped iterations:   0 | number of nan iterations:   0 |
31: INFO:megatron.core.timers:(min, max) time across ranks (ms):
31:     forward-backward ...............................: (1573.93, 1574.04)
31:     embedding-grads-all-reduce .....................: (0.01, 0.02)
31:     all-grads-sync .................................: (0.16, 0.26)
31:     optimizer-copy-to-main-grad ....................: (0.16, 0.35)
31:     optimizer-inner-step ...........................: (0.55, 0.68)
31:     optimizer-copy-main-to-model-params ............: (0.32, 0.96)
31:     optimizer ......................................: (2.73, 3.37)
31:     batch-generator ................................: (4.17, 4.99)
31:     forward-compute ................................: (503.00, 545.39)
31:     backward-compute ...............................: (1021.32, 1066.91)
31:  [2026-08-18 03:23:16.191602] iteration      316/   18141 | consumed samples:        91008 | elapsed time per iteration (ms): 1592.4 | throughput per GPU (TFLOP/s/GPU): 367.9 | learning rate: 2.528000E-04 | global batch size:   288 | lm loss: 4.526621E+00 | loss scale: 1.0 | grad norm: 0.530 | params norm: 673.344 | number of skipped iterations:   0 | number of nan iterations:   0 |
31: INFO:megatron.core.timers:(min, max) time across ranks (ms):
31:     forward-backward ...............................: (1573.91, 1574.00)
31:     embedding-grads-all-reduce .....................: (0.02, 0.02)
31:     all-grads-sync .................................: (0.17, 0.23)
31:     optimizer-copy-to-main-grad ....................: (0.15, 0.39)
31:     optimizer-inner-step ...........................: (0.55, 0.67)
31:     optimizer-copy-main-to-model-params ............: (0.35, 0.92)
31:     optimizer ......................................: (2.79, 3.36)
31:     batch-generator ................................: (4.22, 5.57)
31:     forward-compute ................................: (507.36, 540.06)
31:     backward-compute ...............................: (1028.95, 1062.85)
31:  [2026-08-18 03:23:17.761536] iteration      317/   18141 | consumed samples:        91296 | elapsed time per iteration (ms): 1569.8 | throughput per GPU (TFLOP/s/GPU): 371.1 | learning rate: 2.536000E-04 | global batch size:   288 | lm loss: 4.504636E+00 | loss scale: 1.0 | grad norm: 0.557 | params norm: 673.404 | number of skipped iterations:   0 | number of nan iterations:   0 |
31: INFO:megatron.core.timers:(min, max) time across ranks (ms):
31:     forward-backward ...............................: (1551.53, 1551.62)
31:     embedding-grads-all-reduce .....................: (0.02, 0.02)
31:     all-grads-sync .................................: (0.17, 0.23)
31:     optimizer-copy-to-main-grad ....................: (0.16, 0.36)
31:     optimizer-inner-step ...........................: (0.56, 0.69)
31:     optimizer-copy-main-to-model-params ............: (0.30, 0.95)
31:     optimizer ......................................: (2.68, 3.34)
31:     batch-generator ................................: (4.22, 4.86)
31:     forward-compute ................................: (493.99, 535.03)
31:     backward-compute ...............................: (1013.34, 1054.31)
31:  [2026-08-18 03:23:19.362689] iteration      318/   18141 | consumed samples:        91584 | elapsed time per iteration (ms): 1601.0 | throughput per GPU (TFLOP/s/GPU): 366.1 | learning rate: 2.544000E-04 | global batch size:   288 | lm loss: 4.513615E+00 | loss scale: 1.0 | grad norm: 0.623 | params norm: 673.464 | number of skipped iterations:   0 | number of nan iterations:   0 |
31: INFO:megatron.core.timers:(min, max) time across ranks (ms):
31:     forward-backward ...............................: (1583.57, 1583.66)
31:     embedding-grads-all-reduce .....................: (0.01, 0.02)
31:     all-grads-sync .................................: (0.17, 0.25)
31:     optimizer-copy-to-main-grad ....................: (0.15, 0.38)
31:     optimizer-inner-step ...........................: (0.54, 0.68)
31:     optimizer-copy-main-to-model-params ............: (0.32, 0.91)
31:     optimizer ......................................: (2.76, 3.34)
31:     batch-generator ................................: (4.15, 5.04)
31:     forward-compute ................................: (500.17, 547.29)
31:     backward-compute ...............................: (1030.93, 1080.06)
31:  [2026-08-18 03:23:20.970703] iteration      319/   18141 | consumed samples:        91872 | elapsed time per iteration (ms): 1607.9 | throughput per GPU (TFLOP/s/GPU): 362.1 | learning rate: 2.552000E-04 | global batch size:   288 | lm loss: 4.489289E+00 | loss scale: 1.0 | grad norm: 0.660 | params norm: 673.524 | number of skipped iterations:   0 | number of nan iterations:   0 |
31: INFO:megatron.core.timers:(min, max) time across ranks (ms):
31:     forward-backward ...............................: (1589.67, 1589.81)
31:     embedding-grads-all-reduce .....................: (0.01, 0.02)
31:     all-grads-sync .................................: (0.17, 0.24)
31:     optimizer-copy-to-main-grad ....................: (0.16, 0.37)
31:     optimizer-inner-step ...........................: (0.55, 0.69)
31:     optimizer-copy-main-to-model-params ............: (0.29, 0.92)
31:     optimizer ......................................: (2.74, 3.35)
31:     batch-generator ................................: (4.22, 4.83)
31:     forward-compute ................................: (499.57, 539.49)
31:     backward-compute ...............................: (1046.73, 1085.77)
31:  [2026-08-18 03:23:22.610717] iteration      320/   18141 | consumed samples:        92160 | elapsed time per iteration (ms): 1639.8 | throughput per GPU (TFLOP/s/GPU): 356.1 | learning rate: 2.560000E-04 | global batch size:   288 | lm loss: 4.524979E+00 | loss scale: 1.0 | grad norm: 0.653 | params norm: 673.584 | number of skipped iterations:   0 | number of nan iterations:   0 |
31: INFO:megatron.core.timers:(min, max) time across ranks (ms):
31:     forward-backward ...............................: (1622.11, 1622.22)
31:     embedding-grads-all-reduce .....................: (0.01, 0.02)
31:     all-grads-sync .................................: (0.16, 0.24)
31:     optimizer-copy-to-main-grad ....................: (0.15, 0.36)
31:     optimizer-inner-step ...........................: (0.55, 0.67)
31:     optimizer-copy-main-to-model-params ............: (0.32, 0.94)
31:     optimizer ......................................: (2.72, 3.35)
31:     batch-generator ................................: (4.18, 4.90)
31:     forward-compute ................................: (502.55, 551.29)
31:     backward-compute ...............................: (1064.69, 1115.29)
31:  [2026-08-18 03:23:24.211945] iteration      321/   18141 | consumed samples:        92448 | elapsed time per iteration (ms): 1601.1 | throughput per GPU (TFLOP/s/GPU): 364.5 | learning rate: 2.568000E-04 | global batch size:   288 | lm loss: 4.476728E+00 | loss scale: 1.0 | grad norm: 0.634 | params norm: 673.644 | number of skipped iterations:   0 | number of nan iterations:   0 |
31: INFO:megatron.core.timers:(min, max) time across ranks (ms):
31:     forward-backward ...............................: (1582.21, 1582.39)
31:     embedding-grads-all-reduce .....................: (0.02, 0.02)
31:     all-grads-sync .................................: (0.16, 0.22)
31:     optimizer-copy-to-main-grad ....................: (0.15, 0.38)
31:     optimizer-inner-step ...........................: (0.55, 0.68)
31:     optimizer-copy-main-to-model-params ............: (0.32, 0.93)
31:     optimizer ......................................: (2.77, 3.38)
31:     batch-generator ................................: (4.06, 4.75)
31:     forward-compute ................................: (500.36, 537.58)
31:     backward-compute ...............................: (1040.32, 1075.90)
31:  [2026-08-18 03:23:25.772790] iteration      322/   18141 | consumed samples:        92736 | elapsed time per iteration (ms): 1560.7 | throughput per GPU (TFLOP/s/GPU): 373.0 | learning rate: 2.576000E-04 | global batch size:   288 | lm loss: 4.492044E+00 | loss scale: 1.0 | grad norm: 0.684 | params norm: 673.704 | number of skipped iterations:   0 | number of nan iterations:   0 |
31: INFO:megatron.core.timers:(min, max) time across ranks (ms):
31:     forward-backward ...............................: (1541.95, 1542.03)
31:     embedding-grads-all-reduce .....................: (0.02, 0.02)
31:     all-grads-sync .................................: (0.16, 0.23)
31:     optimizer-copy-to-main-grad ....................: (0.16, 0.36)
31:     optimizer-inner-step ...........................: (0.55, 0.68)
31:     optimizer-copy-main-to-model-params ............: (0.31, 0.95)
31:     optimizer ......................................: (2.70, 3.34)
31:     batch-generator ................................: (4.17, 4.95)
31:     forward-compute ................................: (504.00, 536.98)
31:     backward-compute ...............................: (1000.80, 1032.30)
31:  [2026-08-18 03:23:27.350818] iteration      323/   18141 | consumed samples:        93024 | elapsed time per iteration (ms): 1577.8 | throughput per GPU (TFLOP/s/GPU): 368.7 | learning rate: 2.584000E-04 | global batch size:   288 | lm loss: 4.487215E+00 | loss scale: 1.0 | grad norm: 0.695 | params norm: 673.765 | number of skipped iterations:   0 | number of nan iterations:   0 |
31: INFO:megatron.core.timers:(min, max) time across ranks (ms):
31:     forward-backward ...............................: (1560.07, 1560.16)
31:     embedding-grads-all-reduce .....................: (0.02, 0.02)
31:     all-grads-sync .................................: (0.17, 0.25)
31:     optimizer-copy-to-main-grad ....................: (0.15, 0.39)
31:     optimizer-inner-step ...........................: (0.56, 0.67)
31:     optimizer-copy-main-to-model-params ............: (0.35, 0.95)
31:     optimizer ......................................: (2.79, 3.39)
31:     batch-generator ................................: (4.22, 4.85)
31:     forward-compute ................................: (494.74, 538.85)
31:     backward-compute ...............................: (1016.48, 1059.10)
31:  [2026-08-18 03:23:28.932055] iteration      324/   18141 | consumed samples:        93312 | elapsed time per iteration (ms): 1581.1 | throughput per GPU (TFLOP/s/GPU): 369.6 | learning rate: 2.592000E-04 | global batch size:   288 | lm loss: 4.503471E+00 | loss scale: 1.0 | grad norm: 0.642 | params norm: 673.825 | number of skipped iterations:   0 | number of nan iterations:   0 |
31: INFO:megatron.core.timers:(min, max) time across ranks (ms):
31:     forward-backward ...............................: (1562.68, 1562.76)
31:     embedding-grads-all-reduce .....................: (0.02, 0.02)
31:     all-grads-sync .................................: (0.17, 0.23)
31:     optimizer-copy-to-main-grad ....................: (0.16, 0.36)
31:     optimizer-inner-step ...........................: (0.55, 0.67)
31:     optimizer-copy-main-to-model-params ............: (0.34, 0.91)
31:     optimizer ......................................: (2.71, 3.28)
31:     batch-generator ................................: (4.16, 6.82)
31:     forward-compute ................................: (499.49, 531.77)
31:     backward-compute ...............................: (1024.10, 1055.17)
31:  [2026-08-18 03:23:30.542928] iteration      325/   18141 | consumed samples:        93600 | elapsed time per iteration (ms): 1610.7 | throughput per GPU (TFLOP/s/GPU): 363.4 | learning rate: 2.600000E-04 | global batch size:   288 | lm loss: 4.483525E+00 | loss scale: 1.0 | grad norm: 0.592 | params norm: 673.885 | number of skipped iterations:   0 | number of nan iterations:   0 |
31: INFO:megatron.core.timers:(min, max) time across ranks (ms):
31:     forward-backward ...............................: (1592.14, 1592.24)
31:     embedding-grads-all-reduce .....................: (0.02, 0.02)
31:     all-grads-sync .................................: (0.16, 0.23)
31:     optimizer-copy-to-main-grad ....................: (0.16, 0.35)
31:     optimizer-inner-step ...........................: (0.54, 0.67)
31:     optimizer-copy-main-to-model-params ............: (0.32, 0.96)
31:     optimizer ......................................: (2.70, 3.35)
31:     batch-generator ................................: (4.15, 6.38)
31:     forward-compute ................................: (503.78, 542.07)
31:     backward-compute ...............................: (1042.96, 1081.58)
31:  [2026-08-18 03:23:32.148926] iteration      326/   18141 | consumed samples:        93888 | elapsed time per iteration (ms): 1605.8 | throughput per GPU (TFLOP/s/GPU): 364.9 | learning rate: 2.608000E-04 | global batch size:   288 | lm loss: 4.488249E+00 | loss scale: 1.0 | grad norm: 0.624 | params norm: 673.946 | number of skipped iterations:   0 | number of nan iterations:   0 |
31: INFO:megatron.core.timers:(min, max) time across ranks (ms):
31:     forward-backward ...............................: (1586.92, 1587.02)
31:     embedding-grads-all-reduce .....................: (0.02, 0.02)
31:     all-grads-sync .................................: (0.16, 0.24)
31:     optimizer-copy-to-main-grad ....................: (0.16, 0.37)
31:     optimizer-inner-step ...........................: (0.56, 0.68)
31:     optimizer-copy-main-to-model-params ............: (0.34, 0.96)
31:     optimizer ......................................: (2.74, 3.35)
31:     batch-generator ................................: (4.13, 5.14)
31:     forward-compute ................................: (511.30, 541.04)
31:     backward-compute ...............................: (1039.24, 1072.46)
31:  [2026-08-18 03:23:33.733831] iteration      327/   18141 | consumed samples:        94176 | elapsed time per iteration (ms): 1584.7 | throughput per GPU (TFLOP/s/GPU): 367.9 | learning rate: 2.616000E-04 | global batch size:   288 | lm loss: 4.481068E+00 | loss scale: 1.0 | grad norm: 0.693 | params norm: 674.006 | number of skipped iterations:   0 | number of nan iterations:   0 |
31: INFO:megatron.core.timers:(min, max) time across ranks (ms):
31:     forward-backward ...............................: (1566.06, 1566.17)
31:     embedding-grads-all-reduce .....................: (0.02, 0.02)
31:     all-grads-sync .................................: (0.17, 0.23)
31:     optimizer-copy-to-main-grad ....................: (0.15, 0.36)
31:     optimizer-inner-step ...........................: (0.55, 0.68)
31:     optimizer-copy-main-to-model-params ............: (0.30, 0.93)
31:     optimizer ......................................: (2.68, 3.31)
31:     batch-generator ................................: (4.21, 4.94)
31:     forward-compute ................................: (502.07, 536.50)
31:     backward-compute ...............................: (1024.01, 1058.37)
31:  [2026-08-18 03:23:35.333556] iteration      328/   18141 | consumed samples:        94464 | elapsed time per iteration (ms): 1599.7 | throughput per GPU (TFLOP/s/GPU): 365.0 | learning rate: 2.624000E-04 | global batch size:   288 | lm loss: 4.463364E+00 | loss scale: 1.0 | grad norm: 0.650 | params norm: 674.067 | number of skipped iterations:   0 | number of nan iterations:   0 |
31: INFO:megatron.core.timers:(min, max) time across ranks (ms):
31:     forward-backward ...............................: (1581.45, 1581.56)
31:     embedding-grads-all-reduce .....................: (0.02, 0.02)
31:     all-grads-sync .................................: (0.17, 0.23)
31:     optimizer-copy-to-main-grad ....................: (0.15, 0.37)
31:     optimizer-inner-step ...........................: (0.55, 0.67)
31:     optimizer-copy-main-to-model-params ............: (0.35, 0.97)
31:     optimizer ......................................: (2.75, 3.36)
31:     batch-generator ................................: (4.19, 4.82)
31:     forward-compute ................................: (502.02, 534.67)
31:     backward-compute ...............................: (1043.39, 1074.48)
31:  [2026-08-18 03:23:36.897040] iteration      329/   18141 | consumed samples:        94752 | elapsed time per iteration (ms): 1563.3 | throughput per GPU (TFLOP/s/GPU): 373.8 | learning rate: 2.632000E-04 | global batch size:   288 | lm loss: 4.471419E+00 | loss scale: 1.0 | grad norm: 0.901 | params norm: 674.127 | number of skipped iterations:   0 | number of nan iterations:   0 |
31: INFO:megatron.core.timers:(min, max) time across ranks (ms):
31:     forward-backward ...............................: (1545.55, 1545.66)
31:     embedding-grads-all-reduce .....................: (0.01, 0.02)
31:     all-grads-sync .................................: (0.16, 0.24)
31:     optimizer-copy-to-main-grad ....................: (0.15, 0.39)
31:     optimizer-inner-step ...........................: (0.55, 0.67)
31:     optimizer-copy-main-to-model-params ............: (0.34, 1.02)
31:     optimizer ......................................: (2.80, 3.47)
31:     batch-generator ................................: (4.19, 5.58)
31:     forward-compute ................................: (493.98, 533.26)
31:     backward-compute ...............................: (1008.19, 1047.34)
31:  [2026-08-18 03:23:38.454372] iteration      330/   18141 | consumed samples:        95040 | elapsed time per iteration (ms): 1557.2 | throughput per GPU (TFLOP/s/GPU): 374.3 | learning rate: 2.640000E-04 | global batch size:   288 | lm loss: 4.463391E+00 | loss scale: 1.0 | grad norm: 0.801 | params norm: 674.189 | number of skipped iterations:   0 | number of nan iterations:   0 |
31: INFO:megatron.core.timers:(min, max) time across ranks (ms):
31:     forward-backward ...............................: (1538.64, 1538.75)
31:     embedding-grads-all-reduce .....................: (0.02, 0.02)
31:     all-grads-sync .................................: (0.16, 0.22)
31:     optimizer-copy-to-main-grad ....................: (0.15, 0.35)
31:     optimizer-inner-step ...........................: (0.55, 0.69)
31:     optimizer-copy-main-to-model-params ............: (0.34, 0.96)
31:     optimizer ......................................: (2.76, 3.38)
31:     batch-generator ................................: (4.20, 5.09)
31:     forward-compute ................................: (496.54, 537.22)
31:     backward-compute ...............................: (996.54, 1036.91)
31:  [2026-08-18 03:23:40.048054] iteration      331/   18141 | consumed samples:        95328 | elapsed time per iteration (ms): 1593.5 | throughput per GPU (TFLOP/s/GPU): 366.8 | learning rate: 2.648000E-04 | global batch size:   288 | lm loss: 4.495600E+00 | loss scale: 1.0 | grad norm: 0.721 | params norm: 674.250 | number of skipped iterations:   0 | number of nan iterations:   0 |
31: INFO:megatron.core.timers:(min, max) time across ranks (ms):
31:     forward-backward ...............................: (1575.84, 1575.98)
31:     embedding-grads-all-reduce .....................: (0.02, 0.02)
31:     all-grads-sync .................................: (0.17, 0.23)
31:     optimizer-copy-to-main-grad ....................: (0.15, 0.36)
31:     optimizer-inner-step ...........................: (0.55, 0.68)
31:     optimizer-copy-main-to-model-params ............: (0.35, 0.93)
31:     optimizer ......................................: (2.74, 3.33)
31:     batch-generator ................................: (4.22, 4.93)
31:     forward-compute ................................: (500.08, 538.59)
31:     backward-compute ...............................: (1033.24, 1071.79)
31:  [2026-08-18 03:23:41.618442] iteration      332/   18141 | consumed samples:        95616 | elapsed time per iteration (ms): 1570.1 | throughput per GPU (TFLOP/s/GPU): 370.8 | learning rate: 2.656000E-04 | global batch size:   288 | lm loss: 4.439943E+00 | loss scale: 1.0 | grad norm: 0.605 | params norm: 674.311 | number of skipped iterations:   0 | number of nan iterations:   0 |
31: INFO:megatron.core.timers:(min, max) time across ranks (ms):
31:     forward-backward ...............................: (1551.63, 1551.72)
31:     embedding-grads-all-reduce .....................: (0.02, 0.02)
31:     all-grads-sync .................................: (0.17, 0.23)
31:     optimizer-copy-to-main-grad ....................: (0.15, 0.35)
31:     optimizer-inner-step ...........................: (0.55, 0.70)
31:     optimizer-copy-main-to-model-params ............: (0.36, 0.96)
31:     optimizer ......................................: (2.79, 3.39)
31:     batch-generator ................................: (4.21, 5.35)
31:     forward-compute ................................: (498.72, 527.50)
31:     backward-compute ...............................: (1020.42, 1049.09)
31:  [2026-08-18 03:23:43.226936] iteration      333/   18141 | consumed samples:        95904 | elapsed time per iteration (ms): 1608.5 | throughput per GPU (TFLOP/s/GPU): 363.5 | learning rate: 2.664000E-04 | global batch size:   288 | lm loss: 4.464433E+00 | loss scale: 1.0 | grad norm: 0.626 | params norm: 674.373 | number of skipped iterations:   0 | number of nan iterations:   0 |
31: INFO:megatron.core.timers:(min, max) time across ranks (ms):
31:     forward-backward ...............................: (1589.55, 1589.63)
31:     embedding-grads-all-reduce .....................: (0.02, 0.02)
31:     all-grads-sync .................................: (0.17, 0.24)
31:     optimizer-copy-to-main-grad ....................: (0.16, 0.38)
31:     optimizer-inner-step ...........................: (0.55, 0.68)
31:     optimizer-copy-main-to-model-params ............: (0.31, 0.94)
31:     optimizer ......................................: (2.74, 3.37)
31:     batch-generator ................................: (4.25, 5.90)
31:     forward-compute ................................: (506.37, 542.40)
31:     backward-compute ...............................: (1043.01, 1079.03)
31:  [2026-08-18 03:23:44.795525] iteration      334/   18141 | consumed samples:        96192 | elapsed time per iteration (ms): 1568.4 | throughput per GPU (TFLOP/s/GPU): 371.8 | learning rate: 2.672000E-04 | global batch size:   288 | lm loss: 4.454115E+00 | loss scale: 1.0 | grad norm: 0.503 | params norm: 674.434 | number of skipped iterations:   0 | number of nan iterations:   0 |
31: INFO:megatron.core.timers:(min, max) time across ranks (ms):
31:     forward-backward ...............................: (1549.59, 1549.69)
31:     embedding-grads-all-reduce .....................: (0.02, 0.02)
31:     all-grads-sync .................................: (0.17, 0.22)
31:     optimizer-copy-to-main-grad ....................: (0.15, 0.37)
31:     optimizer-inner-step ...........................: (0.56, 0.67)
31:     optimizer-copy-main-to-model-params ............: (0.33, 0.91)
31:     optimizer ......................................: (2.75, 3.34)
31:     batch-generator ................................: (4.13, 4.97)
31:     forward-compute ................................: (503.06, 535.57)
31:     backward-compute ...............................: (1007.76, 1040.45)
31:  [2026-08-18 03:23:46.414872] iteration      335/   18141 | consumed samples:        96480 | elapsed time per iteration (ms): 1619.1 | throughput per GPU (TFLOP/s/GPU): 359.7 | learning rate: 2.680000E-04 | global batch size:   288 | lm loss: 4.451197E+00 | loss scale: 1.0 | grad norm: 0.495 | params norm: 674.496 | number of skipped iterations:   0 | number of nan iterations:   0 |
31: INFO:megatron.core.timers:(min, max) time across ranks (ms):
31:     forward-backward ...............................: (1600.59, 1600.67)
31:     embedding-grads-all-reduce .....................: (0.02, 0.02)
31:     all-grads-sync .................................: (0.16, 0.22)
31:     optimizer-copy-to-main-grad ....................: (0.16, 0.37)
31:     optimizer-inner-step ...........................: (0.54, 0.67)
31:     optimizer-copy-main-to-model-params ............: (0.36, 0.94)
31:     optimizer ......................................: (2.75, 3.33)
31:     batch-generator ................................: (4.17, 4.71)
31:     forward-compute ................................: (505.58, 548.52)
31:     backward-compute ...............................: (1048.93, 1090.03)
31:  [2026-08-18 03:23:48.009666] iteration      336/   18141 | consumed samples:        96768 | elapsed time per iteration (ms): 1594.7 | throughput per GPU (TFLOP/s/GPU): 365.5 | learning rate: 2.688000E-04 | global batch size:   288 | lm loss: 4.418560E+00 | loss scale: 1.0 | grad norm: 0.436 | params norm: 674.557 | number of skipped iterations:   0 | number of nan iterations:   0 |
31: INFO:megatron.core.timers:(min, max) time across ranks (ms):
31:     forward-backward ...............................: (1576.17, 1576.28)
31:     embedding-grads-all-reduce .....................: (0.02, 0.02)
31:     all-grads-sync .................................: (0.17, 0.23)
31:     optimizer-copy-to-main-grad ....................: (0.15, 0.37)
31:     optimizer-inner-step ...........................: (0.55, 0.67)
31:     optimizer-copy-main-to-model-params ............: (0.29, 0.95)
31:     optimizer ......................................: (2.69, 3.35)
31:     batch-generator ................................: (4.22, 4.71)
31:     forward-compute ................................: (501.65, 537.09)
31:     backward-compute ...............................: (1034.84, 1069.63)
31:  [2026-08-18 03:23:49.630791] iteration      337/   18141 | consumed samples:        97056 | elapsed time per iteration (ms): 1621.0 | throughput per GPU (TFLOP/s/GPU): 361.4 | learning rate: 2.696000E-04 | global batch size:   288 | lm loss: 4.425558E+00 | loss scale: 1.0 | grad norm: 0.451 | params norm: 674.618 | number of skipped iterations:   0 | number of nan iterations:   0 |
31: INFO:megatron.core.timers:(min, max) time across ranks (ms):
31:     forward-backward ...............................: (1602.83, 1602.90)
31:     embedding-grads-all-reduce .....................: (0.01, 0.02)
31:     all-grads-sync .................................: (0.17, 0.24)
31:     optimizer-copy-to-main-grad ....................: (0.15, 0.37)
31:     optimizer-inner-step ...........................: (0.55, 0.67)
31:     optimizer-copy-main-to-model-params ............: (0.33, 0.92)
31:     optimizer ......................................: (2.72, 3.32)
31:     batch-generator ................................: (4.20, 5.51)
31:     forward-compute ................................: (502.34, 543.66)
31:     backward-compute ...............................: (1055.66, 1096.42)
31:  [2026-08-18 03:23:51.209250] iteration      338/   18141 | consumed samples:        97344 | elapsed time per iteration (ms): 1578.3 | throughput per GPU (TFLOP/s/GPU): 370.6 | learning rate: 2.704000E-04 | global batch size:   288 | lm loss: 4.386180E+00 | loss scale: 1.0 | grad norm: 0.473 | params norm: 674.680 | number of skipped iterations:   0 | number of nan iterations:   0 |
31: INFO:megatron.core.timers:(min, max) time across ranks (ms):
31:     forward-backward ...............................: (1559.87, 1559.97)
31:     embedding-grads-all-reduce .....................: (0.01, 0.02)
31:     all-grads-sync .................................: (0.17, 0.23)
31:     optimizer-copy-to-main-grad ....................: (0.16, 0.35)
31:     optimizer-inner-step ...........................: (0.56, 0.67)
31:     optimizer-copy-main-to-model-params ............: (0.34, 0.93)
31:     optimizer ......................................: (2.73, 3.31)
31:     batch-generator ................................: (4.19, 5.40)
31:     forward-compute ................................: (500.60, 533.19)
31:     backward-compute ...............................: (1020.89, 1055.07)
31:  [2026-08-18 03:23:52.767926] iteration      339/   18141 | consumed samples:        97632 | elapsed time per iteration (ms): 1558.5 | throughput per GPU (TFLOP/s/GPU): 375.3 | learning rate: 2.712000E-04 | global batch size:   288 | lm loss: 4.434857E+00 | loss scale: 1.0 | grad norm: 0.497 | params norm: 674.741 | number of skipped iterations:   0 | number of nan iterations:   0 |
31: INFO:megatron.core.timers:(min, max) time across ranks (ms):
31:     forward-backward ...............................: (1540.15, 1540.34)
31:     embedding-grads-all-reduce .....................: (0.01, 0.02)
31:     all-grads-sync .................................: (0.17, 0.25)
31:     optimizer-copy-to-main-grad ....................: (0.15, 0.36)
31:     optimizer-inner-step ...........................: (0.56, 0.68)
31:     optimizer-copy-main-to-model-params ............: (0.29, 0.98)
31:     optimizer ......................................: (2.72, 3.41)
31:     batch-generator ................................: (4.17, 5.21)
31:     forward-compute ................................: (506.69, 536.26)
31:     backward-compute ...............................: (1000.16, 1029.20)
31:  [2026-08-18 03:23:54.369647] iteration      340/   18141 | consumed samples:        97920 | elapsed time per iteration (ms): 1601.6 | throughput per GPU (TFLOP/s/GPU): 364.8 | learning rate: 2.720000E-04 | global batch size:   288 | lm loss: 4.396352E+00 | loss scale: 1.0 | grad norm: 0.558 | params norm: 674.802 | number of skipped iterations:   0 | number of nan iterations:   0 |
31: INFO:megatron.core.timers:(min, max) time across ranks (ms):
31:     forward-backward ...............................: (1583.74, 1583.88)
31:     embedding-grads-all-reduce .....................: (0.02, 0.02)
31:     all-grads-sync .................................: (0.16, 0.22)
31:     optimizer-copy-to-main-grad ....................: (0.16, 0.36)
31:     optimizer-inner-step ...........................: (0.55, 0.67)
31:     optimizer-copy-main-to-model-params ............: (0.30, 0.92)
31:     optimizer ......................................: (2.67, 3.29)
31:     batch-generator ................................: (4.16, 6.38)
31:     forward-compute ................................: (495.97, 543.15)
31:     backward-compute ...............................: (1035.85, 1083.03)
31:  [2026-08-18 03:23:55.953193] iteration      341/   18141 | consumed samples:        98208 | elapsed time per iteration (ms): 1583.3 | throughput per GPU (TFLOP/s/GPU): 368.9 | learning rate: 2.728000E-04 | global batch size:   288 | lm loss: 4.422765E+00 | loss scale: 1.0 | grad norm: 0.593 | params norm: 674.863 | number of skipped iterations:   0 | number of nan iterations:   0 |
31: INFO:megatron.core.timers:(min, max) time across ranks (ms):
31:     forward-backward ...............................: (1565.32, 1565.43)
31:     embedding-grads-all-reduce .....................: (0.02, 0.02)
31:     all-grads-sync .................................: (0.17, 0.22)
31:     optimizer-copy-to-main-grad ....................: (0.16, 0.37)
31:     optimizer-inner-step ...........................: (0.55, 0.67)
31:     optimizer-copy-main-to-model-params ............: (0.33, 0.97)
31:     optimizer ......................................: (2.73, 3.37)
31:     batch-generator ................................: (4.17, 5.32)
31:     forward-compute ................................: (498.85, 537.69)
31:     backward-compute ...............................: (1019.60, 1061.26)
31:  [2026-08-18 03:23:57.547103] iteration      342/   18141 | consumed samples:        98496 | elapsed time per iteration (ms): 1593.7 | throughput per GPU (TFLOP/s/GPU): 367.4 | learning rate: 2.736000E-04 | global batch size:   288 | lm loss: 4.383199E+00 | loss scale: 1.0 | grad norm: 0.532 | params norm: 674.924 | number of skipped iterations:   0 | number of nan iterations:   0 |
31: INFO:megatron.core.timers:(min, max) time across ranks (ms):
31:     forward-backward ...............................: (1575.16, 1575.23)
31:     embedding-grads-all-reduce .....................: (0.02, 0.02)
31:     all-grads-sync .................................: (0.16, 0.26)
31:     optimizer-copy-to-main-grad ....................: (0.16, 0.38)
31:     optimizer-inner-step ...........................: (0.55, 0.67)
31:     optimizer-copy-main-to-model-params ............: (0.31, 0.99)
31:     optimizer ......................................: (2.75, 3.43)
31:     batch-generator ................................: (4.18, 4.91)
31:     forward-compute ................................: (509.40, 540.89)
31:     backward-compute ...............................: (1030.60, 1061.83)
31:  [2026-08-18 03:23:59.138240] iteration      343/   18141 | consumed samples:        98784 | elapsed time per iteration (ms): 1591.0 | throughput per GPU (TFLOP/s/GPU): 367.5 | learning rate: 2.744000E-04 | global batch size:   288 | lm loss: 4.393445E+00 | loss scale: 1.0 | grad norm: 0.641 | params norm: 674.984 | number of skipped iterations:   0 | number of nan iterations:   0 |
31: INFO:megatron.core.timers:(min, max) time across ranks (ms):
31:     forward-backward ...............................: (1572.20, 1572.33)
31:     embedding-grads-all-reduce .....................: (0.02, 0.02)
31:     all-grads-sync .................................: (0.17, 0.23)
31:     optimizer-copy-to-main-grad ....................: (0.15, 0.39)
31:     optimizer-inner-step ...........................: (0.55, 0.73)
31:     optimizer-copy-main-to-model-params ............: (0.31, 0.92)
31:     optimizer ......................................: (2.82, 3.43)
31:     batch-generator ................................: (4.24, 4.73)
31:     forward-compute ................................: (501.17, 540.82)
31:     backward-compute ...............................: (1027.10, 1065.03)
31:  [2026-08-18 03:24:00.729353] iteration      344/   18141 | consumed samples:        99072 | elapsed time per iteration (ms): 1590.9 | throughput per GPU (TFLOP/s/GPU): 368.8 | learning rate: 2.752000E-04 | global batch size:   288 | lm loss: 4.394852E+00 | loss scale: 1.0 | grad norm: 0.737 | params norm: 675.045 | number of skipped iterations:   0 | number of nan iterations:   0 |
31: INFO:megatron.core.timers:(min, max) time across ranks (ms):
31:     forward-backward ...............................: (1573.20, 1573.31)
31:     embedding-grads-all-reduce .....................: (0.02, 0.02)
31:     all-grads-sync .................................: (0.17, 0.22)
31:     optimizer-copy-to-main-grad ....................: (0.16, 0.37)
31:     optimizer-inner-step ...........................: (0.55, 0.66)
31:     optimizer-copy-main-to-model-params ............: (0.33, 0.92)
31:     optimizer ......................................: (2.75, 3.34)
31:     batch-generator ................................: (4.19, 4.99)
31:     forward-compute ................................: (500.13, 542.80)
31:     backward-compute ...............................: (1026.30, 1065.97)
31:  [2026-08-18 03:24:02.320348] iteration      345/   18141 | consumed samples:        99360 | elapsed time per iteration (ms): 1590.9 | throughput per GPU (TFLOP/s/GPU): 364.7 | learning rate: 2.760000E-04 | global batch size:   288 | lm loss: 4.375160E+00 | loss scale: 1.0 | grad norm: 0.624 | params norm: 675.107 | number of skipped iterations:   0 | number of nan iterations:   0 |
31: INFO:megatron.core.timers:(min, max) time across ranks (ms):
31:     forward-backward ...............................: (1573.04, 1573.24)
31:     embedding-grads-all-reduce .....................: (0.02, 0.02)
31:     all-grads-sync .................................: (0.17, 0.23)
31:     optimizer-copy-to-main-grad ....................: (0.16, 0.38)
31:     optimizer-inner-step ...........................: (0.55, 0.67)
31:     optimizer-copy-main-to-model-params ............: (0.33, 0.91)
31:     optimizer ......................................: (2.72, 3.31)
31:     batch-generator ................................: (4.18, 4.67)
31:     forward-compute ................................: (497.06, 541.18)
31:     backward-compute ...............................: (1028.32, 1070.80)
31:  [2026-08-18 03:24:03.957291] iteration      346/   18141 | consumed samples:        99648 | elapsed time per iteration (ms): 1636.8 | throughput per GPU (TFLOP/s/GPU): 356.6 | learning rate: 2.768000E-04 | global batch size:   288 | lm loss: 4.407910E+00 | loss scale: 1.0 | grad norm: 0.679 | params norm: 675.168 | number of skipped iterations:   0 | number of nan iterations:   0 |
31: INFO:megatron.core.timers:(min, max) time across ranks (ms):
31:     forward-backward ...............................: (1618.24, 1618.47)
31:     embedding-grads-all-reduce .....................: (0.02, 0.02)
31:     all-grads-sync .................................: (0.17, 0.23)
31:     optimizer-copy-to-main-grad ....................: (0.15, 0.39)
31:     optimizer-inner-step ...........................: (0.55, 0.68)
31:     optimizer-copy-main-to-model-params ............: (0.30, 1.05)
31:     optimizer ......................................: (2.71, 3.46)
31:     batch-generator ................................: (4.14, 4.84)
31:     forward-compute ................................: (504.96, 556.08)
31:     backward-compute ...............................: (1058.58, 1107.90)
31:  [2026-08-18 03:24:05.545703] iteration      347/   18141 | consumed samples:        99936 | elapsed time per iteration (ms): 1588.2 | throughput per GPU (TFLOP/s/GPU): 369.4 | learning rate: 2.776000E-04 | global batch size:   288 | lm loss: 4.393178E+00 | loss scale: 1.0 | grad norm: 0.669 | params norm: 675.229 | number of skipped iterations:   0 | number of nan iterations:   0 |
31: INFO:megatron.core.timers:(min, max) time across ranks (ms):
31:     forward-backward ...............................: (1569.59, 1569.74)
31:     embedding-grads-all-reduce .....................: (0.02, 0.02)
31:     all-grads-sync .................................: (0.17, 0.23)
31:     optimizer-copy-to-main-grad ....................: (0.16, 0.38)
31:     optimizer-inner-step ...........................: (0.55, 0.71)
31:     optimizer-copy-main-to-model-params ............: (0.33, 0.98)
31:     optimizer ......................................: (2.79, 3.44)
31:     batch-generator ................................: (4.11, 4.77)
31:     forward-compute ................................: (505.60, 536.53)
31:     backward-compute ...............................: (1027.48, 1059.90)
31:  [2026-08-18 03:24:07.146587] iteration      348/   18141 | consumed samples:       100224 | elapsed time per iteration (ms): 1600.7 | throughput per GPU (TFLOP/s/GPU): 366.1 | learning rate: 2.784000E-04 | global batch size:   288 | lm loss: 4.353412E+00 | loss scale: 1.0 | grad norm: 0.546 | params norm: 675.291 | number of skipped iterations:   0 | number of nan iterations:   0 |
31: INFO:megatron.core.timers:(min, max) time across ranks (ms):
31:     forward-backward ...............................: (1583.15, 1583.28)
31:     embedding-grads-all-reduce .....................: (0.02, 0.02)
31:     all-grads-sync .................................: (0.17, 0.23)
31:     optimizer-copy-to-main-grad ....................: (0.15, 0.39)
31:     optimizer-inner-step ...........................: (0.55, 0.67)
31:     optimizer-copy-main-to-model-params ............: (0.33, 0.92)
31:     optimizer ......................................: (2.80, 3.39)
31:     batch-generator ................................: (4.20, 5.24)
31:     forward-compute ................................: (502.07, 541.88)
31:     backward-compute ...............................: (1037.59, 1077.88)
31:  [2026-08-18 03:24:08.756980] iteration      349/   18141 | consumed samples:       100512 | elapsed time per iteration (ms): 1610.2 | throughput per GPU (TFLOP/s/GPU): 364.4 | learning rate: 2.792000E-04 | global batch size:   288 | lm loss: 4.405152E+00 | loss scale: 1.0 | grad norm: 0.546 | params norm: 675.353 | number of skipped iterations:   0 | number of nan iterations:   0 |
31: INFO:megatron.core.timers:(min, max) time across ranks (ms):
31:     forward-backward ...............................: (1592.17, 1592.26)
31:     embedding-grads-all-reduce .....................: (0.02, 0.02)
31:     all-grads-sync .................................: (0.16, 0.24)
31:     optimizer-copy-to-main-grad ....................: (0.15, 0.38)
31:     optimizer-inner-step ...........................: (0.55, 0.68)
31:     optimizer-copy-main-to-model-params ............: (0.31, 0.98)
31:     optimizer ......................................: (2.74, 3.40)
31:     batch-generator ................................: (4.09, 5.37)
31:     forward-compute ................................: (499.85, 537.33)
31:     backward-compute ...............................: (1050.01, 1086.29)
31:  [2026-08-18 03:24:10.360703] iteration      350/   18141 | consumed samples:       100800 | elapsed time per iteration (ms): 1603.6 | throughput per GPU (TFLOP/s/GPU): 365.1 | learning rate: 2.800000E-04 | global batch size:   288 | lm loss: 4.381306E+00 | loss scale: 1.0 | grad norm: 0.567 | params norm: 675.414 | number of skipped iterations:   0 | number of nan iterations:   0 |
31: INFO:megatron.core.timers:(min, max) time across ranks (ms):
31:     forward-backward ...............................: (1585.12, 1585.23)
31:     embedding-grads-all-reduce .....................: (0.02, 0.02)
31:     all-grads-sync .................................: (0.17, 0.23)
31:     optimizer-copy-to-main-grad ....................: (0.16, 0.37)
31:     optimizer-inner-step ...........................: (0.54, 0.68)
31:     optimizer-copy-main-to-model-params ............: (0.33, 0.92)
31:     optimizer ......................................: (2.75, 3.35)
31:     batch-generator ................................: (4.21, 4.66)
31:     forward-compute ................................: (498.37, 542.12)
31:     backward-compute ...............................: (1036.81, 1081.80)
31:  [2026-08-18 03:24:11.974040] iteration      351/   18141 | consumed samples:       101088 | elapsed time per iteration (ms): 1613.2 | throughput per GPU (TFLOP/s/GPU): 360.8 | learning rate: 2.808000E-04 | global batch size:   288 | lm loss: 4.361543E+00 | loss scale: 1.0 | grad norm: 0.577 | params norm: 675.476 | number of skipped iterations:   0 | number of nan iterations:   0 |
31: INFO:megatron.core.timers:(min, max) time across ranks (ms):
31:     forward-backward ...............................: (1595.31, 1595.42)
31:     embedding-grads-all-reduce .....................: (0.02, 0.02)
31:     all-grads-sync .................................: (0.17, 0.22)
31:     optimizer-copy-to-main-grad ....................: (0.15, 0.37)
31:     optimizer-inner-step ...........................: (0.55, 0.68)
31:     optimizer-copy-main-to-model-params ............: (0.33, 0.88)
31:     optimizer ......................................: (2.75, 3.29)
31:     batch-generator ................................: (4.10, 5.64)
31:     forward-compute ................................: (503.86, 537.70)
31:     backward-compute ...............................: (1050.33, 1087.25)
31:  [2026-08-18 03:24:13.577590] iteration      352/   18141 | consumed samples:       101376 | elapsed time per iteration (ms): 1603.4 | throughput per GPU (TFLOP/s/GPU): 364.5 | learning rate: 2.816000E-04 | global batch size:   288 | lm loss: 4.377971E+00 | loss scale: 1.0 | grad norm: 0.645 | params norm: 675.538 | number of skipped iterations:   0 | number of nan iterations:   0 |
31: INFO:megatron.core.timers:(min, max) time across ranks (ms):
31:     forward-backward ...............................: (1585.59, 1585.69)
31:     embedding-grads-all-reduce .....................: (0.01, 0.02)
31:     all-grads-sync .................................: (0.17, 0.22)
31:     optimizer-copy-to-main-grad ....................: (0.15, 0.36)
31:     optimizer-inner-step ...........................: (0.55, 0.67)
31:     optimizer-copy-main-to-model-params ............: (0.31, 0.77)
31:     optimizer ......................................: (2.67, 3.13)
31:     batch-generator ................................: (4.24, 5.42)
31:     forward-compute ................................: (497.85, 542.70)
31:     backward-compute ...............................: (1038.62, 1079.83)
31:  [2026-08-18 03:24:15.193373] iteration      353/   18141 | consumed samples:       101664 | elapsed time per iteration (ms): 1615.6 | throughput per GPU (TFLOP/s/GPU): 361.3 | learning rate: 2.824000E-04 | global batch size:   288 | lm loss: 4.376534E+00 | loss scale: 1.0 | grad norm: 0.653 | params norm: 675.600 | number of skipped iterations:   0 | number of nan iterations:   0 |
31: INFO:megatron.core.timers:(min, max) time across ranks (ms):
31:     forward-backward ...............................: (1597.86, 1597.97)
31:     embedding-grads-all-reduce .....................: (0.02, 0.02)
31:     all-grads-sync .................................: (0.16, 0.22)
31:     optimizer-copy-to-main-grad ....................: (0.15, 0.37)
31:     optimizer-inner-step ...........................: (0.56, 0.68)
31:     optimizer-copy-main-to-model-params ............: (0.34, 0.95)
31:     optimizer ......................................: (2.75, 3.36)
31:     batch-generator ................................: (3.98, 5.04)
31:     forward-compute ................................: (502.16, 544.00)
31:     backward-compute ...............................: (1046.72, 1091.55)
31:  [2026-08-18 03:24:16.767442] iteration      354/   18141 | consumed samples:       101952 | elapsed time per iteration (ms): 1573.9 | throughput per GPU (TFLOP/s/GPU): 371.0 | learning rate: 2.832000E-04 | global batch size:   288 | lm loss: 4.373325E+00 | loss scale: 1.0 | grad norm: 0.649 | params norm: 675.662 | number of skipped iterations:   0 | number of nan iterations:   0 |
31: INFO:megatron.core.timers:(min, max) time across ranks (ms):
31:     forward-backward ...............................: (1556.07, 1556.15)
31:     embedding-grads-all-reduce .....................: (0.01, 0.02)
31:     all-grads-sync .................................: (0.17, 0.23)
31:     optimizer-copy-to-main-grad ....................: (0.15, 0.36)
31:     optimizer-inner-step ...........................: (0.55, 0.68)
31:     optimizer-copy-main-to-model-params ............: (0.33, 0.95)
31:     optimizer ......................................: (2.76, 3.38)
31:     batch-generator ................................: (4.21, 6.10)
31:     forward-compute ................................: (499.60, 541.01)
31:     backward-compute ...............................: (1008.99, 1049.67)
31:  [2026-08-18 03:24:18.331737] iteration      355/   18141 | consumed samples:       102240 | elapsed time per iteration (ms): 1564.2 | throughput per GPU (TFLOP/s/GPU): 373.4 | learning rate: 2.840000E-04 | global batch size:   288 | lm loss: 4.407618E+00 | loss scale: 1.0 | grad norm: 0.749 | params norm: 675.724 | number of skipped iterations:   0 | number of nan iterations:   0 |
31: INFO:megatron.core.timers:(min, max) time across ranks (ms):
31:     forward-backward ...............................: (1546.74, 1546.84)
31:     embedding-grads-all-reduce .....................: (0.01, 0.02)
31:     all-grads-sync .................................: (0.16, 0.23)
31:     optimizer-copy-to-main-grad ....................: (0.15, 0.37)
31:     optimizer-inner-step ...........................: (0.56, 0.68)
31:     optimizer-copy-main-to-model-params ............: (0.33, 0.95)
31:     optimizer ......................................: (2.75, 3.36)
31:     batch-generator ................................: (4.18, 5.41)
31:     forward-compute ................................: (499.31, 537.17)
31:     backward-compute ...............................: (1005.36, 1041.96)
31:  [2026-08-18 03:24:19.944971] iteration      356/   18141 | consumed samples:       102528 | elapsed time per iteration (ms): 1613.1 | throughput per GPU (TFLOP/s/GPU): 362.5 | learning rate: 2.848000E-04 | global batch size:   288 | lm loss: 4.359954E+00 | loss scale: 1.0 | grad norm: 0.661 | params norm: 675.788 | number of skipped iterations:   0 | number of nan iterations:   0 |
31: INFO:megatron.core.timers:(min, max) time across ranks (ms):
31:     forward-backward ...............................: (1594.40, 1594.52)
31:     embedding-grads-all-reduce .....................: (0.02, 0.02)
31:     all-grads-sync .................................: (0.17, 0.24)
31:     optimizer-copy-to-main-grad ....................: (0.15, 0.37)
31:     optimizer-inner-step ...........................: (0.55, 0.68)
31:     optimizer-copy-main-to-model-params ............: (0.31, 0.87)
31:     optimizer ......................................: (2.75, 3.31)
31:     batch-generator ................................: (4.17, 4.85)
31:     forward-compute ................................: (509.17, 544.07)
31:     backward-compute ...............................: (1046.63, 1081.87)
31:  [2026-08-18 03:24:21.512711] iteration      357/   18141 | consumed samples:       102816 | elapsed time per iteration (ms): 1567.6 | throughput per GPU (TFLOP/s/GPU): 372.6 | learning rate: 2.856000E-04 | global batch size:   288 | lm loss: 4.357702E+00 | loss scale: 1.0 | grad norm: 0.693 | params norm: 675.851 | number of skipped iterations:   0 | number of nan iterations:   0 |
31: INFO:megatron.core.timers:(min, max) time across ranks (ms):
31:     forward-backward ...............................: (1549.17, 1549.29)
31:     embedding-grads-all-reduce .....................: (0.02, 0.02)
31:     all-grads-sync .................................: (0.17, 0.22)
31:     optimizer-copy-to-main-grad ....................: (0.16, 0.36)
31:     optimizer-inner-step ...........................: (0.55, 0.68)
31:     optimizer-copy-main-to-model-params ............: (0.32, 0.97)
31:     optimizer ......................................: (2.73, 3.38)
31:     batch-generator ................................: (4.09, 4.77)
31:     forward-compute ................................: (504.19, 535.91)
31:     backward-compute ...............................: (1010.02, 1040.50)
31:  [2026-08-18 03:24:23.082549] iteration      358/   18141 | consumed samples:       103104 | elapsed time per iteration (ms): 1569.7 | throughput per GPU (TFLOP/s/GPU): 371.7 | learning rate: 2.864000E-04 | global batch size:   288 | lm loss: 4.371835E+00 | loss scale: 1.0 | grad norm: 0.700 | params norm: 675.915 | number of skipped iterations:   0 | number of nan iterations:   0 |
31: INFO:megatron.core.timers:(min, max) time across ranks (ms):
31:     forward-backward ...............................: (1551.01, 1551.13)
31:     embedding-grads-all-reduce .....................: (0.02, 0.02)
31:     all-grads-sync .................................: (0.16, 0.23)
31:     optimizer-copy-to-main-grad ....................: (0.16, 0.38)
31:     optimizer-inner-step ...........................: (0.56, 0.70)
31:     optimizer-copy-main-to-model-params ............: (0.32, 0.96)
31:     optimizer ......................................: (2.80, 3.44)
31:     batch-generator ................................: (4.15, 4.74)
31:     forward-compute ................................: (496.50, 535.44)
31:     backward-compute ...............................: (1012.03, 1050.15)
31:  [2026-08-18 03:24:24.669467] iteration      359/   18141 | consumed samples:       103392 | elapsed time per iteration (ms): 1586.8 | throughput per GPU (TFLOP/s/GPU): 368.3 | learning rate: 2.872000E-04 | global batch size:   288 | lm loss: 4.387711E+00 | loss scale: 1.0 | grad norm: 0.723 | params norm: 675.978 | number of skipped iterations:   0 | number of nan iterations:   0 |
31: INFO:megatron.core.timers:(min, max) time across ranks (ms):
31:     forward-backward ...............................: (1568.28, 1568.45)
31:     embedding-grads-all-reduce .....................: (0.02, 0.02)
31:     all-grads-sync .................................: (0.17, 0.24)
31:     optimizer-copy-to-main-grad ....................: (0.15, 0.38)
31:     optimizer-inner-step ...........................: (0.55, 0.67)
31:     optimizer-copy-main-to-model-params ............: (0.31, 0.92)
31:     optimizer ......................................: (2.74, 3.35)
31:     batch-generator ................................: (4.25, 4.91)
31:     forward-compute ................................: (502.84, 540.94)
31:     backward-compute ...............................: (1022.21, 1061.00)
31:  [2026-08-18 03:24:26.273492] iteration      360/   18141 | consumed samples:       103680 | elapsed time per iteration (ms): 1603.8 | throughput per GPU (TFLOP/s/GPU): 364.9 | learning rate: 2.880000E-04 | global batch size:   288 | lm loss: 4.381735E+00 | loss scale: 1.0 | grad norm: 0.811 | params norm: 676.042 | number of skipped iterations:   0 | number of nan iterations:   0 |
31: INFO:megatron.core.timers:(min, max) time across ranks (ms):
31:     forward-backward ...............................: (1585.17, 1585.26)
31:     embedding-grads-all-reduce .....................: (0.02, 0.02)
31:     all-grads-sync .................................: (0.16, 0.23)
31:     optimizer-copy-to-main-grad ....................: (0.16, 0.36)
31:     optimizer-inner-step ...........................: (0.55, 0.67)
31:     optimizer-copy-main-to-model-params ............: (0.34, 0.95)
31:     optimizer ......................................: (2.75, 3.36)
31:     batch-generator ................................: (4.10, 4.76)
31:     forward-compute ................................: (505.94, 547.17)
31:     backward-compute ...............................: (1034.37, 1073.88)
31:  [2026-08-18 03:24:27.839875] iteration      361/   18141 | consumed samples:       103968 | elapsed time per iteration (ms): 1566.2 | throughput per GPU (TFLOP/s/GPU): 371.0 | learning rate: 2.888000E-04 | global batch size:   288 | lm loss: 4.362407E+00 | loss scale: 1.0 | grad norm: 0.860 | params norm: 676.106 | number of skipped iterations:   0 | number of nan iterations:   0 |
31: INFO:megatron.core.timers:(min, max) time across ranks (ms):
31:     forward-backward ...............................: (1548.24, 1548.38)
31:     embedding-grads-all-reduce .....................: (0.02, 0.02)
31:     all-grads-sync .................................: (0.16, 0.23)
31:     optimizer-copy-to-main-grad ....................: (0.16, 0.39)
31:     optimizer-inner-step ...........................: (0.56, 0.69)
31:     optimizer-copy-main-to-model-params ............: (0.32, 0.92)
31:     optimizer ......................................: (2.76, 3.37)
31:     batch-generator ................................: (4.19, 4.72)
31:     forward-compute ................................: (500.80, 538.74)
31:     backward-compute ...............................: (1006.10, 1042.99)
31:  [2026-08-18 03:24:29.483356] iteration      362/   18141 | consumed samples:       104256 | elapsed time per iteration (ms): 1643.3 | throughput per GPU (TFLOP/s/GPU): 355.6 | learning rate: 2.896000E-04 | global batch size:   288 | lm loss: 4.369728E+00 | loss scale: 1.0 | grad norm: 0.934 | params norm: 676.171 | number of skipped iterations:   0 | number of nan iterations:   0 |
31: INFO:megatron.core.timers:(min, max) time across ranks (ms):
31:     forward-backward ...............................: (1624.83, 1624.91)
31:     embedding-grads-all-reduce .....................: (0.01, 0.02)
31:     all-grads-sync .................................: (0.16, 0.23)
31:     optimizer-copy-to-main-grad ....................: (0.15, 0.39)
31:     optimizer-inner-step ...........................: (0.55, 0.71)
31:     optimizer-copy-main-to-model-params ............: (0.33, 0.91)
31:     optimizer ......................................: (2.81, 3.39)
31:     batch-generator ................................: (4.15, 4.78)
31:     forward-compute ................................: (505.24, 557.29)
31:     backward-compute ...............................: (1063.78, 1114.24)
31:  [2026-08-18 03:24:31.059179] iteration      363/   18141 | consumed samples:       104544 | elapsed time per iteration (ms): 1575.6 | throughput per GPU (TFLOP/s/GPU): 370.3 | learning rate: 2.904000E-04 | global batch size:   288 | lm loss: 4.358091E+00 | loss scale: 1.0 | grad norm: 0.727 | params norm: 676.236 | number of skipped iterations:   0 | number of nan iterations:   0 |
31: INFO:megatron.core.timers:(min, max) time across ranks (ms):
31:     forward-backward ...............................: (1556.93, 1557.01)
31:     embedding-grads-all-reduce .....................: (0.01, 0.02)
31:     all-grads-sync .................................: (0.17, 0.24)
31:     optimizer-copy-to-main-grad ....................: (0.15, 0.36)
31:     optimizer-inner-step ...........................: (0.55, 0.67)
31:     optimizer-copy-main-to-model-params ............: (0.33, 0.87)
31:     optimizer ......................................: (2.82, 3.36)
31:     batch-generator ................................: (4.19, 5.36)
31:     forward-compute ................................: (497.51, 532.42)
31:     backward-compute ...............................: (1018.94, 1051.60)
31:  [2026-08-18 03:24:32.662075] iteration      364/   18141 | consumed samples:       104832 | elapsed time per iteration (ms): 1602.8 | throughput per GPU (TFLOP/s/GPU): 365.6 | learning rate: 2.912000E-04 | global batch size:   288 | lm loss: 4.375162E+00 | loss scale: 1.0 | grad norm: 1.013 | params norm: 676.303 | number of skipped iterations:   0 | number of nan iterations:   0 |
31: INFO:megatron.core.timers:(min, max) time across ranks (ms):
31:     forward-backward ...............................: (1584.45, 1584.64)
31:     embedding-grads-all-reduce .....................: (0.02, 0.02)
31:     all-grads-sync .................................: (0.17, 0.23)
31:     optimizer-copy-to-main-grad ....................: (0.16, 0.36)
31:     optimizer-inner-step ...........................: (0.54, 0.68)
31:     optimizer-copy-main-to-model-params ............: (0.31, 0.88)
31:     optimizer ......................................: (2.71, 3.28)
31:     batch-generator ................................: (4.11, 6.15)
31:     forward-compute ................................: (499.60, 542.96)
31:     backward-compute ...............................: (1037.90, 1080.67)
31:  [2026-08-18 03:24:34.235789] iteration      365/   18141 | consumed samples:       105120 | elapsed time per iteration (ms): 1573.5 | throughput per GPU (TFLOP/s/GPU): 370.4 | learning rate: 2.920000E-04 | global batch size:   288 | lm loss: 4.399608E+00 | loss scale: 1.0 | grad norm: 0.878 | params norm: 676.367 | number of skipped iterations:   0 | number of nan iterations:   0 |
31: INFO:megatron.core.timers:(min, max) time across ranks (ms):
31:     forward-backward ...............................: (1556.15, 1556.26)
31:     embedding-grads-all-reduce .....................: (0.01, 0.02)
31:     all-grads-sync .................................: (0.17, 0.23)
31:     optimizer-copy-to-main-grad ....................: (0.15, 0.36)
31:     optimizer-inner-step ...........................: (0.55, 0.68)
31:     optimizer-copy-main-to-model-params ............: (0.31, 0.85)
31:     optimizer ......................................: (2.74, 3.25)
31:     batch-generator ................................: (4.11, 5.21)
31:     forward-compute ................................: (498.06, 536.19)
31:     backward-compute ...............................: (1016.36, 1054.29)
31:  [2026-08-18 03:24:35.799817] iteration      366/   18141 | consumed samples:       105408 | elapsed time per iteration (ms): 1563.8 | throughput per GPU (TFLOP/s/GPU): 373.6 | learning rate: 2.928000E-04 | global batch size:   288 | lm loss: 4.410613E+00 | loss scale: 1.0 | grad norm: 1.066 | params norm: 676.436 | number of skipped iterations:   0 | number of nan iterations:   0 |
31: INFO:megatron.core.timers:(min, max) time across ranks (ms):
31:     forward-backward ...............................: (1544.89, 1545.03)
31:     embedding-grads-all-reduce .....................: (0.02, 0.02)
31:     all-grads-sync .................................: (0.17, 0.22)
31:     optimizer-copy-to-main-grad ....................: (0.15, 0.41)
31:     optimizer-inner-step ...........................: (0.55, 0.70)
31:     optimizer-copy-main-to-model-params ............: (0.33, 1.00)
31:     optimizer ......................................: (2.84, 3.51)
31:     batch-generator ................................: (4.09, 4.78)
31:     forward-compute ................................: (499.60, 534.45)
31:     backward-compute ...............................: (1004.38, 1039.79)
31:  [2026-08-18 03:24:37.384694] iteration      367/   18141 | consumed samples:       105696 | elapsed time per iteration (ms): 1584.7 | throughput per GPU (TFLOP/s/GPU): 366.8 | learning rate: 2.936000E-04 | global batch size:   288 | lm loss: 4.370433E+00 | loss scale: 1.0 | grad norm: 0.828 | params norm: 676.503 | number of skipped iterations:   0 | number of nan iterations:   0 |
31: INFO:megatron.core.timers:(min, max) time across ranks (ms):
31:     forward-backward ...............................: (1566.44, 1566.53)
31:     embedding-grads-all-reduce .....................: (0.02, 0.02)
31:     all-grads-sync .................................: (0.17, 0.22)
31:     optimizer-copy-to-main-grad ....................: (0.16, 0.36)
31:     optimizer-inner-step ...........................: (0.55, 0.67)
31:     optimizer-copy-main-to-model-params ............: (0.34, 0.97)
31:     optimizer ......................................: (2.77, 3.40)
31:     batch-generator ................................: (4.06, 4.78)
31:     forward-compute ................................: (494.00, 542.28)
31:     backward-compute ...............................: (1020.74, 1065.89)
31:  [2026-08-18 03:24:38.959631] iteration      368/   18141 | consumed samples:       105984 | elapsed time per iteration (ms): 1574.8 | throughput per GPU (TFLOP/s/GPU): 369.0 | learning rate: 2.944000E-04 | global batch size:   288 | lm loss: 4.389916E+00 | loss scale: 1.0 | grad norm: 0.794 | params norm: 676.572 | number of skipped iterations:   0 | number of nan iterations:   0 |
31: INFO:megatron.core.timers:(min, max) time across ranks (ms):
31:     forward-backward ...............................: (1556.29, 1556.40)
31:     embedding-grads-all-reduce .....................: (0.01, 0.02)
31:     all-grads-sync .................................: (0.17, 0.22)
31:     optimizer-copy-to-main-grad ....................: (0.15, 0.43)
31:     optimizer-inner-step ...........................: (0.55, 0.68)
31:     optimizer-copy-main-to-model-params ............: (0.30, 0.93)
31:     optimizer ......................................: (2.76, 3.38)
31:     batch-generator ................................: (4.23, 4.73)
31:     forward-compute ................................: (498.74, 539.14)
31:     backward-compute ...............................: (1012.97, 1053.32)
31:  [2026-08-18 03:24:40.559169] iteration      369/   18141 | consumed samples:       106272 | elapsed time per iteration (ms): 1599.2 | throughput per GPU (TFLOP/s/GPU): 366.5 | learning rate: 2.952000E-04 | global batch size:   288 | lm loss: 4.408649E+00 | loss scale: 1.0 | grad norm: 0.705 | params norm: 676.639 | number of skipped iterations:   0 | number of nan iterations:   0 |
31: INFO:megatron.core.timers:(min, max) time across ranks (ms):
31:     forward-backward ...............................: (1581.28, 1581.37)
31:     embedding-grads-all-reduce .....................: (0.01, 0.02)
31:     all-grads-sync .................................: (0.16, 0.26)
31:     optimizer-copy-to-main-grad ....................: (0.16, 0.38)
31:     optimizer-inner-step ...........................: (0.55, 0.68)
31:     optimizer-copy-main-to-model-params ............: (0.32, 0.95)
31:     optimizer ......................................: (2.82, 3.45)
31:     batch-generator ................................: (4.19, 4.90)
31:     forward-compute ................................: (504.96, 547.80)
31:     backward-compute ...............................: (1030.01, 1072.51)
31:  [2026-08-18 03:24:42.127634] iteration      370/   18141 | consumed samples:       106560 | elapsed time per iteration (ms): 1568.4 | throughput per GPU (TFLOP/s/GPU): 371.3 | learning rate: 2.960000E-04 | global batch size:   288 | lm loss: 4.397527E+00 | loss scale: 1.0 | grad norm: 0.944 | params norm: 676.707 | number of skipped iterations:   0 | number of nan iterations:   0 |
31: INFO:megatron.core.timers:(min, max) time across ranks (ms):
31:     forward-backward ...............................: (1550.05, 1550.15)
31:     embedding-grads-all-reduce .....................: (0.02, 0.02)
31:     all-grads-sync .................................: (0.15, 0.22)
31:     optimizer-copy-to-main-grad ....................: (0.15, 0.40)
31:     optimizer-inner-step ...........................: (0.55, 0.68)
31:     optimizer-copy-main-to-model-params ............: (0.32, 0.95)
31:     optimizer ......................................: (2.78, 3.41)
31:     batch-generator ................................: (4.17, 5.07)
31:     forward-compute ................................: (501.51, 537.02)
31:     backward-compute ...............................: (1007.75, 1043.74)
31:  [2026-08-18 03:24:43.695533] iteration      371/   18141 | consumed samples:       106848 | elapsed time per iteration (ms): 1567.7 | throughput per GPU (TFLOP/s/GPU): 372.3 | learning rate: 2.968000E-04 | global batch size:   288 | lm loss: 4.388659E+00 | loss scale: 1.0 | grad norm: 0.810 | params norm: 676.776 | number of skipped iterations:   0 | number of nan iterations:   0 |
31: INFO:megatron.core.timers:(min, max) time across ranks (ms):
31:     forward-backward ...............................: (1549.27, 1549.36)
31:     embedding-grads-all-reduce .....................: (0.02, 0.02)
31:     all-grads-sync .................................: (0.16, 0.24)
31:     optimizer-copy-to-main-grad ....................: (0.16, 0.41)
31:     optimizer-inner-step ...........................: (0.56, 0.67)
31:     optimizer-copy-main-to-model-params ............: (0.34, 0.99)
31:     optimizer ......................................: (2.82, 3.47)
31:     batch-generator ................................: (4.10, 5.87)
31:     forward-compute ................................: (500.65, 539.56)
31:     backward-compute ...............................: (1005.40, 1043.88)
31:  [2026-08-18 03:24:45.290271] iteration      372/   18141 | consumed samples:       107136 | elapsed time per iteration (ms): 1594.5 | throughput per GPU (TFLOP/s/GPU): 366.8 | learning rate: 2.976000E-04 | global batch size:   288 | lm loss: 4.353437E+00 | loss scale: 1.0 | grad norm: 0.585 | params norm: 676.844 | number of skipped iterations:   0 | number of nan iterations:   0 |
31: INFO:megatron.core.timers:(min, max) time across ranks (ms):
31:     forward-backward ...............................: (1576.16, 1576.28)
31:     embedding-grads-all-reduce .....................: (0.01, 0.02)
31:     all-grads-sync .................................: (0.17, 0.22)
31:     optimizer-copy-to-main-grad ....................: (0.15, 0.37)
31:     optimizer-inner-step ...........................: (0.55, 0.69)
31:     optimizer-copy-main-to-model-params ............: (0.30, 0.96)
31:     optimizer ......................................: (2.73, 3.39)
31:     batch-generator ................................: (4.12, 5.29)
31:     forward-compute ................................: (498.15, 538.06)
31:     backward-compute ...............................: (1033.14, 1073.43)
31:  [2026-08-18 03:24:46.855763] iteration      373/   18141 | consumed samples:       107424 | elapsed time per iteration (ms): 1565.4 | throughput per GPU (TFLOP/s/GPU): 370.9 | learning rate: 2.984000E-04 | global batch size:   288 | lm loss: 4.337011E+00 | loss scale: 1.0 | grad norm: 0.694 | params norm: 676.914 | number of skipped iterations:   0 | number of nan iterations:   0 |
31: INFO:megatron.core.timers:(min, max) time across ranks (ms):
31:     forward-backward ...............................: (1547.64, 1547.75)
31:     embedding-grads-all-reduce .....................: (0.02, 0.02)
31:     all-grads-sync .................................: (0.17, 0.23)
31:     optimizer-copy-to-main-grad ....................: (0.15, 0.41)
31:     optimizer-inner-step ...........................: (0.55, 0.67)
31:     optimizer-copy-main-to-model-params ............: (0.31, 0.93)
31:     optimizer ......................................: (2.78, 3.40)
31:     batch-generator ................................: (4.13, 5.46)
31:     forward-compute ................................: (492.19, 531.11)
31:     backward-compute ...............................: (1010.95, 1049.94)
31:  [2026-08-18 03:24:48.481570] iteration      374/   18141 | consumed samples:       107712 | elapsed time per iteration (ms): 1625.6 | throughput per GPU (TFLOP/s/GPU): 359.3 | learning rate: 2.992000E-04 | global batch size:   288 | lm loss: 4.336155E+00 | loss scale: 1.0 | grad norm: 0.501 | params norm: 676.983 | number of skipped iterations:   0 | number of nan iterations:   0 |
31: INFO:megatron.core.timers:(min, max) time across ranks (ms):
31:     forward-backward ...............................: (1606.66, 1606.78)
31:     embedding-grads-all-reduce .....................: (0.01, 0.02)
31:     all-grads-sync .................................: (0.17, 0.23)
31:     optimizer-copy-to-main-grad ....................: (0.15, 0.37)
31:     optimizer-inner-step ...........................: (0.55, 0.67)
31:     optimizer-copy-main-to-model-params ............: (0.30, 0.98)
31:     optimizer ......................................: (2.68, 3.37)
31:     batch-generator ................................: (4.02, 4.73)
31:     forward-compute ................................: (504.14, 549.63)
31:     backward-compute ...............................: (1053.67, 1099.37)
31:  [2026-08-18 03:24:50.034595] iteration      375/   18141 | consumed samples:       108000 | elapsed time per iteration (ms): 1552.9 | throughput per GPU (TFLOP/s/GPU): 374.9 | learning rate: 3.000000E-04 | global batch size:   288 | lm loss: 4.326688E+00 | loss scale: 1.0 | grad norm: 0.533 | params norm: 677.053 | number of skipped iterations:   0 | number of nan iterations:   0 |
31: INFO:megatron.core.timers:(min, max) time across ranks (ms):
31:     forward-backward ...............................: (1534.34, 1534.50)
31:     embedding-grads-all-reduce .....................: (0.02, 0.02)
31:     all-grads-sync .................................: (0.17, 0.25)
31:     optimizer-copy-to-main-grad ....................: (0.14, 0.38)
31:     optimizer-inner-step ...........................: (0.55, 0.68)
31:     optimizer-copy-main-to-model-params ............: (0.31, 0.93)
31:     optimizer ......................................: (2.74, 3.37)
31:     batch-generator ................................: (4.11, 4.86)
31:     forward-compute ................................: (497.55, 533.73)
31:     backward-compute ...............................: (996.31, 1030.90)
31:  [2026-08-18 03:24:51.607032] iteration      376/   18141 | consumed samples:       108288 | elapsed time per iteration (ms): 1572.3 | throughput per GPU (TFLOP/s/GPU): 371.4 | learning rate: 3.008000E-04 | global batch size:   288 | lm loss: 4.316178E+00 | loss scale: 1.0 | grad norm: 0.479 | params norm: 677.122 | number of skipped iterations:   0 | number of nan iterations:   0 |
31: INFO:megatron.core.timers:(min, max) time across ranks (ms):
31:     forward-backward ...............................: (1553.70, 1553.81)
31:     embedding-grads-all-reduce .....................: (0.01, 0.02)
31:     all-grads-sync .................................: (0.16, 0.23)
31:     optimizer-copy-to-main-grad ....................: (0.16, 0.38)
31:     optimizer-inner-step ...........................: (0.56, 0.66)
31:     optimizer-copy-main-to-model-params ............: (0.33, 0.93)
31:     optimizer ......................................: (2.76, 3.37)
31:     batch-generator ................................: (4.16, 4.97)
31:     forward-compute ................................: (501.49, 536.49)
31:     backward-compute ...............................: (1011.88, 1048.03)
31:  [2026-08-18 03:24:53.153631] iteration      377/   18141 | consumed samples:       108576 | elapsed time per iteration (ms): 1546.4 | throughput per GPU (TFLOP/s/GPU): 376.2 | learning rate: 3.016000E-04 | global batch size:   288 | lm loss: 4.304484E+00 | loss scale: 1.0 | grad norm: 0.420 | params norm: 677.191 | number of skipped iterations:   0 | number of nan iterations:   0 |
31: INFO:megatron.core.timers:(min, max) time across ranks (ms):
31:     forward-backward ...............................: (1528.88, 1528.99)
31:     embedding-grads-all-reduce .....................: (0.01, 0.02)
31:     all-grads-sync .................................: (0.17, 0.23)
31:     optimizer-copy-to-main-grad ....................: (0.15, 0.40)
31:     optimizer-inner-step ...........................: (0.56, 0.69)
31:     optimizer-copy-main-to-model-params ............: (0.31, 0.93)
31:     optimizer ......................................: (2.75, 3.37)
31:     batch-generator ................................: (4.11, 5.92)
31:     forward-compute ................................: (502.97, 533.85)
31:     backward-compute ...............................: (990.67, 1022.19)
31:  [2026-08-18 03:24:54.756921] iteration      378/   18141 | consumed samples:       108864 | elapsed time per iteration (ms): 1603.1 | throughput per GPU (TFLOP/s/GPU): 363.4 | learning rate: 3.024000E-04 | global batch size:   288 | lm loss: 4.299618E+00 | loss scale: 1.0 | grad norm: 0.420 | params norm: 677.260 | number of skipped iterations:   0 | number of nan iterations:   0 |
31: INFO:megatron.core.timers:(min, max) time across ranks (ms):
31:     forward-backward ...............................: (1584.85, 1584.96)
31:     embedding-grads-all-reduce .....................: (0.02, 0.02)
31:     all-grads-sync .................................: (0.17, 0.24)
31:     optimizer-copy-to-main-grad ....................: (0.16, 0.37)
31:     optimizer-inner-step ...........................: (0.55, 0.68)
31:     optimizer-copy-main-to-model-params ............: (0.32, 0.96)
31:     optimizer ......................................: (2.74, 3.38)
31:     batch-generator ................................: (4.17, 5.30)
31:     forward-compute ................................: (496.67, 542.96)
31:     backward-compute ...............................: (1035.05, 1084.31)
31:  [2026-08-18 03:24:56.347123] iteration      379/   18141 | consumed samples:       109152 | elapsed time per iteration (ms): 1590.1 | throughput per GPU (TFLOP/s/GPU): 367.9 | learning rate: 3.032000E-04 | global batch size:   288 | lm loss: 4.296465E+00 | loss scale: 1.0 | grad norm: 0.417 | params norm: 677.329 | number of skipped iterations:   0 | number of nan iterations:   0 |
31: INFO:megatron.core.timers:(min, max) time across ranks (ms):
31:     forward-backward ...............................: (1572.02, 1572.15)
31:     embedding-grads-all-reduce .....................: (0.02, 0.02)
31:     all-grads-sync .................................: (0.17, 0.23)
31:     optimizer-copy-to-main-grad ....................: (0.15, 0.37)
31:     optimizer-inner-step ...........................: (0.55, 0.67)
31:     optimizer-copy-main-to-model-params ............: (0.33, 0.92)
31:     optimizer ......................................: (2.75, 3.34)
31:     batch-generator ................................: (4.18, 5.24)
31:     forward-compute ................................: (503.27, 543.61)
31:     backward-compute ...............................: (1024.18, 1065.06)
31:  [2026-08-18 03:24:57.907546] iteration      380/   18141 | consumed samples:       109440 | elapsed time per iteration (ms): 1560.2 | throughput per GPU (TFLOP/s/GPU): 371.7 | learning rate: 3.040000E-04 | global batch size:   288 | lm loss: 4.269697E+00 | loss scale: 1.0 | grad norm: 0.515 | params norm: 677.397 | number of skipped iterations:   0 | number of nan iterations:   0 |
31: INFO:megatron.core.timers:(min, max) time across ranks (ms):
31:     forward-backward ...............................: (1542.16, 1542.26)
31:     embedding-grads-all-reduce .....................: (0.01, 0.02)
31:     all-grads-sync .................................: (0.17, 0.24)
31:     optimizer-copy-to-main-grad ....................: (0.15, 0.37)
31:     optimizer-inner-step ...........................: (0.55, 0.69)
31:     optimizer-copy-main-to-model-params ............: (0.30, 0.93)
31:     optimizer ......................................: (2.75, 3.38)
31:     batch-generator ................................: (4.17, 4.81)
31:     forward-compute ................................: (494.55, 533.88)
31:     backward-compute ...............................: (1004.56, 1043.35)
31:  [2026-08-18 03:24:59.500150] iteration      381/   18141 | consumed samples:       109728 | elapsed time per iteration (ms): 1592.6 | throughput per GPU (TFLOP/s/GPU): 366.2 | learning rate: 3.048000E-04 | global batch size:   288 | lm loss: 4.251860E+00 | loss scale: 1.0 | grad norm: 0.383 | params norm: 677.465 | number of skipped iterations:   0 | number of nan iterations:   0 |
31: INFO:megatron.core.timers:(min, max) time across ranks (ms):
31:     forward-backward ...............................: (1574.65, 1574.75)
31:     embedding-grads-all-reduce .....................: (0.02, 0.02)
31:     all-grads-sync .................................: (0.17, 0.23)
31:     optimizer-copy-to-main-grad ....................: (0.15, 0.35)
31:     optimizer-inner-step ...........................: (0.55, 0.68)
31:     optimizer-copy-main-to-model-params ............: (0.32, 0.91)
31:     optimizer ......................................: (2.72, 3.31)
31:     batch-generator ................................: (4.14, 4.70)
31:     forward-compute ................................: (493.53, 542.65)
31:     backward-compute ...............................: (1028.67, 1076.86)
31:  [2026-08-18 03:25:01.077603] iteration      382/   18141 | consumed samples:       110016 | elapsed time per iteration (ms): 1577.3 | throughput per GPU (TFLOP/s/GPU): 369.0 | learning rate: 3.056000E-04 | global batch size:   288 | lm loss: 4.230955E+00 | loss scale: 1.0 | grad norm: 0.356 | params norm: 677.534 | number of skipped iterations:   0 | number of nan iterations:   0 |
31: INFO:megatron.core.timers:(min, max) time across ranks (ms):
31:     forward-backward ...............................: (1559.14, 1559.28)
31:     embedding-grads-all-reduce .....................: (0.01, 0.02)
31:     all-grads-sync .................................: (0.17, 0.24)
31:     optimizer-copy-to-main-grad ....................: (0.15, 0.35)
31:     optimizer-inner-step ...........................: (0.55, 0.68)
31:     optimizer-copy-main-to-model-params ............: (0.32, 0.95)
31:     optimizer ......................................: (2.75, 3.38)
31:     batch-generator ................................: (4.24, 5.79)
31:     forward-compute ................................: (503.63, 534.30)
31:     backward-compute ...............................: (1020.73, 1051.64)
31:  [2026-08-18 03:25:02.660550] iteration      383/   18141 | consumed samples:       110304 | elapsed time per iteration (ms): 1582.8 | throughput per GPU (TFLOP/s/GPU): 368.2 | learning rate: 3.064000E-04 | global batch size:   288 | lm loss: 4.251649E+00 | loss scale: 1.0 | grad norm: 0.383 | params norm: 677.601 | number of skipped iterations:   0 | number of nan iterations:   0 |
31: INFO:megatron.core.timers:(min, max) time across ranks (ms):
31:     forward-backward ...............................: (1564.40, 1564.52)
31:     embedding-grads-all-reduce .....................: (0.02, 0.02)
31:     all-grads-sync .................................: (0.17, 0.22)
31:     optimizer-copy-to-main-grad ....................: (0.16, 0.39)
31:     optimizer-inner-step ...........................: (0.55, 0.67)
31:     optimizer-copy-main-to-model-params ............: (0.31, 0.89)
31:     optimizer ......................................: (2.76, 3.34)
31:     batch-generator ................................: (4.22, 4.76)
31:     forward-compute ................................: (496.59, 535.99)
31:     backward-compute ...............................: (1023.55, 1063.29)
31:  [2026-08-18 03:25:04.244031] iteration      384/   18141 | consumed samples:       110592 | elapsed time per iteration (ms): 1583.3 | throughput per GPU (TFLOP/s/GPU): 370.5 | learning rate: 3.072000E-04 | global batch size:   288 | lm loss: 4.275980E+00 | loss scale: 1.0 | grad norm: 0.371 | params norm: 677.669 | number of skipped iterations:   0 | number of nan iterations:   0 |
31: INFO:megatron.core.timers:(min, max) time across ranks (ms):
31:     forward-backward ...............................: (1565.37, 1565.46)
31:     embedding-grads-all-reduce .....................: (0.02, 0.02)
31:     all-grads-sync .................................: (0.17, 0.22)
31:     optimizer-copy-to-main-grad ....................: (0.16, 0.39)
31:     optimizer-inner-step ...........................: (0.54, 0.68)
31:     optimizer-copy-main-to-model-params ............: (0.30, 0.94)
31:     optimizer ......................................: (2.73, 3.36)
31:     batch-generator ................................: (4.09, 4.95)
31:     forward-compute ................................: (506.60, 538.21)
31:     backward-compute ...............................: (1023.63, 1052.44)
31:  [2026-08-18 03:25:05.804803] iteration      385/   18141 | consumed samples:       110880 | elapsed time per iteration (ms): 1560.6 | throughput per GPU (TFLOP/s/GPU): 373.5 | learning rate: 3.080000E-04 | global batch size:   288 | lm loss: 4.248796E+00 | loss scale: 1.0 | grad norm: 0.357 | params norm: 677.735 | number of skipped iterations:   0 | number of nan iterations:   0 |
31: INFO:megatron.core.timers:(min, max) time across ranks (ms):
31:     forward-backward ...............................: (1543.05, 1543.13)
31:     embedding-grads-all-reduce .....................: (0.02, 0.02)
31:     all-grads-sync .................................: (0.17, 0.22)
31:     optimizer-copy-to-main-grad ....................: (0.16, 0.37)
31:     optimizer-inner-step ...........................: (0.56, 0.68)
31:     optimizer-copy-main-to-model-params ............: (0.30, 0.89)
31:     optimizer ......................................: (2.72, 3.29)
31:     batch-generator ................................: (4.14, 6.20)
31:     forward-compute ................................: (493.26, 533.93)
31:     backward-compute ...............................: (1002.79, 1042.26)
31:  [2026-08-18 03:25:07.391850] iteration      386/   18141 | consumed samples:       111168 | elapsed time per iteration (ms): 1586.9 | throughput per GPU (TFLOP/s/GPU): 369.8 | learning rate: 3.088000E-04 | global batch size:   288 | lm loss: 4.249584E+00 | loss scale: 1.0 | grad norm: 0.406 | params norm: 677.802 | number of skipped iterations:   0 | number of nan iterations:   0 |
31: INFO:megatron.core.timers:(min, max) time across ranks (ms):
31:     forward-backward ...............................: (1569.19, 1569.34)
31:     embedding-grads-all-reduce .....................: (0.02, 0.02)
31:     all-grads-sync .................................: (0.16, 0.23)
31:     optimizer-copy-to-main-grad ....................: (0.16, 0.34)
31:     optimizer-inner-step ...........................: (0.55, 0.67)
31:     optimizer-copy-main-to-model-params ............: (0.35, 0.87)
31:     optimizer ......................................: (2.72, 3.24)
31:     batch-generator ................................: (4.13, 5.72)
31:     forward-compute ................................: (505.22, 540.72)
31:     backward-compute ...............................: (1023.11, 1060.16)
31:  [2026-08-18 03:25:09.007392] iteration      387/   18141 | consumed samples:       111456 | elapsed time per iteration (ms): 1615.3 | throughput per GPU (TFLOP/s/GPU): 359.1 | learning rate: 3.096000E-04 | global batch size:   288 | lm loss: 4.233737E+00 | loss scale: 1.0 | grad norm: 0.400 | params norm: 677.868 | number of skipped iterations:   0 | number of nan iterations:   0 |
31: INFO:megatron.core.timers:(min, max) time across ranks (ms):
31:     forward-backward ...............................: (1596.38, 1596.45)
31:     embedding-grads-all-reduce .....................: (0.02, 0.02)
31:     all-grads-sync .................................: (0.17, 0.24)
31:     optimizer-copy-to-main-grad ....................: (0.16, 0.36)
31:     optimizer-inner-step ...........................: (0.55, 0.70)
31:     optimizer-copy-main-to-model-params ............: (0.31, 0.93)
31:     optimizer ......................................: (2.73, 3.35)
31:     batch-generator ................................: (4.13, 6.51)
31:     forward-compute ................................: (496.38, 545.47)
31:     backward-compute ...............................: (1045.62, 1096.19)
31:  [2026-08-18 03:25:10.623524] iteration      388/   18141 | consumed samples:       111744 | elapsed time per iteration (ms): 1616.0 | throughput per GPU (TFLOP/s/GPU): 361.8 | learning rate: 3.104000E-04 | global batch size:   288 | lm loss: 4.267983E+00 | loss scale: 1.0 | grad norm: 0.949 | params norm: 677.934 | number of skipped iterations:   0 | number of nan iterations:   0 |
31: INFO:megatron.core.timers:(min, max) time across ranks (ms):
31:     forward-backward ...............................: (1597.46, 1597.57)
31:     embedding-grads-all-reduce .....................: (0.01, 0.02)
31:     all-grads-sync .................................: (0.17, 0.24)
31:     optimizer-copy-to-main-grad ....................: (0.15, 0.37)
31:     optimizer-inner-step ...........................: (0.55, 0.67)
31:     optimizer-copy-main-to-model-params ............: (0.31, 0.95)
31:     optimizer ......................................: (2.72, 3.36)
31:     batch-generator ................................: (4.11, 5.57)
31:     forward-compute ................................: (505.83, 542.72)
31:     backward-compute ...............................: (1049.80, 1085.70)
31:  [2026-08-18 03:25:12.198546] iteration      389/   18141 | consumed samples:       112032 | elapsed time per iteration (ms): 1574.9 | throughput per GPU (TFLOP/s/GPU): 370.3 | learning rate: 3.112000E-04 | global batch size:   288 | lm loss: 4.190383E+00 | loss scale: 1.0 | grad norm: 0.507 | params norm: 678.000 | number of skipped iterations:   0 | number of nan iterations:   0 |
31: INFO:megatron.core.timers:(min, max) time across ranks (ms):
31:     forward-backward ...............................: (1556.05, 1556.15)
31:     embedding-grads-all-reduce .....................: (0.02, 0.02)
31:     all-grads-sync .................................: (0.16, 0.22)
31:     optimizer-copy-to-main-grad ....................: (0.16, 0.38)
31:     optimizer-inner-step ...........................: (0.55, 0.69)
31:     optimizer-copy-main-to-model-params ............: (0.33, 0.99)
31:     optimizer ......................................: (2.76, 3.43)
31:     batch-generator ................................: (4.18, 4.79)
31:     forward-compute ................................: (503.90, 539.32)
31:     backward-compute ...............................: (1009.28, 1048.55)
31:  [2026-08-18 03:25:13.771656] iteration      390/   18141 | consumed samples:       112320 | elapsed time per iteration (ms): 1572.9 | throughput per GPU (TFLOP/s/GPU): 369.8 | learning rate: 3.120000E-04 | global batch size:   288 | lm loss: 4.237161E+00 | loss scale: 1.0 | grad norm: 0.415 | params norm: 678.067 | number of skipped iterations:   0 | number of nan iterations:   0 |
31: INFO:megatron.core.timers:(min, max) time across ranks (ms):
31:     forward-backward ...............................: (1555.40, 1555.54)
31:     embedding-grads-all-reduce .....................: (0.01, 0.02)
31:     all-grads-sync .................................: (0.16, 0.23)
31:     optimizer-copy-to-main-grad ....................: (0.15, 0.40)
31:     optimizer-inner-step ...........................: (0.55, 0.68)
31:     optimizer-copy-main-to-model-params ............: (0.31, 0.96)
31:     optimizer ......................................: (2.73, 3.38)
31:     batch-generator ................................: (4.21, 4.89)
31:     forward-compute ................................: (492.36, 533.82)
31:     backward-compute ...............................: (1018.11, 1058.79)
31:  [2026-08-18 03:25:15.396546] iteration      391/   18141 | consumed samples:       112608 | elapsed time per iteration (ms): 1624.7 | throughput per GPU (TFLOP/s/GPU): 359.9 | learning rate: 3.128000E-04 | global batch size:   288 | lm loss: 4.238747E+00 | loss scale: 1.0 | grad norm: 0.481 | params norm: 678.135 | number of skipped iterations:   0 | number of nan iterations:   0 |
31: INFO:megatron.core.timers:(min, max) time across ranks (ms):
31:     forward-backward ...............................: (1606.26, 1606.37)
31:     embedding-grads-all-reduce .....................: (0.01, 0.02)
31:     all-grads-sync .................................: (0.15, 0.22)
31:     optimizer-copy-to-main-grad ....................: (0.15, 0.37)
31:     optimizer-inner-step ...........................: (0.55, 0.68)
31:     optimizer-copy-main-to-model-params ............: (0.31, 0.94)
31:     optimizer ......................................: (2.71, 3.33)
31:     batch-generator ................................: (4.14, 4.92)
31:     forward-compute ................................: (498.11, 554.05)
31:     backward-compute ...............................: (1048.66, 1102.24)
31:  [2026-08-18 03:25:16.946790] iteration      392/   18141 | consumed samples:       112896 | elapsed time per iteration (ms): 1550.1 | throughput per GPU (TFLOP/s/GPU): 376.1 | learning rate: 3.136000E-04 | global batch size:   288 | lm loss: 4.207136E+00 | loss scale: 1.0 | grad norm: 0.477 | params norm: 678.203 | number of skipped iterations:   0 | number of nan iterations:   0 |
31: INFO:megatron.core.timers:(min, max) time across ranks (ms):
31:     forward-backward ...............................: (1532.30, 1532.39)
31:     embedding-grads-all-reduce .....................: (0.02, 0.02)
31:     all-grads-sync .................................: (0.17, 0.24)
31:     optimizer-copy-to-main-grad ....................: (0.16, 0.34)
31:     optimizer-inner-step ...........................: (0.55, 0.68)
31:     optimizer-copy-main-to-model-params ............: (0.35, 0.92)
31:     optimizer ......................................: (2.73, 3.30)
31:     batch-generator ................................: (4.11, 4.88)
31:     forward-compute ................................: (496.76, 528.81)
31:     backward-compute ...............................: (999.16, 1028.22)
31:  [2026-08-18 03:25:18.556238] iteration      393/   18141 | consumed samples:       113184 | elapsed time per iteration (ms): 1609.3 | throughput per GPU (TFLOP/s/GPU): 361.1 | learning rate: 3.144000E-04 | global batch size:   288 | lm loss: 4.204299E+00 | loss scale: 1.0 | grad norm: 0.567 | params norm: 678.271 | number of skipped iterations:   0 | number of nan iterations:   0 |
31: INFO:megatron.core.timers:(min, max) time across ranks (ms):
31:     forward-backward ...............................: (1590.97, 1591.06)
31:     embedding-grads-all-reduce .....................: (0.02, 0.03)
31:     all-grads-sync .................................: (0.16, 0.23)
31:     optimizer-copy-to-main-grad ....................: (0.15, 0.37)
31:     optimizer-inner-step ...........................: (0.55, 0.67)
31:     optimizer-copy-main-to-model-params ............: (0.32, 0.90)
31:     optimizer ......................................: (2.73, 3.31)
31:     batch-generator ................................: (4.12, 5.23)
31:     forward-compute ................................: (498.61, 541.20)
31:     backward-compute ...............................: (1043.63, 1088.82)
31:  [2026-08-18 03:25:20.166854] iteration      394/   18141 | consumed samples:       113472 | elapsed time per iteration (ms): 1610.5 | throughput per GPU (TFLOP/s/GPU): 362.9 | learning rate: 3.152000E-04 | global batch size:   288 | lm loss: 4.202279E+00 | loss scale: 1.0 | grad norm: 0.499 | params norm: 678.340 | number of skipped iterations:   0 | number of nan iterations:   0 |
31: INFO:megatron.core.timers:(min, max) time across ranks (ms):
31:     forward-backward ...............................: (1592.04, 1592.12)
31:     embedding-grads-all-reduce .....................: (0.02, 0.02)
31:     all-grads-sync .................................: (0.17, 0.24)
31:     optimizer-copy-to-main-grad ....................: (0.16, 0.38)
31:     optimizer-inner-step ...........................: (0.55, 0.67)
31:     optimizer-copy-main-to-model-params ............: (0.32, 0.89)
31:     optimizer ......................................: (2.75, 3.33)
31:     batch-generator ................................: (4.19, 4.85)
31:     forward-compute ................................: (504.79, 542.71)
31:     backward-compute ...............................: (1045.02, 1083.42)
31:  [2026-08-18 03:25:21.768657] iteration      395/   18141 | consumed samples:       113760 | elapsed time per iteration (ms): 1601.7 | throughput per GPU (TFLOP/s/GPU): 364.0 | learning rate: 3.160000E-04 | global batch size:   288 | lm loss: 4.217010E+00 | loss scale: 1.0 | grad norm: 0.526 | params norm: 678.408 | number of skipped iterations:   0 | number of nan iterations:   0 |
31: INFO:megatron.core.timers:(min, max) time across ranks (ms):
31:     forward-backward ...............................: (1584.06, 1584.15)
31:     embedding-grads-all-reduce .....................: (0.01, 0.02)
31:     all-grads-sync .................................: (0.18, 0.22)
31:     optimizer-copy-to-main-grad ....................: (0.16, 0.36)
31:     optimizer-inner-step ...........................: (0.55, 0.68)
31:     optimizer-copy-main-to-model-params ............: (0.31, 0.87)
31:     optimizer ......................................: (2.70, 3.27)
31:     batch-generator ................................: (4.25, 5.39)
31:     forward-compute ................................: (508.36, 542.66)
31:     backward-compute ...............................: (1037.22, 1071.76)
31:  [2026-08-18 03:25:23.405243] iteration      396/   18141 | consumed samples:       114048 | elapsed time per iteration (ms): 1636.4 | throughput per GPU (TFLOP/s/GPU): 356.5 | learning rate: 3.168000E-04 | global batch size:   288 | lm loss: 4.217707E+00 | loss scale: 1.0 | grad norm: 0.860 | params norm: 678.478 | number of skipped iterations:   0 | number of nan iterations:   0 |
31: INFO:megatron.core.timers:(min, max) time across ranks (ms):
31:     forward-backward ...............................: (1617.97, 1618.06)
31:     embedding-grads-all-reduce .....................: (0.01, 0.02)
31:     all-grads-sync .................................: (0.17, 0.23)
31:     optimizer-copy-to-main-grad ....................: (0.15, 0.39)
31:     optimizer-inner-step ...........................: (0.56, 0.68)
31:     optimizer-copy-main-to-model-params ............: (0.31, 0.97)
31:     optimizer ......................................: (2.75, 3.42)
31:     batch-generator ................................: (4.06, 4.75)
31:     forward-compute ................................: (503.88, 551.72)
31:     backward-compute ...............................: (1062.53, 1110.14)
31:  [2026-08-18 03:25:24.977876] iteration      397/   18141 | consumed samples:       114336 | elapsed time per iteration (ms): 1572.5 | throughput per GPU (TFLOP/s/GPU): 371.4 | learning rate: 3.176000E-04 | global batch size:   288 | lm loss: 4.198035E+00 | loss scale: 1.0 | grad norm: 0.802 | params norm: 678.547 | number of skipped iterations:   0 | number of nan iterations:   0 |
31: INFO:megatron.core.timers:(min, max) time across ranks (ms):
31:     forward-backward ...............................: (1554.52, 1554.65)
31:     embedding-grads-all-reduce .....................: (0.02, 0.02)
31:     all-grads-sync .................................: (0.16, 0.24)
31:     optimizer-copy-to-main-grad ....................: (0.16, 0.39)
31:     optimizer-inner-step ...........................: (0.55, 0.71)
31:     optimizer-copy-main-to-model-params ............: (0.31, 0.84)
31:     optimizer ......................................: (2.75, 3.29)
31:     batch-generator ................................: (4.12, 4.99)
31:     forward-compute ................................: (497.98, 530.47)
31:     backward-compute ...............................: (1018.55, 1053.28)
31:  [2026-08-18 03:25:26.555248] iteration      398/   18141 | consumed samples:       114624 | elapsed time per iteration (ms): 1577.2 | throughput per GPU (TFLOP/s/GPU): 370.7 | learning rate: 3.184000E-04 | global batch size:   288 | lm loss: 4.212576E+00 | loss scale: 1.0 | grad norm: 0.631 | params norm: 678.617 | number of skipped iterations:   0 | number of nan iterations:   0 |
31: INFO:megatron.core.timers:(min, max) time across ranks (ms):
31:     forward-backward ...............................: (1558.83, 1558.93)
31:     embedding-grads-all-reduce .....................: (0.02, 0.02)
31:     all-grads-sync .................................: (0.16, 0.22)
31:     optimizer-copy-to-main-grad ....................: (0.15, 0.39)
31:     optimizer-inner-step ...........................: (0.55, 0.66)
31:     optimizer-copy-main-to-model-params ............: (0.31, 0.89)
31:     optimizer ......................................: (2.75, 3.33)
31:     batch-generator ................................: (4.18, 5.68)
31:     forward-compute ................................: (503.87, 536.62)
31:     backward-compute ...............................: (1017.50, 1048.12)
31:  [2026-08-18 03:25:28.147355] iteration      399/   18141 | consumed samples:       114912 | elapsed time per iteration (ms): 1592.0 | throughput per GPU (TFLOP/s/GPU): 367.1 | learning rate: 3.192000E-04 | global batch size:   288 | lm loss: 4.234470E+00 | loss scale: 1.0 | grad norm: 0.757 | params norm: 678.688 | number of skipped iterations:   0 | number of nan iterations:   0 |
31: INFO:megatron.core.timers:(min, max) time across ranks (ms):
31:     forward-backward ...............................: (1573.37, 1573.46)
31:     embedding-grads-all-reduce .....................: (0.02, 0.02)
31:     all-grads-sync .................................: (0.17, 0.22)
31:     optimizer-copy-to-main-grad ....................: (0.15, 0.36)
31:     optimizer-inner-step ...........................: (0.55, 0.68)
31:     optimizer-copy-main-to-model-params ............: (0.31, 0.88)
31:     optimizer ......................................: (2.74, 3.31)
31:     batch-generator ................................: (4.14, 4.90)
31:     forward-compute ................................: (504.13, 536.89)
31:     backward-compute ...............................: (1032.17, 1062.59)
31:  [2026-08-18 03:25:29.722186] iteration      400/   18141 | consumed samples:       115200 | elapsed time per iteration (ms): 1574.7 | throughput per GPU (TFLOP/s/GPU): 369.1 | learning rate: 3.200000E-04 | global batch size:   288 | lm loss: 4.226162E+00 | loss scale: 1.0 | grad norm: 0.802 | params norm: 678.758 | number of skipped iterations:   0 | number of nan iterations:   0 |
31: INFO:megatron.core.timers:(min, max) time across ranks (ms):
31:     forward-backward ...............................: (1555.96, 1556.07)
31:     embedding-grads-all-reduce .....................: (0.01, 0.05)
31:     all-grads-sync .................................: (0.16, 0.23)
31:     optimizer-copy-to-main-grad ....................: (0.16, 0.38)
31:     optimizer-inner-step ...........................: (0.54, 0.69)
31:     optimizer-copy-main-to-model-params ............: (0.31, 0.85)
31:     optimizer ......................................: (2.72, 3.27)
31:     batch-generator ................................: (4.20, 4.66)
31:     forward-compute ................................: (504.20, 537.53)
31:     backward-compute ...............................: (1013.47, 1047.67)
31:  [2026-08-18 03:25:31.316520] iteration      401/   18141 | consumed samples:       115488 | elapsed time per iteration (ms): 1594.1 | throughput per GPU (TFLOP/s/GPU): 366.5 | learning rate: 3.208000E-04 | global batch size:   288 | lm loss: 4.226820E+00 | loss scale: 1.0 | grad norm: 1.295 | params norm: 678.829 | number of skipped iterations:   0 | number of nan iterations:   0 |
31: INFO:megatron.core.timers:(min, max) time across ranks (ms):
31:     forward-backward ...............................: (1575.70, 1575.78)
31:     embedding-grads-all-reduce .....................: (0.01, 0.02)
31:     all-grads-sync .................................: (0.16, 0.23)
31:     optimizer-copy-to-main-grad ....................: (0.15, 0.37)
31:     optimizer-inner-step ...........................: (0.55, 0.68)
31:     optimizer-copy-main-to-model-params ............: (0.33, 0.95)
31:     optimizer ......................................: (2.71, 3.34)
31:     batch-generator ................................: (4.11, 4.70)
31:     forward-compute ................................: (496.82, 543.83)
31:     backward-compute ...............................: (1027.13, 1073.77)
31:  [2026-08-18 03:25:32.918121] iteration      402/   18141 | consumed samples:       115776 | elapsed time per iteration (ms): 1601.3 | throughput per GPU (TFLOP/s/GPU): 364.4 | learning rate: 3.216000E-04 | global batch size:   288 | lm loss: 4.236013E+00 | loss scale: 1.0 | grad norm: 2.485 | params norm: 678.899 | number of skipped iterations:   0 | number of nan iterations:   0 |
31: INFO:megatron.core.timers:(min, max) time across ranks (ms):
31:     forward-backward ...............................: (1582.15, 1582.24)
31:     embedding-grads-all-reduce .....................: (0.02, 0.02)
31:     all-grads-sync .................................: (0.16, 0.23)
31:     optimizer-copy-to-main-grad ....................: (0.15, 0.36)
31:     optimizer-inner-step ...........................: (0.55, 0.68)
31:     optimizer-copy-main-to-model-params ............: (0.35, 0.92)
31:     optimizer ......................................: (2.76, 3.33)
31:     batch-generator ................................: (4.15, 4.83)
31:     forward-compute ................................: (507.00, 556.23)
31:     backward-compute ...............................: (1022.42, 1071.96)
31:  [2026-08-18 03:25:34.507737] iteration      403/   18141 | consumed samples:       116064 | elapsed time per iteration (ms): 1589.6 | throughput per GPU (TFLOP/s/GPU): 366.6 | learning rate: 3.224000E-04 | global batch size:   288 | lm loss: 4.222481E+00 | loss scale: 1.0 | grad norm: 1.183 | params norm: 678.969 | number of skipped iterations:   0 | number of nan iterations:   0 |
31: INFO:megatron.core.timers:(min, max) time across ranks (ms):
31:     forward-backward ...............................: (1571.25, 1571.35)
31:     embedding-grads-all-reduce .....................: (0.01, 0.02)
31:     all-grads-sync .................................: (0.17, 0.23)
31:     optimizer-copy-to-main-grad ....................: (0.16, 0.38)
31:     optimizer-inner-step ...........................: (0.56, 0.67)
31:     optimizer-copy-main-to-model-params ............: (0.32, 0.89)
31:     optimizer ......................................: (2.72, 3.28)
31:     batch-generator ................................: (4.14, 4.81)
31:     forward-compute ................................: (498.02, 538.55)
31:     backward-compute ...............................: (1027.33, 1067.34)
31:  [2026-08-18 03:25:36.123802] iteration      404/   18141 | consumed samples:       116352 | elapsed time per iteration (ms): 1615.9 | throughput per GPU (TFLOP/s/GPU): 361.9 | learning rate: 3.232000E-04 | global batch size:   288 | lm loss: 4.261636E+00 | loss scale: 1.0 | grad norm: 1.658 | params norm: 679.038 | number of skipped iterations:   0 | number of nan iterations:   0 |
31: INFO:megatron.core.timers:(min, max) time across ranks (ms):
31:     forward-backward ...............................: (1597.09, 1597.17)
31:     embedding-grads-all-reduce .....................: (0.01, 0.02)
31:     all-grads-sync .................................: (0.16, 0.22)
31:     optimizer-copy-to-main-grad ....................: (0.15, 0.39)
31:     optimizer-inner-step ...........................: (0.55, 0.67)
31:     optimizer-copy-main-to-model-params ............: (0.30, 0.95)
31:     optimizer ......................................: (2.74, 3.38)
31:     batch-generator ................................: (4.08, 4.74)
31:     forward-compute ................................: (502.80, 549.55)
31:     backward-compute ...............................: (1044.05, 1090.47)
31:  [2026-08-18 03:25:37.699359] iteration      405/   18141 | consumed samples:       116640 | elapsed time per iteration (ms): 1575.4 | throughput per GPU (TFLOP/s/GPU): 371.5 | learning rate: 3.240000E-04 | global batch size:   288 | lm loss: 4.213813E+00 | loss scale: 1.0 | grad norm: 0.717 | params norm: 679.108 | number of skipped iterations:   0 | number of nan iterations:   0 |
31: INFO:megatron.core.timers:(min, max) time across ranks (ms):
31:     forward-backward ...............................: (1556.49, 1556.63)
31:     embedding-grads-all-reduce .....................: (0.01, 0.02)
31:     all-grads-sync .................................: (0.17, 0.26)
31:     optimizer-copy-to-main-grad ....................: (0.16, 0.39)
31:     optimizer-inner-step ...........................: (0.55, 0.69)
31:     optimizer-copy-main-to-model-params ............: (0.30, 0.92)
31:     optimizer ......................................: (2.80, 3.43)
31:     batch-generator ................................: (4.21, 4.78)
31:     forward-compute ................................: (498.05, 533.55)
31:     backward-compute ...............................: (1018.57, 1054.67)
31:  [2026-08-18 03:25:39.306439] iteration      406/   18141 | consumed samples:       116928 | elapsed time per iteration (ms): 1606.9 | throughput per GPU (TFLOP/s/GPU): 363.7 | learning rate: 3.248000E-04 | global batch size:   288 | lm loss: 4.269321E+00 | loss scale: 1.0 | grad norm: 0.914 | params norm: 679.176 | number of skipped iterations:   0 | number of nan iterations:   0 |
31: INFO:megatron.core.timers:(min, max) time across ranks (ms):
31:     forward-backward ...............................: (1588.91, 1589.01)
31:     embedding-grads-all-reduce .....................: (0.01, 0.02)
31:     all-grads-sync .................................: (0.15, 0.23)
31:     optimizer-copy-to-main-grad ....................: (0.16, 0.36)
31:     optimizer-inner-step ...........................: (0.54, 0.67)
31:     optimizer-copy-main-to-model-params ............: (0.31, 0.91)
31:     optimizer ......................................: (2.75, 3.35)
31:     batch-generator ................................: (3.88, 5.23)
31:     forward-compute ................................: (503.48, 546.35)
31:     backward-compute ...............................: (1039.08, 1081.61)
31:  [2026-08-18 03:25:40.926018] iteration      407/   18141 | consumed samples:       117216 | elapsed time per iteration (ms): 1619.5 | throughput per GPU (TFLOP/s/GPU): 361.3 | learning rate: 3.256000E-04 | global batch size:   288 | lm loss: 4.258904E+00 | loss scale: 1.0 | grad norm: 1.047 | params norm: 679.248 | number of skipped iterations:   0 | number of nan iterations:   0 |
31: INFO:megatron.core.timers:(min, max) time across ranks (ms):
31:     forward-backward ...............................: (1601.47, 1601.60)
31:     embedding-grads-all-reduce .....................: (0.02, 0.02)
31:     all-grads-sync .................................: (0.15, 0.22)
31:     optimizer-copy-to-main-grad ....................: (0.16, 0.38)
31:     optimizer-inner-step ...........................: (0.54, 0.66)
31:     optimizer-copy-main-to-model-params ............: (0.32, 0.89)
31:     optimizer ......................................: (2.72, 3.29)
31:     batch-generator ................................: (4.20, 5.77)
31:     forward-compute ................................: (502.40, 551.94)
31:     backward-compute ...............................: (1046.06, 1095.96)
31:  [2026-08-18 03:25:42.509222] iteration      408/   18141 | consumed samples:       117504 | elapsed time per iteration (ms): 1583.1 | throughput per GPU (TFLOP/s/GPU): 368.7 | learning rate: 3.264000E-04 | global batch size:   288 | lm loss: 4.265184E+00 | loss scale: 1.0 | grad norm: 0.956 | params norm: 679.318 | number of skipped iterations:   0 | number of nan iterations:   0 |
31: INFO:megatron.core.timers:(min, max) time across ranks (ms):
31:     forward-backward ...............................: (1564.50, 1564.64)
31:     embedding-grads-all-reduce .....................: (0.02, 0.02)
31:     all-grads-sync .................................: (0.17, 0.23)
31:     optimizer-copy-to-main-grad ....................: (0.15, 0.37)
31:     optimizer-inner-step ...........................: (0.55, 0.68)
31:     optimizer-copy-main-to-model-params ............: (0.33, 0.95)
31:     optimizer ......................................: (2.73, 3.35)
31:     batch-generator ................................: (4.17, 4.98)
31:     forward-compute ................................: (500.06, 535.77)
31:     backward-compute ...............................: (1024.93, 1060.26)
31:  [2026-08-18 03:25:44.106527] iteration      409/   18141 | consumed samples:       117792 | elapsed time per iteration (ms): 1597.1 | throughput per GPU (TFLOP/s/GPU): 365.1 | learning rate: 3.272000E-04 | global batch size:   288 | lm loss: 4.289397E+00 | loss scale: 1.0 | grad norm: 1.410 | params norm: 679.390 | number of skipped iterations:   0 | number of nan iterations:   0 |
31: INFO:megatron.core.timers:(min, max) time across ranks (ms):
31:     forward-backward ...............................: (1579.38, 1579.47)
31:     embedding-grads-all-reduce .....................: (0.02, 0.02)
31:     all-grads-sync .................................: (0.16, 0.22)
31:     optimizer-copy-to-main-grad ....................: (0.15, 0.38)
31:     optimizer-inner-step ...........................: (0.55, 0.67)
31:     optimizer-copy-main-to-model-params ............: (0.31, 0.92)
31:     optimizer ......................................: (2.71, 3.33)
31:     batch-generator ................................: (4.08, 4.72)
31:     forward-compute ................................: (498.89, 542.58)
31:     backward-compute ...............................: (1032.55, 1076.31)
31:  [2026-08-18 03:25:45.681630] iteration      410/   18141 | consumed samples:       118080 | elapsed time per iteration (ms): 1575.0 | throughput per GPU (TFLOP/s/GPU): 369.6 | learning rate: 3.280000E-04 | global batch size:   288 | lm loss: 4.239682E+00 | loss scale: 1.0 | grad norm: 1.116 | params norm: 679.463 | number of skipped iterations:   0 | number of nan iterations:   0 |
31: INFO:megatron.core.timers:(min, max) time across ranks (ms):
31:     forward-backward ...............................: (1556.22, 1556.31)
31:     embedding-grads-all-reduce .....................: (0.02, 0.02)
31:     all-grads-sync .................................: (0.17, 0.24)
31:     optimizer-copy-to-main-grad ....................: (0.15, 0.37)
31:     optimizer-inner-step ...........................: (0.55, 0.67)
31:     optimizer-copy-main-to-model-params ............: (0.30, 0.94)
31:     optimizer ......................................: (2.74, 3.55)
31:     batch-generator ................................: (4.11, 4.83)
31:     forward-compute ................................: (498.60, 535.00)
31:     backward-compute ...............................: (1017.71, 1053.85)
31:  [2026-08-18 03:25:47.241163] iteration      411/   18141 | consumed samples:       118368 | elapsed time per iteration (ms): 1559.4 | throughput per GPU (TFLOP/s/GPU): 373.3 | learning rate: 3.288000E-04 | global batch size:   288 | lm loss: 4.269772E+00 | loss scale: 1.0 | grad norm: 0.945 | params norm: 679.538 | number of skipped iterations:   0 | number of nan iterations:   0 |
31: INFO:megatron.core.timers:(min, max) time across ranks (ms):
31:     forward-backward ...............................: (1540.93, 1541.04)
31:     embedding-grads-all-reduce .....................: (0.02, 0.02)
31:     all-grads-sync .................................: (0.17, 0.24)
31:     optimizer-copy-to-main-grad ....................: (0.15, 0.37)
31:     optimizer-inner-step ...........................: (0.55, 0.66)
31:     optimizer-copy-main-to-model-params ............: (0.32, 0.91)
31:     optimizer ......................................: (2.69, 3.29)
31:     batch-generator ................................: (4.08, 5.28)
31:     forward-compute ................................: (508.49, 536.97)
31:     backward-compute ...............................: (999.27, 1025.31)
31:  [2026-08-18 03:25:48.818410] iteration      412/   18141 | consumed samples:       118656 | elapsed time per iteration (ms): 1577.1 | throughput per GPU (TFLOP/s/GPU): 369.3 | learning rate: 3.296000E-04 | global batch size:   288 | lm loss: 4.268362E+00 | loss scale: 1.0 | grad norm: 0.945 | params norm: 679.613 | number of skipped iterations:   0 | number of nan iterations:   0 |
31: INFO:megatron.core.timers:(min, max) time across ranks (ms):
31:     forward-backward ...............................: (1558.21, 1558.32)
31:     embedding-grads-all-reduce .....................: (0.02, 0.02)
31:     all-grads-sync .................................: (0.17, 0.23)
31:     optimizer-copy-to-main-grad ....................: (0.15, 0.37)
31:     optimizer-inner-step ...........................: (0.55, 0.71)
31:     optimizer-copy-main-to-model-params ............: (0.33, 0.89)
31:     optimizer ......................................: (2.77, 3.33)
31:     batch-generator ................................: (4.13, 4.78)
31:     forward-compute ................................: (498.56, 537.44)
31:     backward-compute ...............................: (1016.90, 1056.28)
31:  [2026-08-18 03:25:50.375369] iteration      413/   18141 | consumed samples:       118944 | elapsed time per iteration (ms): 1556.8 | throughput per GPU (TFLOP/s/GPU): 373.7 | learning rate: 3.304000E-04 | global batch size:   288 | lm loss: 4.236164E+00 | loss scale: 1.0 | grad norm: 1.213 | params norm: 679.690 | number of skipped iterations:   0 | number of nan iterations:   0 |
31: INFO:megatron.core.timers:(min, max) time across ranks (ms):
31:     forward-backward ...............................: (1538.59, 1538.67)
31:     embedding-grads-all-reduce .....................: (0.01, 0.02)
31:     all-grads-sync .................................: (0.17, 0.23)
31:     optimizer-copy-to-main-grad ....................: (0.15, 0.37)
31:     optimizer-inner-step ...........................: (0.55, 0.68)
31:     optimizer-copy-main-to-model-params ............: (0.33, 0.81)
31:     optimizer ......................................: (2.78, 3.26)
31:     batch-generator ................................: (4.16, 4.74)
31:     forward-compute ................................: (495.93, 534.92)
31:     backward-compute ...............................: (1000.20, 1036.88)
31:  [2026-08-18 03:25:51.966351] iteration      414/   18141 | consumed samples:       119232 | elapsed time per iteration (ms): 1590.8 | throughput per GPU (TFLOP/s/GPU): 367.5 | learning rate: 3.312000E-04 | global batch size:   288 | lm loss: 4.265295E+00 | loss scale: 1.0 | grad norm: 0.804 | params norm: 679.767 | number of skipped iterations:   0 | number of nan iterations:   0 |
31: INFO:megatron.core.timers:(min, max) time across ranks (ms):
31:     forward-backward ...............................: (1573.27, 1573.38)
31:     embedding-grads-all-reduce .....................: (0.02, 0.02)
31:     all-grads-sync .................................: (0.17, 0.22)
31:     optimizer-copy-to-main-grad ....................: (0.15, 0.37)
31:     optimizer-inner-step ...........................: (0.55, 0.69)
31:     optimizer-copy-main-to-model-params ............: (0.36, 0.85)
31:     optimizer ......................................: (2.77, 3.26)
31:     batch-generator ................................: (4.20, 4.80)
31:     forward-compute ................................: (494.89, 538.90)
31:     backward-compute ...............................: (1026.79, 1073.18)
31:  [2026-08-18 03:25:53.597513] iteration      415/   18141 | consumed samples:       119520 | elapsed time per iteration (ms): 1631.0 | throughput per GPU (TFLOP/s/GPU): 356.3 | learning rate: 3.320000E-04 | global batch size:   288 | lm loss: 4.266078E+00 | loss scale: 1.0 | grad norm: 1.761 | params norm: 679.845 | number of skipped iterations:   0 | number of nan iterations:   0 |
31: INFO:megatron.core.timers:(min, max) time across ranks (ms):
31:     forward-backward ...............................: (1612.79, 1612.87)
31:     embedding-grads-all-reduce .....................: (0.01, 0.02)
31:     all-grads-sync .................................: (0.16, 0.23)
31:     optimizer-copy-to-main-grad ....................: (0.15, 0.34)
31:     optimizer-inner-step ...........................: (0.55, 0.68)
31:     optimizer-copy-main-to-model-params ............: (0.30, 0.78)
31:     optimizer ......................................: (2.63, 3.11)
31:     batch-generator ................................: (4.22, 4.78)
31:     forward-compute ................................: (502.26, 542.06)
31:     backward-compute ...............................: (1067.29, 1105.15)
31:  [2026-08-18 03:25:55.202442] iteration      416/   18141 | consumed samples:       119808 | elapsed time per iteration (ms): 1604.8 | throughput per GPU (TFLOP/s/GPU): 363.2 | learning rate: 3.328000E-04 | global batch size:   288 | lm loss: 4.237890E+00 | loss scale: 1.0 | grad norm: 0.677 | params norm: 679.922 | number of skipped iterations:   0 | number of nan iterations:   0 |
31: INFO:megatron.core.timers:(min, max) time across ranks (ms):
31:     forward-backward ...............................: (1586.50, 1586.58)
31:     embedding-grads-all-reduce .....................: (0.02, 0.02)
31:     all-grads-sync .................................: (0.17, 0.23)
31:     optimizer-copy-to-main-grad ....................: (0.16, 0.35)
31:     optimizer-inner-step ...........................: (0.55, 0.67)
31:     optimizer-copy-main-to-model-params ............: (0.32, 0.90)
31:     optimizer ......................................: (2.71, 3.29)
31:     batch-generator ................................: (4.13, 4.73)
31:     forward-compute ................................: (497.18, 545.65)
31:     backward-compute ...............................: (1037.36, 1085.10)
