START TIME: Tue Aug 18 04:03:03 CEST 2026
Total dataset prefixes: 49
[Tue Aug 18 04:03:03 CEST 2026] WANDB API key detected. Enabling WANDB logging.
[Tue Aug 18 04:03:06 CEST 2026] WandB logs will be sent to:
           Organization/Workspace: unknown
           Project: fineweb-40B_gutenberg-3B
           Experiment: test-llama3-1b-sink-attn-scf1-fineweb40B-gutenberg3B-3108456
[Tue Aug 18 04:03:10 CEST 2026] Running sink attention test...
16: LANG_RL Log directory: None
19: LANG_RL Log directory: None
17: LANG_RL Log directory: None
26: LANG_RL Log directory: None
18: LANG_RL Log directory: None
 9: LANG_RL Log directory: None
11: LANG_RL Log directory: None
10: LANG_RL Log directory: None
30: LANG_RL Log directory: None
31: LANG_RL Log directory: None
29: LANG_RL Log directory: None
 0: LANG_RL Log directory: None
 2: LANG_RL Log directory: None
 1: LANG_RL Log directory: None
 3: LANG_RL Log directory: None
 5: LANG_RL Log directory: None
 4: LANG_RL Log directory: None
 6: LANG_RL Log directory: None
24: LANG_RL Log directory: None
28: LANG_RL Log directory: None
 8: LANG_RL Log directory: None
27: LANG_RL Log directory: None
25: LANG_RL Log directory: None
 7: LANG_RL Log directory: None
20: LANG_RL Log directory: None
23: LANG_RL Log directory: None
14: LANG_RL Log directory: None
15: LANG_RL Log directory: None
13: LANG_RL Log directory: None
12: LANG_RL Log directory: None
21: LANG_RL Log directory: None
22: LANG_RL Log directory: None
10: INFO:datasets:PyTorch version 2.11.0a0+eb65b36914.nv26.2 available.
11: INFO:datasets:PyTorch version 2.11.0a0+eb65b36914.nv26.2 available.
 9: INFO:datasets:PyTorch version 2.11.0a0+eb65b36914.nv26.2 available.
15: INFO:datasets:PyTorch version 2.11.0a0+eb65b36914.nv26.2 available.
12: INFO:datasets:PyTorch version 2.11.0a0+eb65b36914.nv26.2 available.
14: INFO:datasets:PyTorch version 2.11.0a0+eb65b36914.nv26.2 available.
17: INFO:datasets:PyTorch version 2.11.0a0+eb65b36914.nv26.2 available.
18: INFO:datasets:PyTorch version 2.11.0a0+eb65b36914.nv26.2 available.
30: INFO:datasets:PyTorch version 2.11.0a0+eb65b36914.nv26.2 available.
27: INFO:datasets:PyTorch version 2.11.0a0+eb65b36914.nv26.2 available.
 0: INFO:datasets:PyTorch version 2.11.0a0+eb65b36914.nv26.2 available.
 6: INFO:datasets:PyTorch version 2.11.0a0+eb65b36914.nv26.2 available.
23: INFO:datasets:PyTorch version 2.11.0a0+eb65b36914.nv26.2 available.
20: INFO:datasets:PyTorch version 2.11.0a0+eb65b36914.nv26.2 available.
13: INFO:datasets:PyTorch version 2.11.0a0+eb65b36914.nv26.2 available.
16: INFO:datasets:PyTorch version 2.11.0a0+eb65b36914.nv26.2 available.
19: INFO:datasets:PyTorch version 2.11.0a0+eb65b36914.nv26.2 available.
22: INFO:datasets:PyTorch version 2.11.0a0+eb65b36914.nv26.2 available.
31: INFO:datasets:PyTorch version 2.11.0a0+eb65b36914.nv26.2 available.
24: INFO:datasets:PyTorch version 2.11.0a0+eb65b36914.nv26.2 available.
 2: INFO:datasets:PyTorch version 2.11.0a0+eb65b36914.nv26.2 available.
28: INFO:datasets:PyTorch version 2.11.0a0+eb65b36914.nv26.2 available.
 8: INFO:datasets:PyTorch version 2.11.0a0+eb65b36914.nv26.2 available.
29: INFO:datasets:PyTorch version 2.11.0a0+eb65b36914.nv26.2 available.
21: INFO:datasets:PyTorch version 2.11.0a0+eb65b36914.nv26.2 available.
 3: INFO:datasets:PyTorch version 2.11.0a0+eb65b36914.nv26.2 available.
25: INFO:datasets:PyTorch version 2.11.0a0+eb65b36914.nv26.2 available.
 7: INFO:datasets:PyTorch version 2.11.0a0+eb65b36914.nv26.2 available.
26: INFO:datasets:PyTorch version 2.11.0a0+eb65b36914.nv26.2 available.
 1: INFO:datasets:PyTorch version 2.11.0a0+eb65b36914.nv26.2 available.
 5: INFO:datasets:PyTorch version 2.11.0a0+eb65b36914.nv26.2 available.
 4: INFO:datasets:PyTorch version 2.11.0a0+eb65b36914.nv26.2 available.
 0: using world size: 32, data-parallel size: 32, context-parallel size: 1, hierarchical context-parallel sizes: None, tensor-model-parallel size: 1, pipeline-model-parallel size: 1
 0: Number of virtual stages per pipeline stage: None
 0: accumulate and all-reduce gradients in fp32 for bfloat16 data type.
 0: using torch.bfloat16 for parameters ...
 0: ------------------------ arguments ------------------------
 0:   _is_global_batch_size_explicitly_specified ...... True
 0:   account_for_embedding_in_pipeline_split ......... False
 0:   account_for_loss_in_pipeline_split .............. False
 0:   accumulate_allreduce_grads_in_fp32 .............. True
 0:   activation_func_clamp_value ..................... None
 0:   adam_beta1 ...................................... 0.9
 0:   adam_beta2 ...................................... 0.95
 0:   adam_eps ........................................ 1e-08
 0:   add_bias_linear ................................. False
 0:   add_position_embedding .......................... True
 0:   add_qkv_bias .................................... False
 0:   adlr_autoresume ................................. False
 0:   adlr_autoresume_interval ........................ 1000
 0:   align_grad_reduce ............................... True
 0:   align_param_gather .............................. False
 0:   allow_ambiguous_pad_tokens ...................... False
 0:   app_tag_run_name ................................ None
 0:   app_tag_run_version ............................. 0.0.0
 0:   apply_query_key_layer_scaling ................... False
 0:   apply_residual_connection_post_layernorm ........ False
 0:   apply_rope_fusion ............................... True
 0:   apply_wd_to_qk_layernorm ........................ False
 0:   async_ckpt_cpu_priority ......................... 10
 0:   async_ckpt_io_priority .......................... 3
 0:   async_ckpt_use_cpu_shm .......................... False
 0:   async_save ...................................... False
 0:   async_strategy .................................. mcore
 0:   attention_backend ............................... AttnBackend.auto
 0:   attention_dropout ............................... 0.0
 0:   attention_output_gate ........................... False
 0:   attention_softmax_in_fp32 ....................... False
 0:   auto_detect_ckpt_format ......................... False
 0:   barrier_with_L1_time ............................ True
 0:   batch_invariant_mode ............................ False
 0:   bert_binary_head ................................ True
 0:   bert_embedder_type .............................. megatron
 0:   bert_load ....................................... None
 0:   bf16 ............................................ True
 0:   bias_dropout_fusion ............................. True
 0:   bias_gelu_fusion ................................ False
 0:   bias_swiglu_fusion .............................. True
 0:   biencoder_projection_dim ........................ 0
 0:   biencoder_shared_query_context_model ............ False
 0:   block_data_path ................................. None
 0:   cache_mla_latents ............................... False
 0:   calc_ft_timeouts ................................ False
 0:   calculate_per_token_loss ........................ False
 0:   chat_template ................................... None
 0:   check_for_large_grads ........................... False
 0:   check_for_nan_in_loss_and_grad .................. True
 0:   check_for_spiky_loss ............................ False
 0:   check_weight_hash_across_dp_replicas_interval ... None
 0:   ckpt_assume_constant_structure .................. False
 0:   ckpt_convert_format ............................. None
 0:   ckpt_convert_save ............................... None
 0:   ckpt_convert_update_legacy_dist_opt_format ...... False
 0:   ckpt_format ..................................... torch_dist
 0:   ckpt_fully_parallel_load ........................ False
 0:   ckpt_fully_parallel_load_exchange_algo .......... broadcast
 0:   ckpt_fully_parallel_load_process_group .......... dp
 0:   ckpt_fully_parallel_save ........................ True
 0:   ckpt_fully_parallel_save_deprecated ............. False
 0:   ckpt_fully_parallel_save_process_group .......... dp
 0:   ckpt_load_validate_sharding_integrity ........... True
 0:   ckpt_step ....................................... None
 0:   classes_fraction ................................ 1.0
 0:   clip_grad ....................................... 1.0
 0:   clone_scatter_output_in_embedding ............... True
 0:   config_logger_dir ............................... 
 0:   consumed_train_samples .......................... 0
 0:   consumed_valid_samples .......................... 0
 0:   context_parallel_size ........................... 1
 0:   cp_comm_type .................................... ['p2p']
 0:   cpu_offloading_num_layers ....................... 0
 0:   cpu_offloading_retain_pinned_cpu_buffers ........ False
 0:   create_all_gather_group ......................... False
 0:   create_attention_mask_in_dataloader ............. False
 0:   cross_entropy_fusion_impl ....................... native
 0:   cross_entropy_loss_fusion ....................... False
 0:   cuda_graph_impl ................................. none
 0:   cuda_graph_modules .............................. []
 0:   cuda_graph_warmup_steps ......................... 3
 0:   data_args_path .................................. None
 0:   data_cache_path ................................. /iopsstor/scratch/cscs/elyulina/datasets/cache
 0:   data_parallel_random_init ....................... False
 0:   data_parallel_sharding_strategy ................. optim_grads_params
 0:   data_parallel_size .............................. 32
 0:   data_path ....................................... ['/iopsstor/scratch/cscs/elyulina/datasets/tokenized/fineweb-edu-dedup-160B-datatrove_0.25/dump_0/00000_tokens', '/iopsstor/scratch/cscs/elyulina/datasets/tokenized/fineweb-edu-dedup-160B-datatrove_0.25/dump_0/00001_tokens', '/iopsstor/scratch/cscs/elyulina/datasets/tokenized/fineweb-edu-dedup-160B-datatrove_0.25/dump_0/00002_tokens', '/iopsstor/scratch/cscs/elyulina/datasets/tokenized/fineweb-edu-dedup-160B-datatrove_0.25/dump_0/00003_tokens', '/iopsstor/scratch/cscs/elyulina/datasets/tokenized/fineweb-edu-dedup-160B-datatrove_0.25/dump_0/00004_tokens', '/iopsstor/scratch/cscs/elyulina/datasets/tokenized/fineweb-edu-dedup-160B-datatrove_0.25/dump_0/00005_tokens', '/iopsstor/scratch/cscs/elyulina/datasets/tokenized/fineweb-edu-dedup-160B-datatrove_0.25/dump_0/00006_tokens', '/iopsstor/scratch/cscs/elyulina/datasets/tokenized/fineweb-edu-dedup-160B-datatrove_0.25/dump_0/00007_tokens', '/iopsstor/scratch/cscs/elyulina/datasets/tokenized/fineweb-edu-dedup-160B-
 0: datatrove_0.25/dump_0/00008_tokens', '/iopsstor/scratch/cscs/elyulina/datasets/tokenized/fineweb-edu-dedup-160B-datatrove_0.25/dump_0/00009_tokens', '/iopsstor/scratch/cscs/elyulina/datasets/tokenized/fineweb-edu-dedup-160B-datatrove_0.25/dump_0/00010_tokens', '/iopsstor/scratch/cscs/elyulina/datasets/tokenized/fineweb-edu-dedup-160B-datatrove_0.25/dump_0/00011_tokens', '/iopsstor/scratch/cscs/elyulina/datasets/tokenized/fineweb-edu-dedup-160B-datatrove_0.25/dump_0/00012_tokens', '/iopsstor/scratch/cscs/elyulina/datasets/tokenized/fineweb-edu-dedup-160B-datatrove_0.25/dump_0/00013_tokens', '/iopsstor/scratch/cscs/elyulina/datasets/tokenized/fineweb-edu-dedup-160B-datatrove_0.25/dump_0/00014_tokens', '/iopsstor/scratch/cscs/elyulina/datasets/tokenized/fineweb-edu-dedup-160B-datatrove_0.25/dump_0/00015_tokens', '/iopsstor/scratch/cscs/elyulina/datasets/tokenized/fineweb-edu-dedup-160B-datatrove_0.25/dump_0/00016_tokens', '/iopsstor/scratch/cscs/elyulina/datasets/tokenized/fineweb-edu-dedup-160B-datatrove_0.25/d
 0: ump_0/00017_tokens', '/iopsstor/scratch/cscs/elyulina/datasets/tokenized/fineweb-edu-dedup-160B-datatrove_0.25/dump_0/00018_tokens', '/iopsstor/scratch/cscs/elyulina/datasets/tokenized/fineweb-edu-dedup-160B-datatrove_0.25/dump_0/00019_tokens', '/iopsstor/scratch/cscs/elyulina/datasets/tokenized/fineweb-edu-dedup-160B-datatrove_0.25/dump_1/00000_tokens', '/iopsstor/scratch/cscs/elyulina/datasets/tokenized/fineweb-edu-dedup-160B-datatrove_0.25/dump_1/00001_tokens', '/iopsstor/scratch/cscs/elyulina/datasets/tokenized/fineweb-edu-dedup-160B-datatrove_0.25/dump_1/00002_tokens', '/iopsstor/scratch/cscs/elyulina/datasets/tokenized/fineweb-edu-dedup-160B-datatrove_0.25/dump_1/00003_tokens', '/iopsstor/scratch/cscs/elyulina/datasets/tokenized/fineweb-edu-dedup-160B-datatrove_0.25/dump_1/00004_tokens', '/iopsstor/scratch/cscs/elyulina/datasets/tokenized/fineweb-edu-dedup-160B-datatrove_0.25/dump_1/00005_tokens', '/iopsstor/scratch/cscs/elyulina/datasets/tokenized/fineweb-edu-dedup-160B-datatrove_0.25/dump_1/00006_toke
 0: ns', '/iopsstor/scratch/cscs/elyulina/datasets/tokenized/fineweb-edu-dedup-160B-datatrove_0.25/dump_1/00007_tokens', '/iopsstor/scratch/cscs/elyulina/datasets/tokenized/fineweb-edu-dedup-160B-datatrove_0.25/dump_1/00008_tokens', '/iopsstor/scratch/cscs/elyulina/datasets/tokenized/fineweb-edu-dedup-160B-datatrove_0.25/dump_1/00009_tokens', '/iopsstor/scratch/cscs/elyulina/datasets/tokenized/fineweb-edu-dedup-160B-datatrove_0.25/dump_1/00010_tokens', '/iopsstor/scratch/cscs/elyulina/datasets/tokenized/fineweb-edu-dedup-160B-datatrove_0.25/dump_1/00011_tokens', '/iopsstor/scratch/cscs/elyulina/datasets/tokenized/fineweb-edu-dedup-160B-datatrove_0.25/dump_1/00012_tokens', '/iopsstor/scratch/cscs/elyulina/datasets/tokenized/fineweb-edu-dedup-160B-datatrove_0.25/dump_1/00013_tokens', '/iopsstor/scratch/cscs/elyulina/datasets/tokenized/fineweb-edu-dedup-160B-datatrove_0.25/dump_1/00014_tokens', '/iopsstor/scratch/cscs/elyulina/datasets/tokenized/fineweb-edu-dedup-160B-datatrove_0.25/dump_1/00015_tokens', '/iopsstor
 0: /scratch/cscs/elyulina/datasets/tokenized/fineweb-edu-dedup-160B-datatrove_0.25/dump_1/00016_tokens', '/iopsstor/scratch/cscs/elyulina/datasets/tokenized/fineweb-edu-dedup-160B-datatrove_0.25/dump_1/00017_tokens', '/iopsstor/scratch/cscs/elyulina/datasets/tokenized/fineweb-edu-dedup-160B-datatrove_0.25/dump_1/00018_tokens', '/iopsstor/scratch/cscs/elyulina/datasets/tokenized/fineweb-edu-dedup-160B-datatrove_0.25/dump_1/00019_tokens', '/iopsstor/scratch/cscs/elyulina/datasets/tokenized/gutenberg_rep_1_256/rep_128_tokens', '/iopsstor/scratch/cscs/elyulina/datasets/tokenized/gutenberg_rep_1_256/rep_16_tokens', '/iopsstor/scratch/cscs/elyulina/datasets/tokenized/gutenberg_rep_1_256/rep_1_tokens', '/iopsstor/scratch/cscs/elyulina/datasets/tokenized/gutenberg_rep_1_256/rep_256_tokens', '/iopsstor/scratch/cscs/elyulina/datasets/tokenized/gutenberg_rep_1_256/rep_2_tokens', '/iopsstor/scratch/cscs/elyulina/datasets/tokenized/gutenberg_rep_1_256/rep_32_tokens', '/iopsstor/scratch/cscs/elyulina/datasets/tokenized/gutenb
 0: erg_rep_1_256/rep_4_tokens', '/iopsstor/scratch/cscs/elyulina/datasets/tokenized/gutenberg_rep_1_256/rep_64_tokens', '/iopsstor/scratch/cscs/elyulina/datasets/tokenized/gutenberg_rep_1_256/rep_8_tokens']
 0:   data_per_class_fraction ......................... 1.0
 0:   data_sharding ................................... True
 0:   dataloader_defer_npy_index_mmap ................. False
 0:   dataloader_fast_cache_load ...................... False
 0:   dataloader_type ................................. single
 0:   ddp_average_in_collective ....................... False
 0:   ddp_bucket_size ................................. None
 0:   ddp_num_buckets ................................. None
 0:   ddp_pad_buckets_for_high_nccl_busbw ............. False
 0:   ddp_param_name_patterns_for_fp32_local_accumulation  []
 0:   ddp_reduce_scatter_with_fp32_accumulation ....... False
 0:   decode_only_cuda_graphs ......................... False
 0:   decoder_first_pipeline_num_layers ............... None
 0:   decoder_last_pipeline_num_layers ................ None
 0:   decoder_num_layers .............................. None
 0:   decoder_seq_length .............................. None
 0:   decoupled_lr .................................... None
 0:   decoupled_min_lr ................................ None
 0:   decrease_batch_size_if_needed ................... False
 0:   defer_embedding_wgrad_compute ................... False
 0:   delay_wgrad_compute ............................. False
 0:   deprecated_use_mcore_models ..................... False
 0:   deterministic_mode .............................. False
 0:   dino_bottleneck_size ............................ 256
 0:   dino_freeze_last_layer .......................... 1
 0:   dino_head_hidden_size ........................... 2048
 0:   dino_local_crops_number ......................... 10
 0:   dino_local_img_size ............................. 96
 0:   dino_norm_last_layer ............................ False
 0:   dino_teacher_temp ............................... 0.07
 0:   dino_warmup_teacher_temp ........................ 0.04
 0:   dino_warmup_teacher_temp_epochs ................. 30
 0:   disable_bf16_reduced_precision_matmul ........... False
 0:   disable_jit_fuser ............................... False
 0:   disable_msc_deprecated .......................... False
 0:   disable_straggler_on_startup .................... False
 0:   disable_symmetric_registration .................. False
 0:   dist_ckpt_format_deprecated ..................... None
 0:   dist_ckpt_optim_fully_reshardable ............... False
 0:   dist_ckpt_save_pre_mcore_014 .................... False
 0:   dist_ckpt_strictness ............................ assume_ok_unexpected
 0:   dist_ckpt_workers ............................... 1
 0:   distrib_optim_fully_reshardable_mem_efficient ... False
 0:   distribute_saved_activations .................... False
 0:   distributed_backend ............................. nccl
 0:   distributed_timeout_minutes ..................... 10
 0:   distributed_timeout_seconds_after_init .......... None
 0:   dsa_indexer_head_dim ............................ None
 0:   dsa_indexer_loss_coeff .......................... None
 0:   dsa_indexer_n_heads ............................. None
 0:   dsa_indexer_topk ................................ None
 0:   dsa_indexer_use_sparse_loss ..................... False
 0:   dump_param_to_param_group_map ................... None
 0:   embedding_init_method_std ....................... None
 0:   embedding_path .................................. None
 0:   empty_unused_memory_level ....................... 0
 0:   enable_chunked_prefill .......................... False
 0:   enable_cuda_graph ............................... False
 0:   enable_experimental ............................. False
 0:   enable_ft_package ............................... False
 0:   enable_full_sharding_in_hsdp .................... False
 0:   enable_gpt_oss .................................. False
 0:   enable_msc ...................................... False
 0:   enable_one_logger ............................... True
 0:   encoder_num_layers .............................. 16
 0:   encoder_seq_length .............................. 8192
 0:   end_weight_decay ................................ 0.1
 0:   eod_mask_loss ................................... True
 0:   ep_overlap_early_attn_memory_release ............ False
 0:   error_injection_rate ............................ 0
 0:   error_injection_type ............................ transient_error
 0:   eval_global_batch_size .......................... 288
 0:   eval_interval ................................... 100000000000
 0:   eval_iters ...................................... 0
 0:   eval_micro_batch_size ........................... 3
 0:   evidence_data_path .............................. None
 0:   exit_duration_in_mins ........................... None
 0:   exit_interval ................................... None
 0:   exit_on_missing_checkpoint ...................... False
 0:   exit_signal ..................................... 15
 0:   exit_signal_handler ............................. False
 0:   exit_signal_handler_for_dataloader .............. False
 0:   exit_signal_handler_for_training ................ False
 0:   exp_avg_dtype ................................... torch.float32
 0:   exp_avg_sq_dtype ................................ torch.float32
 0:   experimental_attention_variant .................. None
 0:   expert_model_parallel_size ...................... 1
 0:   expert_tensor_parallel_size ..................... 1
 0:   export_default_te_spec .......................... False
 0:   export_force_local_attention .................... False
 0:   export_kd_cfg ................................... None
 0:   export_kd_teacher_ckpt_format ................... None
 0:   export_kd_teacher_load .......................... None
 0:   export_kd_teacher_model_config .................. None
 0:   export_kv_cache_quant ........................... none
 0:   export_legacy_megatron .......................... False
 0:   export_model_type ............................... GPTModel
 0:   export_moe_apply_probs_on_input ................. False
 0:   export_offline_model ............................ False
 0:   export_qk_l2_norm ............................... False
 0:   export_quant_cfg ................................ None
 0:   export_real_quant_cfg ........................... None
 0:   export_te_mcore_model ........................... False
 0:   external_cuda_graph ............................. False
 0:   fake_process_group .............................. False
 0:   fault_injector_delay_start_iteration ............ None
 0:   fault_injector_fault_delay ...................... None
 0:   fault_injector_fault_probabilities .............. None
 0:   fault_injector_fault_types ...................... None
 0:   fault_injector_mtti_seconds ..................... None
 0:   fault_injector_num_ranks ........................ None
 0:   fault_injector_offset_seconds ................... None
 0:   fault_injector_ranks ............................ None
 0:   fault_injector_seed ............................. None
 0:   ffn_hidden_size ................................. 8192
 0:   fim_data ........................................ False
 0:   fim_eod_token ................................... <|endoftext|>
 0:   fim_fragment_rate ............................... None
 0:   fim_middle_token ................................ <fim_middle>
 0:   fim_no_prefix ................................... None
 0:   fim_pad_token ................................... <fim_pad>
 0:   fim_prefix_token ................................ <fim_prefix>
 0:   fim_rate ........................................ 0.5
 0:   fim_split_sample ................................ None
 0:   fim_spm_rate .................................... 0.5
 0:   fim_suffix_token ................................ <fim_suffix>
 0:   fine_grained_activation_offloading .............. False
 0:   fine_grained_offloading_max_inflight_offloads ... None
 0:   finetune ........................................ False
 0:   finetune_data_split ............................. train
 0:   finetune_hf_dataset ............................. None
 0:   first_last_layers_bf16 .......................... False
 0:   flash_decode .................................... False
 0:   flight_recorder_dump_on_timeout ................. True
 0:   flight_recorder_dump_path ....................... None
 0:   flight_recorder_extra_dump_on_exec .............. True
 0:   flight_recorder_include_only_active ............. True
 0:   flight_recorder_include_stack_trace ............. False
 0:   flight_recorder_trace_buffer_size ............... 2000
 0:   fp16 ............................................ False
 0:   fp16_lm_cross_entropy ........................... False
 0:   fp32_residual_connection ........................ False
 0:   fp4 ............................................. None
 0:   fp4_param_gather ................................ False
 0:   fp4_quantizer_factory ........................... None
 0:   fp4_recipe ...................................... nvfp4
 0:   fp8 ............................................. None
 0:   fp8_amax_compute_algo ........................... most_recent
 0:   fp8_amax_history_len ............................ 1
 0:   fp8_interval .................................... 1
 0:   fp8_margin ...................................... 0
 0:   fp8_output_proj ................................. False
 0:   fp8_param_gather ................................ False
 0:   fp8_quantizer_factory ........................... None
 0:   fp8_recipe ...................................... delayed
 0:   fp8_wgrad ....................................... True
 0:   freeze_all_layers ............................... False
 0:   fsdp_double_buffer .............................. False
 0:   fsdp_manual_registration ........................ False
 0:   ft_num_warmup_iters ............................. 5
 0:   full_validation ................................. False
 0:   fused_residual_rmsnorm .......................... False
 0:   gdn_state_carry_ratio ........................... 0.0
 0:   global_batch_size ............................... 288
 0:   glu_linear_offset ............................... 0.0
 0:   goldfish_h ...................................... 50
 0:   goldfish_k ...................................... 50
 0:   goldfish_loss ................................... False
 0:   gpu_sniff_test_interval ......................... None
 0:   grad_reduce_in_bf16 ............................. False
 0:   gradient_accumulation_fusion .................... True
 0:   gradient_reduce_div_fusion ...................... True
 0:   group_query_attention ........................... True
 0:   grpo_clamp_eps_lower ............................ 0.01
 0:   grpo_clamp_eps_upper ............................ 0.01
 0:   grpo_entropy_term_weight ........................ 0.0
 0:   grpo_filter_groups_with_same_reward ............. False
 0:   grpo_group_size ................................. 2
 0:   grpo_iterations ................................. 2
 0:   grpo_kl_beta .................................... 0.001
 0:   grpo_prompts_per_step ........................... 32
 0:   head_lr_mult .................................... 1.0
 0:   heterogeneous_layers_config_encoded_json ........ None
 0:   heterogeneous_layers_config_path ................ None
 0:   hidden_dropout .................................. 0.0
 0:   hidden_size ..................................... 2048
 0:   hierarchical_context_parallel_sizes ............. None
 0:   high_priority_a2a_comm_stream ................... False
 0:   high_priority_stream_groups ..................... []
 0:   hybrid_context_parallel ......................... False
 0:   hybrid_layer_pattern ............................ None
 0:   hybrid_override_pattern ......................... None
 0:   hysteresis ...................................... 2
 0:   ict_head_size ................................... None
 0:   ict_load ........................................ None
 0:   img_h ........................................... 224
 0:   img_w ........................................... 224
 0:   indexer_batch_size .............................. 128
 0:   indexer_log_interval ............................ 1000
 0:   inference_batch_times_seqlen_threshold .......... -1
 0:   inference_coordinator_port ...................... None
 0:   inference_cuda_graph_all_prefills ............... False
 0:   inference_cuda_graph_scope ...................... InferenceCudaGraphScope.none
 0:   inference_disable_ep_consensus .................. False
 0:   inference_disable_triton_nvls_kernels ........... False
 0:   inference_dynamic_batching ...................... False
 0:   inference_dynamic_batching_block_size ........... 256
 0:   inference_dynamic_batching_buffer_size_gb ....... 40.0
 0:   inference_dynamic_batching_cuda_graph_mixed_prefill_count  16
 0:   inference_dynamic_batching_cuda_graph_sizing_distribution  exponential
 0:   inference_dynamic_batching_enable_prefix_caching  False
 0:   inference_dynamic_batching_mamba_memory_ratio ... None
 0:   inference_dynamic_batching_max_requests ......... None
 0:   inference_dynamic_batching_max_tokens ........... None
 0:   inference_dynamic_batching_num_cuda_graphs ...... 16
 0:   inference_dynamic_batching_paused_buffer_size_gb  None
 0:   inference_dynamic_batching_prefix_caching_coordinator_policy  first_prefix_block
 0:   inference_dynamic_batching_prefix_caching_eviction_policy  ref_zero
 0:   inference_dynamic_batching_prefix_caching_mamba_gb  None
 0:   inference_dynamic_batching_prefix_caching_routing_alpha  0.5
 0:   inference_dynamic_batching_sampling_backend ..... torch
 0:   inference_dynamic_batching_track_generated_token_events  False
 0:   inference_dynamic_batching_track_paused_request_events  False
 0:   inference_dynamic_batching_unified_memory_level . 0
 0:   inference_fuse_tp_communication ................. False
 0:   inference_grouped_gemm_backend .................. vllm
 0:   inference_logging_step_interval ................. 0
 0:   inference_max_requests .......................... 8
 0:   inference_max_seq_length ........................ 2560
 0:   inference_moe_disable_fused_quant_kernels ....... False
 0:   inference_moe_token_dispatcher_type ............. nvls
 0:   inference_rng_tracker ........................... False
 0:   inference_text_gen_server_logging ............... False
 0:   inference_use_synchronous_zmq_collectives ....... False
 0:   inference_wandb_logging ......................... False
 0:   init_method_std ................................. 0.02
 0:   init_method_xavier_uniform ...................... False
 0:   init_model_with_meta_device ..................... False
 0:   initial_loss_scale .............................. 4294967296
 0:   inprocess_active_world_size ..................... 32
 0:   inprocess_barrier_timeout ....................... 120
 0:   inprocess_completion_timeout .................... 120
 0:   inprocess_empty_cuda_cache ...................... False
 0:   inprocess_granularity ........................... node
 0:   inprocess_hard_timeout .......................... 90
 0:   inprocess_heartbeat_interval .................... 30
 0:   inprocess_heartbeat_timeout ..................... 60
 0:   inprocess_last_call_wait ........................ 1
 0:   inprocess_max_iterations ........................ None
 0:   inprocess_monitor_process_interval .............. 1.0
 0:   inprocess_monitor_thread_interval ............... 1.0
 0:   inprocess_progress_watchdog_interval ............ 1.0
 0:   inprocess_restart ............................... False
 0:   inprocess_soft_timeout .......................... 60
 0:   inprocess_termination_grace_time ................ 1
 0:   is_hybrid_model ................................. False
 0:   iter_per_epoch .................................. 1250
 0:   iterations_to_skip .............................. []
 0:   keep_fp8_transpose_cache ........................ False
 0:   kitchen_attention_backend ....................... sdpa
 0:   kv_channels ..................................... 64
 0:   kv_lora_rank .................................... 32
 0:   langrl_env_config ............................... None
 0:   layernorm_epsilon ............................... 1e-05
 0:   layernorm_zero_centered_gamma ................... False
 0:   lazy_mpu_init ................................... False
 0:   linear_attention_freq ........................... None
 0:   linear_conv_kernel_dim .......................... 4
 0:   linear_key_head_dim ............................. 128
 0:   linear_num_key_heads ............................ 16
 0:   linear_num_value_heads .......................... 32
 0:   linear_value_head_dim ........................... 128
 0:   lion_beta1 ...................................... 0.95
 0:   lion_beta2 ...................................... 0.98
 0:   load ............................................ None
 0:   load_main_params_from_ckpt ...................... False
 0:   local_rank ...................................... 0
 0:   log_device_memory_used .......................... False
 0:   log_energy ...................................... False
 0:   log_interval .................................... 1
 0:   log_loss_scale_to_tensorboard ................... False
 0:   log_max_attention_logit ......................... False
 0:   log_memory_interval ............................. None
 0:   log_memory_to_tensorboard ....................... True
 0:   log_num_zeros_in_grad ........................... False
 0:   log_params_norm ................................. True
 0:   log_progress .................................... True
 0:   log_straggler ................................... False
 0:   log_throughput .................................. True
 0:   log_timers_to_tensorboard ....................... True
 0:   log_validation_ppl_to_tensorboard ............... False
 0:   log_world_size_to_tensorboard ................... False
 0:   logging_level ................................... None
 0:   logits_load_decode_threads ...................... 4
 0:   logits_load_dir ................................. None
 0:   logits_load_ignore_errors ....................... False
 0:   logits_load_kd_loss_alpha ....................... 1.0
 0:   logits_load_msc_prefetch_depth .................. 2
 0:   logits_load_prefetch_factor ..................... 3
 0:   logits_save_dir ................................. None
 0:   logits_save_dtype ............................... fp16
 0:   logits_save_top_k ............................... None
 0:   logits_save_top_p ............................... None
 0:   logits_save_top_p_min_k ......................... 1
 0:   loss_scale ...................................... None
 0:   loss_scale_window ............................... 1000
 0:   lr .............................................. 0.0004
 0:   lr_decay_iters .................................. None
 0:   lr_decay_samples ................................ None
 0:   lr_decay_style .................................. cosine
 0:   lr_warmup_fraction .............................. None
 0:   lr_warmup_init .................................. 0.0
 0:   lr_warmup_iters ................................. 1
 0:   lr_warmup_samples ............................... 0
 0:   lr_wsd_decay_iters .............................. None
 0:   lr_wsd_decay_samples ............................ None
 0:   lr_wsd_decay_style .............................. exponential
 0:   main_grads_dtype ................................ torch.float32
 0:   main_params_dtype ............................... torch.float32
 0:   make_vocab_size_divisible_by .................... 128
 0:   mamba_head_dim .................................. 64
 0:   mamba_inference_conv_states_dtype ............... torch.bfloat16
 0:   mamba_inference_ssm_states_dtype ................ torch.bfloat16
 0:   mamba_num_groups ................................ 8
 0:   mamba_num_heads ................................. None
 0:   mamba_state_dim ................................. 128
 0:   mamba_training_ssm_states_dtype ................. None
 0:   manual_gc ....................................... False
 0:   manual_gc_eval .................................. True
 0:   manual_gc_interval .............................. 0
 0:   mask_factor ..................................... 1.0
 0:   mask_prob ....................................... 0.15
 0:   mask_type ....................................... random
 0:   masked_softmax_fusion ........................... True
 0:   max_position_embeddings ......................... 8192
 0:   max_seqlen_per_dp_cp_rank ....................... None
 0:   max_tokens_to_oom ............................... 12000
 0:   megatron_fsdp_enable_fine_grained_param_gather .. False
 0:   megatron_fsdp_grad_comm_dtype ................... None
 0:   megatron_fsdp_main_grads_dtype .................. None
 0:   megatron_fsdp_main_params_dtype ................. torch.float32
 0:   memory_snapshot_path ............................ snapshot.pickle
 0:   merge_file ...................................... None
 0:   metadata_path ................................... None
 0:   micro_batch_size ................................ 3
 0:   microbatch_group_size_per_vp_stage .............. None
 0:   mid_level_dataset_surplus ....................... 0.005
 0:   min_loss_scale .................................. 1.0
 0:   min_lr .......................................... 4e-05
 0:   min_offloaded_tensor_size ....................... 1048576
 0:   mla_down_proj_fusion ............................ False
 0:   mlp_chunks_for_prefill .......................... 1
 0:   mlp_chunks_for_training ......................... 1
 0:   mmap_bin_files .................................. True
 0:   mock_data ....................................... False
 0:   modelopt_enabled ................................ False
 0:   moe_apply_probs_on_input ........................ False
 0:   moe_aux_loss_coeff .............................. 0.0
 0:   moe_deepep_num_sms .............................. 20
 0:   moe_enable_deepep ............................... False
 0:   moe_enable_routing_replay ....................... False
 0:   moe_expert_capacity_factor ...................... None
 0:   moe_expert_rank_capacity_factor ................. None
 0:   moe_ffn_hidden_size ............................. None
 0:   moe_flex_dispatcher_backend ..................... deepep
 0:   moe_grouped_gemm ................................ False
 0:   moe_hybridep_num_blocks_permute ................. None
 0:   moe_hybridep_num_blocks_unpermute ............... None
 0:   moe_hybridep_num_sms ............................ None
 0:   moe_hybridep_num_sms_preprocessing .............. 108
 0:   moe_input_jitter_eps ............................ None
 0:   moe_latent_size ................................. None
 0:   moe_layer_freq .................................. 1
 0:   moe_layer_recompute ............................. False
 0:   moe_mlp_glu_interleave_size ..................... None
 0:   moe_pad_expert_input_to_capacity ................ False
 0:   moe_pad_experts_for_cuda_graph_inference ........ False
 0:   moe_paged_stash ................................. False
 0:   moe_paged_stash_buffer_size_factor_cpu .......... 0.0
 0:   moe_paged_stash_buffer_size_factor_cuda ......... 1.1
 0:   moe_paged_stash_page_size ....................... 64
 0:   moe_per_layer_logging ........................... False
 0:   moe_permute_fusion .............................. False
 0:   moe_permute_fusion_into_hybridep ................ False
 0:   moe_router_bias_update_rate ..................... 0.001
 0:   moe_router_dtype ................................ None
 0:   moe_router_enable_expert_bias ................... False
 0:   moe_router_force_biased ......................... None
 0:   moe_router_force_load_balancing ................. False
 0:   moe_router_fusion ............................... False
 0:   moe_router_group_topk ........................... None
 0:   moe_router_load_balancing_type .................. aux_loss
 0:   moe_router_num_groups ........................... None
 0:   moe_router_padding_for_fp8 ...................... False
 0:   moe_router_padding_for_quantization ............. False
 0:   moe_router_pre_softmax .......................... False
 0:   moe_router_score_function ....................... softmax
 0:   moe_router_topk ................................. 2
 0:   moe_router_topk_scaling_factor .................. None
 0:   moe_shared_expert_gate .......................... False
 0:   moe_shared_expert_intermediate_size ............. None
 0:   moe_shared_expert_overlap ....................... False
 0:   moe_single_grouped_bias ......................... False
 0:   moe_single_grouped_weight ....................... False
 0:   moe_token_dispatcher_type ....................... allgather
 0:   moe_token_drop_policy ........................... probs
 0:   moe_upcycling_granularity ....................... 1
 0:   moe_use_upcycling ............................... False
 0:   moe_z_loss_coeff ................................ None
 0:   mrope_section ................................... None
 0:   mscale .......................................... 1.0
 0:   mscale_all_dim .................................. 0.0
 0:   mtp_detach_heads ................................ False
 0:   mtp_hybrid_override_pattern ..................... None
 0:   mtp_loss_scaling_factor ......................... 0.1
 0:   mtp_num_layers .................................. None
 0:   mtp_standalone .................................. False
 0:   mtp_use_repeated_layer .......................... False
 0:   multi_latent_attention .......................... False
 0:   multiple_validation_sets ........................ False
 0:   muon_coefficient_type ........................... quintic
 0:   muon_extra_scale_factor ......................... 1.0
 0:   muon_fp32_matmul_prec ........................... medium
 0:   muon_momentum ................................... 0.9
 0:   muon_nesterov ................................... False
 0:   muon_num_ns_steps ............................... 5
 0:   muon_scalar_optimizer ........................... adam
 0:   muon_scale_mode ................................. spectral
 0:   muon_split_qkv .................................. True
 0:   muon_tp_mode .................................... blockwise
 0:   mup_attn_scale_power ............................ 1.0
 0:   mup_base_head_dim ............................... None
 0:   mup_base_hidden_size ............................ None
 0:   mup_embedding_mult .............................. 1.0
 0:   mup_output_mult ................................. 1.0
 0:   mup_width_mult .................................. 1.0
 0:   nccl_all_reduce_for_prefill ..................... False
 0:   nccl_communicator_config_path ................... None
 0:   nccl_ub ......................................... False
 0:   no_load_optim ................................... None
 0:   no_load_rng ..................................... None
 0:   no_persist_layer_norm ........................... False
 0:   no_rope_freq .................................... None
 0:   no_save_optim ................................... None
 0:   no_save_rng ..................................... None
 0:   no_weight_decay_cond_type ....................... None
 0:   non_persistent_ckpt_type ........................ None
 0:   non_persistent_global_ckpt_dir .................. None
 0:   non_persistent_local_ckpt_algo .................. fully_parallel
 0:   non_persistent_local_ckpt_dir ................... None
 0:   non_persistent_save_interval .................... None
 0:   normalization ................................... RMSNorm
 0:   null_tokenizer_eod_id ........................... None
 0:   null_tokenizer_pad_id ........................... -1
 0:   num_attention_heads ............................. 32
 0:   num_channels .................................... 3
 0:   num_classes ..................................... 1000
 0:   num_dataset_builder_threads ..................... 4
 0:   num_distributed_optimizer_instances ............. 1
 0:   num_experts ..................................... None
 0:   num_layers ...................................... 16
 0:   num_layers_at_end_in_bf16 ....................... 1
 0:   num_layers_at_start_in_bf16 ..................... 1
 0:   num_layers_per_virtual_pipeline_stage ........... None
 0:   num_query_groups ................................ 8
 0:   num_speculative_tokens .......................... 0
 0:   num_virtual_stages_per_pipeline_rank ............ None
 0:   num_workers ..................................... 2
 0:   nvtx_ranges ..................................... False
 0:   object_storage_cache_path ....................... None
 0:   offload_modules ................................. []
 0:   one_logger_async ................................ False
 0:   one_logger_project .............................. megatron-lm
 0:   one_logger_run_name ............................. None
 0:   onnx_safe ....................................... None
 0:   openai_gelu ..................................... False
 0:   optimizer ....................................... adam
 0:   optimizer_cpu_offload ........................... False
 0:   optimizer_cuda_graph ............................ False
 0:   optimizer_offload_fraction ...................... 1.0
 0:   outer_dp_sharding_strategy ...................... no_shard
 0:   output_bert_embeddings .......................... False
 0:   overlap_cpu_optimizer_d2h_h2d ................... False
 0:   overlap_dispatch_backward_with_experts_wgrad .... False
 0:   overlap_grad_reduce ............................. True
 0:   overlap_moe_expert_parallel_comm ................ False
 0:   overlap_p2p_comm ................................ False
 0:   overlap_p2p_comm_warmup_flush ................... False
 0:   overlap_param_gather ............................ True
 0:   overlap_param_gather_with_optimizer_step ........ False
 0:   override_ckpt_iteration ......................... None
 0:   override_opt_param_scheduler .................... False
 0:   pad_vocab_size .................................. True
 0:   padded_vocab_size ............................... None
 0:   params_dtype .................................... torch.bfloat16
 0:   patch_dim ....................................... 16
 0:   per_dataset_sequences_path ...................... None
 0:   per_split_data_args_path ........................ None
 0:   perform_initialization .......................... True
 0:   perform_rl_step ................................. False
 0:   phase_transition_iterations ..................... None
 0:   pin_cpu_grads ................................... True
 0:   pin_cpu_params .................................. True
 0:   pipeline_model_parallel_comm_backend ............ None
 0:   pipeline_model_parallel_layout .................. None
 0:   pipeline_model_parallel_size .................... 1
 0:   position_embedding_type ......................... rope
 0:   pretrained_checkpoint ........................... None
 0:   profile ......................................... False
 0:   profile_ranks ................................... []
 0:   profile_step_end ................................ 12
 0:   profile_step_start .............................. 10
 0:   pytorch_profiler_collect_callstack .............. False
 0:   pytorch_profiler_collect_chakra ................. False
 0:   pytorch_profiler_collect_shapes ................. False
 0:   q_lora_rank ..................................... None
 0:   qk_clip ......................................... False
 0:   qk_clip_alpha ................................... 0.5
 0:   qk_clip_threshold ............................... 100
 0:   qk_head_dim ..................................... 128
 0:   qk_l2_norm ...................................... False
 0:   qk_layernorm .................................... False
 0:   qk_pos_emb_head_dim ............................. 64
 0:   query_in_block_prob ............................. 0.1
 0:   quick_geglu ..................................... False
 0:   rampup_batch_size ............................... None
 0:   rank ............................................ 0
 0:   recompute_granularity ........................... None
 0:   recompute_method ................................ None
 0:   recompute_modules ............................... None
 0:   recompute_num_layers ............................ None
 0:   record_memory_history ........................... False
 0:   record_shapes ................................... False
 0:   refit_method .................................... gloo
 0:   relative_attention_max_distance ................. 128
 0:   relative_attention_num_buckets .................. 32
 0:   replication ..................................... False
 0:   replication_factor .............................. 2
 0:   replication_jump ................................ None
 0:   rerun_mode ...................................... validate_results
 0:   reset_attention_mask ............................ False
 0:   reset_position_ids .............................. True
 0:   result_rejected_tracker_filename ................ None
 0:   retriever_report_topk_accuracies ................ []
 0:   retriever_score_scaling ......................... False
 0:   reuse_grad_buf_for_mxfp8_param_ag ............... False
 0:   rl_default_temperature .......................... 1.0
 0:   rl_default_top_k ................................ -1
 0:   rl_default_top_p ................................ 0
 0:   rl_generation_batch_size ........................ None
 0:   rl_importance_sampling_truncation_coef .......... None
 0:   rl_inference_expert_model_parallel_size ......... None
 0:   rl_inference_expert_tensor_model_parallel_size .. None
 0:   rl_inference_logprobs_is_correction ............. False
 0:   rl_inference_model_unified_memory_level ......... 0
 0:   rl_inference_parsers ............................ []
 0:   rl_inference_pipeline_model_parallel_size ....... None
 0:   rl_inference_tensor_model_parallel_size ......... None
 0:   rl_kv_cache_management_mode ..................... persist
 0:   rl_num_parallel_generation_batches .............. None
 0:   rl_num_parallel_generations ..................... None
 0:   rl_offload_inference_model_weights_when_idle .... False
 0:   rl_offload_optimizer_during_inference ........... False
 0:   rl_parallel_generation_tasks .................... None
 0:   rl_partial_rollouts ............................. False
 0:   rl_persist_cuda_graphs .......................... False
 0:   rl_profile ...................................... False
 0:   rl_profile_dir .................................. None
 0:   rl_prompts_per_eval ............................. 32
 0:   rl_sequence_packing_algo ........................ fifo
 0:   rl_sequence_packing_max_sequences_per_bin ....... 50
 0:   rl_skip_bos_token ............................... False
 0:   rl_training_cuda_graphs ......................... False
 0:   rl_use_sequence_packing ......................... False
 0:   rl_verify_model_weights_swap .................... False
 0:   rope_scaling_factor ............................. 1.0
 0:   rope_type ....................................... None
 0:   rotary_base ..................................... 500000
 0:   rotary_interleaved .............................. False
 0:   rotary_percent .................................. 1.0
 0:   rotary_scaling_factor ........................... 1.0
 0:   rotary_seq_len_interpolation_factor ............. None
 0:   run_workload_inspector_server ................... False
 0:   sample_rate ..................................... 1.0
 0:   save ............................................ None
 0:   save_activations_interval ....................... None
 0:   save_dgrads_interval ............................ None
 0:   save_interval ................................... None
 0:   save_params_interval ............................ None
 0:   save_retain_interval ............................ None
 0:   save_tokens_per_expert_interval ................. None
 0:   save_wgrads_interval ............................ None
 0:   seed ............................................ 28
 0:   seq_length ...................................... 8192
 0:   sequence_parallel ............................... False
 0:   sft ............................................. False
 0:   sft_tokenizer_prompt_format ..................... nemotron-h-aligned
 0:   sgd_momentum .................................... 0.9
 0:   sharp_enabled_group ............................. None
 0:   short_seq_prob .................................. 0.1
 0:   skip_train ...................................... False
 0:   skipped_train_samples ........................... 0
 0:   softmax_type .................................... learnable
 0:   spec ............................................ None
 0:   special_tokens .................................. None
 0:   split ........................................... 100,0,0
 0:   squared_relu .................................... False
 0:   start_eval_at_iter .............................. None
 0:   start_weight_decay .............................. 0.1
 0:   step_batch_size_schedule ........................ None
 0:   straggler_ctrlr_port ............................ 65535
 0:   straggler_minmax_count .......................... 1
 0:   strict_fsdp_dtensor_load ........................ True
 0:   suggested_communication_unit_size ............... None
 0:   swiglu .......................................... True
 0:   swin_backbone_type .............................. tiny
 0:   symmetric_ar_type ............................... None
 0:   te_precision_config_file ........................ None
 0:   te_rng_tracker .................................. False
 0:   tensor_model_parallel_size ...................... 1
 0:   tensorboard_dir ................................. /iopsstor/scratch/cscs/elyulina/Megatron-LM-Attention-Benchmark/attn_bench/results/pretrain/fineweb-40B_gutenberg-3B/test-llama3-1b-sink-attn-scf1-fineweb40B-gutenberg3B/logging/tensorboard
 0:   tensorboard_log_interval ........................ 1
 0:   tensorboard_queue_size .......................... 1000
 0:   test_data_path .................................. None
 0:   test_mode ....................................... False
 0:   tests ........................................... ['xdoc_mask=pass', 'xdoc_loss=pass', 'xdoc_position_ids=pass', 'sink=pass', 'gated=fail']
 0:   tiktoken_num_special_tokens ..................... 1000
 0:   tiktoken_pattern ................................ None
 0:   timing_log_level ................................ 2
 0:   timing_log_option ............................... minmax
 0:   titles_data_path ................................ None
 0:   tokenizer_hf_no_include_special_tokens .......... False
 0:   tokenizer_hf_no_use_fast ........................ False
 0:   tokenizer_model ................................. /iopsstor/scratch/cscs/elyulina/tokenizers/llama-3.2-1b
 0:   tokenizer_sentencepiece_ignore_extra_whitespaces  True
 0:   tokenizer_sentencepiece_legacy .................. False
 0:   tokenizer_type .................................. HuggingFaceTokenizer
 0:   torch_fsdp2_reshard_after_forward ............... True
 0:   tp_comm_bootstrap_backend ....................... nccl
 0:   tp_comm_bulk_dgrad .............................. True
 0:   tp_comm_bulk_wgrad .............................. True
 0:   tp_comm_overlap ................................. False
 0:   tp_comm_overlap_ag .............................. True
 0:   tp_comm_overlap_cfg ............................. None
 0:   tp_comm_overlap_rs .............................. True
 0:   tp_comm_overlap_rs_dgrad ........................ False
 0:   tp_comm_split_ag ................................ True
 0:   tp_comm_split_rs ................................ True
 0:   train_data_path ................................. None
 0:   train_iters ..................................... 2
 0:   train_samples ................................... None
 0:   train_sync_interval ............................. None
 0:   transformer_impl ................................ transformer_engine
 0:   transformer_pipeline_model_parallel_size ........ 1
 0:   trust_remote_code ............................... False
 0:   untie_embeddings_and_output_weights ............. False
 0:   use_checkpoint_args ............................. False
 0:   use_checkpoint_opt_param_scheduler .............. False
 0:   use_cpu_initialization .......................... None
 0:   use_dist_ckpt ................................... True
 0:   use_dist_ckpt_deprecated ........................ False
 0:   use_distributed_optimizer ....................... True
 0:   use_flash_attn .................................. False
 0:   use_fused_weighted_squared_relu ................. False
 0:   use_gloo_process_groups ......................... True
 0:   use_grouped_gemm_for_dense_mlp .................. False
 0:   use_kitchen_attention ........................... False
 0:   use_layer_wise_distributed_optimizer ............ False
 0:   use_layer_wise_param_layout ..................... True
 0:   use_legacy_static_engine ........................ False
 0:   use_mamba_mem_eff_path .......................... True
 0:   use_megatron_fsdp ............................... False
 0:   use_mp_args_from_checkpoint_args ................ False
 0:   use_mup ......................................... False
 0:   use_one_sent_docs ............................... False
 0:   use_packed_seq_params ........................... True
 0:   use_persistent_ckpt_worker ...................... False
 0:   use_precision_aware_optimizer ................... False
 0:   use_pytorch_profiler ............................ False
 0:   use_ring_exchange_p2p ........................... False
 0:   use_rope_scaling ................................ True
 0:   use_rotary_position_embeddings .................. False
 0:   use_sharp ....................................... False
 0:   use_te_activation_func .......................... False
 0:   use_tokenizer_model_from_checkpoint_args ........ True
 0:   use_torch_fsdp2 ................................. False
 0:   use_torch_optimizer_for_cpu_offload ............. False
 0:   use_tp_pp_dp_mapping ............................ False
 0:   use_transformer_engine_op_fuser ................. False
 0:   v_head_dim ...................................... 128
 0:   valid_data_path ................................. None
 0:   validation_set_names ............................ None
 0:   variable_seq_lengths ............................ False
 0:   verify_integrity ................................ False
 0:   virtual_pipeline_model_parallel_size ............ None
 0:   vision_backbone_type ............................ vit
 0:   vision_pretraining .............................. False
 0:   vision_pretraining_type ......................... classify
 0:   vocab_extra_ids ................................. 0
 0:   vocab_file ...................................... None
 0:   vocab_size ...................................... None
 0:   wandb_entity .................................... None
 0:   wandb_exp_name .................................. None
 0:   wandb_project ................................... None
 0:   wandb_save_dir .................................. None
 0:   weight_decay .................................... 0.1
 0:   weight_decay_incr_style ......................... constant
 0:   wgrad_deferral_limit ............................ 0
 0:   window_attn_skip_freq ........................... None
 0:   window_size ..................................... None
 0:   world_size ...................................... 32
 0:   yaml_cfg ........................................ None
 0: -------------------- end of arguments ---------------------
 0: INFO:megatron.core.num_microbatches_calculator:setting number of microbatches to constant 3
31: > setting tensorboard ...
31: WARNING: one_logger package is required to enable e2e metrics tracking. please go to https://confluence.nvidia.com/display/MLWFO/Package+Repositories for details to install it
 0: INFO:megatron.core.tokenizers.utils.build_tokenizer: > padded vocab (size: 128256) with 0 dummy tokens (new size: 128256)
 0: WARNING:megatron.core.rerun_state_machine:RerunStateMachine initialized in mode RerunMode.VALIDATE_RESULTS
 0: > initializing torch distributed ...
 0: > initialized tensor model parallel with size 1
 0: > initialized pipeline model parallel with size 1
 0: > setting random seeds to 28 ...
 0: > compiling dataset index builder ...
 0: make: Entering directory '/iopsstor/scratch/cscs/elyulina/Megatron-LM-Attention-Benchmark/megatron/core/datasets'
 0: make: Nothing to be done for 'default'.
 0: make: Leaving directory '/iopsstor/scratch/cscs/elyulina/Megatron-LM-Attention-Benchmark/megatron/core/datasets'
 0: >>> done with dataset index builder. Compilation time: 0.185 seconds
 0: time to initialize megatron (seconds): 35.369
 0: [after in-process setup and before initialize_megatron] datetime: 2026-08-18 04:04:34.334115 
 0: [after in-job setup and before initialize_megatron] datetime: 2026-08-18 04:04:34.383952 
 0: [before library-setup] datetime: 2026-08-18 04:03:32.237694
 0: [after library-setup] datetime: 2026-08-18 04:04:33.474584
 0: [before megatron-init] datetime: 2026-08-18 04:04:34.334115
31: INFO:megatron.core.timers:(min, max) time across ranks (ms):
31:     startup-program-entry-spread ...................: (0.09, 1.97)
31:     startup-library-setup ..........................: (61235.89, 61255.32)
31:     startup-program-setup ..........................: (818.04, 870.34)
31:     startup-in-process-setup .......................: (0.00, 0.00)
31:     startup-in-job-setup ...........................: (48.26, 50.73)
31:     startup-initialize-megatron ....................: (18611.53, 18667.65)
31:     startup-set-jit-fusion-options .................: (2056.97, 2630.10)
31:     all-reduce-start-timestamps-tensor .............: (1.13, 574.32)
31:     startup-megatron-init-local ....................: (21292.37, 21347.81)
31:     startup-megatron-init-global ...................: (83412.62, 83412.77)
 0: [after megatron is initialized] datetime: 2026-08-18 04:04:55.922671 
 0: building GPT model ...
 0:  > number of parameters on (tensor, pipeline) model parallel rank (0, 0): 1235814912
 0: INFO:megatron.core.distributed.distributed_data_parallel:Setting up DistributedDataParallel with config DistributedDataParallelConfig(grad_reduce_in_fp32=True, overlap_grad_reduce=True, overlap_param_gather=True, align_param_gather=False, use_distributed_optimizer=True, num_distributed_optimizer_instances=1, check_for_nan_in_grad=True, check_for_large_grads=False, bucket_size=40000000, num_buckets=None, pad_buckets_for_high_nccl_busbw=False, reduce_scatter_with_fp32_accumulation=False, param_name_patterns_for_fp32_local_accumulation=(), average_in_collective=False, fp8_param_gather=False, fp4_param_gather=False, reuse_grad_buf_for_mxfp8_param_ag=False, use_megatron_fsdp=False, use_custom_fsdp=False, data_parallel_sharding_strategy='optim_grads_params', gradient_reduce_div_fusion=True, suggested_communication_unit_size=None, keep_fp8_transpose_cache=False, nccl_ub=False, fsdp_double_buffer=False, fsdp_db_use_persist_buf_on_alloc_fail=False, fsdp_all_gather_in_start_param_sync=True, outer_dp_sharding_strategy='
 0: no_shard', disable_symmetric_registration=False, fsdp_manual_registration=False, delay_wgrad_compute=False, megatron_fsdp_main_params_dtype=torch.float32, megatron_fsdp_main_grads_dtype=None, megatron_fsdp_grad_comm_dtype=None, megatron_fsdp_use_decoupled_grad=False, megatron_fsdp_cuda_graph_mode=False, megatron_fsdp_enable_fine_grained_param_gather=False)
 0: INFO:megatron.core.distributed.param_and_grad_buffer:Number of buckets for gradient all-reduce / reduce-scatter: 17
 0: Params for bucket 1 (50333696 elements, 50333696 padded size, 0 param(s) with extra main_grads):
 0: 	module.decoder.final_layernorm.weight (param.main_grad.dtype=torch.float32)
 0: 	module.decoder.layers.15.mlp.linear_fc2.weight (param.main_grad.dtype=torch.float32)
 0: 	module.decoder.layers.15.mlp.linear_fc1.weight (param.main_grad.dtype=torch.float32)
 0: Params for bucket 2 (60821536 elements, 60821632 padded size, 0 param(s) with extra main_grads):
 0: 	module.decoder.layers.15.mlp.linear_fc1.layer_norm_weight (param.main_grad.dtype=torch.float32)
 0: 	module.decoder.layers.15.self_attention.linear_qkv.weight (param.main_grad.dtype=torch.float32)
 0: 	module.decoder.layers.15.self_attention.linear_qkv.layer_norm_weight (param.main_grad.dtype=torch.float32)
 0: 	module.decoder.layers.15.self_attention.linear_proj.weight (param.main_grad.dtype=torch.float32)
 0: 	module.decoder.layers.15.self_attention.core_attention.softmax_o
 0: ffset (param.main_grad.dtype=torch.float32)
 0: 	module.decoder.layers.14.mlp.linear_fc2.weight (param.main_grad.dtype=torch.float32)
 0: 	module.decoder.layers.14.mlp.linear_fc1.weight (param.main_grad.dtype=torch.float32)
 0: Params for bucket 3 (60821536 elements, 60821632 padded size, 0 param(s) with extra main_grads):
 0: 	module.decoder.layers.14.mlp.linear_fc1.layer_norm_weight (param.main_grad.dtype=torch.float32)
 0: 	module.decoder.layers.14.self_attention.linear_qkv.weight (param.main_grad.dtype=torch.float32)
 0: 	module.decoder.layers.14.self_attention.linear_qkv.layer_norm_weight (param.main_grad.dtype=torch.float32)
 0: 	module.decoder.layers.14.self_attention.linear_proj.weight (param.main_grad.dtype=torch.float32)
 0: 	module.decoder.layers.14.self_attention.core_attention.softmax_offset (param.main_grad.dtype=torch.float32)
 0: 	module.decoder.layers.13.mlp.linear_fc2.weight (param.main_grad.dtype=torch.float32)
 0: 	module.decoder.layers.13.mlp.linear_fc1.weight (param.main_grad.dtype=torch.float32)
 0: Params for bucket 4 (60821536 
 0: elements, 60821632 padded size, 0 param(s) with extra main_grads):
 0: 	module.decoder.layers.13.mlp.linear_fc1.layer_norm_weight (param.main_grad.dtype=torch.float32)
 0: 	module.decoder.layers.13.self_attention.linear_qkv.weight (param.main_grad.dtype=torch.float32)
 0: 	module.decoder.layers.13.self_attention.linear_qkv.layer_norm_weight (param.main_grad.dtype=torch.float32)
 0: 	module.decoder.layers.13.self_attention.linear_proj.weight (param.main_grad.dtype=torch.float32)
 0: 	module.decoder.layers.13.self_attention.core_attention.softmax_offset (param.main_grad.dtype=torch.float32)
 0: 	module.decoder.layers.12.mlp.linear_fc2.weight (param.main_grad.dtype=torch.float32)
 0: 	module.decoder.layers.12.mlp.linear_fc1.weight (param.main_grad.dtype=torch.float32)
 0: Params for bucket 5 (60821536 elements, 60821632 padded size, 0 param(s) with extra main_grads):
 0: 	module.decoder.layers.12.mlp.linear_fc1.layer_norm_weight (param.main_grad.dtype=torch.float32)
 0: 	module.decoder.layers.12.self_attention.linear_qkv.weight (param.main_grad.dtype=
 0: torch.float32)
 0: 	module.decoder.layers.12.self_attention.linear_qkv.layer_norm_weight (param.main_grad.dtype=torch.float32)
 0: 	module.decoder.layers.12.self_attention.linear_proj.weight (param.main_grad.dtype=torch.float32)
 0: 	module.decoder.layers.12.self_attention.core_attention.softmax_offset (param.main_grad.dtype=torch.float32)
 0: 	module.decoder.layers.11.mlp.linear_fc2.weight (param.main_grad.dtype=torch.float32)
 0: 	module.decoder.layers.11.mlp.linear_fc1.weight (param.main_grad.dtype=torch.float32)
 0: Params for bucket 6 (60821536 elements, 60821632 padded size, 0 param(s) with extra main_grads):
 0: 	module.decoder.layers.11.mlp.linear_fc1.layer_norm_weight (param.main_grad.dtype=torch.float32)
 0: 	module.decoder.layers.11.self_attention.linear_qkv.weight (param.main_grad.dtype=torch.float32)
 0: 	module.decoder.layers.11.self_attention.linear_qkv.layer_norm_weight (param.main_grad.dtype=torch.float32)
 0: 	module.decoder.layers.11.self_attention.linear_proj.weight (param.main_grad.dtype=torch.float32)
 0: 	module.decoder.layers.1
 0: 1.self_attention.core_attention.softmax_offset (param.main_grad.dtype=torch.float32)
 0: 	module.decoder.layers.10.mlp.linear_fc2.weight (param.main_grad.dtype=torch.float32)
 0: 	module.decoder.layers.10.mlp.linear_fc1.weight (param.main_grad.dtype=torch.float32)
 0: Params for bucket 7 (60821536 elements, 60821632 padded size, 0 param(s) with extra main_grads):
 0: 	module.decoder.layers.10.mlp.linear_fc1.layer_norm_weight (param.main_grad.dtype=torch.float32)
 0: 	module.decoder.layers.10.self_attention.linear_qkv.weight (param.main_grad.dtype=torch.float32)
 0: 	module.decoder.layers.10.self_attention.linear_qkv.layer_norm_weight (param.main_grad.dtype=torch.float32)
 0: 	module.decoder.layers.10.self_attention.linear_proj.weight (param.main_grad.dtype=torch.float32)
 0: 	module.decoder.layers.10.self_attention.core_attention.softmax_offset (param.main_grad.dtype=torch.float32)
 0: 	module.decoder.layers.9.mlp.linear_fc2.weight (param.main_grad.dtype=torch.float32)
 0: 	module.decoder.layers.9.mlp.linear_fc1.weight (param.main_grad.dtype=torch.
 0: float32)
 0: Params for bucket 8 (60821536 elements, 60821632 padded size, 0 param(s) with extra main_grads):
 0: 	module.decoder.layers.9.mlp.linear_fc1.layer_norm_weight (param.main_grad.dtype=torch.float32)
 0: 	module.decoder.layers.9.self_attention.linear_qkv.weight (param.main_grad.dtype=torch.float32)
 0: 	module.decoder.layers.9.self_attention.linear_qkv.layer_norm_weight (param.main_grad.dtype=torch.float32)
 0: 	module.decoder.layers.9.self_attention.linear_proj.weight (param.main_grad.dtype=torch.float32)
 0: 	module.decoder.layers.9.self_attention.core_attention.softmax_offset (param.main_grad.dtype=torch.float32)
 0: 	module.decoder.layers.8.mlp.linear_fc2.weight (param.main_grad.dtype=torch.float32)
 0: 	module.decoder.layers.8.mlp.linear_fc1.weight (param.main_grad.dtype=torch.float32)
 0: Params for bucket 9 (60821536 elements, 60821632 padded size, 0 param(s) with extra main_grads):
 0: 	module.decoder.layers.8.mlp.linear_fc1.layer_norm_weight (param.main_grad.dtype=torch.float32)
 0: 	module.decoder.layers.8.self_attention.linear_qkv.
 0: weight (param.main_grad.dtype=torch.float32)
 0: 	module.decoder.layers.8.self_attention.linear_qkv.layer_norm_weight (param.main_grad.dtype=torch.float32)
 0: 	module.decoder.layers.8.self_attention.linear_proj.weight (param.main_grad.dtype=torch.float32)
 0: 	module.decoder.layers.8.self_attention.core_attention.softmax_offset (param.main_grad.dtype=torch.float32)
 0: 	module.decoder.layers.7.mlp.linear_fc2.weight (param.main_grad.dtype=torch.float32)
 0: 	module.decoder.layers.7.mlp.linear_fc1.weight (param.main_grad.dtype=torch.float32)
 0: Params for bucket 10 (60821536 elements, 60821632 padded size, 0 param(s) with extra main_grads):
 0: 	module.decoder.layers.7.mlp.linear_fc1.layer_norm_weight (param.main_grad.dtype=torch.float32)
 0: 	module.decoder.layers.7.self_attention.linear_qkv.weight (param.main_grad.dtype=torch.float32)
 0: 	module.decoder.layers.7.self_attention.linear_qkv.layer_norm_weight (param.main_grad.dtype=torch.float32)
 0: 	module.decoder.layers.7.self_attention.linear_proj.weight (param.main_grad.dtype=torch.float32)
 0: 	mo
 0: dule.decoder.layers.7.self_attention.core_attention.softmax_offset (param.main_grad.dtype=torch.float32)
 0: 	module.decoder.layers.6.mlp.linear_fc2.weight (param.main_grad.dtype=torch.float32)
 0: 	module.decoder.layers.6.mlp.linear_fc1.weight (param.main_grad.dtype=torch.float32)
 0: Params for bucket 11 (60821536 elements, 60821632 padded size, 0 param(s) with extra main_grads):
 0: 	module.decoder.layers.6.mlp.linear_fc1.layer_norm_weight (param.main_grad.dtype=torch.float32)
 0: 	module.decoder.layers.6.self_attention.linear_qkv.weight (param.main_grad.dtype=torch.float32)
 0: 	module.decoder.layers.6.self_attention.linear_qkv.layer_norm_weight (param.main_grad.dtype=torch.float32)
 0: 	module.decoder.layers.6.self_attention.linear_proj.weight (param.main_grad.dtype=torch.float32)
 0: 	module.decoder.layers.6.self_attention.core_attention.softmax_offset (param.main_grad.dtype=torch.float32)
 0: 	module.decoder.layers.5.mlp.linear_fc2.weight (param.main_grad.dtype=torch.float32)
 0: 	module.decoder.layers.5.mlp.linear_fc1.weight (param.main_gr
 0: ad.dtype=torch.float32)
 0: Params for bucket 12 (60821536 elements, 60821632 padded size, 0 param(s) with extra main_grads):
 0: 	module.decoder.layers.5.mlp.linear_fc1.layer_norm_weight (param.main_grad.dtype=torch.float32)
 0: 	module.decoder.layers.5.self_attention.linear_qkv.weight (param.main_grad.dtype=torch.float32)
 0: 	module.decoder.layers.5.self_attention.linear_qkv.layer_norm_weight (param.main_grad.dtype=torch.float32)
 0: 	module.decoder.layers.5.self_attention.linear_proj.weight (param.main_grad.dtype=torch.float32)
 0: 	module.decoder.layers.5.self_attention.core_attention.softmax_offset (param.main_grad.dtype=torch.float32)
 0: 	module.decoder.layers.4.mlp.linear_fc2.weight (param.main_grad.dtype=torch.float32)
 0: 	module.decoder.layers.4.mlp.linear_fc1.weight (param.main_grad.dtype=torch.float32)
 0: Params for bucket 13 (60821536 elements, 60821632 padded size, 0 param(s) with extra main_grads):
 0: 	module.decoder.layers.4.mlp.linear_fc1.layer_norm_weight (param.main_grad.dtype=torch.float32)
 0: 	module.decoder.layers.4.self_atte
 0: ntion.linear_qkv.weight (param.main_grad.dtype=torch.float32)
 0: 	module.decoder.layers.4.self_attention.linear_qkv.layer_norm_weight (param.main_grad.dtype=torch.float32)
 0: 	module.decoder.layers.4.self_attention.linear_proj.weight (param.main_grad.dtype=torch.float32)
 0: 	module.decoder.layers.4.self_attention.core_attention.softmax_offset (param.main_grad.dtype=torch.float32)
 0: 	module.decoder.layers.3.mlp.linear_fc2.weight (param.main_grad.dtype=torch.float32)
 0: 	module.decoder.layers.3.mlp.linear_fc1.weight (param.main_grad.dtype=torch.float32)
 0: Params for bucket 14 (60821536 elements, 60821632 padded size, 0 param(s) with extra main_grads):
 0: 	module.decoder.layers.3.mlp.linear_fc1.layer_norm_weight (param.main_grad.dtype=torch.float32)
 0: 	module.decoder.layers.3.self_attention.linear_qkv.weight (param.main_grad.dtype=torch.float32)
 0: 	module.decoder.layers.3.self_attention.linear_qkv.layer_norm_weight (param.main_grad.dtype=torch.float32)
 0: 	module.decoder.layers.3.self_attention.linear_proj.weight (param.main_grad.dtype=t
 0: orch.float32)
 0: 	module.decoder.layers.3.self_attention.core_attention.softmax_offset (param.main_grad.dtype=torch.float32)
 0: 	module.decoder.layers.2.mlp.linear_fc2.weight (param.main_grad.dtype=torch.float32)
 0: 	module.decoder.layers.2.mlp.linear_fc1.weight (param.main_grad.dtype=torch.float32)
 0: Params for bucket 15 (60821536 elements, 60821632 padded size, 0 param(s) with extra main_grads):
 0: 	module.decoder.layers.2.mlp.linear_fc1.layer_norm_weight (param.main_grad.dtype=torch.float32)
 0: 	module.decoder.layers.2.self_attention.linear_qkv.weight (param.main_grad.dtype=torch.float32)
 0: 	module.decoder.layers.2.self_attention.linear_qkv.layer_norm_weight (param.main_grad.dtype=torch.float32)
 0: 	module.decoder.layers.2.self_attention.linear_proj.weight (param.main_grad.dtype=torch.float32)
 0: 	module.decoder.layers.2.self_attention.core_attention.softmax_offset (param.main_grad.dtype=torch.float32)
 0: 	module.decoder.layers.1.mlp.linear_fc2.weight (param.main_grad.dtype=torch.float32)
 0: 	module.decoder.layers.1.mlp.linear_fc1.weigh
 0: t (param.main_grad.dtype=torch.float32)
 0: Params for bucket 16 (60821536 elements, 60821632 padded size, 0 param(s) with extra main_grads):
 0: 	module.decoder.layers.1.mlp.linear_fc1.layer_norm_weight (param.main_grad.dtype=torch.float32)
 0: 	module.decoder.layers.1.self_attention.linear_qkv.weight (param.main_grad.dtype=torch.float32)
 0: 	module.decoder.layers.1.self_attention.linear_qkv.layer_norm_weight (param.main_grad.dtype=torch.float32)
 0: 	module.decoder.layers.1.self_attention.linear_proj.weight (param.main_grad.dtype=torch.float32)
 0: 	module.decoder.layers.1.self_attention.core_attention.softmax_offset (param.main_grad.dtype=torch.float32)
 0: 	module.decoder.layers.0.mlp.linear_fc2.weight (param.main_grad.dtype=torch.float32)
 0: 	module.decoder.layers.0.mlp.linear_fc1.weight (param.main_grad.dtype=torch.float32)
 0: Params for bucket 17 (273158176 elements, 273158272 padded size, 0 param(s) with extra main_grads):
 0: 	module.decoder.layers.0.mlp.linear_fc1.layer_norm_weight (param.main_grad.dtype=torch.float32)
 0: 	module.decoder
 0: .layers.0.self_attention.linear_qkv.weight (param.main_grad.dtype=torch.float32)
 0: 	module.decoder.layers.0.self_attention.linear_qkv.layer_norm_weight (param.main_grad.dtype=torch.float32)
 0: 	module.decoder.layers.0.self_attention.linear_proj.weight (param.main_grad.dtype=torch.float32)
 0: 	module.decoder.layers.0.self_attention.core_attention.softmax_offset (param.main_grad.dtype=torch.float32)
 0: 	module.embedding.word_embeddings.weight (param.main_grad.dtype=torch.float32)
 0: INFO:megatron.core.distributed.param_and_grad_buffer:Using reduce-scatter for gradient reductions because self.ddp_config.use_distributed_optimizer=True
 0: INFO:megatron.core.distributed.param_and_grad_buffer:Using reduce-scatter for gradient reductions because self.ddp_config.use_distributed_optimizer=True
 0: INFO:megatron.core.distributed.param_and_grad_buffer:Using reduce-scatter for gradient reductions because self.ddp_config.use_distributed_optimizer=True
 0: INFO:megatron.core.distributed.param_and_grad_buffer:Using reduce-scatter for gradient reductions because self.ddp_config.use_distributed_optimizer=True
 0: INFO:megatron.core.distributed.param_and_grad_buffer:Using reduce-scatter for gradient reductions because self.ddp_config.use_distributed_optimizer=True
 0: INFO:megatron.core.distributed.param_and_grad_buffer:Using reduce-scatter for gradient reductions because self.ddp_config.use_distributed_optimizer=True
 0: INFO:megatron.core.distributed.param_and_grad_buffer:Using reduce-scatter for gradient reductions because self.ddp_config.use_distributed_optimizer=True
 0: INFO:megatron.core.distributed.param_and_grad_buffer:Using reduce-scatter for gradient reductions because self.ddp_config.use_distributed_optimizer=True
 0: INFO:megatron.core.distributed.param_and_grad_buffer:Using reduce-scatter for gradient reductions because self.ddp_config.use_distributed_optimizer=True
 0: INFO:megatron.core.distributed.param_and_grad_buffer:Using reduce-scatter for gradient reductions because self.ddp_config.use_distributed_optimizer=True
 0: INFO:megatron.core.distributed.param_and_grad_buffer:Using reduce-scatter for gradient reductions because self.ddp_config.use_distributed_optimizer=True
 0: INFO:megatron.core.distributed.param_and_grad_buffer:Using reduce-scatter for gradient reductions because self.ddp_config.use_distributed_optimizer=True
 0: INFO:megatron.core.distributed.param_and_grad_buffer:Using reduce-scatter for gradient reductions because self.ddp_config.use_distributed_optimizer=True
 0: INFO:megatron.core.distributed.param_and_grad_buffer:Using reduce-scatter for gradient reductions because self.ddp_config.use_distributed_optimizer=True
 0: INFO:megatron.core.distributed.param_and_grad_buffer:Using reduce-scatter for gradient reductions because self.ddp_config.use_distributed_optimizer=True
 0: INFO:megatron.core.distributed.param_and_grad_buffer:Using reduce-scatter for gradient reductions because self.ddp_config.use_distributed_optimizer=True
 0: INFO:megatron.core.distributed.param_and_grad_buffer:Using reduce-scatter for gradient reductions because self.ddp_config.use_distributed_optimizer=True
 0: INFO:megatron.core.optimizer:Setting up optimizer with config OptimizerConfig(lr=0.0004, min_lr=4e-05, decoupled_lr=None, decoupled_min_lr=None, weight_decay=0.1, apply_wd_to_qk_layernorm=False, fp8_recipe='delayed', fp16=False, bf16=True, reuse_grad_buf_for_mxfp8_param_ag=False, params_dtype=torch.bfloat16, use_precision_aware_optimizer=False, store_param_remainders=True, main_grads_dtype=torch.float32, main_params_dtype=torch.float32, exp_avg_dtype=torch.float32, exp_avg_sq_dtype=torch.float32, optimizer='adam', loss_scale=None, initial_loss_scale=4294967296, min_loss_scale=1.0, loss_scale_window=1000, hysteresis=2, adam_beta1=0.9, adam_beta2=0.95, adam_eps=1e-08, decoupled_weight_decay=True, sgd_momentum=0.9, muon_momentum=0.9, muon_split_qkv=True, muon_nesterov=False, muon_scale_mode='spectral', muon_fp32_matmul_prec='medium', muon_coefficient_type='quintic', muon_num_ns_steps=5, muon_tp_mode='blockwise', muon_extra_scale_factor=1.0, muon_scalar_optimizer='adam', lion_beta1=0.95, lion_beta2=0.98, soap_sha
 0: mpoo_beta=0.95, soap_precondition_frequency=1, soap_use_kl_shampoo=True, adaptive_muon_moment2_method='adamuon', adaptive_muon_beta2=0.95, adaptive_muon_eps=1e-08, use_distributed_optimizer=True, use_layer_wise_distributed_optimizer=False, overlap_param_gather=True, overlap_param_gather_with_optimizer_step=False, optimizer_cpu_offload=False, optimizer_offload_fraction=1.0, use_torch_optimizer_for_cpu_offload=False, overlap_cpu_optimizer_d2h_h2d=False, pin_cpu_grads=True, pin_cpu_params=True, clip_grad=1.0, grad_norm_skip_threshold=inf, log_num_zeros_in_grad=False, barrier_with_L1_time=True, timers=<megatron.core.timers.Timers object at 0x40053158bb30>, config_logger_dir='', optimizer_cuda_graph=False)
 0: INFO:megatron.core.distributed.param_and_grad_buffer:Using reduce-scatter for gradient reductions because self.ddp_config.use_distributed_optimizer=True
 0: INFO:megatron.core.distributed.param_and_grad_buffer:Using reduce-scatter for gradient reductions because self.ddp_config.use_distributed_optimizer=True
 0: INFO:megatron.core.distributed.param_and_grad_buffer:Using reduce-scatter for gradient reductions because self.ddp_config.use_distributed_optimizer=True
 0: INFO:megatron.core.distributed.param_and_grad_buffer:Using reduce-scatter for gradient reductions because self.ddp_config.use_distributed_optimizer=True
 0: INFO:megatron.core.distributed.param_and_grad_buffer:Using reduce-scatter for gradient reductions because self.ddp_config.use_distributed_optimizer=True
 0: INFO:megatron.core.distributed.param_and_grad_buffer:Using reduce-scatter for gradient reductions because self.ddp_config.use_distributed_optimizer=True
 0: INFO:megatron.core.distributed.param_and_grad_buffer:Using reduce-scatter for gradient reductions because self.ddp_config.use_distributed_optimizer=True
 0: INFO:megatron.core.distributed.param_and_grad_buffer:Using reduce-scatter for gradient reductions because self.ddp_config.use_distributed_optimizer=True
 0: INFO:megatron.core.distributed.param_and_grad_buffer:Using reduce-scatter for gradient reductions because self.ddp_config.use_distributed_optimizer=True
 0: INFO:megatron.core.distributed.param_and_grad_buffer:Using reduce-scatter for gradient reductions because self.ddp_config.use_distributed_optimizer=True
 0: INFO:megatron.core.distributed.param_and_grad_buffer:Using reduce-scatter for gradient reductions because self.ddp_config.use_distributed_optimizer=True
 0: INFO:megatron.core.distributed.param_and_grad_buffer:Using reduce-scatter for gradient reductions because self.ddp_config.use_distributed_optimizer=True
 0: INFO:megatron.core.distributed.param_and_grad_buffer:Using reduce-scatter for gradient reductions because self.ddp_config.use_distributed_optimizer=True
 0: INFO:megatron.core.distributed.param_and_grad_buffer:Using reduce-scatter for gradient reductions because self.ddp_config.use_distributed_optimizer=True
 0: INFO:megatron.core.distributed.param_and_grad_buffer:Using reduce-scatter for gradient reductions because self.ddp_config.use_distributed_optimizer=True
 0: INFO:megatron.core.distributed.param_and_grad_buffer:Using reduce-scatter for gradient reductions because self.ddp_config.use_distributed_optimizer=True
 0: INFO:megatron.core.distributed.param_and_grad_buffer:Using reduce-scatter for gradient reductions because self.ddp_config.use_distributed_optimizer=True
 0: INFO:megatron.core.optimizer_param_scheduler:> learning rate decay style: cosine
 0: [after model, optimizer, and learning rate scheduler are built] datetime: 2026-08-18 04:04:56.423614 
 0: > building train, validation, and test datasets ...
 0:  > datasets target sizes (minimum size):
 0:     train:      576
 0:     validation: 0
 0:     test:       0
 0: INFO:megatron.core.datasets.blended_megatron_dataset_config:Let split_matrix = [(0, 1.0), None, None]
 0: > building train, validation, and test datasets for GPT ...
 0: INFO:megatron.core.datasets.blended_megatron_dataset_builder:Building GPTDataset splits with sizes=(576, 0, 0) and config=GPTDatasetConfig(random_seed=28, sequence_length=8192, blend=(['/iopsstor/scratch/cscs/elyulina/datasets/tokenized/fineweb-edu-dedup-160B-datatrove_0.25/dump_0/00000_tokens', '/iopsstor/scratch/cscs/elyulina/datasets/tokenized/fineweb-edu-dedup-160B-datatrove_0.25/dump_0/00001_tokens', '/iopsstor/scratch/cscs/elyulina/datasets/tokenized/fineweb-edu-dedup-160B-datatrove_0.25/dump_0/00002_tokens', '/iopsstor/scratch/cscs/elyulina/datasets/tokenized/fineweb-edu-dedup-160B-datatrove_0.25/dump_0/00003_tokens', '/iopsstor/scratch/cscs/elyulina/datasets/tokenized/fineweb-edu-dedup-160B-datatrove_0.25/dump_0/00004_tokens', '/iopsstor/scratch/cscs/elyulina/datasets/tokenized/fineweb-edu-dedup-160B-datatrove_0.25/dump_0/00005_tokens', '/iopsstor/scratch/cscs/elyulina/datasets/tokenized/fineweb-edu-dedup-160B-datatrove_0.25/dump_0/00006_tokens', '/iopsstor/scratch/cscs/elyulina/datasets/tokenized/fin
 0: eweb-edu-dedup-160B-datatrove_0.25/dump_0/00007_tokens', '/iopsstor/scratch/cscs/elyulina/datasets/tokenized/fineweb-edu-dedup-160B-datatrove_0.25/dump_0/00008_tokens', '/iopsstor/scratch/cscs/elyulina/datasets/tokenized/fineweb-edu-dedup-160B-datatrove_0.25/dump_0/00009_tokens', '/iopsstor/scratch/cscs/elyulina/datasets/tokenized/fineweb-edu-dedup-160B-datatrove_0.25/dump_0/00010_tokens', '/iopsstor/scratch/cscs/elyulina/datasets/tokenized/fineweb-edu-dedup-160B-datatrove_0.25/dump_0/00011_tokens', '/iopsstor/scratch/cscs/elyulina/datasets/tokenized/fineweb-edu-dedup-160B-datatrove_0.25/dump_0/00012_tokens', '/iopsstor/scratch/cscs/elyulina/datasets/tokenized/fineweb-edu-dedup-160B-datatrove_0.25/dump_0/00013_tokens', '/iopsstor/scratch/cscs/elyulina/datasets/tokenized/fineweb-edu-dedup-160B-datatrove_0.25/dump_0/00014_tokens', '/iopsstor/scratch/cscs/elyulina/datasets/tokenized/fineweb-edu-dedup-160B-datatrove_0.25/dump_0/00015_tokens', '/iopsstor/scratch/cscs/elyulina/datasets/tokenized/fineweb-edu-dedup-1
 0: 60B-datatrove_0.25/dump_0/00016_tokens', '/iopsstor/scratch/cscs/elyulina/datasets/tokenized/fineweb-edu-dedup-160B-datatrove_0.25/dump_0/00017_tokens', '/iopsstor/scratch/cscs/elyulina/datasets/tokenized/fineweb-edu-dedup-160B-datatrove_0.25/dump_0/00018_tokens', '/iopsstor/scratch/cscs/elyulina/datasets/tokenized/fineweb-edu-dedup-160B-datatrove_0.25/dump_0/00019_tokens', '/iopsstor/scratch/cscs/elyulina/datasets/tokenized/fineweb-edu-dedup-160B-datatrove_0.25/dump_1/00000_tokens', '/iopsstor/scratch/cscs/elyulina/datasets/tokenized/fineweb-edu-dedup-160B-datatrove_0.25/dump_1/00001_tokens', '/iopsstor/scratch/cscs/elyulina/datasets/tokenized/fineweb-edu-dedup-160B-datatrove_0.25/dump_1/00002_tokens', '/iopsstor/scratch/cscs/elyulina/datasets/tokenized/fineweb-edu-dedup-160B-datatrove_0.25/dump_1/00003_tokens', '/iopsstor/scratch/cscs/elyulina/datasets/tokenized/fineweb-edu-dedup-160B-datatrove_0.25/dump_1/00004_tokens', '/iopsstor/scratch/cscs/elyulina/datasets/tokenized/fineweb-edu-dedup-160B-datatrove_0.
 0: 25/dump_1/00005_tokens', '/iopsstor/scratch/cscs/elyulina/datasets/tokenized/fineweb-edu-dedup-160B-datatrove_0.25/dump_1/00006_tokens', '/iopsstor/scratch/cscs/elyulina/datasets/tokenized/fineweb-edu-dedup-160B-datatrove_0.25/dump_1/00007_tokens', '/iopsstor/scratch/cscs/elyulina/datasets/tokenized/fineweb-edu-dedup-160B-datatrove_0.25/dump_1/00008_tokens', '/iopsstor/scratch/cscs/elyulina/datasets/tokenized/fineweb-edu-dedup-160B-datatrove_0.25/dump_1/00009_tokens', '/iopsstor/scratch/cscs/elyulina/datasets/tokenized/fineweb-edu-dedup-160B-datatrove_0.25/dump_1/00010_tokens', '/iopsstor/scratch/cscs/elyulina/datasets/tokenized/fineweb-edu-dedup-160B-datatrove_0.25/dump_1/00011_tokens', '/iopsstor/scratch/cscs/elyulina/datasets/tokenized/fineweb-edu-dedup-160B-datatrove_0.25/dump_1/00012_tokens', '/iopsstor/scratch/cscs/elyulina/datasets/tokenized/fineweb-edu-dedup-160B-datatrove_0.25/dump_1/00013_tokens', '/iopsstor/scratch/cscs/elyulina/datasets/tokenized/fineweb-edu-dedup-160B-datatrove_0.25/dump_1/00014
 0: _tokens', '/iopsstor/scratch/cscs/elyulina/datasets/tokenized/fineweb-edu-dedup-160B-datatrove_0.25/dump_1/00015_tokens', '/iopsstor/scratch/cscs/elyulina/datasets/tokenized/fineweb-edu-dedup-160B-datatrove_0.25/dump_1/00016_tokens', '/iopsstor/scratch/cscs/elyulina/datasets/tokenized/fineweb-edu-dedup-160B-datatrove_0.25/dump_1/00017_tokens', '/iopsstor/scratch/cscs/elyulina/datasets/tokenized/fineweb-edu-dedup-160B-datatrove_0.25/dump_1/00018_tokens', '/iopsstor/scratch/cscs/elyulina/datasets/tokenized/fineweb-edu-dedup-160B-datatrove_0.25/dump_1/00019_tokens', '/iopsstor/scratch/cscs/elyulina/datasets/tokenized/gutenberg_rep_1_256/rep_128_tokens', '/iopsstor/scratch/cscs/elyulina/datasets/tokenized/gutenberg_rep_1_256/rep_16_tokens', '/iopsstor/scratch/cscs/elyulina/datasets/tokenized/gutenberg_rep_1_256/rep_1_tokens', '/iopsstor/scratch/cscs/elyulina/datasets/tokenized/gutenberg_rep_1_256/rep_256_tokens', '/iopsstor/scratch/cscs/elyulina/datasets/tokenized/gutenberg_rep_1_256/rep_2_tokens', '/iopsstor/scr
 0: atch/cscs/elyulina/datasets/tokenized/gutenberg_rep_1_256/rep_32_tokens', '/iopsstor/scratch/cscs/elyulina/datasets/tokenized/gutenberg_rep_1_256/rep_4_tokens', '/iopsstor/scratch/cscs/elyulina/datasets/tokenized/gutenberg_rep_1_256/rep_64_tokens', '/iopsstor/scratch/cscs/elyulina/datasets/tokenized/gutenberg_rep_1_256/rep_8_tokens'], None), blend_per_split=None, multiple_validation_sets=False, full_validation=False, split='100,0,0', split_matrix=[(0, 1.0), None, None], num_dataset_builder_threads=4, path_to_cache='/iopsstor/scratch/cscs/elyulina/datasets/cache', mmap_bin_files=True, mock=False, tokenizer=<megatron.core.tokenizers.text.models.default_tokenizer.DefaultTokenizerText object at 0x40082bfd8f80>, mid_level_dataset_surplus=0.005, allow_ambiguous_pad_tokens=False, fast_cache_load=False, defer_npy_index_mmap=False, reset_position_ids=True, reset_attention_mask=False, eod_mask_loss=True, goldfish_loss=False, goldfish_k=50, goldfish_h=50, create_attention_mask=False, drop_last_partial_validation_sequenc
 0: e=True, add_extra_token_to_sequence=True, object_storage_cache_path=None, data_parallel_size=32, sequence_parallel_size=0, hybrid_context_parallel=False, sequences_per_dataset=None, token_dtype_code=4, context_parallel_size=1)
 0: INFO:megatron.core.datasets.indexed_dataset:Load the _IndexReader from /iopsstor/scratch/cscs/elyulina/datasets/tokenized/fineweb-edu-dedup-160B-datatrove_0.25/dump_0/00001_tokens.idx
 0: INFO:megatron.core.datasets.indexed_dataset:Load the _IndexReader from /iopsstor/scratch/cscs/elyulina/datasets/tokenized/fineweb-edu-dedup-160B-datatrove_0.25/dump_0/00002_tokens.idx
 0: INFO:megatron.core.datasets.indexed_dataset:Load the _IndexReader from /iopsstor/scratch/cscs/elyulina/datasets/tokenized/fineweb-edu-dedup-160B-datatrove_0.25/dump_0/00000_tokens.idx
 0: INFO:megatron.core.datasets.indexed_dataset:Load the _IndexReader from /iopsstor/scratch/cscs/elyulina/datasets/tokenized/fineweb-edu-dedup-160B-datatrove_0.25/dump_0/00003_tokens.idx
 0: INFO:megatron.core.datasets.indexed_dataset:Load the _IndexReader from /iopsstor/scratch/cscs/elyulina/datasets/tokenized/fineweb-edu-dedup-160B-datatrove_0.25/dump_0/00005_tokens.idx
 0: INFO:megatron.core.datasets.indexed_dataset:Load the _IndexReader from /iopsstor/scratch/cscs/elyulina/datasets/tokenized/fineweb-edu-dedup-160B-datatrove_0.25/dump_0/00004_tokens.idx
 0: INFO:megatron.core.datasets.indexed_dataset:Load the _IndexReader from /iopsstor/scratch/cscs/elyulina/datasets/tokenized/fineweb-edu-dedup-160B-datatrove_0.25/dump_0/00006_tokens.idx
 0: INFO:megatron.core.datasets.indexed_dataset:Load the _IndexReader from /iopsstor/scratch/cscs/elyulina/datasets/tokenized/fineweb-edu-dedup-160B-datatrove_0.25/dump_0/00007_tokens.idx
 0: INFO:megatron.core.datasets.indexed_dataset:	Extract the sequence lengths
 0: INFO:megatron.core.datasets.indexed_dataset:	Extract the sequence pointers
 0: INFO:megatron.core.datasets.indexed_dataset:	Extract the document indices
 0: INFO:megatron.core.datasets.indexed_dataset:> total number of sequences: 1002500
 0: INFO:megatron.core.datasets.indexed_dataset:> total number of documents: 1002500
 0: INFO:megatron.core.datasets.indexed_dataset:	Extract the sequence lengths
 0: INFO:megatron.core.datasets.indexed_dataset:	Extract the sequence pointers
 0: INFO:megatron.core.datasets.indexed_dataset:	Extract the document indices
 0: INFO:megatron.core.datasets.indexed_dataset:> total number of sequences: 1010000
 0: INFO:megatron.core.datasets.indexed_dataset:> total number of documents: 1010000
 0: INFO:megatron.core.datasets.indexed_dataset:	Extract the sequence lengths
 0: INFO:megatron.core.datasets.indexed_dataset:	Extract the sequence lengths
 0: INFO:megatron.core.datasets.indexed_dataset:	Extract the sequence pointers
 0: INFO:megatron.core.datasets.indexed_dataset:	Extract the sequence lengths
 0: INFO:megatron.core.datasets.indexed_dataset:	Extract the sequence lengths
 0: INFO:megatron.core.datasets.indexed_dataset:	Extract the sequence pointers
 0: INFO:megatron.core.datasets.indexed_dataset:	Extract the document indices
 0: INFO:megatron.core.datasets.indexed_dataset:	Extract the sequence pointers
 0: INFO:megatron.core.datasets.indexed_dataset:	Extract the sequence pointers
 0: INFO:megatron.core.datasets.indexed_dataset:	Extract the document indices
 0: INFO:megatron.core.datasets.indexed_dataset:> total number of sequences: 997500
 0: INFO:megatron.core.datasets.gpt_dataset:Load the GPTDataset train indices
 0: INFO:megatron.core.datasets.indexed_dataset:	Extract the document indices
 0: INFO:megatron.core.datasets.indexed_dataset:	Extract the document indices
 0: INFO:megatron.core.datasets.indexed_dataset:> total number of sequences: 1000000
 0: INFO:megatron.core.datasets.indexed_dataset:> total number of documents: 997500
 0: INFO:megatron.core.datasets.gpt_dataset:	Load the document index from 3f9ec5520022eaa9466eb0b7f77e0ce5-GPTDataset-train-document_index.npy
 0: INFO:megatron.core.datasets.indexed_dataset:> total number of sequences: 1005000
 0: INFO:megatron.core.datasets.indexed_dataset:> total number of sequences: 1002500
 0: INFO:megatron.core.datasets.indexed_dataset:> total number of documents: 1000000
 0: INFO:megatron.core.datasets.indexed_dataset:> total number of documents: 1005000
 0: INFO:megatron.core.datasets.indexed_dataset:> total number of documents: 1002500
 0: INFO:megatron.core.datasets.gpt_dataset:Load the GPTDataset train indices
 0: INFO:megatron.core.datasets.gpt_dataset:	Load the document index from d866b8c3eaca0d0bfb7d3ff24522f41e-GPTDataset-train-document_index.npy
 0: INFO:megatron.core.datasets.indexed_dataset:	Extract the sequence lengths
 0: INFO:megatron.core.datasets.indexed_dataset:	Extract the sequence pointers
 0: INFO:megatron.core.datasets.gpt_dataset:Load the GPTDataset train indices
 0: INFO:megatron.core.datasets.indexed_dataset:	Extract the document indices
 0: INFO:megatron.core.datasets.gpt_dataset:Load the GPTDataset train indices
 0: INFO:megatron.core.datasets.gpt_dataset:	Load the document index from 915ab8cb604230d8bc15cddca19e1457-GPTDataset-train-document_index.npy
 0: INFO:megatron.core.datasets.indexed_dataset:	Extract the sequence lengths
 0: INFO:megatron.core.datasets.indexed_dataset:> total number of sequences: 1002500
 0: INFO:megatron.core.datasets.gpt_dataset:	Load the document index from e7945d55d0b14a6a819aa0bce0cfad0c-GPTDataset-train-document_index.npy
 0: INFO:megatron.core.datasets.gpt_dataset:	Load the sample index from 3f9ec5520022eaa9466eb0b7f77e0ce5-GPTDataset-train-sample_index.npy
 0: INFO:megatron.core.datasets.gpt_dataset:Load the GPTDataset train indices
 0: INFO:megatron.core.datasets.indexed_dataset:	Extract the sequence pointers
 0: INFO:megatron.core.datasets.gpt_dataset:Load the GPTDataset train indices
 0: INFO:megatron.core.datasets.indexed_dataset:> total number of documents: 1002500
 0: INFO:megatron.core.datasets.gpt_dataset:	Load the document index from 76a3d6e7f425bf0d39a34fb92363d71d-GPTDataset-train-document_index.npy
 0: INFO:megatron.core.datasets.indexed_dataset:	Extract the document indices
 0: INFO:megatron.core.datasets.gpt_dataset:	Load the document index from 1b2bacb7c3ee2d5b588491a79d675e68-GPTDataset-train-document_index.npy
 0: INFO:megatron.core.datasets.indexed_dataset:> total number of sequences: 1002500
 0: INFO:megatron.core.datasets.indexed_dataset:> total number of documents: 1002500
 0: INFO:megatron.core.datasets.gpt_dataset:	Load the shuffle index from 3f9ec5520022eaa9466eb0b7f77e0ce5-GPTDataset-train-shuffle_index.npy
 0: INFO:megatron.core.datasets.gpt_dataset:	Load the sample index from d866b8c3eaca0d0bfb7d3ff24522f41e-GPTDataset-train-sample_index.npy
 0: INFO:megatron.core.datasets.gpt_dataset:Load the GPTDataset train indices
 0: INFO:megatron.core.datasets.gpt_dataset:	Load the document index from a89b65e4ea2ab7159ebb561c653eb63a-GPTDataset-train-document_index.npy
 0: INFO:megatron.core.datasets.gpt_dataset:> total number of samples: 121738
 0: INFO:megatron.core.datasets.gpt_dataset:	Load the sample index from 76a3d6e7f425bf0d39a34fb92363d71d-GPTDataset-train-sample_index.npy
 0: INFO:megatron.core.datasets.gpt_dataset:Load the GPTDataset train indices
 0: INFO:megatron.core.datasets.gpt_dataset:	Load the document index from 7b6dbcc6999e41911d7ce0edcf079327-GPTDataset-train-document_index.npy
 0: INFO:megatron.core.datasets.gpt_dataset:	Load the sample index from e7945d55d0b14a6a819aa0bce0cfad0c-GPTDataset-train-sample_index.npy
 0: INFO:megatron.core.datasets.indexed_dataset:Load the _IndexReader from /iopsstor/scratch/cscs/elyulina/datasets/tokenized/fineweb-edu-dedup-160B-datatrove_0.25/dump_0/00008_tokens.idx
 0: INFO:megatron.core.datasets.gpt_dataset:	Load the sample index from 915ab8cb604230d8bc15cddca19e1457-GPTDataset-train-sample_index.npy
 0: INFO:megatron.core.datasets.gpt_dataset:	Load the sample index from a89b65e4ea2ab7159ebb561c653eb63a-GPTDataset-train-sample_index.npy
 0: INFO:megatron.core.datasets.gpt_dataset:	Load the shuffle index from d866b8c3eaca0d0bfb7d3ff24522f41e-GPTDataset-train-shuffle_index.npy
 0: INFO:megatron.core.datasets.gpt_dataset:	Load the shuffle index from e7945d55d0b14a6a819aa0bce0cfad0c-GPTDataset-train-shuffle_index.npy
 0: INFO:megatron.core.datasets.gpt_dataset:	Load the sample index from 7b6dbcc6999e41911d7ce0edcf079327-GPTDataset-train-sample_index.npy
 0: INFO:megatron.core.datasets.gpt_dataset:> total number of samples: 122144
 0: INFO:megatron.core.datasets.indexed_dataset:	Extract the sequence lengths
 0: INFO:megatron.core.datasets.indexed_dataset:	Extract the sequence pointers
 0: INFO:megatron.core.datasets.indexed_dataset:	Extract the document indices
 0: INFO:megatron.core.datasets.indexed_dataset:> total number of sequences: 1007500
 0: INFO:megatron.core.datasets.indexed_dataset:> total number of documents: 1007500
 0: INFO:megatron.core.datasets.gpt_dataset:> total number of samples: 122129
 0: INFO:megatron.core.datasets.indexed_dataset:Load the _IndexReader from /iopsstor/scratch/cscs/elyulina/datasets/tokenized/fineweb-edu-dedup-160B-datatrove_0.25/dump_0/00009_tokens.idx
 0: INFO:megatron.core.datasets.gpt_dataset:	Load the shuffle index from 7b6dbcc6999e41911d7ce0edcf079327-GPTDataset-train-shuffle_index.npy
 0: INFO:megatron.core.datasets.gpt_dataset:	Load the shuffle index from 915ab8cb604230d8bc15cddca19e1457-GPTDataset-train-shuffle_index.npy
 0: INFO:megatron.core.datasets.gpt_dataset:Load the GPTDataset train indices
 0: INFO:megatron.core.datasets.gpt_dataset:	Load the document index from 1e478b4a7f08c8a1ecacd7bdf434f16b-GPTDataset-train-document_index.npy
 0: INFO:megatron.core.datasets.indexed_dataset:Load the _IndexReader from /iopsstor/scratch/cscs/elyulina/datasets/tokenized/fineweb-edu-dedup-160B-datatrove_0.25/dump_0/00010_tokens.idx
 0: INFO:megatron.core.datasets.gpt_dataset:	Load the sample index from 1b2bacb7c3ee2d5b588491a79d675e68-GPTDataset-train-sample_index.npy
 0: INFO:megatron.core.datasets.gpt_dataset:	Load the shuffle index from a89b65e4ea2ab7159ebb561c653eb63a-GPTDataset-train-shuffle_index.npy
 0: INFO:megatron.core.datasets.gpt_dataset:> total number of samples: 122216
 0: INFO:megatron.core.datasets.gpt_dataset:> total number of samples: 122172
 0: INFO:megatron.core.datasets.gpt_dataset:	Load the shuffle index from 76a3d6e7f425bf0d39a34fb92363d71d-GPTDataset-train-shuffle_index.npy
 0: INFO:megatron.core.datasets.indexed_dataset:Load the _IndexReader from /iopsstor/scratch/cscs/elyulina/datasets/tokenized/fineweb-edu-dedup-160B-datatrove_0.25/dump_0/00011_tokens.idx
 0: INFO:megatron.core.datasets.indexed_dataset:Load the _IndexReader from /iopsstor/scratch/cscs/elyulina/datasets/tokenized/fineweb-edu-dedup-160B-datatrove_0.25/dump_0/00012_tokens.idx
 0: INFO:megatron.core.datasets.indexed_dataset:	Extract the sequence lengths
 0: INFO:megatron.core.datasets.indexed_dataset:	Extract the sequence pointers
 0: INFO:megatron.core.datasets.indexed_dataset:	Extract the document indices
 0: INFO:megatron.core.datasets.indexed_dataset:> total number of sequences: 1010000
 0: INFO:megatron.core.datasets.indexed_dataset:> total number of documents: 1010000
 0: INFO:megatron.core.datasets.gpt_dataset:	Load the sample index from 1e478b4a7f08c8a1ecacd7bdf434f16b-GPTDataset-train-sample_index.npy
 0: INFO:megatron.core.datasets.gpt_dataset:> total number of samples: 122293
 0: INFO:megatron.core.datasets.indexed_dataset:	Extract the sequence lengths
 0: INFO:megatron.core.datasets.indexed_dataset:	Extract the sequence pointers
 0: INFO:megatron.core.datasets.indexed_dataset:	Extract the document indices
 0: INFO:megatron.core.datasets.indexed_dataset:> total number of sequences: 1010000
 0: INFO:megatron.core.datasets.indexed_dataset:> total number of documents: 1010000
 0: INFO:megatron.core.datasets.gpt_dataset:Load the GPTDataset train indices
 0: INFO:megatron.core.datasets.gpt_dataset:	Load the document index from b5e5c92190160c5a513ee59f974bb32c-GPTDataset-train-document_index.npy
 0: INFO:megatron.core.datasets.indexed_dataset:Load the _IndexReader from /iopsstor/scratch/cscs/elyulina/datasets/tokenized/fineweb-edu-dedup-160B-datatrove_0.25/dump_0/00013_tokens.idx
 0: INFO:megatron.core.datasets.indexed_dataset:	Extract the sequence lengths
 0: INFO:megatron.core.datasets.indexed_dataset:	Extract the sequence pointers
 0: INFO:megatron.core.datasets.indexed_dataset:	Extract the document indices
 0: INFO:megatron.core.datasets.indexed_dataset:> total number of sequences: 1010000
 0: INFO:megatron.core.datasets.indexed_dataset:> total number of documents: 1010000
 0: INFO:megatron.core.datasets.gpt_dataset:	Load the shuffle index from 1e478b4a7f08c8a1ecacd7bdf434f16b-GPTDataset-train-shuffle_index.npy
 0: INFO:megatron.core.datasets.gpt_dataset:Load the GPTDataset train indices
 0: INFO:megatron.core.datasets.gpt_dataset:	Load the document index from 6bc6a36e8dc0c7c5ed89104fdb06968b-GPTDataset-train-document_index.npy
 0: INFO:megatron.core.datasets.gpt_dataset:> total number of samples: 122680
 0: INFO:megatron.core.datasets.gpt_dataset:Load the GPTDataset train indices
 0: INFO:megatron.core.datasets.gpt_dataset:	Load the document index from 8dc1e9da1109a20cce2fd639ce7375b2-GPTDataset-train-document_index.npy
 0: INFO:megatron.core.datasets.indexed_dataset:Load the _IndexReader from /iopsstor/scratch/cscs/elyulina/datasets/tokenized/fineweb-edu-dedup-160B-datatrove_0.25/dump_0/00014_tokens.idx
 0: INFO:megatron.core.datasets.gpt_dataset:	Load the sample index from 8dc1e9da1109a20cce2fd639ce7375b2-GPTDataset-train-sample_index.npy
 0: INFO:megatron.core.datasets.indexed_dataset:	Extract the sequence lengths
 0: INFO:megatron.core.datasets.indexed_dataset:	Extract the sequence pointers
 0: INFO:megatron.core.datasets.indexed_dataset:	Extract the document indices
 0: INFO:megatron.core.datasets.indexed_dataset:> total number of sequences: 1010000
 0: INFO:megatron.core.datasets.indexed_dataset:> total number of documents: 1010000
 0: INFO:megatron.core.datasets.gpt_dataset:	Load the shuffle index from 8dc1e9da1109a20cce2fd639ce7375b2-GPTDataset-train-shuffle_index.npy
 0: INFO:megatron.core.datasets.gpt_dataset:	Load the sample index from 6bc6a36e8dc0c7c5ed89104fdb06968b-GPTDataset-train-sample_index.npy
 0: INFO:megatron.core.datasets.gpt_dataset:	Load the sample index from b5e5c92190160c5a513ee59f974bb32c-GPTDataset-train-sample_index.npy
 0: INFO:megatron.core.datasets.gpt_dataset:Load the GPTDataset train indices
 0: INFO:megatron.core.datasets.gpt_dataset:	Load the document index from 4a169cd7053d7d9ae00395c12a927951-GPTDataset-train-document_index.npy
 0: INFO:megatron.core.datasets.gpt_dataset:> total number of samples: 122062
 0: INFO:megatron.core.datasets.indexed_dataset:Load the _IndexReader from /iopsstor/scratch/cscs/elyulina/datasets/tokenized/fineweb-edu-dedup-160B-datatrove_0.25/dump_0/00015_tokens.idx
 0: INFO:megatron.core.datasets.gpt_dataset:	Load the shuffle index from b5e5c92190160c5a513ee59f974bb32c-GPTDataset-train-shuffle_index.npy
 0: INFO:megatron.core.datasets.gpt_dataset:	Load the sample index from 4a169cd7053d7d9ae00395c12a927951-GPTDataset-train-sample_index.npy
 0: INFO:megatron.core.datasets.gpt_dataset:> total number of samples: 122260
 0: INFO:megatron.core.datasets.indexed_dataset:	Extract the sequence lengths
 0: INFO:megatron.core.datasets.indexed_dataset:	Extract the sequence pointers
 0: INFO:megatron.core.datasets.indexed_dataset:	Extract the document indices
 0: INFO:megatron.core.datasets.indexed_dataset:> total number of sequences: 1012500
 0: INFO:megatron.core.datasets.indexed_dataset:> total number of documents: 1012500
 0: INFO:megatron.core.datasets.indexed_dataset:Load the _IndexReader from /iopsstor/scratch/cscs/elyulina/datasets/tokenized/fineweb-edu-dedup-160B-datatrove_0.25/dump_0/00016_tokens.idx
 0: INFO:megatron.core.datasets.gpt_dataset:	Load the shuffle index from 4a169cd7053d7d9ae00395c12a927951-GPTDataset-train-shuffle_index.npy
 0: INFO:megatron.core.datasets.gpt_dataset:> total number of samples: 122105
 0: INFO:megatron.core.datasets.gpt_dataset:Load the GPTDataset train indices
 0: INFO:megatron.core.datasets.gpt_dataset:	Load the document index from 4ad037125f655af6e80d4d7e94132b78-GPTDataset-train-document_index.npy
 0: INFO:megatron.core.datasets.gpt_dataset:> total number of samples: 122013
 0: INFO:megatron.core.datasets.indexed_dataset:Load the _IndexReader from /iopsstor/scratch/cscs/elyulina/datasets/tokenized/fineweb-edu-dedup-160B-datatrove_0.25/dump_0/00017_tokens.idx
 0: INFO:megatron.core.datasets.gpt_dataset:	Load the shuffle index from 1b2bacb7c3ee2d5b588491a79d675e68-GPTDataset-train-shuffle_index.npy
 0: INFO:megatron.core.datasets.gpt_dataset:	Load the shuffle index from 6bc6a36e8dc0c7c5ed89104fdb06968b-GPTDataset-train-shuffle_index.npy
 0: INFO:megatron.core.datasets.indexed_dataset:Load the _IndexReader from /iopsstor/scratch/cscs/elyulina/datasets/tokenized/fineweb-edu-dedup-160B-datatrove_0.25/dump_0/00018_tokens.idx
 0: INFO:megatron.core.datasets.indexed_dataset:	Extract the sequence lengths
 0: INFO:megatron.core.datasets.indexed_dataset:	Extract the sequence pointers
 0: INFO:megatron.core.datasets.indexed_dataset:	Extract the document indices
 0: INFO:megatron.core.datasets.indexed_dataset:> total number of sequences: 1012500
 0: INFO:megatron.core.datasets.indexed_dataset:> total number of documents: 1012500
 0: INFO:megatron.core.datasets.gpt_dataset:> total number of samples: 121997
 0: INFO:megatron.core.datasets.gpt_dataset:> total number of samples: 122364
 0: INFO:megatron.core.datasets.indexed_dataset:	Extract the sequence lengths
 0: INFO:megatron.core.datasets.indexed_dataset:	Extract the sequence pointers
 0: INFO:megatron.core.datasets.indexed_dataset:	Extract the document indices
 0: INFO:megatron.core.datasets.indexed_dataset:> total number of sequences: 1012500
 0: INFO:megatron.core.datasets.indexed_dataset:> total number of documents: 1012500
 0: INFO:megatron.core.datasets.indexed_dataset:Load the _IndexReader from /iopsstor/scratch/cscs/elyulina/datasets/tokenized/fineweb-edu-dedup-160B-datatrove_0.25/dump_0/00019_tokens.idx
 0: INFO:megatron.core.datasets.indexed_dataset:	Extract the sequence lengths
 0: INFO:megatron.core.datasets.indexed_dataset:	Extract the sequence pointers
 0: INFO:megatron.core.datasets.indexed_dataset:	Extract the document indices
 0: INFO:megatron.core.datasets.gpt_dataset:	Load the sample index from 4ad037125f655af6e80d4d7e94132b78-GPTDataset-train-sample_index.npy
 0: INFO:megatron.core.datasets.indexed_dataset:> total number of sequences: 1015000
 0: INFO:megatron.core.datasets.gpt_dataset:Load the GPTDataset train indices
 0: INFO:megatron.core.datasets.indexed_dataset:Load the _IndexReader from /iopsstor/scratch/cscs/elyulina/datasets/tokenized/fineweb-edu-dedup-160B-datatrove_0.25/dump_1/00000_tokens.idx
 0: INFO:megatron.core.datasets.indexed_dataset:	Extract the sequence lengths
 0: INFO:megatron.core.datasets.indexed_dataset:> total number of documents: 1015000
 0: INFO:megatron.core.datasets.indexed_dataset:	Extract the sequence lengths
 0: INFO:megatron.core.datasets.gpt_dataset:	Load the document index from 6e7436d075826338db9e86434c7397d7-GPTDataset-train-document_index.npy
 0: INFO:megatron.core.datasets.indexed_dataset:	Extract the sequence pointers
 0: INFO:megatron.core.datasets.indexed_dataset:	Extract the sequence pointers
 0: INFO:megatron.core.datasets.gpt_dataset:Load the GPTDataset train indices
 0: INFO:megatron.core.datasets.indexed_dataset:	Extract the document indices
 0: INFO:megatron.core.datasets.indexed_dataset:	Extract the document indices
 0: INFO:megatron.core.datasets.gpt_dataset:	Load the document index from 5029826f57725a5990040c7861075fd4-GPTDataset-train-document_index.npy
 0: INFO:megatron.core.datasets.indexed_dataset:> total number of sequences: 1010000
 0: INFO:megatron.core.datasets.indexed_dataset:> total number of sequences: 1015855
 0: INFO:megatron.core.datasets.indexed_dataset:> total number of documents: 1010000
 0: INFO:megatron.core.datasets.indexed_dataset:> total number of documents: 1015855
 0: INFO:megatron.core.datasets.gpt_dataset:	Load the shuffle index from 4ad037125f655af6e80d4d7e94132b78-GPTDataset-train-shuffle_index.npy
 0: INFO:megatron.core.datasets.indexed_dataset:	Extract the sequence lengths
 0: INFO:megatron.core.datasets.indexed_dataset:	Extract the sequence pointers
 0: INFO:megatron.core.datasets.gpt_dataset:Load the GPTDataset train indices
 0: INFO:megatron.core.datasets.indexed_dataset:	Extract the document indices
 0: INFO:megatron.core.datasets.gpt_dataset:	Load the document index from 0b8ab6e31f3dc23ff962af4eb4dc24a8-GPTDataset-train-document_index.npy
 0: INFO:megatron.core.datasets.indexed_dataset:> total number of sequences: 1015855
 0: INFO:megatron.core.datasets.indexed_dataset:> total number of documents: 1015855
 0: INFO:megatron.core.datasets.gpt_dataset:Load the GPTDataset train indices
 0: INFO:megatron.core.datasets.gpt_dataset:	Load the document index from f4e8cae8a5dfe784104866bf270e7fa5-GPTDataset-train-document_index.npy
 0: INFO:megatron.core.datasets.gpt_dataset:Load the GPTDataset train indices
 0: INFO:megatron.core.datasets.gpt_dataset:	Load the document index from 471a6a8ef0b5957dbc4bd8d06184dac3-GPTDataset-train-document_index.npy
 0: INFO:megatron.core.datasets.gpt_dataset:	Load the sample index from 6e7436d075826338db9e86434c7397d7-GPTDataset-train-sample_index.npy
 0: INFO:megatron.core.datasets.gpt_dataset:> total number of samples: 122106
 0: INFO:megatron.core.datasets.gpt_dataset:Load the GPTDataset train indices
 0: INFO:megatron.core.datasets.gpt_dataset:	Load the document index from 7c568d8ceb7c4042de30d6a1cedebf13-GPTDataset-train-document_index.npy
 0: INFO:megatron.core.datasets.gpt_dataset:	Load the shuffle index from 6e7436d075826338db9e86434c7397d7-GPTDataset-train-shuffle_index.npy
 0: INFO:megatron.core.datasets.indexed_dataset:Load the _IndexReader from /iopsstor/scratch/cscs/elyulina/datasets/tokenized/fineweb-edu-dedup-160B-datatrove_0.25/dump_1/00001_tokens.idx
 0: INFO:megatron.core.datasets.gpt_dataset:> total number of samples: 122118
 0: INFO:megatron.core.datasets.gpt_dataset:	Load the sample index from f4e8cae8a5dfe784104866bf270e7fa5-GPTDataset-train-sample_index.npy
 0: INFO:megatron.core.datasets.indexed_dataset:Load the _IndexReader from /iopsstor/scratch/cscs/elyulina/datasets/tokenized/fineweb-edu-dedup-160B-datatrove_0.25/dump_1/00002_tokens.idx
 0: INFO:megatron.core.datasets.gpt_dataset:	Load the sample index from 7c568d8ceb7c4042de30d6a1cedebf13-GPTDataset-train-sample_index.npy
 0: INFO:megatron.core.datasets.gpt_dataset:	Load the sample index from 0b8ab6e31f3dc23ff962af4eb4dc24a8-GPTDataset-train-sample_index.npy
 0: INFO:megatron.core.datasets.indexed_dataset:	Extract the sequence lengths
 0: INFO:megatron.core.datasets.indexed_dataset:	Extract the sequence pointers
 0: INFO:megatron.core.datasets.indexed_dataset:	Extract the document indices
 0: INFO:megatron.core.datasets.indexed_dataset:> total number of sequences: 1000000
 0: INFO:megatron.core.datasets.indexed_dataset:> total number of documents: 1000000
 0: INFO:megatron.core.datasets.gpt_dataset:	Load the shuffle index from 7c568d8ceb7c4042de30d6a1cedebf13-GPTDataset-train-shuffle_index.npy
 0: INFO:megatron.core.datasets.gpt_dataset:	Load the shuffle index from 0b8ab6e31f3dc23ff962af4eb4dc24a8-GPTDataset-train-shuffle_index.npy
 0: INFO:megatron.core.datasets.gpt_dataset:Load the GPTDataset train indices
 0: INFO:megatron.core.datasets.gpt_dataset:	Load the document index from 1fe6a2cbc11b2847186842d70fc06215-GPTDataset-train-document_index.npy
 0: INFO:megatron.core.datasets.gpt_dataset:> total number of samples: 122187
 0: INFO:megatron.core.datasets.indexed_dataset:	Extract the sequence lengths
 0: INFO:megatron.core.datasets.indexed_dataset:	Extract the sequence pointers
 0: INFO:megatron.core.datasets.indexed_dataset:	Extract the document indices
 0: INFO:megatron.core.datasets.indexed_dataset:> total number of sequences: 1005000
 0: INFO:megatron.core.datasets.indexed_dataset:> total number of documents: 1005000
 0: INFO:megatron.core.datasets.indexed_dataset:Load the _IndexReader from /iopsstor/scratch/cscs/elyulina/datasets/tokenized/fineweb-edu-dedup-160B-datatrove_0.25/dump_1/00003_tokens.idx
 0: INFO:megatron.core.datasets.gpt_dataset:	Load the shuffle index from f4e8cae8a5dfe784104866bf270e7fa5-GPTDataset-train-shuffle_index.npy
 0: INFO:megatron.core.datasets.gpt_dataset:	Load the sample index from 471a6a8ef0b5957dbc4bd8d06184dac3-GPTDataset-train-sample_index.npy
 0: INFO:megatron.core.datasets.gpt_dataset:Load the GPTDataset train indices
 0: INFO:megatron.core.datasets.gpt_dataset:	Load the document index from 0070d6e3617d570c62dd6fa3cd4dd15a-GPTDataset-train-document_index.npy
 0: INFO:megatron.core.datasets.gpt_dataset:	Load the sample index from 1fe6a2cbc11b2847186842d70fc06215-GPTDataset-train-sample_index.npy
 0: INFO:megatron.core.datasets.gpt_dataset:	Load the shuffle index from 471a6a8ef0b5957dbc4bd8d06184dac3-GPTDataset-train-shuffle_index.npy
 0: INFO:megatron.core.datasets.indexed_dataset:	Extract the sequence lengths
 0: INFO:megatron.core.datasets.indexed_dataset:	Extract the sequence pointers
 0: INFO:megatron.core.datasets.indexed_dataset:	Extract the document indices
 0: INFO:megatron.core.datasets.indexed_dataset:> total number of sequences: 1002500
 0: INFO:megatron.core.datasets.indexed_dataset:> total number of documents: 1002500
 0: INFO:megatron.core.datasets.gpt_dataset:> total number of samples: 121785
 0: INFO:megatron.core.datasets.gpt_dataset:> total number of samples: 121969
 0: INFO:megatron.core.datasets.gpt_dataset:Load the GPTDataset train indices
 0: INFO:megatron.core.datasets.gpt_dataset:	Load the document index from 0a43ff8ae94e9415c3f4aa23a153e6b6-GPTDataset-train-document_index.npy
 0: INFO:megatron.core.datasets.indexed_dataset:Load the _IndexReader from /iopsstor/scratch/cscs/elyulina/datasets/tokenized/fineweb-edu-dedup-160B-datatrove_0.25/dump_1/00004_tokens.idx
 0: INFO:megatron.core.datasets.indexed_dataset:Load the _IndexReader from /iopsstor/scratch/cscs/elyulina/datasets/tokenized/fineweb-edu-dedup-160B-datatrove_0.25/dump_1/00005_tokens.idx
 0: INFO:megatron.core.datasets.indexed_dataset:	Extract the sequence lengths
 0: INFO:megatron.core.datasets.indexed_dataset:	Extract the sequence pointers
 0: INFO:megatron.core.datasets.indexed_dataset:	Extract the document indices
 0: INFO:megatron.core.datasets.indexed_dataset:> total number of sequences: 997500
 0: INFO:megatron.core.datasets.indexed_dataset:> total number of documents: 997500
 0: INFO:megatron.core.datasets.gpt_dataset:	Load the sample index from 0a43ff8ae94e9415c3f4aa23a153e6b6-GPTDataset-train-sample_index.npy
 0: INFO:megatron.core.datasets.gpt_dataset:> total number of samples: 121843
 0: INFO:megatron.core.datasets.gpt_dataset:	Load the sample index from 5029826f57725a5990040c7861075fd4-GPTDataset-train-sample_index.npy
 0: INFO:megatron.core.datasets.indexed_dataset:Load the _IndexReader from /iopsstor/scratch/cscs/elyulina/datasets/tokenized/fineweb-edu-dedup-160B-datatrove_0.25/dump_1/00006_tokens.idx
 0: INFO:megatron.core.datasets.gpt_dataset:Load the GPTDataset train indices
 0: INFO:megatron.core.datasets.gpt_dataset:	Load the document index from d5ad77d5d973696152d9031c95d184fe-GPTDataset-train-document_index.npy
 0: INFO:megatron.core.datasets.indexed_dataset:	Extract the sequence lengths
 0: INFO:megatron.core.datasets.gpt_dataset:	Load the sample index from 0070d6e3617d570c62dd6fa3cd4dd15a-GPTDataset-train-sample_index.npy
 0: INFO:megatron.core.datasets.indexed_dataset:	Extract the sequence pointers
 0: INFO:megatron.core.datasets.indexed_dataset:	Extract the document indices
 0: INFO:megatron.core.datasets.indexed_dataset:> total number of sequences: 1005000
 0: INFO:megatron.core.datasets.indexed_dataset:> total number of documents: 1005000
 0: INFO:megatron.core.datasets.indexed_dataset:	Extract the sequence lengths
 0: INFO:megatron.core.datasets.gpt_dataset:	Load the shuffle index from 5029826f57725a5990040c7861075fd4-GPTDataset-train-shuffle_index.npy
 0: INFO:megatron.core.datasets.indexed_dataset:	Extract the sequence pointers
 0: INFO:megatron.core.datasets.gpt_dataset:	Load the shuffle index from 1fe6a2cbc11b2847186842d70fc06215-GPTDataset-train-shuffle_index.npy
 0: INFO:megatron.core.datasets.gpt_dataset:	Load the shuffle index from 0a43ff8ae94e9415c3f4aa23a153e6b6-GPTDataset-train-shuffle_index.npy
 0: INFO:megatron.core.datasets.indexed_dataset:	Extract the document indices
 0: INFO:megatron.core.datasets.indexed_dataset:> total number of sequences: 1005000
 0: INFO:megatron.core.datasets.indexed_dataset:> total number of documents: 1005000
 0: INFO:megatron.core.datasets.gpt_dataset:Load the GPTDataset train indices
 0: INFO:megatron.core.datasets.gpt_dataset:	Load the document index from 7393370efc6f80a3997ee77ee7f10242-GPTDataset-train-document_index.npy
 0: INFO:megatron.core.datasets.gpt_dataset:> total number of samples: 122028
 0: INFO:megatron.core.datasets.gpt_dataset:	Load the sample index from d5ad77d5d973696152d9031c95d184fe-GPTDataset-train-sample_index.npy
 0: INFO:megatron.core.datasets.gpt_dataset:> total number of samples: 122579
 0: INFO:megatron.core.datasets.gpt_dataset:Load the GPTDataset train indices
 0: INFO:megatron.core.datasets.gpt_dataset:	Load the document index from 7025e238a488d092d8f4deb94ce23d1f-GPTDataset-train-document_index.npy
 0: INFO:megatron.core.datasets.gpt_dataset:> total number of samples: 122035
 0: INFO:megatron.core.datasets.indexed_dataset:Load the _IndexReader from /iopsstor/scratch/cscs/elyulina/datasets/tokenized/fineweb-edu-dedup-160B-datatrove_0.25/dump_1/00008_tokens.idx
 0: INFO:megatron.core.datasets.indexed_dataset:Load the _IndexReader from /iopsstor/scratch/cscs/elyulina/datasets/tokenized/fineweb-edu-dedup-160B-datatrove_0.25/dump_1/00007_tokens.idx
 0: INFO:megatron.core.datasets.indexed_dataset:Load the _IndexReader from /iopsstor/scratch/cscs/elyulina/datasets/tokenized/fineweb-edu-dedup-160B-datatrove_0.25/dump_1/00009_tokens.idx
 0: INFO:megatron.core.datasets.indexed_dataset:	Extract the sequence lengths
 0: INFO:megatron.core.datasets.indexed_dataset:	Extract the sequence pointers
 0: INFO:megatron.core.datasets.indexed_dataset:	Extract the document indices
 0: INFO:megatron.core.datasets.indexed_dataset:> total number of sequences: 1005000
 0: INFO:megatron.core.datasets.indexed_dataset:> total number of documents: 1005000
 0: INFO:megatron.core.datasets.indexed_dataset:	Extract the sequence lengths
 0: INFO:megatron.core.datasets.indexed_dataset:	Extract the sequence pointers
 0: INFO:megatron.core.datasets.indexed_dataset:	Extract the document indices
 0: INFO:megatron.core.datasets.indexed_dataset:> total number of sequences: 1007500
 0: INFO:megatron.core.datasets.indexed_dataset:> total number of documents: 1007500
 0: INFO:megatron.core.datasets.gpt_dataset:Load the GPTDataset train indices
 0: INFO:megatron.core.datasets.gpt_dataset:	Load the document index from 9013f58fc2124a83c18aa10d18828db9-GPTDataset-train-document_index.npy
 0: INFO:megatron.core.datasets.indexed_dataset:	Extract the sequence lengths
 0: INFO:megatron.core.datasets.indexed_dataset:	Extract the sequence pointers
 0: INFO:megatron.core.datasets.indexed_dataset:	Extract the document indices
 0: INFO:megatron.core.datasets.indexed_dataset:> total number of sequences: 1010000
 0: INFO:megatron.core.datasets.indexed_dataset:> total number of documents: 1010000
 0: INFO:megatron.core.datasets.gpt_dataset:	Load the shuffle index from d5ad77d5d973696152d9031c95d184fe-GPTDataset-train-shuffle_index.npy
 0: INFO:megatron.core.datasets.gpt_dataset:Load the GPTDataset train indices
 0: INFO:megatron.core.datasets.gpt_dataset:	Load the document index from dbaf98bcdab0f47c6d47d5c29af3d384-GPTDataset-train-document_index.npy
 0: INFO:megatron.core.datasets.indexed_dataset:	Extract the sequence lengths
 0: INFO:megatron.core.datasets.indexed_dataset:	Extract the sequence pointers
 0: INFO:megatron.core.datasets.indexed_dataset:	Extract the document indices
 0: INFO:megatron.core.datasets.indexed_dataset:> total number of sequences: 1007500
 0: INFO:megatron.core.datasets.indexed_dataset:> total number of documents: 1007500
 0: INFO:megatron.core.datasets.gpt_dataset:Load the GPTDataset train indices
 0: INFO:megatron.core.datasets.gpt_dataset:	Load the document index from 6dea74f5d300cad783ac791f835a87a4-GPTDataset-train-document_index.npy
 0: INFO:megatron.core.datasets.gpt_dataset:	Load the shuffle index from 0070d6e3617d570c62dd6fa3cd4dd15a-GPTDataset-train-shuffle_index.npy
 0: INFO:megatron.core.datasets.gpt_dataset:	Load the sample index from 7025e238a488d092d8f4deb94ce23d1f-GPTDataset-train-sample_index.npy
 0: INFO:megatron.core.datasets.gpt_dataset:> total number of samples: 122229
 0: INFO:megatron.core.datasets.gpt_dataset:> total number of samples: 122557
 0: INFO:megatron.core.datasets.indexed_dataset:Load the _IndexReader from /iopsstor/scratch/cscs/elyulina/datasets/tokenized/fineweb-edu-dedup-160B-datatrove_0.25/dump_1/00010_tokens.idx
 0: INFO:megatron.core.datasets.gpt_dataset:	Load the shuffle index from 7025e238a488d092d8f4deb94ce23d1f-GPTDataset-train-shuffle_index.npy
 0: INFO:megatron.core.datasets.gpt_dataset:	Load the sample index from 6dea74f5d300cad783ac791f835a87a4-GPTDataset-train-sample_index.npy
 0: INFO:megatron.core.datasets.gpt_dataset:	Load the sample index from dbaf98bcdab0f47c6d47d5c29af3d384-GPTDataset-train-sample_index.npy
 0: INFO:megatron.core.datasets.gpt_dataset:	Load the sample index from 9013f58fc2124a83c18aa10d18828db9-GPTDataset-train-sample_index.npy
 0: INFO:megatron.core.datasets.indexed_dataset:Load the _IndexReader from /iopsstor/scratch/cscs/elyulina/datasets/tokenized/fineweb-edu-dedup-160B-datatrove_0.25/dump_1/00011_tokens.idx
 0: INFO:megatron.core.datasets.gpt_dataset:	Load the sample index from 7393370efc6f80a3997ee77ee7f10242-GPTDataset-train-sample_index.npy
 0: INFO:megatron.core.datasets.gpt_dataset:Load the GPTDataset train indices
 0: INFO:megatron.core.datasets.gpt_dataset:	Load the document index from d8c9f76e77105b25cb474961139e85bf-GPTDataset-train-document_index.npy
 0: INFO:megatron.core.datasets.gpt_dataset:> total number of samples: 122626
 0: INFO:megatron.core.datasets.gpt_dataset:	Load the shuffle index from 6dea74f5d300cad783ac791f835a87a4-GPTDataset-train-shuffle_index.npy
 0: INFO:megatron.core.datasets.gpt_dataset:	Load the shuffle index from 7393370efc6f80a3997ee77ee7f10242-GPTDataset-train-shuffle_index.npy
 0: INFO:megatron.core.datasets.indexed_dataset:Load the _IndexReader from /iopsstor/scratch/cscs/elyulina/datasets/tokenized/fineweb-edu-dedup-160B-datatrove_0.25/dump_1/00012_tokens.idx
 0: INFO:megatron.core.datasets.gpt_dataset:	Load the shuffle index from 9013f58fc2124a83c18aa10d18828db9-GPTDataset-train-shuffle_index.npy
 0: INFO:megatron.core.datasets.indexed_dataset:	Extract the sequence lengths
 0: INFO:megatron.core.datasets.indexed_dataset:	Extract the sequence pointers
 0: INFO:megatron.core.datasets.indexed_dataset:	Extract the document indices
 0: INFO:megatron.core.datasets.indexed_dataset:> total number of sequences: 1010000
 0: INFO:megatron.core.datasets.indexed_dataset:> total number of documents: 1010000
 0: INFO:megatron.core.datasets.gpt_dataset:> total number of samples: 122037
 0: INFO:megatron.core.datasets.gpt_dataset:Load the GPTDataset train indices
 0: INFO:megatron.core.datasets.gpt_dataset:	Load the document index from 18eb74ef791cf354c6c4e825f9c07103-GPTDataset-train-document_index.npy
 0: INFO:megatron.core.datasets.gpt_dataset:	Load the sample index from d8c9f76e77105b25cb474961139e85bf-GPTDataset-train-sample_index.npy
 0: INFO:megatron.core.datasets.indexed_dataset:	Extract the sequence lengths
 0: INFO:megatron.core.datasets.indexed_dataset:Load the _IndexReader from /iopsstor/scratch/cscs/elyulina/datasets/tokenized/fineweb-edu-dedup-160B-datatrove_0.25/dump_1/00013_tokens.idx
 0: INFO:megatron.core.datasets.indexed_dataset:	Extract the sequence pointers
 0: INFO:megatron.core.datasets.indexed_dataset:	Extract the document indices
 0: INFO:megatron.core.datasets.indexed_dataset:> total number of sequences: 1010000
 0: INFO:megatron.core.datasets.indexed_dataset:> total number of documents: 1010000
 0: INFO:megatron.core.datasets.indexed_dataset:	Extract the sequence lengths
 0: INFO:megatron.core.datasets.indexed_dataset:	Extract the sequence pointers
 0: INFO:megatron.core.datasets.gpt_dataset:> total number of samples: 122691
 0: INFO:megatron.core.datasets.indexed_dataset:	Extract the document indices
 0: INFO:megatron.core.datasets.indexed_dataset:> total number of sequences: 1012500
 0: INFO:megatron.core.datasets.indexed_dataset:> total number of documents: 1012500
 0: INFO:megatron.core.datasets.gpt_dataset:	Load the sample index from 18eb74ef791cf354c6c4e825f9c07103-GPTDataset-train-sample_index.npy
 0: INFO:megatron.core.datasets.indexed_dataset:Load the _IndexReader from /iopsstor/scratch/cscs/elyulina/datasets/tokenized/fineweb-edu-dedup-160B-datatrove_0.25/dump_1/00014_tokens.idx
 0: INFO:megatron.core.datasets.gpt_dataset:> total number of samples: 122433
 0: INFO:megatron.core.datasets.gpt_dataset:Load the GPTDataset train indices
 0: INFO:megatron.core.datasets.gpt_dataset:	Load the document index from ec880b1266d2fa781596289e07cdd47f-GPTDataset-train-document_index.npy
 0: INFO:megatron.core.datasets.gpt_dataset:	Load the shuffle index from d8c9f76e77105b25cb474961139e85bf-GPTDataset-train-shuffle_index.npy
 0: INFO:megatron.core.datasets.indexed_dataset:	Extract the sequence lengths
 0: INFO:megatron.core.datasets.indexed_dataset:	Extract the sequence pointers
 0: INFO:megatron.core.datasets.indexed_dataset:	Extract the document indices
 0: INFO:megatron.core.datasets.indexed_dataset:> total number of sequences: 1012500
 0: INFO:megatron.core.datasets.indexed_dataset:> total number of documents: 1012500
 0: INFO:megatron.core.datasets.gpt_dataset:Load the GPTDataset train indices
 0: INFO:megatron.core.datasets.gpt_dataset:	Load the document index from 4dcce04223dd129e022ef40378fbbc20-GPTDataset-train-document_index.npy
 0: INFO:megatron.core.datasets.gpt_dataset:	Load the shuffle index from 18eb74ef791cf354c6c4e825f9c07103-GPTDataset-train-shuffle_index.npy
 0: INFO:megatron.core.datasets.indexed_dataset:Load the _IndexReader from /iopsstor/scratch/cscs/elyulina/datasets/tokenized/fineweb-edu-dedup-160B-datatrove_0.25/dump_1/00015_tokens.idx
 0: INFO:megatron.core.datasets.gpt_dataset:	Load the shuffle index from dbaf98bcdab0f47c6d47d5c29af3d384-GPTDataset-train-shuffle_index.npy
 0: INFO:megatron.core.datasets.indexed_dataset:	Extract the sequence lengths
 0: INFO:megatron.core.datasets.indexed_dataset:	Extract the sequence pointers
 0: INFO:megatron.core.datasets.indexed_dataset:	Extract the document indices
 0: INFO:megatron.core.datasets.indexed_dataset:> total number of sequences: 1012500
 0: INFO:megatron.core.datasets.indexed_dataset:> total number of documents: 1012500
 0: INFO:megatron.core.datasets.gpt_dataset:> total number of samples: 122180
 0: INFO:megatron.core.datasets.gpt_dataset:Load the GPTDataset train indices
 0: INFO:megatron.core.datasets.gpt_dataset:	Load the document index from 51477fbac4d42a6bee3a42fa65d0a6da-GPTDataset-train-document_index.npy
 0: INFO:megatron.core.datasets.gpt_dataset:> total number of samples: 122119
 0: INFO:megatron.core.datasets.gpt_dataset:	Load the sample index from ec880b1266d2fa781596289e07cdd47f-GPTDataset-train-sample_index.npy
 0: INFO:megatron.core.datasets.gpt_dataset:> total number of samples: 122010
 0: INFO:megatron.core.datasets.gpt_dataset:	Load the sample index from 4dcce04223dd129e022ef40378fbbc20-GPTDataset-train-sample_index.npy
 0: INFO:megatron.core.datasets.indexed_dataset:	Extract the sequence lengths
 0: INFO:megatron.core.datasets.gpt_dataset:Load the GPTDataset train indices
 0: INFO:megatron.core.datasets.indexed_dataset:Load the _IndexReader from /iopsstor/scratch/cscs/elyulina/datasets/tokenized/fineweb-edu-dedup-160B-datatrove_0.25/dump_1/00016_tokens.idx
 0: INFO:megatron.core.datasets.indexed_dataset:	Extract the sequence pointers
 0: INFO:megatron.core.datasets.gpt_dataset:	Load the document index from 2517f301bcf76445b95b99a2a4674ac3-GPTDataset-train-document_index.npy
 0: INFO:megatron.core.datasets.indexed_dataset:	Extract the document indices
 0: INFO:megatron.core.datasets.indexed_dataset:> total number of sequences: 1015000
 0: INFO:megatron.core.datasets.indexed_dataset:> total number of documents: 1015000
 0: INFO:megatron.core.datasets.indexed_dataset:Load the _IndexReader from /iopsstor/scratch/cscs/elyulina/datasets/tokenized/fineweb-edu-dedup-160B-datatrove_0.25/dump_1/00017_tokens.idx
 0: INFO:megatron.core.datasets.indexed_dataset:Load the _IndexReader from /iopsstor/scratch/cscs/elyulina/datasets/tokenized/fineweb-edu-dedup-160B-datatrove_0.25/dump_1/00018_tokens.idx
 0: INFO:megatron.core.datasets.gpt_dataset:	Load the shuffle index from ec880b1266d2fa781596289e07cdd47f-GPTDataset-train-shuffle_index.npy
 0: INFO:megatron.core.datasets.gpt_dataset:Load the GPTDataset train indices
 0: INFO:megatron.core.datasets.gpt_dataset:	Load the document index from 4119d912769d7dd2764189b9728ba7a4-GPTDataset-train-document_index.npy
 0: INFO:megatron.core.datasets.gpt_dataset:	Load the sample index from 51477fbac4d42a6bee3a42fa65d0a6da-GPTDataset-train-sample_index.npy
 0: INFO:megatron.core.datasets.gpt_dataset:> total number of samples: 122269
 0: INFO:megatron.core.datasets.gpt_dataset:	Load the sample index from 2517f301bcf76445b95b99a2a4674ac3-GPTDataset-train-sample_index.npy
 0: INFO:megatron.core.datasets.indexed_dataset:	Extract the sequence lengths
 0: INFO:megatron.core.datasets.indexed_dataset:	Extract the sequence pointers
 0: INFO:megatron.core.datasets.indexed_dataset:	Extract the document indices
 0: INFO:megatron.core.datasets.indexed_dataset:> total number of sequences: 1015000
 0: INFO:megatron.core.datasets.indexed_dataset:> total number of documents: 1015000
 0: INFO:megatron.core.datasets.indexed_dataset:Load the _IndexReader from /iopsstor/scratch/cscs/elyulina/datasets/tokenized/fineweb-edu-dedup-160B-datatrove_0.25/dump_1/00019_tokens.idx
 0: INFO:megatron.core.datasets.gpt_dataset:	Load the shuffle index from 51477fbac4d42a6bee3a42fa65d0a6da-GPTDataset-train-shuffle_index.npy
 0: INFO:megatron.core.datasets.gpt_dataset:	Load the shuffle index from 2517f301bcf76445b95b99a2a4674ac3-GPTDataset-train-shuffle_index.npy
 0: INFO:megatron.core.datasets.gpt_dataset:	Load the sample index from 4119d912769d7dd2764189b9728ba7a4-GPTDataset-train-sample_index.npy
 0: INFO:megatron.core.datasets.gpt_dataset:Load the GPTDataset train indices
 0: INFO:megatron.core.datasets.indexed_dataset:	Extract the sequence lengths
 0: INFO:megatron.core.datasets.gpt_dataset:	Load the document index from 97c6736a8e51cb7297a30b00fc337ae9-GPTDataset-train-document_index.npy
 0: INFO:megatron.core.datasets.indexed_dataset:	Extract the sequence pointers
 0: INFO:megatron.core.datasets.indexed_dataset:	Extract the document indices
 0: INFO:megatron.core.datasets.indexed_dataset:> total number of sequences: 1015000
 0: INFO:megatron.core.datasets.indexed_dataset:> total number of documents: 1015000
 0: INFO:megatron.core.datasets.gpt_dataset:> total number of samples: 122203
 0: INFO:megatron.core.datasets.gpt_dataset:	Load the shuffle index from 4119d912769d7dd2764189b9728ba7a4-GPTDataset-train-shuffle_index.npy
 0: INFO:megatron.core.datasets.indexed_dataset:	Extract the sequence lengths
 0: INFO:megatron.core.datasets.indexed_dataset:	Extract the sequence pointers
 0: INFO:megatron.core.datasets.indexed_dataset:	Extract the document indices
 0: INFO:megatron.core.datasets.indexed_dataset:> total number of sequences: 1015855
 0: INFO:megatron.core.datasets.indexed_dataset:> total number of documents: 1015855
 0: INFO:megatron.core.datasets.indexed_dataset:Load the _IndexReader from /iopsstor/scratch/cscs/elyulina/datasets/tokenized/gutenberg_rep_1_256/rep_128_tokens.idx
 0: INFO:megatron.core.datasets.gpt_dataset:Load the GPTDataset train indices
 0: INFO:megatron.core.datasets.gpt_dataset:	Load the document index from 646f8a5da24f8687ef7d72c6ae922660-GPTDataset-train-document_index.npy
 0: INFO:megatron.core.datasets.gpt_dataset:> total number of samples: 121918
 0: INFO:megatron.core.datasets.gpt_dataset:Load the GPTDataset train indices
 0: INFO:megatron.core.datasets.gpt_dataset:	Load the document index from 8f448dad54688b59f36a542020b7de3b-GPTDataset-train-document_index.npy
 0: INFO:megatron.core.datasets.gpt_dataset:	Load the shuffle index from 4dcce04223dd129e022ef40378fbbc20-GPTDataset-train-shuffle_index.npy
 0: INFO:megatron.core.datasets.indexed_dataset:Load the _IndexReader from /iopsstor/scratch/cscs/elyulina/datasets/tokenized/gutenberg_rep_1_256/rep_16_tokens.idx
 0: INFO:megatron.core.datasets.gpt_dataset:	Load the sample index from 97c6736a8e51cb7297a30b00fc337ae9-GPTDataset-train-sample_index.npy
 0: INFO:megatron.core.datasets.gpt_dataset:> total number of samples: 122288
 0: INFO:megatron.core.datasets.indexed_dataset:	Extract the sequence lengths
 0: INFO:megatron.core.datasets.indexed_dataset:	Extract the sequence pointers
 0: INFO:megatron.core.datasets.indexed_dataset:	Extract the document indices
 0: INFO:megatron.core.datasets.indexed_dataset:> total number of sequences: 1015000
 0: INFO:megatron.core.datasets.indexed_dataset:> total number of documents: 1015000
 0: INFO:megatron.core.datasets.indexed_dataset:	Extract the sequence lengths
 0: INFO:megatron.core.datasets.indexed_dataset:	Extract the sequence pointers
 0: INFO:megatron.core.datasets.indexed_dataset:	Extract the document indices
 0: INFO:megatron.core.datasets.indexed_dataset:> total number of sequences: 10560
 0: INFO:megatron.core.datasets.gpt_dataset:	Load the sample index from 646f8a5da24f8687ef7d72c6ae922660-GPTDataset-train-sample_index.npy
 0: INFO:megatron.core.datasets.indexed_dataset:> total number of documents: 10560
 0: INFO:megatron.core.datasets.indexed_dataset:Load the _IndexReader from /iopsstor/scratch/cscs/elyulina/datasets/tokenized/gutenberg_rep_1_256/rep_1_tokens.idx
 0: INFO:megatron.core.datasets.gpt_dataset:	Load the shuffle index from 97c6736a8e51cb7297a30b00fc337ae9-GPTDataset-train-shuffle_index.npy
 0: INFO:megatron.core.datasets.gpt_dataset:	Load the sample index from 8f448dad54688b59f36a542020b7de3b-GPTDataset-train-sample_index.npy
 0: INFO:megatron.core.datasets.gpt_dataset:Load the GPTDataset train indices
 0: INFO:megatron.core.datasets.gpt_dataset:	Load the document index from 735498d3fc8e83d233d3bc6ef4d16784-GPTDataset-train-document_index.npy
 0: INFO:megatron.core.datasets.indexed_dataset:	Extract the sequence lengths
 0: INFO:megatron.core.datasets.indexed_dataset:	Extract the sequence pointers
 0: INFO:megatron.core.datasets.indexed_dataset:	Extract the document indices
 0: INFO:megatron.core.datasets.indexed_dataset:> total number of sequences: 660
 0: INFO:megatron.core.datasets.indexed_dataset:> total number of documents: 660
 0: INFO:megatron.core.datasets.indexed_dataset:	Extract the sequence lengths
 0: INFO:megatron.core.datasets.indexed_dataset:	Extract the sequence pointers
 0: INFO:megatron.core.datasets.indexed_dataset:	Extract the document indices
 0: INFO:megatron.core.datasets.indexed_dataset:> total number of sequences: 84480
 0: INFO:megatron.core.datasets.indexed_dataset:> total number of documents: 84480
 0: INFO:megatron.core.datasets.gpt_dataset:Load the GPTDataset train indices
 0: INFO:megatron.core.datasets.gpt_dataset:	Load the document index from 58357e396bc903398b108127186cfe71-GPTDataset-train-document_index.npy
 0: INFO:megatron.core.datasets.gpt_dataset:> total number of samples: 122428
 0: INFO:megatron.core.datasets.gpt_dataset:	Load the shuffle index from 646f8a5da24f8687ef7d72c6ae922660-GPTDataset-train-shuffle_index.npy
 0: INFO:megatron.core.datasets.gpt_dataset:> total number of samples: 122285
 0: INFO:megatron.core.datasets.gpt_dataset:Load the GPTDataset train indices
 0: INFO:megatron.core.datasets.gpt_dataset:	Load the shuffle index from 8f448dad54688b59f36a542020b7de3b-GPTDataset-train-shuffle_index.npy
 0: INFO:megatron.core.datasets.gpt_dataset:	Load the document index from d1c1121ed9df87aebe8285b37c9e686a-GPTDataset-train-document_index.npy
 0: INFO:megatron.core.datasets.indexed_dataset:Load the _IndexReader from /iopsstor/scratch/cscs/elyulina/datasets/tokenized/gutenberg_rep_1_256/rep_256_tokens.idx
 0: INFO:megatron.core.datasets.gpt_dataset:Load the GPTDataset train indices
 0: INFO:megatron.core.datasets.gpt_dataset:	Load the document index from 4c16a1837e544df41c5501d810f0483b-GPTDataset-train-document_index.npy
 0: INFO:megatron.core.datasets.indexed_dataset:Load the _IndexReader from /iopsstor/scratch/cscs/elyulina/datasets/tokenized/gutenberg_rep_1_256/rep_2_tokens.idx
 0: INFO:megatron.core.datasets.gpt_dataset:	Load the sample index from d1c1121ed9df87aebe8285b37c9e686a-GPTDataset-train-sample_index.npy
 0: INFO:megatron.core.datasets.gpt_dataset:> total number of samples: 122266
 0: INFO:megatron.core.datasets.gpt_dataset:	Load the sample index from 58357e396bc903398b108127186cfe71-GPTDataset-train-sample_index.npy
 0: INFO:megatron.core.datasets.indexed_dataset:	Extract the sequence lengths
 0: INFO:megatron.core.datasets.indexed_dataset:	Extract the sequence pointers
 0: INFO:megatron.core.datasets.gpt_dataset:	Load the sample index from 4c16a1837e544df41c5501d810f0483b-GPTDataset-train-sample_index.npy
 0: INFO:megatron.core.datasets.indexed_dataset:	Extract the document indices
 0: INFO:megatron.core.datasets.gpt_dataset:	Load the sample index from 735498d3fc8e83d233d3bc6ef4d16784-GPTDataset-train-sample_index.npy
 0: INFO:megatron.core.datasets.indexed_dataset:> total number of sequences: 1320
 0: INFO:megatron.core.datasets.indexed_dataset:	Extract the sequence lengths
 0: INFO:megatron.core.datasets.gpt_dataset:	Load the shuffle index from d1c1121ed9df87aebe8285b37c9e686a-GPTDataset-train-shuffle_index.npy
 0: INFO:megatron.core.datasets.indexed_dataset:> total number of documents: 1320
 0: INFO:megatron.core.datasets.indexed_dataset:	Extract the sequence pointers
 0: INFO:megatron.core.datasets.indexed_dataset:Load the _IndexReader from /iopsstor/scratch/cscs/elyulina/datasets/tokenized/gutenberg_rep_1_256/rep_32_tokens.idx
 0: INFO:megatron.core.datasets.indexed_dataset:	Extract the document indices
 0: INFO:megatron.core.datasets.indexed_dataset:> total number of sequences: 168960
 0: INFO:megatron.core.datasets.indexed_dataset:> total number of documents: 168960
 0: INFO:megatron.core.datasets.gpt_dataset:	Load the shuffle index from 58357e396bc903398b108127186cfe71-GPTDataset-train-shuffle_index.npy
 0: INFO:megatron.core.datasets.gpt_dataset:> total number of samples: 121920
 0: INFO:megatron.core.datasets.gpt_dataset:Load the GPTDataset train indices
 0: INFO:megatron.core.datasets.gpt_dataset:	Load the document index from 46ee332eec9875644221f09c70a2b5e9-GPTDataset-train-document_index.npy
 0: INFO:megatron.core.datasets.gpt_dataset:	Load the shuffle index from 735498d3fc8e83d233d3bc6ef4d16784-GPTDataset-train-shuffle_index.npy
 0: INFO:megatron.core.datasets.gpt_dataset:Load the GPTDataset train indices
 0: INFO:megatron.core.datasets.indexed_dataset:	Extract the sequence lengths
 0: INFO:megatron.core.datasets.gpt_dataset:	Load the shuffle index from 4c16a1837e544df41c5501d810f0483b-GPTDataset-train-shuffle_index.npy
 0: INFO:megatron.core.datasets.gpt_dataset:	Load the document index from eeadb232e6d0257db74b15ca120d2603-GPTDataset-train-document_index.npy
 0: INFO:megatron.core.datasets.gpt_dataset:> total number of samples: 10559
 0: INFO:megatron.core.datasets.indexed_dataset:	Extract the sequence pointers
 0: INFO:megatron.core.datasets.indexed_dataset:Load the _IndexReader from /iopsstor/scratch/cscs/elyulina/datasets/tokenized/gutenberg_rep_1_256/rep_4_tokens.idx
 0: INFO:megatron.core.datasets.indexed_dataset:	Extract the document indices
 0: INFO:megatron.core.datasets.gpt_dataset:	Load the sample index from 46ee332eec9875644221f09c70a2b5e9-GPTDataset-train-sample_index.npy
 0: INFO:megatron.core.datasets.indexed_dataset:> total number of sequences: 21120
 0: INFO:megatron.core.datasets.indexed_dataset:> total number of documents: 21120
 0: INFO:megatron.core.datasets.gpt_dataset:> total number of samples: 122255
 0: INFO:megatron.core.datasets.indexed_dataset:Load the _IndexReader from /iopsstor/scratch/cscs/elyulina/datasets/tokenized/gutenberg_rep_1_256/rep_64_tokens.idx
 0: INFO:megatron.core.datasets.gpt_dataset:	Load the shuffle index from 46ee332eec9875644221f09c70a2b5e9-GPTDataset-train-shuffle_index.npy
 0: INFO:megatron.core.datasets.indexed_dataset:	Extract the sequence lengths
 0: INFO:megatron.core.datasets.indexed_dataset:	Extract the sequence pointers
 0: INFO:megatron.core.datasets.indexed_dataset:	Extract the document indices
 0: INFO:megatron.core.datasets.indexed_dataset:> total number of sequences: 2640
 0: INFO:megatron.core.datasets.indexed_dataset:> total number of documents: 2640
 0: INFO:megatron.core.datasets.gpt_dataset:Load the GPTDataset train indices
 0: INFO:megatron.core.datasets.gpt_dataset:> total number of samples: 84479
 0: INFO:megatron.core.datasets.gpt_dataset:	Load the document index from c49dc5fdf45deaed057f8655a5bcd9c8-GPTDataset-train-document_index.npy
 0: INFO:megatron.core.datasets.gpt_dataset:	Load the sample index from eeadb232e6d0257db74b15ca120d2603-GPTDataset-train-sample_index.npy
 0: INFO:megatron.core.datasets.indexed_dataset:Load the _IndexReader from /iopsstor/scratch/cscs/elyulina/datasets/tokenized/gutenberg_rep_1_256/rep_8_tokens.idx
 0: INFO:megatron.core.datasets.indexed_dataset:	Extract the sequence lengths
 0: INFO:megatron.core.datasets.indexed_dataset:	Extract the sequence pointers
 0: INFO:megatron.core.datasets.indexed_dataset:	Extract the document indices
 0: INFO:megatron.core.datasets.indexed_dataset:> total number of sequences: 42240
 0: INFO:megatron.core.datasets.indexed_dataset:> total number of documents: 42240
 0: INFO:megatron.core.datasets.gpt_dataset:> total number of samples: 659
 0: INFO:megatron.core.datasets.gpt_dataset:Load the GPTDataset train indices
 0: INFO:megatron.core.datasets.gpt_dataset:	Load the document index from 5b694166f50bff94db4826ec63175b6f-GPTDataset-train-document_index.npy
 0: INFO:megatron.core.datasets.gpt_dataset:> total number of samples: 1319
 0: INFO:megatron.core.datasets.gpt_dataset:	Load the shuffle index from eeadb232e6d0257db74b15ca120d2603-GPTDataset-train-shuffle_index.npy
 0: INFO:megatron.core.datasets.gpt_dataset:Load the GPTDataset train indices
 0: INFO:megatron.core.datasets.gpt_dataset:	Load the document index from c0eb8ca9c4c46c33f7c4217485796c74-GPTDataset-train-document_index.npy
 0: INFO:megatron.core.datasets.gpt_dataset:	Load the sample index from 5b694166f50bff94db4826ec63175b6f-GPTDataset-train-sample_index.npy
 0: INFO:megatron.core.datasets.gpt_dataset:	Load the shuffle index from 5b694166f50bff94db4826ec63175b6f-GPTDataset-train-shuffle_index.npy
 0: INFO:megatron.core.datasets.gpt_dataset:	Load the sample index from c0eb8ca9c4c46c33f7c4217485796c74-GPTDataset-train-sample_index.npy
 0: INFO:megatron.core.datasets.gpt_dataset:> total number of samples: 168959
 0: INFO:megatron.core.datasets.gpt_dataset:	Load the shuffle index from c0eb8ca9c4c46c33f7c4217485796c74-GPTDataset-train-shuffle_index.npy
 0: INFO:megatron.core.datasets.gpt_dataset:> total number of samples: 42239
 0: INFO:megatron.core.datasets.gpt_dataset:> total number of samples: 2639
 0: INFO:megatron.core.datasets.gpt_dataset:	Load the sample index from c49dc5fdf45deaed057f8655a5bcd9c8-GPTDataset-train-sample_index.npy
 0: INFO:megatron.core.datasets.indexed_dataset:	Extract the sequence lengths
 0: INFO:megatron.core.datasets.indexed_dataset:	Extract the sequence pointers
 0: INFO:megatron.core.datasets.indexed_dataset:	Extract the document indices
 0: INFO:megatron.core.datasets.indexed_dataset:> total number of sequences: 5280
 0: INFO:megatron.core.datasets.indexed_dataset:> total number of documents: 5280
 0: INFO:megatron.core.datasets.gpt_dataset:Load the GPTDataset train indices
 0: INFO:megatron.core.datasets.gpt_dataset:	Load the document index from f0101a762fa30ab122300eb8327bbcc6-GPTDataset-train-document_index.npy
 0: INFO:megatron.core.datasets.gpt_dataset:	Load the sample index from f0101a762fa30ab122300eb8327bbcc6-GPTDataset-train-sample_index.npy
 0: INFO:megatron.core.datasets.gpt_dataset:	Load the shuffle index from f0101a762fa30ab122300eb8327bbcc6-GPTDataset-train-shuffle_index.npy
 0: INFO:megatron.core.datasets.gpt_dataset:	Load the shuffle index from c49dc5fdf45deaed057f8655a5bcd9c8-GPTDataset-train-shuffle_index.npy
 0: INFO:megatron.core.datasets.gpt_dataset:> total number of samples: 5279
 0: INFO:megatron.core.datasets.gpt_dataset:> total number of samples: 21119
 0: INFO:megatron.core.datasets.blended_dataset:Load the BlendedDataset indices
 0: INFO:megatron.core.datasets.blended_dataset:	Load the dataset index from /iopsstor/scratch/cscs/elyulina/datasets/cache/db6c38c3413ccb856e85c682604c1911-BlendedDataset-train-dataset_index.npy
 0: INFO:megatron.core.datasets.blended_dataset:	Load the dataset sample index from /iopsstor/scratch/cscs/elyulina/datasets/cache/db6c38c3413ccb856e85c682604c1911-BlendedDataset-train-dataset_sample_index.npy
 0: > finished creating GPT datasets ...
 0: [after dataloaders are built] datetime: 2026-08-18 04:04:57.961319 
 0: done with setup ...
 0: training ...
31: INFO:megatron.core.timers:(min, max) time across ranks (ms):
31:     model-and-optimizer-setup ......................: (499.78, 500.40)
31:     train/valid/test-data-iterators-setup ..........: (1507.64, 1535.70)
 0: Overwriting rerun_state_machine.current_iteration from -1 to 0...
 0: [before the start of training step] datetime: 2026-08-18 04:04:58.063730 
 0: 
 0: ### Test: mask_structure ###
 0: 
 0: [SKIP] mask_structure: seq_len=8192 > 512 (O(n²) check + ASCII print not feasible; run with a short seq_len to verify mask structure)
 0: 
 0: ### Test: loss_isolation ###
 0:   use_packed_seq_params=True  reset_position_ids=True  transformer_impl=transformer_engine  micro_batch_size=3
 0:   prefix_A[:4]=[119845, 124139, 10124, 55368]  prefix_B[:4]=[71848, 41487, 120301, 41544]
 0:   intra-row (cross-doc) max_diff=0.000000  mean_diff=0.000000
 0:   swap row 0: max_diff on rows 1..2 = 0.000000
 0:   swap row 1: max_diff on rows 2..2 = 0.000000
 0:   cross-row (cross-batch) max_diff=0.000000
 0: [PASS] loss_isolation: doc_diff=0.000000  row_diff=0.000000  (both < 0.0001) → docs & rows isolated
 0: 
 0: ### Test: position_ids_reset ###
 0:   reset_position_ids=True  unique=2732/8192
 0:   position_ids[:24]=[0, 1, 2, 3, 4, 5, 6, 7, 8, 9, 10, 11, 12, 13, 14, 15, 16, 17, 18, 19, 20, 21, 22, 23]
 0: [PASS] position_ids_reset: positions reset to 0 at each document boundary
 0: 
 0: ### Test: softmax_offset_param ###
 0:   found: module.module.decoder.layers.0.self_attention.core_attention.softmax_offset  shape=[32]
 0:   found: module.module.decoder.layers.1.self_attention.core_attention.softmax_offset  shape=[32]
 0:   found: module.module.decoder.layers.2.self_attention.core_attention.softmax_offset  shape=[32]
 0:   found: module.module.decoder.layers.3.self_attention.core_attention.softmax_offset  shape=[32]
 0:   found: module.module.decoder.layers.4.self_attention.core_attention.softmax_offset  shape=[32]
 0:   found: module.module.decoder.layers.5.self_attention.core_attention.softmax_offset  shape=[32]
 0:   found: module.module.decoder.layers.6.self_attention.core_attention.softmax_offset  shape=[32]
 0:   found: module.module.decoder.layers.7.self_attention.core_attention.softmax_offset  shape=[32]
 0:   found: module.module.decoder.layers.8.self_attention.core_attention.softmax_offset  shape=[32]
 0:   found: module.module.decoder.layers.9.self_attention.core_attention.softmax_offset  shape=[32]
 0:   found: module.module.decoder.layers.10.self_attention.core_attention.softmax_offset  shape=[32]
 0:   found: module.module.decoder.layers.11.self_attention.core_attention.softmax_offset  shape=[32]
 0:   found: module.module.decoder.layers.12.self_attention.core_attention.softmax_offset  shape=[32]
 0:   found: module.module.decoder.layers.13.self_attention.core_attention.softmax_offset  shape=[32]
 0:   found: module.module.decoder.layers.14.self_attention.core_attention.softmax_offset  shape=[32]
 0:   found: module.module.decoder.layers.15.self_attention.core_attention.softmax_offset  shape=[32]
 0: [PASS] softmax_offset_param: found 16 parameter(s)
 0: 
 0: ### Test: sink_output_sensitivity ###
 0: 
 0:   max_diff (offset=0 vs offset=5.0): 5.892970
 0: [PASS] sink_output_sensitivity: offset affects output → wired into softmax computation
 0: 
 0: ### Test: softmax_offset_init_values ###
 0: 
 0:   module.module.decoder.layers.0.self_attention.core_attention.softmax_offset: shape=[32]  mean=0.0000  std=0.0000  min=0.0000  max=0.0000
 0:   module.module.decoder.layers.1.self_attention.core_attention.softmax_offset: shape=[32]  mean=0.0000  std=0.0000  min=0.0000  max=0.0000
 0:   module.module.decoder.layers.2.self_attention.core_attention.softmax_offset: shape=[32]  mean=0.0000  std=0.0000  min=0.0000  max=0.0000
 0:   module.module.decoder.layers.3.self_attention.core_attention.softmax_offset: shape=[32]  mean=0.0000  std=0.0000  min=0.0000  max=0.0000
 0:   module.module.decoder.layers.4.self_attention.core_attention.softmax_offset: shape=[32]  mean=0.0000  std=0.0000  min=0.0000  max=0.0000
 0:   module.module.decoder.layers.5.self_attention.core_attention.softmax_offset: shape=[32]  mean=0.0000  std=0.0000  min=0.0000  max=0.0000
 0:   module.module.decoder.layers.6.self_attention.core_attention.softmax_offset: shape=[32]  mean=0.0000  std=0.0000  min=0.0000  max=0.0000
 0:   module.module.decoder.layers.7.self_attention.core_attention.softmax_offset: shape=[32]  mean=0.0000  std=0.0000  min=0.0000  max=0.0000
 0:   module.module.decoder.layers.8.self_attention.core_attention.softmax_offset: shape=[32]  mean=0.0000  std=0.0000  min=0.0000  max=0.0000
 0:   module.module.decoder.layers.9.self_attention.core_attention.softmax_offset: shape=[32]  mean=0.0000  std=0.0000  min=0.0000  max=0.0000
 0:   module.module.decoder.layers.10.self_attention.core_attention.softmax_offset: shape=[32]  mean=0.0000  std=0.0000  min=0.0000  max=0.0000
 0:   module.module.decoder.layers.11.self_attention.core_attention.softmax_offset: shape=[32]  mean=0.0000  std=0.0000  min=0.0000  max=0.0000
 0:   module.module.decoder.layers.12.self_attention.core_attention.softmax_offset: shape=[32]  mean=0.0000  std=0.0000  min=0.0000  max=0.0000
 0:   module.module.decoder.layers.13.self_attention.core_attention.softmax_offset: shape=[32]  mean=0.0000  std=0.0000  min=0.0000  max=0.0000
 0:   module.module.decoder.layers.14.self_attention.core_attention.softmax_offset: shape=[32]  mean=0.0000  std=0.0000  min=0.0000  max=0.0000
 0:   module.module.decoder.layers.15.self_attention.core_attention.softmax_offset: shape=[32]  mean=0.0000  std=0.0000  min=0.0000  max=0.0000
 0:   total: count=512  norm=0.000  mean_abs=0.0000
 0: [PASS] softmax_offset_init_values: diagnostic complete
 0: 
 0: ### Test: norm_decomposition ###
 0:   softmax_offset  (this rank): norm=0.000
 0:   all other params (this rank): norm=657.153
 0:   combined         (this rank): norm=657.153
 0:   note: Megatron's logged 'params norm' all-reduces across TP/PP groups and skips TP-duplicate params — compare rank 0 combined with the logged value
 0: [PASS] norm_decomposition: diagnostic complete
 0: 
 0: ### Test: gradient_flows ###
 0: 
 0:   module.module.decoder.layers.0.self_attention.core_attention.softmax_offset: main_grad_norm=1.530541e+01  (nonzero)
 0:   module.module.decoder.layers.1.self_attention.core_attention.softmax_offset: main_grad_norm=3.599267e+00  (nonzero)
 0:   module.module.decoder.layers.2.self_attention.core_attention.softmax_offset: main_grad_norm=1.982298e+00  (nonzero)
 0:   module.module.decoder.layers.3.self_attention.core_attention.softmax_offset: main_grad_norm=1.187577e+00  (nonzero)
 0:   module.module.decoder.layers.4.self_attention.core_attention.softmax_offset: main_grad_norm=1.095467e+00  (nonzero)
 0:   module.module.decoder.layers.5.self_attention.core_attention.softmax_offset: main_grad_norm=8.929548e-01  (nonzero)
 0:   module.module.decoder.layers.6.self_attention.core_attention.softmax_offset: main_grad_norm=6.506385e-01  (nonzero)
 0:   module.module.decoder.layers.7.self_attention.core_attention.softmax_offset: main_grad_norm=6.556401e-01  (nonzero)
 0:   module.module.decoder.layers.8.self_attention.core_attention.softmax_offset: main_grad_norm=5.906255e-01  (nonzero)
 0:   module.module.decoder.layers.9.self_attention.core_attention.softmax_offset: main_grad_norm=4.098101e-01  (nonzero)
 0:   module.module.decoder.layers.10.self_attention.core_attention.softmax_offset: main_grad_norm=4.206208e-01  (nonzero)
 0:   module.module.decoder.layers.11.self_attention.core_attention.softmax_offset: main_grad_norm=4.111457e-01  (nonzero)
 0:   module.module.decoder.layers.12.self_attention.core_attention.softmax_offset: main_grad_norm=3.258678e-01  (nonzero)
 0:   module.module.decoder.layers.13.self_attention.core_attention.softmax_offset: main_grad_norm=2.659631e-01  (nonzero)
 0:   module.module.decoder.layers.14.self_attention.core_attention.softmax_offset: main_grad_norm=2.194332e-01  (nonzero)
 0:   module.module.decoder.layers.15.self_attention.core_attention.softmax_offset: main_grad_norm=1.976272e-01  (nonzero)
 0: [PASS] gradient_flows: softmax_offset receives nonzero gradients → parameter is trainable
 0: 
 0: ### Test: linear_qkv_shape ###
 0: 
 0:   expected: gated=5120  standard=3072  (nh=32, nkvh=8, kv_channels=64, tp=1)
 0:   module.module.decoder.layers.0.self_attention.linear_qkv: weight.shape[0]=3072
 0:   module.module.decoder.layers.1.self_attention.linear_qkv: weight.shape[0]=3072
 0:   module.module.decoder.layers.2.self_attention.linear_qkv: weight.shape[0]=3072
 0:   module.module.decoder.layers.3.self_attention.linear_qkv: weight.shape[0]=3072
 0:   module.module.decoder.layers.4.self_attention.linear_qkv: weight.shape[0]=3072
 0:   module.module.decoder.layers.5.self_attention.linear_qkv: weight.shape[0]=3072
 0:   module.module.decoder.layers.6.self_attention.linear_qkv: weight.shape[0]=3072
 0:   module.module.decoder.layers.7.self_attention.linear_qkv: weight.shape[0]=3072
 0:   module.module.decoder.layers.8.self_attention.linear_qkv: weight.shape[0]=3072
 0:   module.module.decoder.layers.9.self_attention.linear_qkv: weight.shape[0]=3072
 0:   module.module.decoder.layers.10.self_attention.linear_qkv: weight.shape[0]=3072
 0:   module.module.decoder.layers.11.self_attention.linear_qkv: weight.shape[0]=3072
 0:   module.module.decoder.layers.12.self_attention.linear_qkv: weight.shape[0]=3072
 0:   module.module.decoder.layers.13.self_attention.linear_qkv: weight.shape[0]=3072
 0:   module.module.decoder.layers.14.self_attention.linear_qkv: weight.shape[0]=3072
 0:   module.module.decoder.layers.15.self_attention.linear_qkv: weight.shape[0]=3072
 0: 
 0: [FAIL] linear_qkv_shape (16 errors):
 0:   module.module.decoder.layers.0.self_attention.linear_qkv: got 3072, expected 5120 (standard would be 3072)
 0:   module.module.decoder.layers.1.self_attention.linear_qkv: got 3072, expected 5120 (standard would be 3072)
 0:   module.module.decoder.layers.2.self_attention.linear_qkv: got 3072, expected 5120 (standard would be 3072)
 0:   module.module.decoder.layers.3.self_attention.linear_qkv: got 3072, expected 5120 (standard would be 3072)
 0:   module.module.decoder.layers.4.self_attention.linear_qkv: got 3072, expected 5120 (standard would be 3072)
 0:   module.module.decoder.layers.5.self_attention.linear_qkv: got 3072, expected 5120 (standard would be 3072)
 0:   module.module.decoder.layers.6.self_attention.linear_qkv: got 3072, expected 5120 (standard would be 3072)
 0:   module.module.decoder.layers.7.self_attention.linear_qkv: got 3072, expected 5120 (standard would be 3072)
 0:   module.module.decoder.layers.8.self_attention.linear_qkv: got 3072, expected 5120 (standard would be 3072)
 0:   module.module.decoder.layers.9.self_attention.linear_qkv: got 3072, expected 5120 (standard would be 3072)
 0:   module.module.decoder.layers.10.self_attention.linear_qkv: got 3072, expected 5120 (standard would be 3072)
 0:   module.module.decoder.layers.11.self_attention.linear_qkv: got 3072, expected 5120 (standard would be 3072)
 0:   module.module.decoder.layers.12.self_attention.linear_qkv: got 3072, expected 5120 (standard would be 3072)
 0:   module.module.decoder.layers.13.self_attention.linear_qkv: got 3072, expected 5120 (standard would be 3072)
 0:   module.module.decoder.layers.14.self_attention.linear_qkv: got 3072, expected 5120 (standard would be 3072)
 0:   module.module.decoder.layers.15.self_attention.linear_qkv: got 3072, expected 5120 (standard would be 3072)
 0: 
 0: ### Test: gated_output_sensitivity ###
 0: 
 0:   max_diff (gate vs identity): 0.000000
 0: [FAIL] gated_output_sensitivity: gate has no effect → may be disconnected from computation
 0: 
 0: ### Summary ###
 0: 
 0: suite=xdoc_mask   expected=PASS  ->  PASS  [OK]
 0:     PASS   test_mask_structure
 0: suite=xdoc_loss   expected=PASS  ->  PASS  [OK]
 0:     PASS   test_loss_isolation
 0: suite=xdoc_position_ids   expected=PASS  ->  PASS  [OK]
 0:     PASS   test_position_ids_reset
 0: suite=sink   expected=PASS  ->  PASS  [OK]
 0:     PASS   test_softmax_offset_param
 0:     PASS   test_sink_output_sensitivity
 0:     [diag] test_softmax_offset_init_values  (PASS, not counted)
 0:     [diag] test_norm_decomposition  (PASS, not counted)
 0:     PASS   test_gradient_flows
 0: suite=gated   expected=FAIL  ->  FAIL  [OK]
 0:     FAIL   test_linear_qkv_shape
 0:     FAIL   test_gated_output_sensitivity
 0: 
 0: ### Verdict: ALL 5 SUITE(S) AS EXPECTED ###
 0: 
 0: WARNING:megatron.core.rerun_state_machine:Result validation enabled
 0: Number of parameters in transformer block in billions:  0.97
 0: Number of active parameters in transformer block in billions:  0.97
 0: Number of parameters in embedding layers in billions: 0.26
 0: Total number of parameters in billions: 1.24
 0: Total number of active parameters in billions: 1.24
31:  [2026-08-18 04:05:07.248731] iteration        1/       2 | consumed samples:          288 | elapsed time per iteration (ms): 9185.1 | throughput per GPU (TFLOP/s/GPU): 301.0 | learning rate: 4.000000E-04 | global batch size:   288 | lm loss: 1.217183E+01 | loss scale: 1.0 | grad norm: 313480.938 | params norm: 657.153 | number of skipped iterations:   0 | number of nan iterations:   0 |
 0: Number of parameters in most loaded shard in billions: 1.2358
 0: compute_activation_memory_without_sp
 0: Activation memory footprint per transformer layer (precise, without SP): 1632.0 MB
 0: Theoretical memory footprints: weight and optimizer=7513.35 MB, activation=33881.60 MB, total=41394.95 MB
 0: 
 0: [Rank 0] (after 1 iterations) memory (MB) | allocated: 8235.37 | max allocated: 54635.74 | reserved: 68214.00 | max reserved: 68214.00
31: INFO:megatron.core.timers:(min, max) time across ranks (ms):
31:     forward-backward ...............................: (7842.32, 7842.67)
31:     embedding-grads-all-reduce .....................: (0.02, 0.06)
31:     all-grads-sync .................................: (377.77, 378.23)
31:     optimizer-copy-to-main-grad ....................: (0.23, 0.49)
31:     optimizer-inner-step ...........................: (104.73, 132.16)
31:     optimizer-copy-main-to-model-params ............: (0.41, 1.20)
31:     optimizer ......................................: (829.09, 829.84)
31:     batch-generator ................................: (91.94, 100.80)
31:     forward-compute ................................: (5424.15, 6285.74)
31:     backward-compute ...............................: (882.98, 1298.90)
 0: Number of parameters in transformer block in billions:  0.97
 0: Number of active parameters in transformer block in billions:  0.97
 0: Number of parameters in embedding layers in billions: 0.26
 0: Total number of parameters in billions: 1.24
 0: Total number of active parameters in billions: 1.24
 0: Number of parameters in most loaded shard in billions: 1.2358
 0: compute_activation_memory_without_sp
 0: Activation memory footprint per transformer layer (precise, without SP): 1632.0 MB
 0: Theoretical memory footprints: weight and optimizer=7513.35 MB, activation=33881.60 MB, total=41394.95 MB
 0: 
31:  [2026-08-18 04:05:09.921578] iteration        2/       2 | consumed samples:          576 | elapsed time per iteration (ms): 5928.8 | throughput per GPU (TFLOP/s/GPU): 98.4 | learning rate: 4.000000E-05 | global batch size:   288 | lm loss: 1.217120E+01 | loss scale: 1.0 | grad norm: 8.690 | params norm: 656.984 | number of skipped iterations:   0 | number of nan iterations:   0 |
 0: [Rank 0] (after 2 iterations) memory (MB) | allocated: 8237.87 | max allocated: 54933.75 | reserved: 68216.00 | max reserved: 68216.00
31: INFO:megatron.core.timers:(min, max) time across ranks (ms):
31:     forward-backward ...............................: (10496.96, 10497.55)
31:     embedding-grads-all-reduce .....................: (0.04, 0.08)
31:     all-grads-sync .................................: (377.95, 378.41)
31:     optimizer-copy-to-main-grad ....................: (0.40, 0.87)
31:     optimizer-inner-step ...........................: (105.32, 132.74)
31:     optimizer-copy-main-to-model-params ............: (0.73, 1.98)
31:     optimizer ......................................: (831.91, 833.18)
31:     batch-generator ................................: (96.31, 105.21)
31:     forward-compute ................................: (6366.97, 7239.34)
31:     backward-compute ...............................: (2290.09, 2999.98)
 0: [exiting program after consuming all available data at iteration 2] datetime: 2026-08-18 04:05:09.924569 
Training: llama3-1b sink-attn fineweb40B+gutenberg3B  nodes=8  gbs=288  steps=18141  datasets=49
[Tue Aug 18 04:05:25 CEST 2026] Launching training...
11: LANG_RL Log directory: None
10: LANG_RL Log directory: None
 8: LANG_RL Log directory: None
 9: LANG_RL Log directory: None
 2: LANG_RL Log directory: None
 3: LANG_RL Log directory: None
 1: LANG_RL Log directory: None
 0: LANG_RL Log directory: None
22: LANG_RL Log directory: None
23: LANG_RL Log directory: None
21: LANG_RL Log directory: None
20: LANG_RL Log directory: None
31: LANG_RL Log directory: None
28: LANG_RL Log directory: None
30: LANG_RL Log directory: None
29: LANG_RL Log directory: None
15: LANG_RL Log directory: None
12: LANG_RL Log directory: None
13: LANG_RL Log directory: None
14: LANG_RL Log directory: None
 4: LANG_RL Log directory: None
 7: LANG_RL Log directory: None
 5: LANG_RL Log directory: None
 6: LANG_RL Log directory: None
17: LANG_RL Log directory: None
19: LANG_RL Log directory: None
24: LANG_RL Log directory: None
16: LANG_RL Log directory: None
18: LANG_RL Log directory: None
26: LANG_RL Log directory: None
27: LANG_RL Log directory: None
25: LANG_RL Log directory: None
 8: INFO:datasets:PyTorch version 2.11.0a0+eb65b36914.nv26.2 available.
 2: INFO:datasets:PyTorch version 2.11.0a0+eb65b36914.nv26.2 available.
21: INFO:datasets:PyTorch version 2.11.0a0+eb65b36914.nv26.2 available.
10: INFO:datasets:PyTorch version 2.11.0a0+eb65b36914.nv26.2 available.
11: INFO:datasets:PyTorch version 2.11.0a0+eb65b36914.nv26.2 available.
 9: INFO:datasets:PyTorch version 2.11.0a0+eb65b36914.nv26.2 available.
31: INFO:datasets:PyTorch version 2.11.0a0+eb65b36914.nv26.2 available.
13: INFO:datasets:PyTorch version 2.11.0a0+eb65b36914.nv26.2 available.
19: INFO:datasets:PyTorch version 2.11.0a0+eb65b36914.nv26.2 available.
16: INFO:datasets:PyTorch version 2.11.0a0+eb65b36914.nv26.2 available.
17: INFO:datasets:PyTorch version 2.11.0a0+eb65b36914.nv26.2 available.
 0: INFO:datasets:PyTorch version 2.11.0a0+eb65b36914.nv26.2 available.
 3: INFO:datasets:PyTorch version 2.11.0a0+eb65b36914.nv26.2 available.
25: INFO:datasets:PyTorch version 2.11.0a0+eb65b36914.nv26.2 available.
22: INFO:datasets:PyTorch version 2.11.0a0+eb65b36914.nv26.2 available.
23: INFO:datasets:PyTorch version 2.11.0a0+eb65b36914.nv26.2 available.
20: INFO:datasets:PyTorch version 2.11.0a0+eb65b36914.nv26.2 available.
 1: INFO:datasets:PyTorch version 2.11.0a0+eb65b36914.nv26.2 available.
29: INFO:datasets:PyTorch version 2.11.0a0+eb65b36914.nv26.2 available.
28: INFO:datasets:PyTorch version 2.11.0a0+eb65b36914.nv26.2 available.
15: INFO:datasets:PyTorch version 2.11.0a0+eb65b36914.nv26.2 available.
12: INFO:datasets:PyTorch version 2.11.0a0+eb65b36914.nv26.2 available.
14: INFO:datasets:PyTorch version 2.11.0a0+eb65b36914.nv26.2 available.
18: INFO:datasets:PyTorch version 2.11.0a0+eb65b36914.nv26.2 available.
 6: INFO:datasets:PyTorch version 2.11.0a0+eb65b36914.nv26.2 available.
 4: INFO:datasets:PyTorch version 2.11.0a0+eb65b36914.nv26.2 available.
 7: INFO:datasets:PyTorch version 2.11.0a0+eb65b36914.nv26.2 available.
24: INFO:datasets:PyTorch version 2.11.0a0+eb65b36914.nv26.2 available.
27: INFO:datasets:PyTorch version 2.11.0a0+eb65b36914.nv26.2 available.
26: INFO:datasets:PyTorch version 2.11.0a0+eb65b36914.nv26.2 available.
30: INFO:datasets:PyTorch version 2.11.0a0+eb65b36914.nv26.2 available.
 5: INFO:datasets:PyTorch version 2.11.0a0+eb65b36914.nv26.2 available.
 0: using world size: 32, data-parallel size: 32, context-parallel size: 1, hierarchical context-parallel sizes: None, tensor-model-parallel size: 1, pipeline-model-parallel size: 1
 0: Number of virtual stages per pipeline stage: None
 0: accumulate and all-reduce gradients in fp32 for bfloat16 data type.
 0: using torch.bfloat16 for parameters ...
 0: ------------------------ arguments ------------------------
 0:   _is_global_batch_size_explicitly_specified ...... True
 0:   account_for_embedding_in_pipeline_split ......... False
 0:   account_for_loss_in_pipeline_split .............. False
 0:   accumulate_allreduce_grads_in_fp32 .............. True
 0:   activation_func_clamp_value ..................... None
 0:   adam_beta1 ...................................... 0.9
 0:   adam_beta2 ...................................... 0.95
 0:   adam_eps ........................................ 1e-08
 0:   add_bias_linear ................................. False
 0:   add_position_embedding .......................... True
 0:   add_qkv_bias .................................... False
 0:   adlr_autoresume ................................. False
 0:   adlr_autoresume_interval ........................ 1000
 0:   align_grad_reduce ............................... True
 0:   align_param_gather .............................. False
 0:   allow_ambiguous_pad_tokens ...................... False
 0:   app_tag_run_name ................................ None
 0:   app_tag_run_version ............................. 0.0.0
 0:   apply_query_key_layer_scaling ................... False
 0:   apply_residual_connection_post_layernorm ........ False
 0:   apply_rope_fusion ............................... True
 0:   apply_wd_to_qk_layernorm ........................ False
 0:   async_ckpt_cpu_priority ......................... 10
 0:   async_ckpt_io_priority .......................... 3
 0:   async_ckpt_use_cpu_shm .......................... False
 0:   async_save ...................................... False
 0:   async_strategy .................................. mcore
 0:   attention_backend ............................... AttnBackend.auto
 0:   attention_dropout ............................... 0.0
 0:   attention_output_gate ........................... False
 0:   attention_softmax_in_fp32 ....................... False
 0:   auto_detect_ckpt_format ......................... False
 0:   barrier_with_L1_time ............................ True
 0:   batch_invariant_mode ............................ False
 0:   bert_binary_head ................................ True
 0:   bert_embedder_type .............................. megatron
 0:   bert_load ....................................... None
 0:   bf16 ............................................ True
 0:   bias_dropout_fusion ............................. True
 0:   bias_gelu_fusion ................................ False
 0:   bias_swiglu_fusion .............................. True
 0:   biencoder_projection_dim ........................ 0
 0:   biencoder_shared_query_context_model ............ False
 0:   block_data_path ................................. None
 0:   cache_mla_latents ............................... False
 0:   calc_ft_timeouts ................................ False
 0:   calculate_per_token_loss ........................ False
 0:   chat_template ................................... None
 0:   check_for_large_grads ........................... False
 0:   check_for_nan_in_loss_and_grad .................. False
 0:   check_for_spiky_loss ............................ False
 0:   check_weight_hash_across_dp_replicas_interval ... None
 0:   ckpt_assume_constant_structure .................. False
 0:   ckpt_convert_format ............................. None
 0:   ckpt_convert_save ............................... None
 0:   ckpt_convert_update_legacy_dist_opt_format ...... False
 0:   ckpt_format ..................................... torch_dist
 0:   ckpt_fully_parallel_load ........................ True
 0:   ckpt_fully_parallel_load_exchange_algo .......... broadcast
 0:   ckpt_fully_parallel_load_process_group .......... dp
 0:   ckpt_fully_parallel_save ........................ True
 0:   ckpt_fully_parallel_save_deprecated ............. False
 0:   ckpt_fully_parallel_save_process_group .......... dp
 0:   ckpt_load_validate_sharding_integrity ........... True
 0:   ckpt_step ....................................... None
 0:   classes_fraction ................................ 1.0
 0:   clip_grad ....................................... 1.0
 0:   clone_scatter_output_in_embedding ............... True
 0:   config_logger_dir ............................... 
 0:   consumed_train_samples .......................... 0
 0:   consumed_valid_samples .......................... 0
 0:   context_parallel_size ........................... 1
 0:   cp_comm_type .................................... ['p2p']
 0:   cpu_offloading_num_layers ....................... 0
 0:   cpu_offloading_retain_pinned_cpu_buffers ........ False
 0:   create_all_gather_group ......................... False
 0:   create_attention_mask_in_dataloader ............. False
 0:   cross_entropy_fusion_impl ....................... native
 0:   cross_entropy_loss_fusion ....................... True
 0:   cuda_graph_impl ................................. none
 0:   cuda_graph_modules .............................. []
 0:   cuda_graph_warmup_steps ......................... 3
 0:   data_args_path .................................. None
 0:   data_cache_path ................................. /iopsstor/scratch/cscs/elyulina/datasets/cache
 0:   data_parallel_random_init ....................... False
 0:   data_parallel_sharding_strategy ................. optim_grads_params
 0:   data_parallel_size .............................. 32
 0:   data_path ....................................... ['/iopsstor/scratch/cscs/elyulina/datasets/tokenized/fineweb-edu-dedup-160B-datatrove_0.25/dump_0/00000_tokens', '/iopsstor/scratch/cscs/elyulina/datasets/tokenized/fineweb-edu-dedup-160B-datatrove_0.25/dump_0/00001_tokens', '/iopsstor/scratch/cscs/elyulina/datasets/tokenized/fineweb-edu-dedup-160B-datatrove_0.25/dump_0/00002_tokens', '/iopsstor/scratch/cscs/elyulina/datasets/tokenized/fineweb-edu-dedup-160B-datatrove_0.25/dump_0/00003_tokens', '/iopsstor/scratch/cscs/elyulina/datasets/tokenized/fineweb-edu-dedup-160B-datatrove_0.25/dump_0/00004_tokens', '/iopsstor/scratch/cscs/elyulina/datasets/tokenized/fineweb-edu-dedup-160B-datatrove_0.25/dump_0/00005_tokens', '/iopsstor/scratch/cscs/elyulina/datasets/tokenized/fineweb-edu-dedup-160B-datatrove_0.25/dump_0/00006_tokens', '/iopsstor/scratch/cscs/elyulina/datasets/tokenized/fineweb-edu-dedup-160B-datatrove_0.25/dump_0/00007_tokens', '/iopsstor/scratch/cscs/elyulina/datasets/tokenized/fineweb-edu-dedup-160B-
 0: datatrove_0.25/dump_0/00008_tokens', '/iopsstor/scratch/cscs/elyulina/datasets/tokenized/fineweb-edu-dedup-160B-datatrove_0.25/dump_0/00009_tokens', '/iopsstor/scratch/cscs/elyulina/datasets/tokenized/fineweb-edu-dedup-160B-datatrove_0.25/dump_0/00010_tokens', '/iopsstor/scratch/cscs/elyulina/datasets/tokenized/fineweb-edu-dedup-160B-datatrove_0.25/dump_0/00011_tokens', '/iopsstor/scratch/cscs/elyulina/datasets/tokenized/fineweb-edu-dedup-160B-datatrove_0.25/dump_0/00012_tokens', '/iopsstor/scratch/cscs/elyulina/datasets/tokenized/fineweb-edu-dedup-160B-datatrove_0.25/dump_0/00013_tokens', '/iopsstor/scratch/cscs/elyulina/datasets/tokenized/fineweb-edu-dedup-160B-datatrove_0.25/dump_0/00014_tokens', '/iopsstor/scratch/cscs/elyulina/datasets/tokenized/fineweb-edu-dedup-160B-datatrove_0.25/dump_0/00015_tokens', '/iopsstor/scratch/cscs/elyulina/datasets/tokenized/fineweb-edu-dedup-160B-datatrove_0.25/dump_0/00016_tokens', '/iopsstor/scratch/cscs/elyulina/datasets/tokenized/fineweb-edu-dedup-160B-datatrove_0.25/d
 0: ump_0/00017_tokens', '/iopsstor/scratch/cscs/elyulina/datasets/tokenized/fineweb-edu-dedup-160B-datatrove_0.25/dump_0/00018_tokens', '/iopsstor/scratch/cscs/elyulina/datasets/tokenized/fineweb-edu-dedup-160B-datatrove_0.25/dump_0/00019_tokens', '/iopsstor/scratch/cscs/elyulina/datasets/tokenized/fineweb-edu-dedup-160B-datatrove_0.25/dump_1/00000_tokens', '/iopsstor/scratch/cscs/elyulina/datasets/tokenized/fineweb-edu-dedup-160B-datatrove_0.25/dump_1/00001_tokens', '/iopsstor/scratch/cscs/elyulina/datasets/tokenized/fineweb-edu-dedup-160B-datatrove_0.25/dump_1/00002_tokens', '/iopsstor/scratch/cscs/elyulina/datasets/tokenized/fineweb-edu-dedup-160B-datatrove_0.25/dump_1/00003_tokens', '/iopsstor/scratch/cscs/elyulina/datasets/tokenized/fineweb-edu-dedup-160B-datatrove_0.25/dump_1/00004_tokens', '/iopsstor/scratch/cscs/elyulina/datasets/tokenized/fineweb-edu-dedup-160B-datatrove_0.25/dump_1/00005_tokens', '/iopsstor/scratch/cscs/elyulina/datasets/tokenized/fineweb-edu-dedup-160B-datatrove_0.25/dump_1/00006_toke
 0: ns', '/iopsstor/scratch/cscs/elyulina/datasets/tokenized/fineweb-edu-dedup-160B-datatrove_0.25/dump_1/00007_tokens', '/iopsstor/scratch/cscs/elyulina/datasets/tokenized/fineweb-edu-dedup-160B-datatrove_0.25/dump_1/00008_tokens', '/iopsstor/scratch/cscs/elyulina/datasets/tokenized/fineweb-edu-dedup-160B-datatrove_0.25/dump_1/00009_tokens', '/iopsstor/scratch/cscs/elyulina/datasets/tokenized/fineweb-edu-dedup-160B-datatrove_0.25/dump_1/00010_tokens', '/iopsstor/scratch/cscs/elyulina/datasets/tokenized/fineweb-edu-dedup-160B-datatrove_0.25/dump_1/00011_tokens', '/iopsstor/scratch/cscs/elyulina/datasets/tokenized/fineweb-edu-dedup-160B-datatrove_0.25/dump_1/00012_tokens', '/iopsstor/scratch/cscs/elyulina/datasets/tokenized/fineweb-edu-dedup-160B-datatrove_0.25/dump_1/00013_tokens', '/iopsstor/scratch/cscs/elyulina/datasets/tokenized/fineweb-edu-dedup-160B-datatrove_0.25/dump_1/00014_tokens', '/iopsstor/scratch/cscs/elyulina/datasets/tokenized/fineweb-edu-dedup-160B-datatrove_0.25/dump_1/00015_tokens', '/iopsstor
 0: /scratch/cscs/elyulina/datasets/tokenized/fineweb-edu-dedup-160B-datatrove_0.25/dump_1/00016_tokens', '/iopsstor/scratch/cscs/elyulina/datasets/tokenized/fineweb-edu-dedup-160B-datatrove_0.25/dump_1/00017_tokens', '/iopsstor/scratch/cscs/elyulina/datasets/tokenized/fineweb-edu-dedup-160B-datatrove_0.25/dump_1/00018_tokens', '/iopsstor/scratch/cscs/elyulina/datasets/tokenized/fineweb-edu-dedup-160B-datatrove_0.25/dump_1/00019_tokens', '/iopsstor/scratch/cscs/elyulina/datasets/tokenized/gutenberg_rep_1_256/rep_128_tokens', '/iopsstor/scratch/cscs/elyulina/datasets/tokenized/gutenberg_rep_1_256/rep_16_tokens', '/iopsstor/scratch/cscs/elyulina/datasets/tokenized/gutenberg_rep_1_256/rep_1_tokens', '/iopsstor/scratch/cscs/elyulina/datasets/tokenized/gutenberg_rep_1_256/rep_256_tokens', '/iopsstor/scratch/cscs/elyulina/datasets/tokenized/gutenberg_rep_1_256/rep_2_tokens', '/iopsstor/scratch/cscs/elyulina/datasets/tokenized/gutenberg_rep_1_256/rep_32_tokens', '/iopsstor/scratch/cscs/elyulina/datasets/tokenized/gutenb
 0: erg_rep_1_256/rep_4_tokens', '/iopsstor/scratch/cscs/elyulina/datasets/tokenized/gutenberg_rep_1_256/rep_64_tokens', '/iopsstor/scratch/cscs/elyulina/datasets/tokenized/gutenberg_rep_1_256/rep_8_tokens']
 0:   data_per_class_fraction ......................... 1.0
 0:   data_sharding ................................... True
 0:   dataloader_defer_npy_index_mmap ................. False
 0:   dataloader_fast_cache_load ...................... False
 0:   dataloader_type ................................. single
 0:   ddp_average_in_collective ....................... False
 0:   ddp_bucket_size ................................. None
 0:   ddp_num_buckets ................................. None
 0:   ddp_pad_buckets_for_high_nccl_busbw ............. False
 0:   ddp_param_name_patterns_for_fp32_local_accumulation  []
 0:   ddp_reduce_scatter_with_fp32_accumulation ....... False
 0:   decode_only_cuda_graphs ......................... False
 0:   decoder_first_pipeline_num_layers ............... None
 0:   decoder_last_pipeline_num_layers ................ None
 0:   decoder_num_layers .............................. None
 0:   decoder_seq_length .............................. None
 0:   decoupled_lr .................................... None
 0:   decoupled_min_lr ................................ None
 0:   decrease_batch_size_if_needed ................... False
 0:   defer_embedding_wgrad_compute ................... False
 0:   delay_wgrad_compute ............................. False
 0:   deprecated_use_mcore_models ..................... False
 0:   deterministic_mode .............................. False
 0:   dino_bottleneck_size ............................ 256
 0:   dino_freeze_last_layer .......................... 1
 0:   dino_head_hidden_size ........................... 2048
 0:   dino_local_crops_number ......................... 10
 0:   dino_local_img_size ............................. 96
 0:   dino_norm_last_layer ............................ False
 0:   dino_teacher_temp ............................... 0.07
 0:   dino_warmup_teacher_temp ........................ 0.04
 0:   dino_warmup_teacher_temp_epochs ................. 30
 0:   disable_bf16_reduced_precision_matmul ........... False
 0:   disable_jit_fuser ............................... False
 0:   disable_msc_deprecated .......................... False
 0:   disable_straggler_on_startup .................... False
 0:   disable_symmetric_registration .................. False
 0:   dist_ckpt_format_deprecated ..................... None
 0:   dist_ckpt_optim_fully_reshardable ............... False
 0:   dist_ckpt_save_pre_mcore_014 .................... False
 0:   dist_ckpt_strictness ............................ assume_ok_unexpected
 0:   dist_ckpt_workers ............................... 1
 0:   distrib_optim_fully_reshardable_mem_efficient ... False
 0:   distribute_saved_activations .................... False
 0:   distributed_backend ............................. nccl
 0:   distributed_timeout_minutes ..................... 10
 0:   distributed_timeout_seconds_after_init .......... None
 0:   dsa_indexer_head_dim ............................ None
 0:   dsa_indexer_loss_coeff .......................... None
 0:   dsa_indexer_n_heads ............................. None
 0:   dsa_indexer_topk ................................ None
 0:   dsa_indexer_use_sparse_loss ..................... False
 0:   dump_param_to_param_group_map ................... None
 0:   embedding_init_method_std ....................... None
 0:   embedding_path .................................. None
 0:   empty_unused_memory_level ....................... 0
 0:   enable_chunked_prefill .......................... False
 0:   enable_cuda_graph ............................... False
 0:   enable_experimental ............................. False
 0:   enable_ft_package ............................... False
 0:   enable_full_sharding_in_hsdp .................... False
 0:   enable_gpt_oss .................................. False
 0:   enable_msc ...................................... False
 0:   enable_one_logger ............................... True
 0:   encoder_num_layers .............................. 16
 0:   encoder_seq_length .............................. 8192
 0:   end_weight_decay ................................ 0.1
 0:   eod_mask_loss ................................... True
 0:   ep_overlap_early_attn_memory_release ............ False
 0:   error_injection_rate ............................ 0
 0:   error_injection_type ............................ transient_error
 0:   eval_global_batch_size .......................... 288
 0:   eval_interval ................................... 100000000000
 0:   eval_iters ...................................... 0
 0:   eval_micro_batch_size ........................... 3
 0:   evidence_data_path .............................. None
 0:   exit_duration_in_mins ........................... None
 0:   exit_interval ................................... None
 0:   exit_on_missing_checkpoint ...................... False
 0:   exit_signal ..................................... 15
 0:   exit_signal_handler ............................. True
 0:   exit_signal_handler_for_dataloader .............. False
 0:   exit_signal_handler_for_training ................ False
 0:   exp_avg_dtype ................................... torch.float32
 0:   exp_avg_sq_dtype ................................ torch.float32
 0:   experimental_attention_variant .................. None
 0:   expert_model_parallel_size ...................... 1
 0:   expert_tensor_parallel_size ..................... 1
 0:   export_default_te_spec .......................... False
 0:   export_force_local_attention .................... False
 0:   export_kd_cfg ................................... None
 0:   export_kd_teacher_ckpt_format ................... None
 0:   export_kd_teacher_load .......................... None
 0:   export_kd_teacher_model_config .................. None
 0:   export_kv_cache_quant ........................... none
 0:   export_legacy_megatron .......................... False
 0:   export_model_type ............................... GPTModel
 0:   export_moe_apply_probs_on_input ................. False
 0:   export_offline_model ............................ False
 0:   export_qk_l2_norm ............................... False
 0:   export_quant_cfg ................................ None
 0:   export_real_quant_cfg ........................... None
 0:   export_te_mcore_model ........................... False
 0:   external_cuda_graph ............................. False
 0:   fake_process_group .............................. False
 0:   fault_injector_delay_start_iteration ............ None
 0:   fault_injector_fault_delay ...................... None
 0:   fault_injector_fault_probabilities .............. None
 0:   fault_injector_fault_types ...................... None
 0:   fault_injector_mtti_seconds ..................... None
 0:   fault_injector_num_ranks ........................ None
 0:   fault_injector_offset_seconds ................... None
 0:   fault_injector_ranks ............................ None
 0:   fault_injector_seed ............................. None
 0:   ffn_hidden_size ................................. 8192
 0:   fim_data ........................................ False
 0:   fim_eod_token ................................... <|endoftext|>
 0:   fim_fragment_rate ............................... None
 0:   fim_middle_token ................................ <fim_middle>
 0:   fim_no_prefix ................................... None
 0:   fim_pad_token ................................... <fim_pad>
 0:   fim_prefix_token ................................ <fim_prefix>
 0:   fim_rate ........................................ 0.5
 0:   fim_split_sample ................................ None
 0:   fim_spm_rate .................................... 0.5
 0:   fim_suffix_token ................................ <fim_suffix>
 0:   fine_grained_activation_offloading .............. False
 0:   fine_grained_offloading_max_inflight_offloads ... None
 0:   finetune ........................................ False
 0:   finetune_data_split ............................. train
 0:   finetune_hf_dataset ............................. None
 0:   first_last_layers_bf16 .......................... False
 0:   flash_decode .................................... False
 0:   flight_recorder_dump_on_timeout ................. True
 0:   flight_recorder_dump_path ....................... None
 0:   flight_recorder_extra_dump_on_exec .............. True
 0:   flight_recorder_include_only_active ............. True
 0:   flight_recorder_include_stack_trace ............. False
 0:   flight_recorder_trace_buffer_size ............... 2000
 0:   fp16 ............................................ False
 0:   fp16_lm_cross_entropy ........................... False
 0:   fp32_residual_connection ........................ False
 0:   fp4 ............................................. None
 0:   fp4_param_gather ................................ False
 0:   fp4_quantizer_factory ........................... None
 0:   fp4_recipe ...................................... nvfp4
 0:   fp8 ............................................. None
 0:   fp8_amax_compute_algo ........................... most_recent
 0:   fp8_amax_history_len ............................ 1
 0:   fp8_interval .................................... 1
 0:   fp8_margin ...................................... 0
 0:   fp8_output_proj ................................. False
 0:   fp8_param_gather ................................ False
 0:   fp8_quantizer_factory ........................... None
 0:   fp8_recipe ...................................... delayed
 0:   fp8_wgrad ....................................... True
 0:   freeze_all_layers ............................... False
 0:   fsdp_double_buffer .............................. False
 0:   fsdp_manual_registration ........................ False
 0:   ft_num_warmup_iters ............................. 5
 0:   full_validation ................................. False
 0:   fused_residual_rmsnorm .......................... False
 0:   gdn_state_carry_ratio ........................... 0.0
 0:   global_batch_size ............................... 288
 0:   glu_linear_offset ............................... 0.0
 0:   goldfish_h ...................................... 50
 0:   goldfish_k ...................................... 50
 0:   goldfish_loss ................................... False
 0:   gpu_sniff_test_interval ......................... None
 0:   grad_reduce_in_bf16 ............................. False
 0:   gradient_accumulation_fusion .................... True
 0:   gradient_reduce_div_fusion ...................... True
 0:   group_query_attention ........................... True
 0:   grpo_clamp_eps_lower ............................ 0.01
 0:   grpo_clamp_eps_upper ............................ 0.01
 0:   grpo_entropy_term_weight ........................ 0.0
 0:   grpo_filter_groups_with_same_reward ............. False
 0:   grpo_group_size ................................. 2
 0:   grpo_iterations ................................. 2
 0:   grpo_kl_beta .................................... 0.001
 0:   grpo_prompts_per_step ........................... 32
 0:   head_lr_mult .................................... 1.0
 0:   heterogeneous_layers_config_encoded_json ........ None
 0:   heterogeneous_layers_config_path ................ None
 0:   hidden_dropout .................................. 0.0
 0:   hidden_size ..................................... 2048
 0:   hierarchical_context_parallel_sizes ............. None
 0:   high_priority_a2a_comm_stream ................... False
 0:   high_priority_stream_groups ..................... []
 0:   hybrid_context_parallel ......................... False
 0:   hybrid_layer_pattern ............................ None
 0:   hybrid_override_pattern ......................... None
 0:   hysteresis ...................................... 2
 0:   ict_head_size ................................... None
 0:   ict_load ........................................ None
 0:   img_h ........................................... 224
 0:   img_w ........................................... 224
 0:   indexer_batch_size .............................. 128
 0:   indexer_log_interval ............................ 1000
 0:   inference_batch_times_seqlen_threshold .......... -1
 0:   inference_coordinator_port ...................... None
 0:   inference_cuda_graph_all_prefills ............... False
 0:   inference_cuda_graph_scope ...................... InferenceCudaGraphScope.none
 0:   inference_disable_ep_consensus .................. False
 0:   inference_disable_triton_nvls_kernels ........... False
 0:   inference_dynamic_batching ...................... False
 0:   inference_dynamic_batching_block_size ........... 256
 0:   inference_dynamic_batching_buffer_size_gb ....... 40.0
 0:   inference_dynamic_batching_cuda_graph_mixed_prefill_count  16
 0:   inference_dynamic_batching_cuda_graph_sizing_distribution  exponential
 0:   inference_dynamic_batching_enable_prefix_caching  False
 0:   inference_dynamic_batching_mamba_memory_ratio ... None
 0:   inference_dynamic_batching_max_requests ......... None
 0:   inference_dynamic_batching_max_tokens ........... None
 0:   inference_dynamic_batching_num_cuda_graphs ...... 16
 0:   inference_dynamic_batching_paused_buffer_size_gb  None
 0:   inference_dynamic_batching_prefix_caching_coordinator_policy  first_prefix_block
 0:   inference_dynamic_batching_prefix_caching_eviction_policy  ref_zero
 0:   inference_dynamic_batching_prefix_caching_mamba_gb  None
 0:   inference_dynamic_batching_prefix_caching_routing_alpha  0.5
 0:   inference_dynamic_batching_sampling_backend ..... torch
 0:   inference_dynamic_batching_track_generated_token_events  False
 0:   inference_dynamic_batching_track_paused_request_events  False
 0:   inference_dynamic_batching_unified_memory_level . 0
 0:   inference_fuse_tp_communication ................. False
 0:   inference_grouped_gemm_backend .................. vllm
 0:   inference_logging_step_interval ................. 0
 0:   inference_max_requests .......................... 8
 0:   inference_max_seq_length ........................ 2560
 0:   inference_moe_disable_fused_quant_kernels ....... False
 0:   inference_moe_token_dispatcher_type ............. nvls
 0:   inference_rng_tracker ........................... False
 0:   inference_text_gen_server_logging ............... False
 0:   inference_use_synchronous_zmq_collectives ....... False
 0:   inference_wandb_logging ......................... False
 0:   init_method_std ................................. 0.02
 0:   init_method_xavier_uniform ...................... False
 0:   init_model_with_meta_device ..................... False
 0:   initial_loss_scale .............................. 4294967296
 0:   inprocess_active_world_size ..................... 32
 0:   inprocess_barrier_timeout ....................... 120
 0:   inprocess_completion_timeout .................... 120
 0:   inprocess_empty_cuda_cache ...................... False
 0:   inprocess_granularity ........................... node
 0:   inprocess_hard_timeout .......................... 90
 0:   inprocess_heartbeat_interval .................... 30
 0:   inprocess_heartbeat_timeout ..................... 60
 0:   inprocess_last_call_wait ........................ 1
 0:   inprocess_max_iterations ........................ None
 0:   inprocess_monitor_process_interval .............. 1.0
 0:   inprocess_monitor_thread_interval ............... 1.0
 0:   inprocess_progress_watchdog_interval ............ 1.0
 0:   inprocess_restart ............................... False
 0:   inprocess_soft_timeout .......................... 60
 0:   inprocess_termination_grace_time ................ 1
 0:   is_hybrid_model ................................. False
 0:   iter_per_epoch .................................. 1250
 0:   iterations_to_skip .............................. []
 0:   keep_fp8_transpose_cache ........................ False
 0:   kitchen_attention_backend ....................... sdpa
 0:   kv_channels ..................................... 64
 0:   kv_lora_rank .................................... 32
 0:   langrl_env_config ............................... None
 0:   layernorm_epsilon ............................... 1e-05
 0:   layernorm_zero_centered_gamma ................... False
 0:   lazy_mpu_init ................................... False
 0:   linear_attention_freq ........................... None
 0:   linear_conv_kernel_dim .......................... 4
 0:   linear_key_head_dim ............................. 128
 0:   linear_num_key_heads ............................ 16
 0:   linear_num_value_heads .......................... 32
 0:   linear_value_head_dim ........................... 128
 0:   lion_beta1 ...................................... 0.95
 0:   lion_beta2 ...................................... 0.98
 0:   load ............................................ /iopsstor/scratch/cscs/elyulina/Megatron-LM-Attention-Benchmark/attn_bench/results/pretrain/fineweb-40B_gutenberg-3B/test-llama3-1b-sink-attn-scf1-fineweb40B-gutenberg3B/checkpoints
 0:   load_main_params_from_ckpt ...................... False
 0:   local_rank ...................................... 0
 0:   log_device_memory_used .......................... False
 0:   log_energy ...................................... False
 0:   log_interval .................................... 1
 0:   log_loss_scale_to_tensorboard ................... False
 0:   log_max_attention_logit ......................... False
 0:   log_memory_interval ............................. None
 0:   log_memory_to_tensorboard ....................... True
 0:   log_num_zeros_in_grad ........................... False
 0:   log_params_norm ................................. True
 0:   log_progress .................................... True
 0:   log_straggler ................................... False
 0:   log_throughput .................................. True
 0:   log_timers_to_tensorboard ....................... True
 0:   log_validation_ppl_to_tensorboard ............... False
 0:   log_world_size_to_tensorboard ................... False
 0:   logging_level ................................... None
 0:   logits_load_decode_threads ...................... 4
 0:   logits_load_dir ................................. None
 0:   logits_load_ignore_errors ....................... False
 0:   logits_load_kd_loss_alpha ....................... 1.0
 0:   logits_load_msc_prefetch_depth .................. 2
 0:   logits_load_prefetch_factor ..................... 3
 0:   logits_save_dir ................................. None
 0:   logits_save_dtype ............................... fp16
 0:   logits_save_top_k ............................... None
 0:   logits_save_top_p ............................... None
 0:   logits_save_top_p_min_k ......................... 1
 0:   loss_scale ...................................... None
 0:   loss_scale_window ............................... 1000
 0:   lr .............................................. 0.0004
 0:   lr_decay_iters .................................. None
 0:   lr_decay_samples ................................ None
 0:   lr_decay_style .................................. cosine
 0:   lr_warmup_fraction .............................. None
 0:   lr_warmup_init .................................. 0.0
 0:   lr_warmup_iters ................................. 500
 0:   lr_warmup_samples ............................... 0
 0:   lr_wsd_decay_iters .............................. None
 0:   lr_wsd_decay_samples ............................ None
 0:   lr_wsd_decay_style .............................. exponential
 0:   main_grads_dtype ................................ torch.float32
 0:   main_params_dtype ............................... torch.float32
 0:   make_vocab_size_divisible_by .................... 128
 0:   mamba_head_dim .................................. 64
 0:   mamba_inference_conv_states_dtype ............... torch.bfloat16
 0:   mamba_inference_ssm_states_dtype ................ torch.bfloat16
 0:   mamba_num_groups ................................ 8
 0:   mamba_num_heads ................................. None
 0:   mamba_state_dim ................................. 128
 0:   mamba_training_ssm_states_dtype ................. None
 0:   manual_gc ....................................... True
 0:   manual_gc_eval .................................. True
 0:   manual_gc_interval .............................. 500
 0:   mask_factor ..................................... 1.0
 0:   mask_prob ....................................... 0.15
 0:   mask_type ....................................... random
 0:   masked_softmax_fusion ........................... True
 0:   max_position_embeddings ......................... 8192
 0:   max_seqlen_per_dp_cp_rank ....................... None
 0:   max_tokens_to_oom ............................... 12000
 0:   megatron_fsdp_enable_fine_grained_param_gather .. False
 0:   megatron_fsdp_grad_comm_dtype ................... None
 0:   megatron_fsdp_main_grads_dtype .................. None
 0:   megatron_fsdp_main_params_dtype ................. torch.float32
 0:   memory_snapshot_path ............................ snapshot.pickle
 0:   merge_file ...................................... None
 0:   metadata_path ................................... None
 0:   micro_batch_size ................................ 3
 0:   microbatch_group_size_per_vp_stage .............. None
 0:   mid_level_dataset_surplus ....................... 0.005
 0:   min_loss_scale .................................. 1.0
 0:   min_lr .......................................... 4e-05
 0:   min_offloaded_tensor_size ....................... 1048576
 0:   mla_down_proj_fusion ............................ False
 0:   mlp_chunks_for_prefill .......................... 1
 0:   mlp_chunks_for_training ......................... 1
 0:   mmap_bin_files .................................. True
 0:   mock_data ....................................... False
 0:   modelopt_enabled ................................ False
 0:   moe_apply_probs_on_input ........................ False
 0:   moe_aux_loss_coeff .............................. 0.0
 0:   moe_deepep_num_sms .............................. 20
 0:   moe_enable_deepep ............................... False
 0:   moe_enable_routing_replay ....................... False
 0:   moe_expert_capacity_factor ...................... None
 0:   moe_expert_rank_capacity_factor ................. None
 0:   moe_ffn_hidden_size ............................. None
 0:   moe_flex_dispatcher_backend ..................... deepep
 0:   moe_grouped_gemm ................................ False
 0:   moe_hybridep_num_blocks_permute ................. None
 0:   moe_hybridep_num_blocks_unpermute ............... None
 0:   moe_hybridep_num_sms ............................ None
 0:   moe_hybridep_num_sms_preprocessing .............. 108
 0:   moe_input_jitter_eps ............................ None
 0:   moe_latent_size ................................. None
 0:   moe_layer_freq .................................. 1
 0:   moe_layer_recompute ............................. False
 0:   moe_mlp_glu_interleave_size ..................... None
 0:   moe_pad_expert_input_to_capacity ................ False
 0:   moe_pad_experts_for_cuda_graph_inference ........ False
 0:   moe_paged_stash ................................. False
 0:   moe_paged_stash_buffer_size_factor_cpu .......... 0.0
 0:   moe_paged_stash_buffer_size_factor_cuda ......... 1.1
 0:   moe_paged_stash_page_size ....................... 64
 0:   moe_per_layer_logging ........................... False
 0:   moe_permute_fusion .............................. False
 0:   moe_permute_fusion_into_hybridep ................ False
 0:   moe_router_bias_update_rate ..................... 0.001
 0:   moe_router_dtype ................................ None
 0:   moe_router_enable_expert_bias ................... False
 0:   moe_router_force_biased ......................... None
 0:   moe_router_force_load_balancing ................. False
 0:   moe_router_fusion ............................... False
 0:   moe_router_group_topk ........................... None
 0:   moe_router_load_balancing_type .................. aux_loss
 0:   moe_router_num_groups ........................... None
 0:   moe_router_padding_for_fp8 ...................... False
 0:   moe_router_padding_for_quantization ............. False
 0:   moe_router_pre_softmax .......................... False
 0:   moe_router_score_function ....................... softmax
 0:   moe_router_topk ................................. 2
 0:   moe_router_topk_scaling_factor .................. None
 0:   moe_shared_expert_gate .......................... False
 0:   moe_shared_expert_intermediate_size ............. None
 0:   moe_shared_expert_overlap ....................... False
 0:   moe_single_grouped_bias ......................... False
 0:   moe_single_grouped_weight ....................... False
 0:   moe_token_dispatcher_type ....................... allgather
 0:   moe_token_drop_policy ........................... probs
 0:   moe_upcycling_granularity ....................... 1
 0:   moe_use_upcycling ............................... False
 0:   moe_z_loss_coeff ................................ None
 0:   mrope_section ................................... None
 0:   mscale .......................................... 1.0
 0:   mscale_all_dim .................................. 0.0
 0:   mtp_detach_heads ................................ False
 0:   mtp_hybrid_override_pattern ..................... None
 0:   mtp_loss_scaling_factor ......................... 0.1
 0:   mtp_num_layers .................................. None
 0:   mtp_standalone .................................. False
 0:   mtp_use_repeated_layer .......................... False
 0:   multi_latent_attention .......................... False
 0:   multiple_validation_sets ........................ False
 0:   muon_coefficient_type ........................... quintic
 0:   muon_extra_scale_factor ......................... 1.0
 0:   muon_fp32_matmul_prec ........................... medium
 0:   muon_momentum ................................... 0.9
 0:   muon_nesterov ................................... False
 0:   muon_num_ns_steps ............................... 5
 0:   muon_scalar_optimizer ........................... adam
 0:   muon_scale_mode ................................. spectral
 0:   muon_split_qkv .................................. True
 0:   muon_tp_mode .................................... blockwise
 0:   mup_attn_scale_power ............................ 1.0
 0:   mup_base_head_dim ............................... None
 0:   mup_base_hidden_size ............................ None
 0:   mup_embedding_mult .............................. 1.0
 0:   mup_output_mult ................................. 1.0
 0:   mup_width_mult .................................. 1.0
 0:   nccl_all_reduce_for_prefill ..................... False
 0:   nccl_communicator_config_path ................... None
 0:   nccl_ub ......................................... False
 0:   no_load_optim ................................... None
 0:   no_load_rng ..................................... None
 0:   no_persist_layer_norm ........................... False
 0:   no_rope_freq .................................... None
 0:   no_save_optim ................................... None
 0:   no_save_rng ..................................... None
 0:   no_weight_decay_cond_type ....................... None
 0:   non_persistent_ckpt_type ........................ None
 0:   non_persistent_global_ckpt_dir .................. None
 0:   non_persistent_local_ckpt_algo .................. fully_parallel
 0:   non_persistent_local_ckpt_dir ................... None
 0:   non_persistent_save_interval .................... None
 0:   normalization ................................... RMSNorm
 0:   null_tokenizer_eod_id ........................... None
 0:   null_tokenizer_pad_id ........................... -1
 0:   num_attention_heads ............................. 32
 0:   num_channels .................................... 3
 0:   num_classes ..................................... 1000
 0:   num_dataset_builder_threads ..................... 4
 0:   num_distributed_optimizer_instances ............. 1
 0:   num_experts ..................................... None
 0:   num_layers ...................................... 16
 0:   num_layers_at_end_in_bf16 ....................... 1
 0:   num_layers_at_start_in_bf16 ..................... 1
 0:   num_layers_per_virtual_pipeline_stage ........... None
 0:   num_query_groups ................................ 8
 0:   num_speculative_tokens .......................... 0
 0:   num_virtual_stages_per_pipeline_rank ............ None
 0:   num_workers ..................................... 2
 0:   nvtx_ranges ..................................... False
 0:   object_storage_cache_path ....................... None
 0:   offload_modules ................................. []
 0:   one_logger_async ................................ False
 0:   one_logger_project .............................. megatron-lm
 0:   one_logger_run_name ............................. None
 0:   onnx_safe ....................................... None
 0:   openai_gelu ..................................... False
 0:   optimizer ....................................... adam
 0:   optimizer_cpu_offload ........................... False
 0:   optimizer_cuda_graph ............................ False
 0:   optimizer_offload_fraction ...................... 1.0
 0:   outer_dp_sharding_strategy ...................... no_shard
 0:   output_bert_embeddings .......................... False
 0:   overlap_cpu_optimizer_d2h_h2d ................... False
 0:   overlap_dispatch_backward_with_experts_wgrad .... False
 0:   overlap_grad_reduce ............................. True
 0:   overlap_moe_expert_parallel_comm ................ False
 0:   overlap_p2p_comm ................................ False
 0:   overlap_p2p_comm_warmup_flush ................... False
 0:   overlap_param_gather ............................ True
 0:   overlap_param_gather_with_optimizer_step ........ False
 0:   override_ckpt_iteration ......................... None
 0:   override_opt_param_scheduler .................... False
 0:   pad_vocab_size .................................. True
 0:   padded_vocab_size ............................... None
 0:   params_dtype .................................... torch.bfloat16
 0:   patch_dim ....................................... 16
 0:   per_dataset_sequences_path ...................... None
 0:   per_split_data_args_path ........................ None
 0:   perform_initialization .......................... True
 0:   perform_rl_step ................................. False
 0:   phase_transition_iterations ..................... None
 0:   pin_cpu_grads ................................... True
 0:   pin_cpu_params .................................. True
 0:   pipeline_model_parallel_comm_backend ............ None
 0:   pipeline_model_parallel_layout .................. None
 0:   pipeline_model_parallel_size .................... 1
 0:   position_embedding_type ......................... rope
 0:   pretrained_checkpoint ........................... None
 0:   profile ......................................... False
 0:   profile_ranks ................................... []
 0:   profile_step_end ................................ 12
 0:   profile_step_start .............................. 10
 0:   pytorch_profiler_collect_callstack .............. False
 0:   pytorch_profiler_collect_chakra ................. False
 0:   pytorch_profiler_collect_shapes ................. False
 0:   q_lora_rank ..................................... None
 0:   qk_clip ......................................... False
 0:   qk_clip_alpha ................................... 0.5
 0:   qk_clip_threshold ............................... 100
 0:   qk_head_dim ..................................... 128
 0:   qk_l2_norm ...................................... False
 0:   qk_layernorm .................................... False
 0:   qk_pos_emb_head_dim ............................. 64
 0:   query_in_block_prob ............................. 0.1
 0:   quick_geglu ..................................... False
 0:   rampup_batch_size ............................... None
 0:   rank ............................................ 0
 0:   recompute_granularity ........................... None
 0:   recompute_method ................................ None
 0:   recompute_modules ............................... None
 0:   recompute_num_layers ............................ None
 0:   record_memory_history ........................... False
 0:   record_shapes ................................... False
 0:   refit_method .................................... gloo
 0:   relative_attention_max_distance ................. 128
 0:   relative_attention_num_buckets .................. 32
 0:   replication ..................................... False
 0:   replication_factor .............................. 2
 0:   replication_jump ................................ None
 0:   rerun_mode ...................................... validate_results
 0:   reset_attention_mask ............................ False
 0:   reset_position_ids .............................. True
 0:   result_rejected_tracker_filename ................ None
 0:   retriever_report_topk_accuracies ................ []
 0:   retriever_score_scaling ......................... False
 0:   reuse_grad_buf_for_mxfp8_param_ag ............... False
 0:   rl_default_temperature .......................... 1.0
 0:   rl_default_top_k ................................ -1
 0:   rl_default_top_p ................................ 0
 0:   rl_generation_batch_size ........................ None
 0:   rl_importance_sampling_truncation_coef .......... None
 0:   rl_inference_expert_model_parallel_size ......... None
 0:   rl_inference_expert_tensor_model_parallel_size .. None
 0:   rl_inference_logprobs_is_correction ............. False
 0:   rl_inference_model_unified_memory_level ......... 0
 0:   rl_inference_parsers ............................ []
 0:   rl_inference_pipeline_model_parallel_size ....... None
 0:   rl_inference_tensor_model_parallel_size ......... None
 0:   rl_kv_cache_management_mode ..................... persist
 0:   rl_num_parallel_generation_batches .............. None
 0:   rl_num_parallel_generations ..................... None
 0:   rl_offload_inference_model_weights_when_idle .... False
 0:   rl_offload_optimizer_during_inference ........... False
 0:   rl_parallel_generation_tasks .................... None
 0:   rl_partial_rollouts ............................. False
 0:   rl_persist_cuda_graphs .......................... False
 0:   rl_profile ...................................... False
 0:   rl_profile_dir .................................. None
 0:   rl_prompts_per_eval ............................. 32
 0:   rl_sequence_packing_algo ........................ fifo
 0:   rl_sequence_packing_max_sequences_per_bin ....... 50
 0:   rl_skip_bos_token ............................... False
 0:   rl_training_cuda_graphs ......................... False
 0:   rl_use_sequence_packing ......................... False
 0:   rl_verify_model_weights_swap .................... False
 0:   rope_scaling_factor ............................. 1.0
 0:   rope_type ....................................... None
 0:   rotary_base ..................................... 500000
 0:   rotary_interleaved .............................. False
 0:   rotary_percent .................................. 1.0
 0:   rotary_scaling_factor ........................... 1.0
 0:   rotary_seq_len_interpolation_factor ............. None
 0:   run_workload_inspector_server ................... False
 0:   sample_rate ..................................... 1.0
 0:   save ............................................ /iopsstor/scratch/cscs/elyulina/Megatron-LM-Attention-Benchmark/attn_bench/results/pretrain/fineweb-40B_gutenberg-3B/test-llama3-1b-sink-attn-scf1-fineweb40B-gutenberg3B/checkpoints
 0:   save_activations_interval ....................... None
 0:   save_dgrads_interval ............................ None
 0:   save_interval ................................... 2000
 0:   save_params_interval ............................ None
 0:   save_retain_interval ............................ 50000
 0:   save_tokens_per_expert_interval ................. None
 0:   save_wgrads_interval ............................ None
 0:   seed ............................................ 28
 0:   seq_length ...................................... 8192
 0:   sequence_parallel ............................... False
 0:   sft ............................................. False
 0:   sft_tokenizer_prompt_format ..................... nemotron-h-aligned
 0:   sgd_momentum .................................... 0.9
 0:   sharp_enabled_group ............................. None
 0:   short_seq_prob .................................. 0.1
 0:   skip_train ...................................... False
 0:   skipped_train_samples ........................... 0
 0:   softmax_type .................................... learnable
 0:   spec ............................................ None
 0:   special_tokens .................................. None
 0:   split ........................................... 100,0,0
 0:   squared_relu .................................... False
 0:   start_eval_at_iter .............................. None
 0:   start_weight_decay .............................. 0.1
 0:   step_batch_size_schedule ........................ None
 0:   straggler_ctrlr_port ............................ 65535
 0:   straggler_minmax_count .......................... 1
 0:   strict_fsdp_dtensor_load ........................ True
 0:   suggested_communication_unit_size ............... None
 0:   swiglu .......................................... True
 0:   swin_backbone_type .............................. tiny
 0:   symmetric_ar_type ............................... None
 0:   te_precision_config_file ........................ None
 0:   te_rng_tracker .................................. False
 0:   tensor_model_parallel_size ...................... 1
 0:   tensorboard_dir ................................. /iopsstor/scratch/cscs/elyulina/Megatron-LM-Attention-Benchmark/attn_bench/results/pretrain/fineweb-40B_gutenberg-3B/test-llama3-1b-sink-attn-scf1-fineweb40B-gutenberg3B/logging/tensorboard
 0:   tensorboard_log_interval ........................ 1
 0:   tensorboard_queue_size .......................... 1000
 0:   test_data_path .................................. None
 0:   test_mode ....................................... False
 0:   tiktoken_num_special_tokens ..................... 1000
 0:   tiktoken_pattern ................................ None
 0:   timing_log_level ................................ 2
 0:   timing_log_option ............................... minmax
 0:   titles_data_path ................................ None
 0:   tokenizer_hf_no_include_special_tokens .......... False
 0:   tokenizer_hf_no_use_fast ........................ False
 0:   tokenizer_model ................................. /iopsstor/scratch/cscs/elyulina/tokenizers/llama-3.2-1b
 0:   tokenizer_sentencepiece_ignore_extra_whitespaces  True
 0:   tokenizer_sentencepiece_legacy .................. False
 0:   tokenizer_type .................................. HuggingFaceTokenizer
 0:   torch_fsdp2_reshard_after_forward ............... True
 0:   tp_comm_bootstrap_backend ....................... nccl
 0:   tp_comm_bulk_dgrad .............................. True
 0:   tp_comm_bulk_wgrad .............................. True
 0:   tp_comm_overlap ................................. False
 0:   tp_comm_overlap_ag .............................. True
 0:   tp_comm_overlap_cfg ............................. None
 0:   tp_comm_overlap_rs .............................. True
 0:   tp_comm_overlap_rs_dgrad ........................ False
 0:   tp_comm_split_ag ................................ True
 0:   tp_comm_split_rs ................................ True
 0:   train_data_path ................................. None
 0:   train_iters ..................................... 18141
 0:   train_samples ................................... None
 0:   train_sync_interval ............................. None
 0:   transformer_impl ................................ transformer_engine
 0:   transformer_pipeline_model_parallel_size ........ 1
 0:   trust_remote_code ............................... False
 0:   untie_embeddings_and_output_weights ............. False
 0:   use_checkpoint_args ............................. False
 0:   use_checkpoint_opt_param_scheduler .............. False
 0:   use_cpu_initialization .......................... None
 0:   use_dist_ckpt ................................... True
 0:   use_dist_ckpt_deprecated ........................ False
 0:   use_distributed_optimizer ....................... True
 0:   use_flash_attn .................................. False
 0:   use_fused_weighted_squared_relu ................. False
 0:   use_gloo_process_groups ......................... True
 0:   use_grouped_gemm_for_dense_mlp .................. False
 0:   use_kitchen_attention ........................... False
 0:   use_layer_wise_distributed_optimizer ............ False
 0:   use_layer_wise_param_layout ..................... True
 0:   use_legacy_static_engine ........................ False
 0:   use_mamba_mem_eff_path .......................... True
 0:   use_megatron_fsdp ............................... False
 0:   use_mp_args_from_checkpoint_args ................ False
 0:   use_mup ......................................... False
 0:   use_one_sent_docs ............................... False
 0:   use_packed_seq_params ........................... True
 0:   use_persistent_ckpt_worker ...................... False
 0:   use_precision_aware_optimizer ................... False
 0:   use_pytorch_profiler ............................ False
 0:   use_ring_exchange_p2p ........................... False
 0:   use_rope_scaling ................................ True
 0:   use_rotary_position_embeddings .................. False
 0:   use_sharp ....................................... False
 0:   use_te_activation_func .......................... False
 0:   use_tokenizer_model_from_checkpoint_args ........ True
 0:   use_torch_fsdp2 ................................. False
 0:   use_torch_optimizer_for_cpu_offload ............. False
 0:   use_tp_pp_dp_mapping ............................ False
 0:   use_transformer_engine_op_fuser ................. False
 0:   v_head_dim ...................................... 128
 0:   valid_data_path ................................. None
 0:   validation_set_names ............................ None
 0:   variable_seq_lengths ............................ False
 0:   verify_integrity ................................ False
 0:   virtual_pipeline_model_parallel_size ............ None
 0:   vision_backbone_type ............................ vit
 0:   vision_pretraining .............................. False
 0:   vision_pretraining_type ......................... classify
 0:   vocab_extra_ids ................................. 0
 0:   vocab_file ...................................... None
 0:   vocab_size ...................................... None
 0:   wandb_entity .................................... None
 0:   wandb_exp_name .................................. test-llama3-1b-sink-attn-scf1-fineweb40B-gutenberg3B-3108456
 0:   wandb_project ................................... fineweb-40B_gutenberg-3B
 0:   wandb_save_dir .................................. /iopsstor/scratch/cscs/elyulina/Megatron-LM-Attention-Benchmark/attn_bench/results/pretrain/fineweb-40B_gutenberg-3B/test-llama3-1b-sink-attn-scf1-fineweb40B-gutenberg3B/logging
 0:   weight_decay .................................... 0.1
 0:   weight_decay_incr_style ......................... constant
 0:   wgrad_deferral_limit ............................ 0
 0:   window_attn_skip_freq ........................... None
 0:   window_size ..................................... None
 0:   world_size ...................................... 32
 0:   yaml_cfg ........................................ None
 0: -------------------- end of arguments ---------------------
 0: INFO:megatron.core.num_microbatches_calculator:setting number of microbatches to constant 3
 0: INFO:megatron.core.tokenizers.utils.build_tokenizer: > padded vocab (size: 128256) with 0 dummy tokens (new size: 128256)
 0: WARNING:megatron.core.rerun_state_machine:RerunStateMachine initialized in mode RerunMode.VALIDATE_RESULTS
 0: > initializing torch distributed ...
31: > setting tensorboard ...
31: WARNING: one_logger package is required to enable e2e metrics tracking. please go to https://confluence.nvidia.com/display/MLWFO/Package+Repositories for details to install it
 0: > initialized tensor model parallel with size 1
 0: > initialized pipeline model parallel with size 1
 0: > setting random seeds to 28 ...
 0: > compiling dataset index builder ...
 0: make: Entering directory '/iopsstor/scratch/cscs/elyulina/Megatron-LM-Attention-Benchmark/megatron/core/datasets'
 0: make: Nothing to be done for 'default'.
 0: make: Leaving directory '/iopsstor/scratch/cscs/elyulina/Megatron-LM-Attention-Benchmark/megatron/core/datasets'
 0: >>> done with dataset index builder. Compilation time: 0.088 seconds
 0: time to initialize megatron (seconds): 33.460
 0: [after in-process setup and before initialize_megatron] datetime: 2026-08-18 04:06:19.721295 
 0: [after in-job setup and before initialize_megatron] datetime: 2026-08-18 04:06:19.771376 
 0: [before library-setup] datetime: 2026-08-18 04:05:35.691390
 0: [after library-setup] datetime: 2026-08-18 04:06:18.906454
 0: [before megatron-init] datetime: 2026-08-18 04:06:19.721294
31: INFO:megatron.core.timers:(min, max) time across ranks (ms):
31:     startup-program-entry-spread ...................: (0.27, 419.39)
31:     startup-library-setup ..........................: (42934.67, 44030.92)
31:     startup-program-setup ..........................: (775.32, 2783.20)
31:     startup-in-process-setup .......................: (0.00, 0.00)
31:     startup-in-job-setup ...........................: (48.25, 51.44)
31:     startup-initialize-megatron ....................: (15624.69, 18304.17)
31:     startup-set-jit-fusion-options .................: (1619.49, 2208.94)
31:     all-reduce-start-timestamps-tensor .............: (1.10, 590.47)
31:     startup-megatron-init-local ....................: (17884.51, 20562.81)
31:     startup-megatron-init-global ...................: (64310.48, 64310.63)
 0: [after megatron is initialized] datetime: 2026-08-18 04:06:40.198611 
 0: Failed to inspect checkpoint in /iopsstor/scratch/cscs/elyulina/Megatron-LM-Attention-Benchmark/attn_bench/results/pretrain/fineweb-40B_gutenberg-3B/test-llama3-1b-sink-attn-scf1-fineweb40B-gutenberg3B/checkpoints: /iopsstor/scratch/cscs/elyulina/Megatron-LM-Attention-Benchmark/attn_bench/results/pretrain/fineweb-40B_gutenberg-3B/test-llama3-1b-sink-attn-scf1-fineweb40B-gutenberg3B/checkpoints is not a MLM or NeMo sharded checkpoint!
 0: building GPT model ...
 0:  > number of parameters on (tensor, pipeline) model parallel rank (0, 0): 1235814912
 0: INFO:megatron.core.distributed.distributed_data_parallel:Setting up DistributedDataParallel with config DistributedDataParallelConfig(grad_reduce_in_fp32=True, overlap_grad_reduce=True, overlap_param_gather=True, align_param_gather=False, use_distributed_optimizer=True, num_distributed_optimizer_instances=1, check_for_nan_in_grad=False, check_for_large_grads=False, bucket_size=40000000, num_buckets=None, pad_buckets_for_high_nccl_busbw=False, reduce_scatter_with_fp32_accumulation=False, param_name_patterns_for_fp32_local_accumulation=(), average_in_collective=False, fp8_param_gather=False, fp4_param_gather=False, reuse_grad_buf_for_mxfp8_param_ag=False, use_megatron_fsdp=False, use_custom_fsdp=False, data_parallel_sharding_strategy='optim_grads_params', gradient_reduce_div_fusion=True, suggested_communication_unit_size=None, keep_fp8_transpose_cache=False, nccl_ub=False, fsdp_double_buffer=False, fsdp_db_use_persist_buf_on_alloc_fail=False, fsdp_all_gather_in_start_param_sync=True, outer_dp_sharding_strategy=
 0: 'no_shard', disable_symmetric_registration=False, fsdp_manual_registration=False, delay_wgrad_compute=False, megatron_fsdp_main_params_dtype=torch.float32, megatron_fsdp_main_grads_dtype=None, megatron_fsdp_grad_comm_dtype=None, megatron_fsdp_use_decoupled_grad=False, megatron_fsdp_cuda_graph_mode=False, megatron_fsdp_enable_fine_grained_param_gather=False)
 0: INFO:megatron.core.distributed.param_and_grad_buffer:Number of buckets for gradient all-reduce / reduce-scatter: 17
 0: Params for bucket 1 (50333696 elements, 50333696 padded size, 0 param(s) with extra main_grads):
 0: 	module.decoder.final_layernorm.weight (param.main_grad.dtype=torch.float32)
 0: 	module.decoder.layers.15.mlp.linear_fc2.weight (param.main_grad.dtype=torch.float32)
 0: 	module.decoder.layers.15.mlp.linear_fc1.weight (param.main_grad.dtype=torch.float32)
 0: Params for bucket 2 (60821536 elements, 60821632 padded size, 0 param(s) with extra main_grads):
 0: 	module.decoder.layers.15.mlp.linear_fc1.layer_norm_weight (param.main_grad.dtype=torch.float32)
 0: 	module.decoder.layers.15.self_attention.linear_qkv.weight (param.main_grad.dtype=torch.float32)
 0: 	module.decoder.layers.15.self_attention.linear_qkv.layer_norm_weight (param.main_grad.dtype=torch.float32)
 0: 	module.decoder.layers.15.self_attention.linear_proj.weight (param.main_grad.dtype=torch.float32)
 0: 	module.decoder.layers.15.self_attention.core_attention.softmax_o
 0: ffset (param.main_grad.dtype=torch.float32)
 0: 	module.decoder.layers.14.mlp.linear_fc2.weight (param.main_grad.dtype=torch.float32)
 0: 	module.decoder.layers.14.mlp.linear_fc1.weight (param.main_grad.dtype=torch.float32)
 0: Params for bucket 3 (60821536 elements, 60821632 padded size, 0 param(s) with extra main_grads):
 0: 	module.decoder.layers.14.mlp.linear_fc1.layer_norm_weight (param.main_grad.dtype=torch.float32)
 0: 	module.decoder.layers.14.self_attention.linear_qkv.weight (param.main_grad.dtype=torch.float32)
 0: 	module.decoder.layers.14.self_attention.linear_qkv.layer_norm_weight (param.main_grad.dtype=torch.float32)
 0: 	module.decoder.layers.14.self_attention.linear_proj.weight (param.main_grad.dtype=torch.float32)
 0: 	module.decoder.layers.14.self_attention.core_attention.softmax_offset (param.main_grad.dtype=torch.float32)
 0: 	module.decoder.layers.13.mlp.linear_fc2.weight (param.main_grad.dtype=torch.float32)
 0: 	module.decoder.layers.13.mlp.linear_fc1.weight (param.main_grad.dtype=torch.float32)
 0: Params for bucket 4 (60821536 
 0: elements, 60821632 padded size, 0 param(s) with extra main_grads):
 0: 	module.decoder.layers.13.mlp.linear_fc1.layer_norm_weight (param.main_grad.dtype=torch.float32)
 0: 	module.decoder.layers.13.self_attention.linear_qkv.weight (param.main_grad.dtype=torch.float32)
 0: 	module.decoder.layers.13.self_attention.linear_qkv.layer_norm_weight (param.main_grad.dtype=torch.float32)
 0: 	module.decoder.layers.13.self_attention.linear_proj.weight (param.main_grad.dtype=torch.float32)
 0: 	module.decoder.layers.13.self_attention.core_attention.softmax_offset (param.main_grad.dtype=torch.float32)
 0: 	module.decoder.layers.12.mlp.linear_fc2.weight (param.main_grad.dtype=torch.float32)
 0: 	module.decoder.layers.12.mlp.linear_fc1.weight (param.main_grad.dtype=torch.float32)
 0: Params for bucket 5 (60821536 elements, 60821632 padded size, 0 param(s) with extra main_grads):
 0: 	module.decoder.layers.12.mlp.linear_fc1.layer_norm_weight (param.main_grad.dtype=torch.float32)
 0: 	module.decoder.layers.12.self_attention.linear_qkv.weight (param.main_grad.dtype=
 0: torch.float32)
 0: 	module.decoder.layers.12.self_attention.linear_qkv.layer_norm_weight (param.main_grad.dtype=torch.float32)
 0: 	module.decoder.layers.12.self_attention.linear_proj.weight (param.main_grad.dtype=torch.float32)
 0: 	module.decoder.layers.12.self_attention.core_attention.softmax_offset (param.main_grad.dtype=torch.float32)
 0: 	module.decoder.layers.11.mlp.linear_fc2.weight (param.main_grad.dtype=torch.float32)
 0: 	module.decoder.layers.11.mlp.linear_fc1.weight (param.main_grad.dtype=torch.float32)
 0: Params for bucket 6 (60821536 elements, 60821632 padded size, 0 param(s) with extra main_grads):
 0: 	module.decoder.layers.11.mlp.linear_fc1.layer_norm_weight (param.main_grad.dtype=torch.float32)
 0: 	module.decoder.layers.11.self_attention.linear_qkv.weight (param.main_grad.dtype=torch.float32)
 0: 	module.decoder.layers.11.self_attention.linear_qkv.layer_norm_weight (param.main_grad.dtype=torch.float32)
 0: 	module.decoder.layers.11.self_attention.linear_proj.weight (param.main_grad.dtype=torch.float32)
 0: 	module.decoder.layers.1
 0: 1.self_attention.core_attention.softmax_offset (param.main_grad.dtype=torch.float32)
 0: 	module.decoder.layers.10.mlp.linear_fc2.weight (param.main_grad.dtype=torch.float32)
 0: 	module.decoder.layers.10.mlp.linear_fc1.weight (param.main_grad.dtype=torch.float32)
 0: Params for bucket 7 (60821536 elements, 60821632 padded size, 0 param(s) with extra main_grads):
 0: 	module.decoder.layers.10.mlp.linear_fc1.layer_norm_weight (param.main_grad.dtype=torch.float32)
 0: 	module.decoder.layers.10.self_attention.linear_qkv.weight (param.main_grad.dtype=torch.float32)
 0: 	module.decoder.layers.10.self_attention.linear_qkv.layer_norm_weight (param.main_grad.dtype=torch.float32)
 0: 	module.decoder.layers.10.self_attention.linear_proj.weight (param.main_grad.dtype=torch.float32)
 0: 	module.decoder.layers.10.self_attention.core_attention.softmax_offset (param.main_grad.dtype=torch.float32)
 0: 	module.decoder.layers.9.mlp.linear_fc2.weight (param.main_grad.dtype=torch.float32)
 0: 	module.decoder.layers.9.mlp.linear_fc1.weight (param.main_grad.dtype=torch.
 0: float32)
 0: Params for bucket 8 (60821536 elements, 60821632 padded size, 0 param(s) with extra main_grads):
 0: 	module.decoder.layers.9.mlp.linear_fc1.layer_norm_weight (param.main_grad.dtype=torch.float32)
 0: 	module.decoder.layers.9.self_attention.linear_qkv.weight (param.main_grad.dtype=torch.float32)
 0: 	module.decoder.layers.9.self_attention.linear_qkv.layer_norm_weight (param.main_grad.dtype=torch.float32)
 0: 	module.decoder.layers.9.self_attention.linear_proj.weight (param.main_grad.dtype=torch.float32)
 0: 	module.decoder.layers.9.self_attention.core_attention.softmax_offset (param.main_grad.dtype=torch.float32)
 0: 	module.decoder.layers.8.mlp.linear_fc2.weight (param.main_grad.dtype=torch.float32)
 0: 	module.decoder.layers.8.mlp.linear_fc1.weight (param.main_grad.dtype=torch.float32)
 0: Params for bucket 9 (60821536 elements, 60821632 padded size, 0 param(s) with extra main_grads):
 0: 	module.decoder.layers.8.mlp.linear_fc1.layer_norm_weight (param.main_grad.dtype=torch.float32)
 0: 	module.decoder.layers.8.self_attention.linear_qkv.
 0: weight (param.main_grad.dtype=torch.float32)
 0: 	module.decoder.layers.8.self_attention.linear_qkv.layer_norm_weight (param.main_grad.dtype=torch.float32)
 0: 	module.decoder.layers.8.self_attention.linear_proj.weight (param.main_grad.dtype=torch.float32)
 0: 	module.decoder.layers.8.self_attention.core_attention.softmax_offset (param.main_grad.dtype=torch.float32)
 0: 	module.decoder.layers.7.mlp.linear_fc2.weight (param.main_grad.dtype=torch.float32)
 0: 	module.decoder.layers.7.mlp.linear_fc1.weight (param.main_grad.dtype=torch.float32)
 0: Params for bucket 10 (60821536 elements, 60821632 padded size, 0 param(s) with extra main_grads):
 0: 	module.decoder.layers.7.mlp.linear_fc1.layer_norm_weight (param.main_grad.dtype=torch.float32)
 0: 	module.decoder.layers.7.self_attention.linear_qkv.weight (param.main_grad.dtype=torch.float32)
 0: 	module.decoder.layers.7.self_attention.linear_qkv.layer_norm_weight (param.main_grad.dtype=torch.float32)
 0: 	module.decoder.layers.7.self_attention.linear_proj.weight (param.main_grad.dtype=torch.float32)
 0: 	mo
 0: dule.decoder.layers.7.self_attention.core_attention.softmax_offset (param.main_grad.dtype=torch.float32)
 0: 	module.decoder.layers.6.mlp.linear_fc2.weight (param.main_grad.dtype=torch.float32)
 0: 	module.decoder.layers.6.mlp.linear_fc1.weight (param.main_grad.dtype=torch.float32)
 0: Params for bucket 11 (60821536 elements, 60821632 padded size, 0 param(s) with extra main_grads):
 0: 	module.decoder.layers.6.mlp.linear_fc1.layer_norm_weight (param.main_grad.dtype=torch.float32)
 0: 	module.decoder.layers.6.self_attention.linear_qkv.weight (param.main_grad.dtype=torch.float32)
 0: 	module.decoder.layers.6.self_attention.linear_qkv.layer_norm_weight (param.main_grad.dtype=torch.float32)
 0: 	module.decoder.layers.6.self_attention.linear_proj.weight (param.main_grad.dtype=torch.float32)
 0: 	module.decoder.layers.6.self_attention.core_attention.softmax_offset (param.main_grad.dtype=torch.float32)
 0: 	module.decoder.layers.5.mlp.linear_fc2.weight (param.main_grad.dtype=torch.float32)
 0: 	module.decoder.layers.5.mlp.linear_fc1.weight (param.main_gr
 0: ad.dtype=torch.float32)
 0: Params for bucket 12 (60821536 elements, 60821632 padded size, 0 param(s) with extra main_grads):
 0: 	module.decoder.layers.5.mlp.linear_fc1.layer_norm_weight (param.main_grad.dtype=torch.float32)
 0: 	module.decoder.layers.5.self_attention.linear_qkv.weight (param.main_grad.dtype=torch.float32)
 0: 	module.decoder.layers.5.self_attention.linear_qkv.layer_norm_weight (param.main_grad.dtype=torch.float32)
 0: 	module.decoder.layers.5.self_attention.linear_proj.weight (param.main_grad.dtype=torch.float32)
 0: 	module.decoder.layers.5.self_attention.core_attention.softmax_offset (param.main_grad.dtype=torch.float32)
 0: 	module.decoder.layers.4.mlp.linear_fc2.weight (param.main_grad.dtype=torch.float32)
 0: 	module.decoder.layers.4.mlp.linear_fc1.weight (param.main_grad.dtype=torch.float32)
 0: Params for bucket 13 (60821536 elements, 60821632 padded size, 0 param(s) with extra main_grads):
 0: 	module.decoder.layers.4.mlp.linear_fc1.layer_norm_weight (param.main_grad.dtype=torch.float32)
 0: 	module.decoder.layers.4.self_atte
 0: ntion.linear_qkv.weight (param.main_grad.dtype=torch.float32)
 0: 	module.decoder.layers.4.self_attention.linear_qkv.layer_norm_weight (param.main_grad.dtype=torch.float32)
 0: 	module.decoder.layers.4.self_attention.linear_proj.weight (param.main_grad.dtype=torch.float32)
 0: 	module.decoder.layers.4.self_attention.core_attention.softmax_offset (param.main_grad.dtype=torch.float32)
 0: 	module.decoder.layers.3.mlp.linear_fc2.weight (param.main_grad.dtype=torch.float32)
 0: 	module.decoder.layers.3.mlp.linear_fc1.weight (param.main_grad.dtype=torch.float32)
 0: Params for bucket 14 (60821536 elements, 60821632 padded size, 0 param(s) with extra main_grads):
 0: 	module.decoder.layers.3.mlp.linear_fc1.layer_norm_weight (param.main_grad.dtype=torch.float32)
 0: 	module.decoder.layers.3.self_attention.linear_qkv.weight (param.main_grad.dtype=torch.float32)
 0: 	module.decoder.layers.3.self_attention.linear_qkv.layer_norm_weight (param.main_grad.dtype=torch.float32)
 0: 	module.decoder.layers.3.self_attention.linear_proj.weight (param.main_grad.dtype=t
 0: orch.float32)
 0: 	module.decoder.layers.3.self_attention.core_attention.softmax_offset (param.main_grad.dtype=torch.float32)
 0: 	module.decoder.layers.2.mlp.linear_fc2.weight (param.main_grad.dtype=torch.float32)
 0: 	module.decoder.layers.2.mlp.linear_fc1.weight (param.main_grad.dtype=torch.float32)
 0: Params for bucket 15 (60821536 elements, 60821632 padded size, 0 param(s) with extra main_grads):
 0: 	module.decoder.layers.2.mlp.linear_fc1.layer_norm_weight (param.main_grad.dtype=torch.float32)
 0: 	module.decoder.layers.2.self_attention.linear_qkv.weight (param.main_grad.dtype=torch.float32)
 0: 	module.decoder.layers.2.self_attention.linear_qkv.layer_norm_weight (param.main_grad.dtype=torch.float32)
 0: 	module.decoder.layers.2.self_attention.linear_proj.weight (param.main_grad.dtype=torch.float32)
 0: 	module.decoder.layers.2.self_attention.core_attention.softmax_offset (param.main_grad.dtype=torch.float32)
 0: 	module.decoder.layers.1.mlp.linear_fc2.weight (param.main_grad.dtype=torch.float32)
 0: 	module.decoder.layers.1.mlp.linear_fc1.weigh
 0: t (param.main_grad.dtype=torch.float32)
 0: Params for bucket 16 (60821536 elements, 60821632 padded size, 0 param(s) with extra main_grads):
 0: 	module.decoder.layers.1.mlp.linear_fc1.layer_norm_weight (param.main_grad.dtype=torch.float32)
 0: 	module.decoder.layers.1.self_attention.linear_qkv.weight (param.main_grad.dtype=torch.float32)
 0: 	module.decoder.layers.1.self_attention.linear_qkv.layer_norm_weight (param.main_grad.dtype=torch.float32)
 0: 	module.decoder.layers.1.self_attention.linear_proj.weight (param.main_grad.dtype=torch.float32)
 0: 	module.decoder.layers.1.self_attention.core_attention.softmax_offset (param.main_grad.dtype=torch.float32)
 0: 	module.decoder.layers.0.mlp.linear_fc2.weight (param.main_grad.dtype=torch.float32)
 0: 	module.decoder.layers.0.mlp.linear_fc1.weight (param.main_grad.dtype=torch.float32)
 0: Params for bucket 17 (273158176 elements, 273158272 padded size, 0 param(s) with extra main_grads):
 0: 	module.decoder.layers.0.mlp.linear_fc1.layer_norm_weight (param.main_grad.dtype=torch.float32)
 0: 	module.decoder
 0: .layers.0.self_attention.linear_qkv.weight (param.main_grad.dtype=torch.float32)
 0: 	module.decoder.layers.0.self_attention.linear_qkv.layer_norm_weight (param.main_grad.dtype=torch.float32)
 0: 	module.decoder.layers.0.self_attention.linear_proj.weight (param.main_grad.dtype=torch.float32)
 0: 	module.decoder.layers.0.self_attention.core_attention.softmax_offset (param.main_grad.dtype=torch.float32)
 0: 	module.embedding.word_embeddings.weight (param.main_grad.dtype=torch.float32)
 0: INFO:megatron.core.distributed.param_and_grad_buffer:Using reduce-scatter for gradient reductions because self.ddp_config.use_distributed_optimizer=True
 0: INFO:megatron.core.distributed.param_and_grad_buffer:Using reduce-scatter for gradient reductions because self.ddp_config.use_distributed_optimizer=True
 0: INFO:megatron.core.distributed.param_and_grad_buffer:Using reduce-scatter for gradient reductions because self.ddp_config.use_distributed_optimizer=True
 0: INFO:megatron.core.distributed.param_and_grad_buffer:Using reduce-scatter for gradient reductions because self.ddp_config.use_distributed_optimizer=True
 0: INFO:megatron.core.distributed.param_and_grad_buffer:Using reduce-scatter for gradient reductions because self.ddp_config.use_distributed_optimizer=True
 0: INFO:megatron.core.distributed.param_and_grad_buffer:Using reduce-scatter for gradient reductions because self.ddp_config.use_distributed_optimizer=True
 0: INFO:megatron.core.distributed.param_and_grad_buffer:Using reduce-scatter for gradient reductions because self.ddp_config.use_distributed_optimizer=True
 0: INFO:megatron.core.distributed.param_and_grad_buffer:Using reduce-scatter for gradient reductions because self.ddp_config.use_distributed_optimizer=True
 0: INFO:megatron.core.distributed.param_and_grad_buffer:Using reduce-scatter for gradient reductions because self.ddp_config.use_distributed_optimizer=True
 0: INFO:megatron.core.distributed.param_and_grad_buffer:Using reduce-scatter for gradient reductions because self.ddp_config.use_distributed_optimizer=True
 0: INFO:megatron.core.distributed.param_and_grad_buffer:Using reduce-scatter for gradient reductions because self.ddp_config.use_distributed_optimizer=True
 0: INFO:megatron.core.distributed.param_and_grad_buffer:Using reduce-scatter for gradient reductions because self.ddp_config.use_distributed_optimizer=True
 0: INFO:megatron.core.distributed.param_and_grad_buffer:Using reduce-scatter for gradient reductions because self.ddp_config.use_distributed_optimizer=True
 0: INFO:megatron.core.distributed.param_and_grad_buffer:Using reduce-scatter for gradient reductions because self.ddp_config.use_distributed_optimizer=True
 0: INFO:megatron.core.distributed.param_and_grad_buffer:Using reduce-scatter for gradient reductions because self.ddp_config.use_distributed_optimizer=True
 0: INFO:megatron.core.distributed.param_and_grad_buffer:Using reduce-scatter for gradient reductions because self.ddp_config.use_distributed_optimizer=True
 0: INFO:megatron.core.distributed.param_and_grad_buffer:Using reduce-scatter for gradient reductions because self.ddp_config.use_distributed_optimizer=True
 0: INFO:megatron.core.optimizer:Setting up optimizer with config OptimizerConfig(lr=0.0004, min_lr=4e-05, decoupled_lr=None, decoupled_min_lr=None, weight_decay=0.1, apply_wd_to_qk_layernorm=False, fp8_recipe='delayed', fp16=False, bf16=True, reuse_grad_buf_for_mxfp8_param_ag=False, params_dtype=torch.bfloat16, use_precision_aware_optimizer=False, store_param_remainders=True, main_grads_dtype=torch.float32, main_params_dtype=torch.float32, exp_avg_dtype=torch.float32, exp_avg_sq_dtype=torch.float32, optimizer='adam', loss_scale=None, initial_loss_scale=4294967296, min_loss_scale=1.0, loss_scale_window=1000, hysteresis=2, adam_beta1=0.9, adam_beta2=0.95, adam_eps=1e-08, decoupled_weight_decay=True, sgd_momentum=0.9, muon_momentum=0.9, muon_split_qkv=True, muon_nesterov=False, muon_scale_mode='spectral', muon_fp32_matmul_prec='medium', muon_coefficient_type='quintic', muon_num_ns_steps=5, muon_tp_mode='blockwise', muon_extra_scale_factor=1.0, muon_scalar_optimizer='adam', lion_beta1=0.95, lion_beta2=0.98, soap_sha
 0: mpoo_beta=0.95, soap_precondition_frequency=1, soap_use_kl_shampoo=True, adaptive_muon_moment2_method='adamuon', adaptive_muon_beta2=0.95, adaptive_muon_eps=1e-08, use_distributed_optimizer=True, use_layer_wise_distributed_optimizer=False, overlap_param_gather=True, overlap_param_gather_with_optimizer_step=False, optimizer_cpu_offload=False, optimizer_offload_fraction=1.0, use_torch_optimizer_for_cpu_offload=False, overlap_cpu_optimizer_d2h_h2d=False, pin_cpu_grads=True, pin_cpu_params=True, clip_grad=1.0, grad_norm_skip_threshold=inf, log_num_zeros_in_grad=False, barrier_with_L1_time=True, timers=<megatron.core.timers.Timers object at 0x40040a7526c0>, config_logger_dir='', optimizer_cuda_graph=False)
 0: INFO:megatron.core.distributed.param_and_grad_buffer:Using reduce-scatter for gradient reductions because self.ddp_config.use_distributed_optimizer=True
 0: INFO:megatron.core.distributed.param_and_grad_buffer:Using reduce-scatter for gradient reductions because self.ddp_config.use_distributed_optimizer=True
 0: INFO:megatron.core.distributed.param_and_grad_buffer:Using reduce-scatter for gradient reductions because self.ddp_config.use_distributed_optimizer=True
 0: INFO:megatron.core.distributed.param_and_grad_buffer:Using reduce-scatter for gradient reductions because self.ddp_config.use_distributed_optimizer=True
 0: INFO:megatron.core.distributed.param_and_grad_buffer:Using reduce-scatter for gradient reductions because self.ddp_config.use_distributed_optimizer=True
 0: INFO:megatron.core.distributed.param_and_grad_buffer:Using reduce-scatter for gradient reductions because self.ddp_config.use_distributed_optimizer=True
 0: INFO:megatron.core.distributed.param_and_grad_buffer:Using reduce-scatter for gradient reductions because self.ddp_config.use_distributed_optimizer=True
 0: INFO:megatron.core.distributed.param_and_grad_buffer:Using reduce-scatter for gradient reductions because self.ddp_config.use_distributed_optimizer=True
 0: INFO:megatron.core.distributed.param_and_grad_buffer:Using reduce-scatter for gradient reductions because self.ddp_config.use_distributed_optimizer=True
 0: INFO:megatron.core.distributed.param_and_grad_buffer:Using reduce-scatter for gradient reductions because self.ddp_config.use_distributed_optimizer=True
 0: INFO:megatron.core.distributed.param_and_grad_buffer:Using reduce-scatter for gradient reductions because self.ddp_config.use_distributed_optimizer=True
 0: INFO:megatron.core.distributed.param_and_grad_buffer:Using reduce-scatter for gradient reductions because self.ddp_config.use_distributed_optimizer=True
 0: INFO:megatron.core.distributed.param_and_grad_buffer:Using reduce-scatter for gradient reductions because self.ddp_config.use_distributed_optimizer=True
 0: INFO:megatron.core.distributed.param_and_grad_buffer:Using reduce-scatter for gradient reductions because self.ddp_config.use_distributed_optimizer=True
 0: INFO:megatron.core.distributed.param_and_grad_buffer:Using reduce-scatter for gradient reductions because self.ddp_config.use_distributed_optimizer=True
 0: INFO:megatron.core.distributed.param_and_grad_buffer:Using reduce-scatter for gradient reductions because self.ddp_config.use_distributed_optimizer=True
 0: INFO:megatron.core.distributed.param_and_grad_buffer:Using reduce-scatter for gradient reductions because self.ddp_config.use_distributed_optimizer=True
 0: INFO:megatron.core.optimizer_param_scheduler:> learning rate decay style: cosine
 0: WARNING: could not find the metadata file /iopsstor/scratch/cscs/elyulina/Megatron-LM-Attention-Benchmark/attn_bench/results/pretrain/fineweb-40B_gutenberg-3B/test-llama3-1b-sink-attn-scf1-fineweb40B-gutenberg3B/checkpoints/latest_checkpointed_iteration.txt
 0:     will not load any checkpoints and will start from random
31: INFO:megatron.core.timers:(min, max) time across ranks (ms):
31:     load-checkpoint ................................: (0.38, 0.43)
 0: [after model, optimizer, and learning rate scheduler are built] datetime: 2026-08-18 04:06:40.449676 
 0: > building train, validation, and test datasets ...
 0:  > datasets target sizes (minimum size):
 0:     train:      5224608
 0:     validation: 0
 0:     test:       0
 0: INFO:megatron.core.datasets.blended_megatron_dataset_config:Let split_matrix = [(0, 1.0), None, None]
 0: > building train, validation, and test datasets for GPT ...
 0: INFO:megatron.core.datasets.blended_megatron_dataset_builder:Building GPTDataset splits with sizes=(5224608, 0, 0) and config=GPTDatasetConfig(random_seed=28, sequence_length=8192, blend=(['/iopsstor/scratch/cscs/elyulina/datasets/tokenized/fineweb-edu-dedup-160B-datatrove_0.25/dump_0/00000_tokens', '/iopsstor/scratch/cscs/elyulina/datasets/tokenized/fineweb-edu-dedup-160B-datatrove_0.25/dump_0/00001_tokens', '/iopsstor/scratch/cscs/elyulina/datasets/tokenized/fineweb-edu-dedup-160B-datatrove_0.25/dump_0/00002_tokens', '/iopsstor/scratch/cscs/elyulina/datasets/tokenized/fineweb-edu-dedup-160B-datatrove_0.25/dump_0/00003_tokens', '/iopsstor/scratch/cscs/elyulina/datasets/tokenized/fineweb-edu-dedup-160B-datatrove_0.25/dump_0/00004_tokens', '/iopsstor/scratch/cscs/elyulina/datasets/tokenized/fineweb-edu-dedup-160B-datatrove_0.25/dump_0/00005_tokens', '/iopsstor/scratch/cscs/elyulina/datasets/tokenized/fineweb-edu-dedup-160B-datatrove_0.25/dump_0/00006_tokens', '/iopsstor/scratch/cscs/elyulina/datasets/tokenized
 0: /fineweb-edu-dedup-160B-datatrove_0.25/dump_0/00007_tokens', '/iopsstor/scratch/cscs/elyulina/datasets/tokenized/fineweb-edu-dedup-160B-datatrove_0.25/dump_0/00008_tokens', '/iopsstor/scratch/cscs/elyulina/datasets/tokenized/fineweb-edu-dedup-160B-datatrove_0.25/dump_0/00009_tokens', '/iopsstor/scratch/cscs/elyulina/datasets/tokenized/fineweb-edu-dedup-160B-datatrove_0.25/dump_0/00010_tokens', '/iopsstor/scratch/cscs/elyulina/datasets/tokenized/fineweb-edu-dedup-160B-datatrove_0.25/dump_0/00011_tokens', '/iopsstor/scratch/cscs/elyulina/datasets/tokenized/fineweb-edu-dedup-160B-datatrove_0.25/dump_0/00012_tokens', '/iopsstor/scratch/cscs/elyulina/datasets/tokenized/fineweb-edu-dedup-160B-datatrove_0.25/dump_0/00013_tokens', '/iopsstor/scratch/cscs/elyulina/datasets/tokenized/fineweb-edu-dedup-160B-datatrove_0.25/dump_0/00014_tokens', '/iopsstor/scratch/cscs/elyulina/datasets/tokenized/fineweb-edu-dedup-160B-datatrove_0.25/dump_0/00015_tokens', '/iopsstor/scratch/cscs/elyulina/datasets/tokenized/fineweb-edu-ded
 0: up-160B-datatrove_0.25/dump_0/00016_tokens', '/iopsstor/scratch/cscs/elyulina/datasets/tokenized/fineweb-edu-dedup-160B-datatrove_0.25/dump_0/00017_tokens', '/iopsstor/scratch/cscs/elyulina/datasets/tokenized/fineweb-edu-dedup-160B-datatrove_0.25/dump_0/00018_tokens', '/iopsstor/scratch/cscs/elyulina/datasets/tokenized/fineweb-edu-dedup-160B-datatrove_0.25/dump_0/00019_tokens', '/iopsstor/scratch/cscs/elyulina/datasets/tokenized/fineweb-edu-dedup-160B-datatrove_0.25/dump_1/00000_tokens', '/iopsstor/scratch/cscs/elyulina/datasets/tokenized/fineweb-edu-dedup-160B-datatrove_0.25/dump_1/00001_tokens', '/iopsstor/scratch/cscs/elyulina/datasets/tokenized/fineweb-edu-dedup-160B-datatrove_0.25/dump_1/00002_tokens', '/iopsstor/scratch/cscs/elyulina/datasets/tokenized/fineweb-edu-dedup-160B-datatrove_0.25/dump_1/00003_tokens', '/iopsstor/scratch/cscs/elyulina/datasets/tokenized/fineweb-edu-dedup-160B-datatrove_0.25/dump_1/00004_tokens', '/iopsstor/scratch/cscs/elyulina/datasets/tokenized/fineweb-edu-dedup-160B-datatrov
 0: e_0.25/dump_1/00005_tokens', '/iopsstor/scratch/cscs/elyulina/datasets/tokenized/fineweb-edu-dedup-160B-datatrove_0.25/dump_1/00006_tokens', '/iopsstor/scratch/cscs/elyulina/datasets/tokenized/fineweb-edu-dedup-160B-datatrove_0.25/dump_1/00007_tokens', '/iopsstor/scratch/cscs/elyulina/datasets/tokenized/fineweb-edu-dedup-160B-datatrove_0.25/dump_1/00008_tokens', '/iopsstor/scratch/cscs/elyulina/datasets/tokenized/fineweb-edu-dedup-160B-datatrove_0.25/dump_1/00009_tokens', '/iopsstor/scratch/cscs/elyulina/datasets/tokenized/fineweb-edu-dedup-160B-datatrove_0.25/dump_1/00010_tokens', '/iopsstor/scratch/cscs/elyulina/datasets/tokenized/fineweb-edu-dedup-160B-datatrove_0.25/dump_1/00011_tokens', '/iopsstor/scratch/cscs/elyulina/datasets/tokenized/fineweb-edu-dedup-160B-datatrove_0.25/dump_1/00012_tokens', '/iopsstor/scratch/cscs/elyulina/datasets/tokenized/fineweb-edu-dedup-160B-datatrove_0.25/dump_1/00013_tokens', '/iopsstor/scratch/cscs/elyulina/datasets/tokenized/fineweb-edu-dedup-160B-datatrove_0.25/dump_1/0
 0: 0014_tokens', '/iopsstor/scratch/cscs/elyulina/datasets/tokenized/fineweb-edu-dedup-160B-datatrove_0.25/dump_1/00015_tokens', '/iopsstor/scratch/cscs/elyulina/datasets/tokenized/fineweb-edu-dedup-160B-datatrove_0.25/dump_1/00016_tokens', '/iopsstor/scratch/cscs/elyulina/datasets/tokenized/fineweb-edu-dedup-160B-datatrove_0.25/dump_1/00017_tokens', '/iopsstor/scratch/cscs/elyulina/datasets/tokenized/fineweb-edu-dedup-160B-datatrove_0.25/dump_1/00018_tokens', '/iopsstor/scratch/cscs/elyulina/datasets/tokenized/fineweb-edu-dedup-160B-datatrove_0.25/dump_1/00019_tokens', '/iopsstor/scratch/cscs/elyulina/datasets/tokenized/gutenberg_rep_1_256/rep_128_tokens', '/iopsstor/scratch/cscs/elyulina/datasets/tokenized/gutenberg_rep_1_256/rep_16_tokens', '/iopsstor/scratch/cscs/elyulina/datasets/tokenized/gutenberg_rep_1_256/rep_1_tokens', '/iopsstor/scratch/cscs/elyulina/datasets/tokenized/gutenberg_rep_1_256/rep_256_tokens', '/iopsstor/scratch/cscs/elyulina/datasets/tokenized/gutenberg_rep_1_256/rep_2_tokens', '/iopsstor
 0: /scratch/cscs/elyulina/datasets/tokenized/gutenberg_rep_1_256/rep_32_tokens', '/iopsstor/scratch/cscs/elyulina/datasets/tokenized/gutenberg_rep_1_256/rep_4_tokens', '/iopsstor/scratch/cscs/elyulina/datasets/tokenized/gutenberg_rep_1_256/rep_64_tokens', '/iopsstor/scratch/cscs/elyulina/datasets/tokenized/gutenberg_rep_1_256/rep_8_tokens'], None), blend_per_split=None, multiple_validation_sets=False, full_validation=False, split='100,0,0', split_matrix=[(0, 1.0), None, None], num_dataset_builder_threads=4, path_to_cache='/iopsstor/scratch/cscs/elyulina/datasets/cache', mmap_bin_files=True, mock=False, tokenizer=<megatron.core.tokenizers.text.models.default_tokenizer.DefaultTokenizerText object at 0x4006a3f676b0>, mid_level_dataset_surplus=0.005, allow_ambiguous_pad_tokens=False, fast_cache_load=False, defer_npy_index_mmap=False, reset_position_ids=True, reset_attention_mask=False, eod_mask_loss=True, goldfish_loss=False, goldfish_k=50, goldfish_h=50, create_attention_mask=False, drop_last_partial_validation_seq
 0: uence=True, add_extra_token_to_sequence=True, object_storage_cache_path=None, data_parallel_size=32, sequence_parallel_size=0, hybrid_context_parallel=False, sequences_per_dataset=None, token_dtype_code=4, context_parallel_size=1)
 0: INFO:megatron.core.datasets.indexed_dataset:Load the _IndexReader from /iopsstor/scratch/cscs/elyulina/datasets/tokenized/fineweb-edu-dedup-160B-datatrove_0.25/dump_0/00001_tokens.idx
 0: INFO:megatron.core.datasets.indexed_dataset:Load the _IndexReader from /iopsstor/scratch/cscs/elyulina/datasets/tokenized/fineweb-edu-dedup-160B-datatrove_0.25/dump_0/00000_tokens.idx
 0: INFO:megatron.core.datasets.indexed_dataset:Load the _IndexReader from /iopsstor/scratch/cscs/elyulina/datasets/tokenized/fineweb-edu-dedup-160B-datatrove_0.25/dump_0/00003_tokens.idx
 0: INFO:megatron.core.datasets.indexed_dataset:Load the _IndexReader from /iopsstor/scratch/cscs/elyulina/datasets/tokenized/fineweb-edu-dedup-160B-datatrove_0.25/dump_0/00002_tokens.idx
 0: INFO:megatron.core.datasets.indexed_dataset:Load the _IndexReader from /iopsstor/scratch/cscs/elyulina/datasets/tokenized/fineweb-edu-dedup-160B-datatrove_0.25/dump_0/00004_tokens.idx
 0: INFO:megatron.core.datasets.indexed_dataset:Load the _IndexReader from /iopsstor/scratch/cscs/elyulina/datasets/tokenized/fineweb-edu-dedup-160B-datatrove_0.25/dump_0/00006_tokens.idx
 0: INFO:megatron.core.datasets.indexed_dataset:Load the _IndexReader from /iopsstor/scratch/cscs/elyulina/datasets/tokenized/fineweb-edu-dedup-160B-datatrove_0.25/dump_0/00005_tokens.idx
 0: INFO:megatron.core.datasets.indexed_dataset:Load the _IndexReader from /iopsstor/scratch/cscs/elyulina/datasets/tokenized/fineweb-edu-dedup-160B-datatrove_0.25/dump_0/00007_tokens.idx
 0: INFO:megatron.core.datasets.indexed_dataset:	Extract the sequence lengths
 0: INFO:megatron.core.datasets.indexed_dataset:	Extract the sequence lengths
 0: INFO:megatron.core.datasets.indexed_dataset:	Extract the sequence lengths
 0: INFO:megatron.core.datasets.indexed_dataset:	Extract the sequence lengths
 0: INFO:megatron.core.datasets.indexed_dataset:	Extract the sequence lengths
 0: INFO:megatron.core.datasets.indexed_dataset:	Extract the sequence pointers
 0: INFO:megatron.core.datasets.indexed_dataset:	Extract the sequence pointers
 0: INFO:megatron.core.datasets.indexed_dataset:	Extract the sequence pointers
 0: INFO:megatron.core.datasets.indexed_dataset:	Extract the sequence pointers
 0: INFO:megatron.core.datasets.indexed_dataset:	Extract the sequence lengths
 0: INFO:megatron.core.datasets.indexed_dataset:	Extract the sequence pointers
 0: INFO:megatron.core.datasets.indexed_dataset:	Extract the sequence lengths
 0: INFO:megatron.core.datasets.indexed_dataset:	Extract the document indices
 0: INFO:megatron.core.datasets.indexed_dataset:	Extract the sequence lengths
 0: INFO:megatron.core.datasets.indexed_dataset:	Extract the document indices
 0: INFO:megatron.core.datasets.indexed_dataset:	Extract the document indices
 0: INFO:megatron.core.datasets.indexed_dataset:	Extract the document indices
 0: INFO:megatron.core.datasets.indexed_dataset:	Extract the sequence pointers
 0: INFO:megatron.core.datasets.indexed_dataset:	Extract the document indices
 0: INFO:megatron.core.datasets.indexed_dataset:	Extract the sequence pointers
 0: INFO:megatron.core.datasets.indexed_dataset:> total number of sequences: 997500
 0: INFO:megatron.core.datasets.indexed_dataset:	Extract the sequence pointers
 0: INFO:megatron.core.datasets.indexed_dataset:> total number of sequences: 1002500
 0: INFO:megatron.core.datasets.indexed_dataset:> total number of sequences: 1002500
 0: INFO:megatron.core.datasets.indexed_dataset:> total number of sequences: 1000000
 0: INFO:megatron.core.datasets.indexed_dataset:	Extract the document indices
 0: INFO:megatron.core.datasets.indexed_dataset:> total number of sequences: 1002500
 0: INFO:megatron.core.datasets.indexed_dataset:	Extract the document indices
 0: INFO:megatron.core.datasets.indexed_dataset:> total number of documents: 997500
 0: INFO:megatron.core.datasets.indexed_dataset:	Extract the document indices
 0: INFO:megatron.core.datasets.indexed_dataset:> total number of documents: 1002500
 0: INFO:megatron.core.datasets.indexed_dataset:> total number of documents: 1002500
 0: INFO:megatron.core.datasets.indexed_dataset:> total number of documents: 1000000
 0: INFO:megatron.core.datasets.indexed_dataset:> total number of sequences: 1002500
 0: INFO:megatron.core.datasets.indexed_dataset:> total number of documents: 1002500
 0: INFO:megatron.core.datasets.indexed_dataset:> total number of sequences: 1010000
 0: INFO:megatron.core.datasets.indexed_dataset:> total number of sequences: 1005000
 0: INFO:megatron.core.datasets.indexed_dataset:> total number of documents: 1002500
 0: INFO:megatron.core.datasets.indexed_dataset:> total number of documents: 1010000
 0: INFO:megatron.core.datasets.indexed_dataset:> total number of documents: 1005000
 0: INFO:megatron.core.datasets.gpt_dataset:Load the GPTDataset train indices
 0: INFO:megatron.core.datasets.gpt_dataset:Load the GPTDataset train indices
 0: INFO:megatron.core.datasets.gpt_dataset:Load the GPTDataset train indices
 0: INFO:megatron.core.datasets.gpt_dataset:Load the GPTDataset train indices
 0: INFO:megatron.core.datasets.gpt_dataset:Load the GPTDataset train indices
 0: INFO:megatron.core.datasets.gpt_dataset:	Load the document index from a89b65e4ea2ab7159ebb561c653eb63a-GPTDataset-train-document_index.npy
 0: INFO:megatron.core.datasets.gpt_dataset:	Load the document index from 3f9ec5520022eaa9466eb0b7f77e0ce5-GPTDataset-train-document_index.npy
 0: INFO:megatron.core.datasets.gpt_dataset:	Load the document index from e7945d55d0b14a6a819aa0bce0cfad0c-GPTDataset-train-document_index.npy
 0: INFO:megatron.core.datasets.gpt_dataset:Load the GPTDataset train indices
 0: INFO:megatron.core.datasets.gpt_dataset:Load the GPTDataset train indices
 0: INFO:megatron.core.datasets.gpt_dataset:	Load the document index from 7b6dbcc6999e41911d7ce0edcf079327-GPTDataset-train-document_index.npy
 0: INFO:megatron.core.datasets.gpt_dataset:Load the GPTDataset train indices
 0: INFO:megatron.core.datasets.gpt_dataset:	Load the document index from 915ab8cb604230d8bc15cddca19e1457-GPTDataset-train-document_index.npy
 0: INFO:megatron.core.datasets.gpt_dataset:	Load the document index from 76a3d6e7f425bf0d39a34fb92363d71d-GPTDataset-train-document_index.npy
 0: INFO:megatron.core.datasets.gpt_dataset:	Load the document index from d866b8c3eaca0d0bfb7d3ff24522f41e-GPTDataset-train-document_index.npy
 0: INFO:megatron.core.datasets.gpt_dataset:	Load the document index from 1b2bacb7c3ee2d5b588491a79d675e68-GPTDataset-train-document_index.npy
 0: INFO:megatron.core.datasets.gpt_dataset:	Load the sample index from e7945d55d0b14a6a819aa0bce0cfad0c-GPTDataset-train-sample_index.npy
 0: INFO:megatron.core.datasets.gpt_dataset:	Load the sample index from 3f9ec5520022eaa9466eb0b7f77e0ce5-GPTDataset-train-sample_index.npy
 0: INFO:megatron.core.datasets.gpt_dataset:	Load the sample index from a89b65e4ea2ab7159ebb561c653eb63a-GPTDataset-train-sample_index.npy
 0: INFO:megatron.core.datasets.gpt_dataset:	Load the sample index from 7b6dbcc6999e41911d7ce0edcf079327-GPTDataset-train-sample_index.npy
 0: INFO:megatron.core.datasets.gpt_dataset:	Load the sample index from d866b8c3eaca0d0bfb7d3ff24522f41e-GPTDataset-train-sample_index.npy
 0: INFO:megatron.core.datasets.gpt_dataset:	Load the sample index from 1b2bacb7c3ee2d5b588491a79d675e68-GPTDataset-train-sample_index.npy
 0: INFO:megatron.core.datasets.gpt_dataset:	Load the sample index from 915ab8cb604230d8bc15cddca19e1457-GPTDataset-train-sample_index.npy
 0: INFO:megatron.core.datasets.gpt_dataset:	Load the sample index from 76a3d6e7f425bf0d39a34fb92363d71d-GPTDataset-train-sample_index.npy
 0: INFO:megatron.core.datasets.gpt_dataset:	Load the shuffle index from a89b65e4ea2ab7159ebb561c653eb63a-GPTDataset-train-shuffle_index.npy
 0: INFO:megatron.core.datasets.gpt_dataset:	Load the shuffle index from 3f9ec5520022eaa9466eb0b7f77e0ce5-GPTDataset-train-shuffle_index.npy
 0: INFO:megatron.core.datasets.gpt_dataset:	Load the shuffle index from e7945d55d0b14a6a819aa0bce0cfad0c-GPTDataset-train-shuffle_index.npy
 0: INFO:megatron.core.datasets.gpt_dataset:	Load the shuffle index from 7b6dbcc6999e41911d7ce0edcf079327-GPTDataset-train-shuffle_index.npy
 0: INFO:megatron.core.datasets.gpt_dataset:	Load the shuffle index from 1b2bacb7c3ee2d5b588491a79d675e68-GPTDataset-train-shuffle_index.npy
 0: INFO:megatron.core.datasets.gpt_dataset:	Load the shuffle index from d866b8c3eaca0d0bfb7d3ff24522f41e-GPTDataset-train-shuffle_index.npy
 0: INFO:megatron.core.datasets.gpt_dataset:	Load the shuffle index from 76a3d6e7f425bf0d39a34fb92363d71d-GPTDataset-train-shuffle_index.npy
 0: INFO:megatron.core.datasets.gpt_dataset:	Load the shuffle index from 915ab8cb604230d8bc15cddca19e1457-GPTDataset-train-shuffle_index.npy
 0: INFO:megatron.core.datasets.gpt_dataset:> total number of samples: 122293
 0: INFO:megatron.core.datasets.gpt_dataset:> total number of samples: 122129
 0: INFO:megatron.core.datasets.gpt_dataset:> total number of samples: 121738
 0: INFO:megatron.core.datasets.gpt_dataset:> total number of samples: 122216
 0: INFO:megatron.core.datasets.gpt_dataset:> total number of samples: 122144
 0: INFO:megatron.core.datasets.gpt_dataset:> total number of samples: 122172
 0: INFO:megatron.core.datasets.gpt_dataset:> total number of samples: 121997
 0: INFO:megatron.core.datasets.indexed_dataset:Load the _IndexReader from /iopsstor/scratch/cscs/elyulina/datasets/tokenized/fineweb-edu-dedup-160B-datatrove_0.25/dump_0/00008_tokens.idx
 0: INFO:megatron.core.datasets.gpt_dataset:> total number of samples: 122105
 0: INFO:megatron.core.datasets.indexed_dataset:Load the _IndexReader from /iopsstor/scratch/cscs/elyulina/datasets/tokenized/fineweb-edu-dedup-160B-datatrove_0.25/dump_0/00010_tokens.idx
 0: INFO:megatron.core.datasets.indexed_dataset:Load the _IndexReader from /iopsstor/scratch/cscs/elyulina/datasets/tokenized/fineweb-edu-dedup-160B-datatrove_0.25/dump_0/00009_tokens.idx
 0: INFO:megatron.core.datasets.indexed_dataset:Load the _IndexReader from /iopsstor/scratch/cscs/elyulina/datasets/tokenized/fineweb-edu-dedup-160B-datatrove_0.25/dump_0/00012_tokens.idx
 0: INFO:megatron.core.datasets.indexed_dataset:Load the _IndexReader from /iopsstor/scratch/cscs/elyulina/datasets/tokenized/fineweb-edu-dedup-160B-datatrove_0.25/dump_0/00011_tokens.idx
 0: INFO:megatron.core.datasets.indexed_dataset:Load the _IndexReader from /iopsstor/scratch/cscs/elyulina/datasets/tokenized/fineweb-edu-dedup-160B-datatrove_0.25/dump_0/00013_tokens.idx
 0: INFO:megatron.core.datasets.indexed_dataset:Load the _IndexReader from /iopsstor/scratch/cscs/elyulina/datasets/tokenized/fineweb-edu-dedup-160B-datatrove_0.25/dump_0/00014_tokens.idx
 0: INFO:megatron.core.datasets.indexed_dataset:Load the _IndexReader from /iopsstor/scratch/cscs/elyulina/datasets/tokenized/fineweb-edu-dedup-160B-datatrove_0.25/dump_0/00015_tokens.idx
 0: INFO:megatron.core.datasets.indexed_dataset:	Extract the sequence lengths
 0: INFO:megatron.core.datasets.indexed_dataset:	Extract the sequence pointers
 0: INFO:megatron.core.datasets.indexed_dataset:	Extract the document indices
 0: INFO:megatron.core.datasets.indexed_dataset:	Extract the sequence lengths
 0: INFO:megatron.core.datasets.indexed_dataset:> total number of sequences: 1007500
 0: INFO:megatron.core.datasets.indexed_dataset:	Extract the sequence pointers
 0: INFO:megatron.core.datasets.indexed_dataset:	Extract the sequence lengths
 0: INFO:megatron.core.datasets.indexed_dataset:	Extract the sequence lengths
 0: INFO:megatron.core.datasets.indexed_dataset:> total number of documents: 1007500
 0: INFO:megatron.core.datasets.indexed_dataset:	Extract the sequence lengths
 0: INFO:megatron.core.datasets.indexed_dataset:	Extract the sequence lengths
 0: INFO:megatron.core.datasets.indexed_dataset:	Extract the document indices
 0: INFO:megatron.core.datasets.indexed_dataset:	Extract the sequence lengths
 0: INFO:megatron.core.datasets.indexed_dataset:	Extract the sequence pointers
 0: INFO:megatron.core.datasets.indexed_dataset:	Extract the sequence lengths
 0: INFO:megatron.core.datasets.indexed_dataset:	Extract the sequence pointers
 0: INFO:megatron.core.datasets.indexed_dataset:	Extract the sequence pointers
 0: INFO:megatron.core.datasets.indexed_dataset:	Extract the sequence pointers
 0: INFO:megatron.core.datasets.indexed_dataset:> total number of sequences: 1010000
 0: INFO:megatron.core.datasets.indexed_dataset:	Extract the sequence pointers
 0: INFO:megatron.core.datasets.indexed_dataset:	Extract the document indices
 0: INFO:megatron.core.datasets.indexed_dataset:	Extract the sequence pointers
 0: INFO:megatron.core.datasets.indexed_dataset:	Extract the document indices
 0: INFO:megatron.core.datasets.indexed_dataset:	Extract the document indices
 0: INFO:megatron.core.datasets.gpt_dataset:Load the GPTDataset train indices
 0: INFO:megatron.core.datasets.indexed_dataset:	Extract the document indices
 0: INFO:megatron.core.datasets.indexed_dataset:> total number of documents: 1010000
 0: INFO:megatron.core.datasets.indexed_dataset:	Extract the document indices
 0: INFO:megatron.core.datasets.indexed_dataset:> total number of sequences: 1010000
 0: INFO:megatron.core.datasets.indexed_dataset:	Extract the document indices
 0: INFO:megatron.core.datasets.indexed_dataset:> total number of sequences: 1012500
 0: INFO:megatron.core.datasets.indexed_dataset:> total number of sequences: 1010000
 0: INFO:megatron.core.datasets.gpt_dataset:	Load the document index from 1e478b4a7f08c8a1ecacd7bdf434f16b-GPTDataset-train-document_index.npy
 0: INFO:megatron.core.datasets.indexed_dataset:> total number of sequences: 1010000
 0: INFO:megatron.core.datasets.indexed_dataset:> total number of sequences: 1010000
 0: INFO:megatron.core.datasets.indexed_dataset:> total number of documents: 1010000
 0: INFO:megatron.core.datasets.indexed_dataset:> total number of sequences: 1012500
 0: INFO:megatron.core.datasets.indexed_dataset:> total number of documents: 1012500
 0: INFO:megatron.core.datasets.indexed_dataset:> total number of documents: 1010000
 0: INFO:megatron.core.datasets.indexed_dataset:> total number of documents: 1010000
 0: INFO:megatron.core.datasets.indexed_dataset:> total number of documents: 1010000
 0: INFO:megatron.core.datasets.indexed_dataset:> total number of documents: 1012500
 0: INFO:megatron.core.datasets.gpt_dataset:Load the GPTDataset train indices
 0: INFO:megatron.core.datasets.gpt_dataset:Load the GPTDataset train indices
 0: INFO:megatron.core.datasets.gpt_dataset:Load the GPTDataset train indices
 0: INFO:megatron.core.datasets.gpt_dataset:Load the GPTDataset train indices
 0: INFO:megatron.core.datasets.gpt_dataset:	Load the document index from 6bc6a36e8dc0c7c5ed89104fdb06968b-GPTDataset-train-document_index.npy
 0: INFO:megatron.core.datasets.gpt_dataset:Load the GPTDataset train indices
 0: INFO:megatron.core.datasets.gpt_dataset:Load the GPTDataset train indices
 0: INFO:megatron.core.datasets.gpt_dataset:	Load the document index from f4e8cae8a5dfe784104866bf270e7fa5-GPTDataset-train-document_index.npy
 0: INFO:megatron.core.datasets.gpt_dataset:	Load the document index from 8dc1e9da1109a20cce2fd639ce7375b2-GPTDataset-train-document_index.npy
 0: INFO:megatron.core.datasets.gpt_dataset:	Load the document index from b5e5c92190160c5a513ee59f974bb32c-GPTDataset-train-document_index.npy
 0: INFO:megatron.core.datasets.gpt_dataset:Load the GPTDataset train indices
 0: INFO:megatron.core.datasets.gpt_dataset:	Load the sample index from 1e478b4a7f08c8a1ecacd7bdf434f16b-GPTDataset-train-sample_index.npy
 0: INFO:megatron.core.datasets.gpt_dataset:	Load the document index from 5029826f57725a5990040c7861075fd4-GPTDataset-train-document_index.npy
 0: INFO:megatron.core.datasets.gpt_dataset:	Load the document index from 4a169cd7053d7d9ae00395c12a927951-GPTDataset-train-document_index.npy
 0: INFO:megatron.core.datasets.gpt_dataset:	Load the document index from 4ad037125f655af6e80d4d7e94132b78-GPTDataset-train-document_index.npy
 0: INFO:megatron.core.datasets.gpt_dataset:	Load the shuffle index from 1e478b4a7f08c8a1ecacd7bdf434f16b-GPTDataset-train-shuffle_index.npy
 0: INFO:megatron.core.datasets.gpt_dataset:	Load the sample index from f4e8cae8a5dfe784104866bf270e7fa5-GPTDataset-train-sample_index.npy
 0: INFO:megatron.core.datasets.gpt_dataset:	Load the sample index from 8dc1e9da1109a20cce2fd639ce7375b2-GPTDataset-train-sample_index.npy
 0: INFO:megatron.core.datasets.gpt_dataset:	Load the sample index from 4ad037125f655af6e80d4d7e94132b78-GPTDataset-train-sample_index.npy
 0: INFO:megatron.core.datasets.gpt_dataset:	Load the sample index from b5e5c92190160c5a513ee59f974bb32c-GPTDataset-train-sample_index.npy
 0: INFO:megatron.core.datasets.gpt_dataset:> total number of samples: 122680
 0: INFO:megatron.core.datasets.gpt_dataset:	Load the sample index from 6bc6a36e8dc0c7c5ed89104fdb06968b-GPTDataset-train-sample_index.npy
 0: INFO:megatron.core.datasets.gpt_dataset:	Load the sample index from 4a169cd7053d7d9ae00395c12a927951-GPTDataset-train-sample_index.npy
 0: INFO:megatron.core.datasets.gpt_dataset:	Load the sample index from 5029826f57725a5990040c7861075fd4-GPTDataset-train-sample_index.npy
 0: INFO:megatron.core.datasets.indexed_dataset:Load the _IndexReader from /iopsstor/scratch/cscs/elyulina/datasets/tokenized/fineweb-edu-dedup-160B-datatrove_0.25/dump_0/00016_tokens.idx
 0: INFO:megatron.core.datasets.gpt_dataset:	Load the shuffle index from 4ad037125f655af6e80d4d7e94132b78-GPTDataset-train-shuffle_index.npy
 0: INFO:megatron.core.datasets.gpt_dataset:	Load the shuffle index from 8dc1e9da1109a20cce2fd639ce7375b2-GPTDataset-train-shuffle_index.npy
 0: INFO:megatron.core.datasets.gpt_dataset:	Load the shuffle index from b5e5c92190160c5a513ee59f974bb32c-GPTDataset-train-shuffle_index.npy
 0: INFO:megatron.core.datasets.gpt_dataset:	Load the shuffle index from f4e8cae8a5dfe784104866bf270e7fa5-GPTDataset-train-shuffle_index.npy
 0: INFO:megatron.core.datasets.gpt_dataset:	Load the shuffle index from 6bc6a36e8dc0c7c5ed89104fdb06968b-GPTDataset-train-shuffle_index.npy
 0: INFO:megatron.core.datasets.indexed_dataset:	Extract the sequence lengths
 0: INFO:megatron.core.datasets.indexed_dataset:	Extract the sequence pointers
 0: INFO:megatron.core.datasets.gpt_dataset:	Load the shuffle index from 4a169cd7053d7d9ae00395c12a927951-GPTDataset-train-shuffle_index.npy
 0: INFO:megatron.core.datasets.indexed_dataset:	Extract the document indices
 0: INFO:megatron.core.datasets.gpt_dataset:	Load the shuffle index from 5029826f57725a5990040c7861075fd4-GPTDataset-train-shuffle_index.npy
 0: INFO:megatron.core.datasets.indexed_dataset:> total number of sequences: 1012500
 0: INFO:megatron.core.datasets.gpt_dataset:> total number of samples: 122062
 0: INFO:megatron.core.datasets.gpt_dataset:> total number of samples: 122106
 0: INFO:megatron.core.datasets.gpt_dataset:> total number of samples: 121843
 0: INFO:megatron.core.datasets.gpt_dataset:> total number of samples: 122260
 0: INFO:megatron.core.datasets.indexed_dataset:> total number of documents: 1012500
 0: INFO:megatron.core.datasets.gpt_dataset:> total number of samples: 122364
 0: INFO:megatron.core.datasets.gpt_dataset:> total number of samples: 122013
 0: INFO:megatron.core.datasets.indexed_dataset:Load the _IndexReader from /iopsstor/scratch/cscs/elyulina/datasets/tokenized/fineweb-edu-dedup-160B-datatrove_0.25/dump_0/00017_tokens.idx
 0: INFO:megatron.core.datasets.indexed_dataset:Load the _IndexReader from /iopsstor/scratch/cscs/elyulina/datasets/tokenized/fineweb-edu-dedup-160B-datatrove_0.25/dump_0/00018_tokens.idx
 0: INFO:megatron.core.datasets.indexed_dataset:Load the _IndexReader from /iopsstor/scratch/cscs/elyulina/datasets/tokenized/fineweb-edu-dedup-160B-datatrove_0.25/dump_0/00019_tokens.idx
 0: INFO:megatron.core.datasets.gpt_dataset:Load the GPTDataset train indices
 0: INFO:megatron.core.datasets.indexed_dataset:Load the _IndexReader from /iopsstor/scratch/cscs/elyulina/datasets/tokenized/fineweb-edu-dedup-160B-datatrove_0.25/dump_1/00000_tokens.idx
 0: INFO:megatron.core.datasets.gpt_dataset:	Load the document index from 6e7436d075826338db9e86434c7397d7-GPTDataset-train-document_index.npy
 0: INFO:megatron.core.datasets.gpt_dataset:> total number of samples: 122579
 0: INFO:megatron.core.datasets.indexed_dataset:Load the _IndexReader from /iopsstor/scratch/cscs/elyulina/datasets/tokenized/fineweb-edu-dedup-160B-datatrove_0.25/dump_1/00001_tokens.idx
 0: INFO:megatron.core.datasets.indexed_dataset:Load the _IndexReader from /iopsstor/scratch/cscs/elyulina/datasets/tokenized/fineweb-edu-dedup-160B-datatrove_0.25/dump_1/00002_tokens.idx
 0: INFO:megatron.core.datasets.indexed_dataset:	Extract the sequence lengths
 0: INFO:megatron.core.datasets.indexed_dataset:	Extract the sequence pointers
 0: INFO:megatron.core.datasets.indexed_dataset:	Extract the sequence lengths
 0: INFO:megatron.core.datasets.indexed_dataset:	Extract the sequence lengths
 0: INFO:megatron.core.datasets.indexed_dataset:	Extract the document indices
 0: INFO:megatron.core.datasets.indexed_dataset:	Extract the sequence lengths
 0: INFO:megatron.core.datasets.indexed_dataset:	Extract the sequence pointers
 0: INFO:megatron.core.datasets.indexed_dataset:Load the _IndexReader from /iopsstor/scratch/cscs/elyulina/datasets/tokenized/fineweb-edu-dedup-160B-datatrove_0.25/dump_1/00003_tokens.idx
 0: INFO:megatron.core.datasets.indexed_dataset:	Extract the sequence lengths
 0: INFO:megatron.core.datasets.indexed_dataset:	Extract the sequence pointers
 0: INFO:megatron.core.datasets.indexed_dataset:> total number of sequences: 1015855
 0: INFO:megatron.core.datasets.indexed_dataset:	Extract the sequence pointers
 0: INFO:megatron.core.datasets.indexed_dataset:	Extract the document indices
 0: INFO:megatron.core.datasets.indexed_dataset:	Extract the sequence lengths
 0: INFO:megatron.core.datasets.indexed_dataset:	Extract the sequence pointers
 0: INFO:megatron.core.datasets.indexed_dataset:	Extract the document indices
 0: INFO:megatron.core.datasets.indexed_dataset:> total number of documents: 1015855
 0: INFO:megatron.core.datasets.indexed_dataset:	Extract the document indices
 0: INFO:megatron.core.datasets.indexed_dataset:> total number of sequences: 1015855
 0: INFO:megatron.core.datasets.gpt_dataset:	Load the sample index from 6e7436d075826338db9e86434c7397d7-GPTDataset-train-sample_index.npy
 0: INFO:megatron.core.datasets.indexed_dataset:	Extract the sequence pointers
 0: INFO:megatron.core.datasets.indexed_dataset:	Extract the document indices
 0: INFO:megatron.core.datasets.indexed_dataset:> total number of sequences: 1015000
 0: INFO:megatron.core.datasets.indexed_dataset:> total number of sequences: 997500
 0: INFO:megatron.core.datasets.indexed_dataset:> total number of documents: 1015855
 0: INFO:megatron.core.datasets.indexed_dataset:	Extract the sequence lengths
 0: INFO:megatron.core.datasets.indexed_dataset:	Extract the document indices
 0: INFO:megatron.core.datasets.indexed_dataset:> total number of sequences: 1000000
 0: INFO:megatron.core.datasets.indexed_dataset:> total number of documents: 1015000
 0: INFO:megatron.core.datasets.indexed_dataset:> total number of documents: 997500
 0: INFO:megatron.core.datasets.gpt_dataset:Load the GPTDataset train indices
 0: INFO:megatron.core.datasets.indexed_dataset:	Extract the sequence pointers
 0: INFO:megatron.core.datasets.indexed_dataset:> total number of sequences: 1005000
 0: INFO:megatron.core.datasets.indexed_dataset:> total number of documents: 1000000
 0: INFO:megatron.core.datasets.gpt_dataset:	Load the document index from 471a6a8ef0b5957dbc4bd8d06184dac3-GPTDataset-train-document_index.npy
 0: INFO:megatron.core.datasets.indexed_dataset:	Extract the document indices
 0: INFO:megatron.core.datasets.gpt_dataset:Load the GPTDataset train indices
 0: INFO:megatron.core.datasets.indexed_dataset:> total number of documents: 1005000
 0: INFO:megatron.core.datasets.gpt_dataset:Load the GPTDataset train indices
 0: INFO:megatron.core.datasets.gpt_dataset:	Load the shuffle index from 6e7436d075826338db9e86434c7397d7-GPTDataset-train-shuffle_index.npy
 0: INFO:megatron.core.datasets.gpt_dataset:Load the GPTDataset train indices
 0: INFO:megatron.core.datasets.indexed_dataset:> total number of sequences: 1002500
 0: INFO:megatron.core.datasets.gpt_dataset:Load the GPTDataset train indices
 0: INFO:megatron.core.datasets.gpt_dataset:	Load the document index from 7c568d8ceb7c4042de30d6a1cedebf13-GPTDataset-train-document_index.npy
 0: INFO:megatron.core.datasets.gpt_dataset:	Load the document index from 0b8ab6e31f3dc23ff962af4eb4dc24a8-GPTDataset-train-document_index.npy
 0: INFO:megatron.core.datasets.gpt_dataset:	Load the document index from d5ad77d5d973696152d9031c95d184fe-GPTDataset-train-document_index.npy
 0: INFO:megatron.core.datasets.indexed_dataset:> total number of documents: 1002500
 0: INFO:megatron.core.datasets.gpt_dataset:	Load the document index from 1fe6a2cbc11b2847186842d70fc06215-GPTDataset-train-document_index.npy
 0: INFO:megatron.core.datasets.gpt_dataset:Load the GPTDataset train indices
 0: INFO:megatron.core.datasets.gpt_dataset:> total number of samples: 122118
 0: INFO:megatron.core.datasets.gpt_dataset:	Load the document index from 0070d6e3617d570c62dd6fa3cd4dd15a-GPTDataset-train-document_index.npy
 0: INFO:megatron.core.datasets.gpt_dataset:	Load the sample index from 471a6a8ef0b5957dbc4bd8d06184dac3-GPTDataset-train-sample_index.npy
 0: INFO:megatron.core.datasets.gpt_dataset:Load the GPTDataset train indices
 0: INFO:megatron.core.datasets.gpt_dataset:	Load the document index from 0a43ff8ae94e9415c3f4aa23a153e6b6-GPTDataset-train-document_index.npy
 0: INFO:megatron.core.datasets.gpt_dataset:	Load the sample index from 7c568d8ceb7c4042de30d6a1cedebf13-GPTDataset-train-sample_index.npy
 0: INFO:megatron.core.datasets.gpt_dataset:	Load the sample index from 0b8ab6e31f3dc23ff962af4eb4dc24a8-GPTDataset-train-sample_index.npy
 0: INFO:megatron.core.datasets.indexed_dataset:Load the _IndexReader from /iopsstor/scratch/cscs/elyulina/datasets/tokenized/fineweb-edu-dedup-160B-datatrove_0.25/dump_1/00004_tokens.idx
 0: INFO:megatron.core.datasets.gpt_dataset:	Load the sample index from d5ad77d5d973696152d9031c95d184fe-GPTDataset-train-sample_index.npy
 0: INFO:megatron.core.datasets.gpt_dataset:	Load the sample index from 1fe6a2cbc11b2847186842d70fc06215-GPTDataset-train-sample_index.npy
 0: INFO:megatron.core.datasets.gpt_dataset:	Load the shuffle index from 471a6a8ef0b5957dbc4bd8d06184dac3-GPTDataset-train-shuffle_index.npy
 0: INFO:megatron.core.datasets.indexed_dataset:	Extract the sequence lengths
 0: INFO:megatron.core.datasets.indexed_dataset:	Extract the sequence pointers
 0: INFO:megatron.core.datasets.gpt_dataset:	Load the shuffle index from 0b8ab6e31f3dc23ff962af4eb4dc24a8-GPTDataset-train-shuffle_index.npy
 0: INFO:megatron.core.datasets.indexed_dataset:	Extract the document indices
 0: INFO:megatron.core.datasets.gpt_dataset:	Load the sample index from 0070d6e3617d570c62dd6fa3cd4dd15a-GPTDataset-train-sample_index.npy
 0: INFO:megatron.core.datasets.gpt_dataset:	Load the shuffle index from 7c568d8ceb7c4042de30d6a1cedebf13-GPTDataset-train-shuffle_index.npy
 0: INFO:megatron.core.datasets.gpt_dataset:	Load the shuffle index from d5ad77d5d973696152d9031c95d184fe-GPTDataset-train-shuffle_index.npy
 0: INFO:megatron.core.datasets.gpt_dataset:	Load the sample index from 0a43ff8ae94e9415c3f4aa23a153e6b6-GPTDataset-train-sample_index.npy
 0: INFO:megatron.core.datasets.indexed_dataset:> total number of sequences: 1005000
 0: INFO:megatron.core.datasets.gpt_dataset:> total number of samples: 121969
 0: INFO:megatron.core.datasets.gpt_dataset:	Load the shuffle index from 1fe6a2cbc11b2847186842d70fc06215-GPTDataset-train-shuffle_index.npy
 0: INFO:megatron.core.datasets.indexed_dataset:> total number of documents: 1005000
 0: INFO:megatron.core.datasets.gpt_dataset:> total number of samples: 122187
 0: INFO:megatron.core.datasets.gpt_dataset:> total number of samples: 121785
 0: INFO:megatron.core.datasets.gpt_dataset:Load the GPTDataset train indices
 0: INFO:megatron.core.datasets.gpt_dataset:	Load the document index from 7025e238a488d092d8f4deb94ce23d1f-GPTDataset-train-document_index.npy
 0: INFO:megatron.core.datasets.indexed_dataset:Load the _IndexReader from /iopsstor/scratch/cscs/elyulina/datasets/tokenized/fineweb-edu-dedup-160B-datatrove_0.25/dump_1/00005_tokens.idx
 0: INFO:megatron.core.datasets.gpt_dataset:	Load the shuffle index from 0070d6e3617d570c62dd6fa3cd4dd15a-GPTDataset-train-shuffle_index.npy
 0: INFO:megatron.core.datasets.indexed_dataset:Load the _IndexReader from /iopsstor/scratch/cscs/elyulina/datasets/tokenized/fineweb-edu-dedup-160B-datatrove_0.25/dump_1/00007_tokens.idx
 0: INFO:megatron.core.datasets.indexed_dataset:Load the _IndexReader from /iopsstor/scratch/cscs/elyulina/datasets/tokenized/fineweb-edu-dedup-160B-datatrove_0.25/dump_1/00006_tokens.idx
 0: INFO:megatron.core.datasets.gpt_dataset:> total number of samples: 122229
 0: INFO:megatron.core.datasets.gpt_dataset:	Load the shuffle index from 0a43ff8ae94e9415c3f4aa23a153e6b6-GPTDataset-train-shuffle_index.npy
 0: INFO:megatron.core.datasets.indexed_dataset:	Extract the sequence lengths
 0: INFO:megatron.core.datasets.gpt_dataset:> total number of samples: 122035
 0: INFO:megatron.core.datasets.indexed_dataset:	Extract the sequence pointers
 0: INFO:megatron.core.datasets.indexed_dataset:	Extract the document indices
 0: INFO:megatron.core.datasets.indexed_dataset:> total number of sequences: 1005000
 0: INFO:megatron.core.datasets.indexed_dataset:> total number of documents: 1005000
 0: INFO:megatron.core.datasets.indexed_dataset:	Extract the sequence lengths
 0: INFO:megatron.core.datasets.indexed_dataset:	Extract the sequence lengths
 0: INFO:megatron.core.datasets.indexed_dataset:	Extract the sequence pointers
 0: INFO:megatron.core.datasets.gpt_dataset:> total number of samples: 122557
 0: INFO:megatron.core.datasets.indexed_dataset:Load the _IndexReader from /iopsstor/scratch/cscs/elyulina/datasets/tokenized/fineweb-edu-dedup-160B-datatrove_0.25/dump_1/00008_tokens.idx
 0: INFO:megatron.core.datasets.indexed_dataset:	Extract the sequence pointers
 0: INFO:megatron.core.datasets.indexed_dataset:	Extract the document indices
 0: INFO:megatron.core.datasets.gpt_dataset:Load the GPTDataset train indices
 0: INFO:megatron.core.datasets.gpt_dataset:	Load the sample index from 7025e238a488d092d8f4deb94ce23d1f-GPTDataset-train-sample_index.npy
 0: INFO:megatron.core.datasets.indexed_dataset:Load the _IndexReader from /iopsstor/scratch/cscs/elyulina/datasets/tokenized/fineweb-edu-dedup-160B-datatrove_0.25/dump_1/00009_tokens.idx
 0: INFO:megatron.core.datasets.indexed_dataset:	Extract the document indices
 0: INFO:megatron.core.datasets.indexed_dataset:> total number of sequences: 1007500
 0: INFO:megatron.core.datasets.gpt_dataset:	Load the document index from 7393370efc6f80a3997ee77ee7f10242-GPTDataset-train-document_index.npy
 0: INFO:megatron.core.datasets.gpt_dataset:> total number of samples: 122028
 0: INFO:megatron.core.datasets.indexed_dataset:Load the _IndexReader from /iopsstor/scratch/cscs/elyulina/datasets/tokenized/fineweb-edu-dedup-160B-datatrove_0.25/dump_1/00010_tokens.idx
 0: INFO:megatron.core.datasets.indexed_dataset:> total number of sequences: 1005000
 0: INFO:megatron.core.datasets.indexed_dataset:> total number of documents: 1007500
 0: INFO:megatron.core.datasets.indexed_dataset:> total number of documents: 1005000
 0: INFO:megatron.core.datasets.indexed_dataset:	Extract the sequence lengths
 0: INFO:megatron.core.datasets.indexed_dataset:	Extract the sequence pointers
 0: INFO:megatron.core.datasets.indexed_dataset:	Extract the sequence lengths
 0: INFO:megatron.core.datasets.indexed_dataset:	Extract the document indices
 0: INFO:megatron.core.datasets.indexed_dataset:	Extract the sequence pointers
 0: INFO:megatron.core.datasets.gpt_dataset:	Load the shuffle index from 7025e238a488d092d8f4deb94ce23d1f-GPTDataset-train-shuffle_index.npy
 0: INFO:megatron.core.datasets.gpt_dataset:Load the GPTDataset train indices
 0: INFO:megatron.core.datasets.indexed_dataset:> total number of sequences: 1007500
 0: INFO:megatron.core.datasets.gpt_dataset:Load the GPTDataset train indices
 0: INFO:megatron.core.datasets.indexed_dataset:Load the _IndexReader from /iopsstor/scratch/cscs/elyulina/datasets/tokenized/fineweb-edu-dedup-160B-datatrove_0.25/dump_1/00011_tokens.idx
 0: INFO:megatron.core.datasets.indexed_dataset:	Extract the sequence lengths
 0: INFO:megatron.core.datasets.indexed_dataset:	Extract the document indices
 0: INFO:megatron.core.datasets.gpt_dataset:	Load the document index from 9013f58fc2124a83c18aa10d18828db9-GPTDataset-train-document_index.npy
 0: INFO:megatron.core.datasets.indexed_dataset:> total number of documents: 1007500
 0: INFO:megatron.core.datasets.gpt_dataset:	Load the document index from dbaf98bcdab0f47c6d47d5c29af3d384-GPTDataset-train-document_index.npy
 0: INFO:megatron.core.datasets.indexed_dataset:	Extract the sequence pointers
 0: INFO:megatron.core.datasets.indexed_dataset:> total number of sequences: 1010000
 0: INFO:megatron.core.datasets.gpt_dataset:	Load the sample index from 7393370efc6f80a3997ee77ee7f10242-GPTDataset-train-sample_index.npy
 0: INFO:megatron.core.datasets.indexed_dataset:	Extract the document indices
 0: INFO:megatron.core.datasets.indexed_dataset:> total number of documents: 1010000
 0: INFO:megatron.core.datasets.gpt_dataset:> total number of samples: 122626
 0: INFO:megatron.core.datasets.indexed_dataset:> total number of sequences: 1010000
 0: INFO:megatron.core.datasets.indexed_dataset:	Extract the sequence lengths
 0: INFO:megatron.core.datasets.gpt_dataset:Load the GPTDataset train indices
 0: INFO:megatron.core.datasets.indexed_dataset:> total number of documents: 1010000
 0: INFO:megatron.core.datasets.indexed_dataset:	Extract the sequence pointers
 0: INFO:megatron.core.datasets.gpt_dataset:	Load the document index from d8c9f76e77105b25cb474961139e85bf-GPTDataset-train-document_index.npy
 0: INFO:megatron.core.datasets.gpt_dataset:Load the GPTDataset train indices
 0: INFO:megatron.core.datasets.indexed_dataset:Load the _IndexReader from /iopsstor/scratch/cscs/elyulina/datasets/tokenized/fineweb-edu-dedup-160B-datatrove_0.25/dump_1/00012_tokens.idx
 0: INFO:megatron.core.datasets.indexed_dataset:	Extract the document indices
 0: INFO:megatron.core.datasets.gpt_dataset:	Load the sample index from 9013f58fc2124a83c18aa10d18828db9-GPTDataset-train-sample_index.npy
 0: INFO:megatron.core.datasets.gpt_dataset:	Load the shuffle index from 7393370efc6f80a3997ee77ee7f10242-GPTDataset-train-shuffle_index.npy
 0: INFO:megatron.core.datasets.gpt_dataset:	Load the document index from 6dea74f5d300cad783ac791f835a87a4-GPTDataset-train-document_index.npy
 0: INFO:megatron.core.datasets.gpt_dataset:Load the GPTDataset train indices
 0: INFO:megatron.core.datasets.gpt_dataset:	Load the sample index from dbaf98bcdab0f47c6d47d5c29af3d384-GPTDataset-train-sample_index.npy
 0: INFO:megatron.core.datasets.indexed_dataset:> total number of sequences: 1010000
 0: INFO:megatron.core.datasets.gpt_dataset:	Load the document index from ec880b1266d2fa781596289e07cdd47f-GPTDataset-train-document_index.npy
 0: INFO:megatron.core.datasets.indexed_dataset:> total number of documents: 1010000
 0: INFO:megatron.core.datasets.indexed_dataset:	Extract the sequence lengths
 0: INFO:megatron.core.datasets.indexed_dataset:	Extract the sequence pointers
 0: INFO:megatron.core.datasets.indexed_dataset:	Extract the document indices
 0: INFO:megatron.core.datasets.indexed_dataset:> total number of sequences: 1012500
 0: INFO:megatron.core.datasets.gpt_dataset:Load the GPTDataset train indices
 0: INFO:megatron.core.datasets.gpt_dataset:	Load the sample index from d8c9f76e77105b25cb474961139e85bf-GPTDataset-train-sample_index.npy
 0: INFO:megatron.core.datasets.indexed_dataset:> total number of documents: 1012500
 0: INFO:megatron.core.datasets.gpt_dataset:	Load the shuffle index from 9013f58fc2124a83c18aa10d18828db9-GPTDataset-train-shuffle_index.npy
 0: INFO:megatron.core.datasets.gpt_dataset:	Load the document index from 18eb74ef791cf354c6c4e825f9c07103-GPTDataset-train-document_index.npy
 0: INFO:megatron.core.datasets.gpt_dataset:> total number of samples: 122037
 0: INFO:megatron.core.datasets.gpt_dataset:	Load the sample index from 6dea74f5d300cad783ac791f835a87a4-GPTDataset-train-sample_index.npy
 0: INFO:megatron.core.datasets.gpt_dataset:	Load the sample index from ec880b1266d2fa781596289e07cdd47f-GPTDataset-train-sample_index.npy
 0: INFO:megatron.core.datasets.gpt_dataset:	Load the shuffle index from dbaf98bcdab0f47c6d47d5c29af3d384-GPTDataset-train-shuffle_index.npy
 0: INFO:megatron.core.datasets.gpt_dataset:Load the GPTDataset train indices
 0: INFO:megatron.core.datasets.gpt_dataset:	Load the document index from 4dcce04223dd129e022ef40378fbbc20-GPTDataset-train-document_index.npy
 0: INFO:megatron.core.datasets.indexed_dataset:Load the _IndexReader from /iopsstor/scratch/cscs/elyulina/datasets/tokenized/fineweb-edu-dedup-160B-datatrove_0.25/dump_1/00013_tokens.idx
 0: INFO:megatron.core.datasets.gpt_dataset:> total number of samples: 122691
 0: INFO:megatron.core.datasets.gpt_dataset:	Load the shuffle index from d8c9f76e77105b25cb474961139e85bf-GPTDataset-train-shuffle_index.npy
 0: INFO:megatron.core.datasets.indexed_dataset:Load the _IndexReader from /iopsstor/scratch/cscs/elyulina/datasets/tokenized/fineweb-edu-dedup-160B-datatrove_0.25/dump_1/00014_tokens.idx
 0: INFO:megatron.core.datasets.gpt_dataset:	Load the shuffle index from 6dea74f5d300cad783ac791f835a87a4-GPTDataset-train-shuffle_index.npy
 0: INFO:megatron.core.datasets.indexed_dataset:	Extract the sequence lengths
 0: INFO:megatron.core.datasets.gpt_dataset:	Load the sample index from 18eb74ef791cf354c6c4e825f9c07103-GPTDataset-train-sample_index.npy
 0: INFO:megatron.core.datasets.indexed_dataset:	Extract the sequence pointers
 0: INFO:megatron.core.datasets.gpt_dataset:> total number of samples: 122010
 0: INFO:megatron.core.datasets.gpt_dataset:	Load the shuffle index from ec880b1266d2fa781596289e07cdd47f-GPTDataset-train-shuffle_index.npy
 0: INFO:megatron.core.datasets.indexed_dataset:	Extract the document indices
 0: INFO:megatron.core.datasets.indexed_dataset:	Extract the sequence lengths
 0: INFO:megatron.core.datasets.gpt_dataset:	Load the sample index from 4dcce04223dd129e022ef40378fbbc20-GPTDataset-train-sample_index.npy
 0: INFO:megatron.core.datasets.indexed_dataset:> total number of sequences: 1012500
 0: INFO:megatron.core.datasets.gpt_dataset:> total number of samples: 122433
 0: INFO:megatron.core.datasets.indexed_dataset:	Extract the sequence pointers
 0: INFO:megatron.core.datasets.indexed_dataset:Load the _IndexReader from /iopsstor/scratch/cscs/elyulina/datasets/tokenized/fineweb-edu-dedup-160B-datatrove_0.25/dump_1/00015_tokens.idx
 0: INFO:megatron.core.datasets.indexed_dataset:> total number of documents: 1012500
 0: INFO:megatron.core.datasets.gpt_dataset:> total number of samples: 122180
 0: INFO:megatron.core.datasets.gpt_dataset:	Load the shuffle index from 18eb74ef791cf354c6c4e825f9c07103-GPTDataset-train-shuffle_index.npy
 0: INFO:megatron.core.datasets.indexed_dataset:	Extract the document indices
 0: INFO:megatron.core.datasets.gpt_dataset:> total number of samples: 122269
 0: INFO:megatron.core.datasets.indexed_dataset:> total number of sequences: 1012500
 0: INFO:megatron.core.datasets.indexed_dataset:Load the _IndexReader from /iopsstor/scratch/cscs/elyulina/datasets/tokenized/fineweb-edu-dedup-160B-datatrove_0.25/dump_1/00016_tokens.idx
 0: INFO:megatron.core.datasets.gpt_dataset:Load the GPTDataset train indices
 0: INFO:megatron.core.datasets.indexed_dataset:> total number of documents: 1012500
 0: INFO:megatron.core.datasets.indexed_dataset:	Extract the sequence lengths
 0: INFO:megatron.core.datasets.gpt_dataset:	Load the shuffle index from 4dcce04223dd129e022ef40378fbbc20-GPTDataset-train-shuffle_index.npy
 0: INFO:megatron.core.datasets.gpt_dataset:	Load the document index from 51477fbac4d42a6bee3a42fa65d0a6da-GPTDataset-train-document_index.npy
 0: INFO:megatron.core.datasets.indexed_dataset:Load the _IndexReader from /iopsstor/scratch/cscs/elyulina/datasets/tokenized/fineweb-edu-dedup-160B-datatrove_0.25/dump_1/00017_tokens.idx
 0: INFO:megatron.core.datasets.indexed_dataset:	Extract the sequence pointers
 0: INFO:megatron.core.datasets.gpt_dataset:> total number of samples: 122119
 0: INFO:megatron.core.datasets.indexed_dataset:Load the _IndexReader from /iopsstor/scratch/cscs/elyulina/datasets/tokenized/fineweb-edu-dedup-160B-datatrove_0.25/dump_1/00018_tokens.idx
 0: INFO:megatron.core.datasets.gpt_dataset:Load the GPTDataset train indices
 0: INFO:megatron.core.datasets.indexed_dataset:	Extract the document indices
 0: INFO:megatron.core.datasets.indexed_dataset:	Extract the sequence lengths
 0: INFO:megatron.core.datasets.gpt_dataset:	Load the document index from 2517f301bcf76445b95b99a2a4674ac3-GPTDataset-train-document_index.npy
 0: INFO:megatron.core.datasets.indexed_dataset:> total number of sequences: 1015000
 0: INFO:megatron.core.datasets.indexed_dataset:	Extract the sequence pointers
 0: INFO:megatron.core.datasets.gpt_dataset:> total number of samples: 122285
 0: INFO:megatron.core.datasets.indexed_dataset:> total number of documents: 1015000
 0: INFO:megatron.core.datasets.indexed_dataset:	Extract the sequence lengths
 0: INFO:megatron.core.datasets.indexed_dataset:Load the _IndexReader from /iopsstor/scratch/cscs/elyulina/datasets/tokenized/fineweb-edu-dedup-160B-datatrove_0.25/dump_1/00019_tokens.idx
 0: INFO:megatron.core.datasets.indexed_dataset:	Extract the document indices
 0: INFO:megatron.core.datasets.indexed_dataset:	Extract the sequence pointers
 0: INFO:megatron.core.datasets.indexed_dataset:	Extract the sequence lengths
 0: INFO:megatron.core.datasets.gpt_dataset:	Load the sample index from 51477fbac4d42a6bee3a42fa65d0a6da-GPTDataset-train-sample_index.npy
 0: INFO:megatron.core.datasets.indexed_dataset:> total number of sequences: 1015000
 0: INFO:megatron.core.datasets.indexed_dataset:	Extract the document indices
 0: INFO:megatron.core.datasets.gpt_dataset:Load the GPTDataset train indices
 0: INFO:megatron.core.datasets.indexed_dataset:Load the _IndexReader from /iopsstor/scratch/cscs/elyulina/datasets/tokenized/gutenberg_rep_1_256/rep_128_tokens.idx
 0: INFO:megatron.core.datasets.indexed_dataset:	Extract the sequence pointers
 0: INFO:megatron.core.datasets.indexed_dataset:> total number of documents: 1015000
 0: INFO:megatron.core.datasets.indexed_dataset:> total number of sequences: 1015000
 0: INFO:megatron.core.datasets.gpt_dataset:	Load the document index from 4119d912769d7dd2764189b9728ba7a4-GPTDataset-train-document_index.npy
 0: INFO:megatron.core.datasets.indexed_dataset:	Extract the document indices
 0: INFO:megatron.core.datasets.indexed_dataset:	Extract the sequence lengths
 0: INFO:megatron.core.datasets.indexed_dataset:> total number of documents: 1015000
 0: INFO:megatron.core.datasets.gpt_dataset:	Load the sample index from 2517f301bcf76445b95b99a2a4674ac3-GPTDataset-train-sample_index.npy
 0: INFO:megatron.core.datasets.indexed_dataset:> total number of sequences: 1015000
 0: INFO:megatron.core.datasets.indexed_dataset:	Extract the sequence pointers
 0: INFO:megatron.core.datasets.gpt_dataset:Load the GPTDataset train indices
 0: INFO:megatron.core.datasets.indexed_dataset:> total number of documents: 1015000
 0: INFO:megatron.core.datasets.indexed_dataset:	Extract the sequence lengths
 0: INFO:megatron.core.datasets.gpt_dataset:	Load the shuffle index from 51477fbac4d42a6bee3a42fa65d0a6da-GPTDataset-train-shuffle_index.npy
 0: INFO:megatron.core.datasets.indexed_dataset:	Extract the document indices
 0: INFO:megatron.core.datasets.gpt_dataset:	Load the document index from 735498d3fc8e83d233d3bc6ef4d16784-GPTDataset-train-document_index.npy
 0: INFO:megatron.core.datasets.indexed_dataset:	Extract the sequence pointers
 0: INFO:megatron.core.datasets.gpt_dataset:Load the GPTDataset train indices
 0: INFO:megatron.core.datasets.indexed_dataset:> total number of sequences: 1015855
 0: INFO:megatron.core.datasets.indexed_dataset:	Extract the document indices
 0: INFO:megatron.core.datasets.gpt_dataset:	Load the document index from 646f8a5da24f8687ef7d72c6ae922660-GPTDataset-train-document_index.npy
 0: INFO:megatron.core.datasets.gpt_dataset:Load the GPTDataset train indices
 0: INFO:megatron.core.datasets.indexed_dataset:> total number of documents: 1015855
 0: INFO:megatron.core.datasets.indexed_dataset:> total number of sequences: 84480
 0: INFO:megatron.core.datasets.gpt_dataset:	Load the sample index from 4119d912769d7dd2764189b9728ba7a4-GPTDataset-train-sample_index.npy
 0: INFO:megatron.core.datasets.gpt_dataset:	Load the shuffle index from 2517f301bcf76445b95b99a2a4674ac3-GPTDataset-train-shuffle_index.npy
 0: INFO:megatron.core.datasets.gpt_dataset:	Load the document index from 97c6736a8e51cb7297a30b00fc337ae9-GPTDataset-train-document_index.npy
 0: INFO:megatron.core.datasets.indexed_dataset:> total number of documents: 84480
 0: INFO:megatron.core.datasets.gpt_dataset:> total number of samples: 122203
 0: INFO:megatron.core.datasets.gpt_dataset:Load the GPTDataset train indices
 0: INFO:megatron.core.datasets.gpt_dataset:	Load the document index from 8f448dad54688b59f36a542020b7de3b-GPTDataset-train-document_index.npy
 0: INFO:megatron.core.datasets.gpt_dataset:Load the GPTDataset train indices
 0: INFO:megatron.core.datasets.gpt_dataset:	Load the document index from 4c16a1837e544df41c5501d810f0483b-GPTDataset-train-document_index.npy
 0: INFO:megatron.core.datasets.gpt_dataset:	Load the sample index from 735498d3fc8e83d233d3bc6ef4d16784-GPTDataset-train-sample_index.npy
 0: INFO:megatron.core.datasets.gpt_dataset:	Load the sample index from 646f8a5da24f8687ef7d72c6ae922660-GPTDataset-train-sample_index.npy
 0: INFO:megatron.core.datasets.indexed_dataset:Load the _IndexReader from /iopsstor/scratch/cscs/elyulina/datasets/tokenized/gutenberg_rep_1_256/rep_16_tokens.idx
 0: INFO:megatron.core.datasets.gpt_dataset:	Load the shuffle index from 4119d912769d7dd2764189b9728ba7a4-GPTDataset-train-shuffle_index.npy
 0: INFO:megatron.core.datasets.gpt_dataset:> total number of samples: 122288
 0: INFO:megatron.core.datasets.gpt_dataset:	Load the sample index from 97c6736a8e51cb7297a30b00fc337ae9-GPTDataset-train-sample_index.npy
 0: INFO:megatron.core.datasets.gpt_dataset:	Load the sample index from 4c16a1837e544df41c5501d810f0483b-GPTDataset-train-sample_index.npy
 0: INFO:megatron.core.datasets.indexed_dataset:	Extract the sequence lengths
 0: INFO:megatron.core.datasets.indexed_dataset:	Extract the sequence pointers
 0: INFO:megatron.core.datasets.indexed_dataset:	Extract the document indices
 0: INFO:megatron.core.datasets.indexed_dataset:> total number of sequences: 10560
 0: INFO:megatron.core.datasets.indexed_dataset:Load the _IndexReader from /iopsstor/scratch/cscs/elyulina/datasets/tokenized/gutenberg_rep_1_256/rep_1_tokens.idx
 0: INFO:megatron.core.datasets.indexed_dataset:> total number of documents: 10560
 0: INFO:megatron.core.datasets.gpt_dataset:	Load the shuffle index from 646f8a5da24f8687ef7d72c6ae922660-GPTDataset-train-shuffle_index.npy
 0: INFO:megatron.core.datasets.gpt_dataset:	Load the shuffle index from 735498d3fc8e83d233d3bc6ef4d16784-GPTDataset-train-shuffle_index.npy
 0: INFO:megatron.core.datasets.gpt_dataset:> total number of samples: 121918
 0: INFO:megatron.core.datasets.gpt_dataset:	Load the sample index from 8f448dad54688b59f36a542020b7de3b-GPTDataset-train-sample_index.npy
 0: INFO:megatron.core.datasets.gpt_dataset:Load the GPTDataset train indices
 0: INFO:megatron.core.datasets.indexed_dataset:	Extract the sequence lengths
 0: INFO:megatron.core.datasets.gpt_dataset:	Load the document index from 58357e396bc903398b108127186cfe71-GPTDataset-train-document_index.npy
 0: INFO:megatron.core.datasets.indexed_dataset:	Extract the sequence pointers
 0: INFO:megatron.core.datasets.gpt_dataset:	Load the shuffle index from 97c6736a8e51cb7297a30b00fc337ae9-GPTDataset-train-shuffle_index.npy
 0: INFO:megatron.core.datasets.gpt_dataset:	Load the shuffle index from 4c16a1837e544df41c5501d810f0483b-GPTDataset-train-shuffle_index.npy
 0: INFO:megatron.core.datasets.indexed_dataset:Load the _IndexReader from /iopsstor/scratch/cscs/elyulina/datasets/tokenized/gutenberg_rep_1_256/rep_256_tokens.idx
 0: INFO:megatron.core.datasets.indexed_dataset:	Extract the document indices
 0: INFO:megatron.core.datasets.gpt_dataset:> total number of samples: 122255
 0: INFO:megatron.core.datasets.indexed_dataset:> total number of sequences: 660
 0: INFO:megatron.core.datasets.gpt_dataset:	Load the shuffle index from 8f448dad54688b59f36a542020b7de3b-GPTDataset-train-shuffle_index.npy
 0: INFO:megatron.core.datasets.gpt_dataset:> total number of samples: 122266
 0: INFO:megatron.core.datasets.indexed_dataset:> total number of documents: 660
 0: INFO:megatron.core.datasets.indexed_dataset:	Extract the sequence lengths
 0: INFO:megatron.core.datasets.indexed_dataset:	Extract the sequence pointers
 0: INFO:megatron.core.datasets.gpt_dataset:	Load the sample index from 58357e396bc903398b108127186cfe71-GPTDataset-train-sample_index.npy
 0: INFO:megatron.core.datasets.indexed_dataset:	Extract the document indices
 0: INFO:megatron.core.datasets.indexed_dataset:Load the _IndexReader from /iopsstor/scratch/cscs/elyulina/datasets/tokenized/gutenberg_rep_1_256/rep_2_tokens.idx
 0: INFO:megatron.core.datasets.gpt_dataset:Load the GPTDataset train indices
 0: INFO:megatron.core.datasets.gpt_dataset:> total number of samples: 84479
 0: INFO:megatron.core.datasets.indexed_dataset:> total number of sequences: 168960
 0: INFO:megatron.core.datasets.gpt_dataset:> total number of samples: 122428
 0: INFO:megatron.core.datasets.indexed_dataset:Load the _IndexReader from /iopsstor/scratch/cscs/elyulina/datasets/tokenized/gutenberg_rep_1_256/rep_32_tokens.idx
 0: INFO:megatron.core.datasets.gpt_dataset:	Load the document index from d1c1121ed9df87aebe8285b37c9e686a-GPTDataset-train-document_index.npy
 0: INFO:megatron.core.datasets.gpt_dataset:> total number of samples: 121920
 0: INFO:megatron.core.datasets.indexed_dataset:> total number of documents: 168960
 0: INFO:megatron.core.datasets.indexed_dataset:	Extract the sequence lengths
 0: INFO:megatron.core.datasets.gpt_dataset:	Load the shuffle index from 58357e396bc903398b108127186cfe71-GPTDataset-train-shuffle_index.npy
 0: INFO:megatron.core.datasets.indexed_dataset:	Extract the sequence pointers
 0: INFO:megatron.core.datasets.indexed_dataset:Load the _IndexReader from /iopsstor/scratch/cscs/elyulina/datasets/tokenized/gutenberg_rep_1_256/rep_4_tokens.idx
 0: INFO:megatron.core.datasets.indexed_dataset:Load the _IndexReader from /iopsstor/scratch/cscs/elyulina/datasets/tokenized/gutenberg_rep_1_256/rep_64_tokens.idx
 0: INFO:megatron.core.datasets.indexed_dataset:	Extract the document indices
 0: INFO:megatron.core.datasets.gpt_dataset:Load the GPTDataset train indices
 0: INFO:megatron.core.datasets.indexed_dataset:	Extract the sequence lengths
 0: INFO:megatron.core.datasets.indexed_dataset:Load the _IndexReader from /iopsstor/scratch/cscs/elyulina/datasets/tokenized/gutenberg_rep_1_256/rep_8_tokens.idx
 0: INFO:megatron.core.datasets.indexed_dataset:> total number of sequences: 1320
 0: INFO:megatron.core.datasets.gpt_dataset:	Load the sample index from d1c1121ed9df87aebe8285b37c9e686a-GPTDataset-train-sample_index.npy
 0: INFO:megatron.core.datasets.gpt_dataset:	Load the document index from eeadb232e6d0257db74b15ca120d2603-GPTDataset-train-document_index.npy
 0: INFO:megatron.core.datasets.indexed_dataset:	Extract the sequence pointers
 0: INFO:megatron.core.datasets.indexed_dataset:	Extract the sequence lengths
 0: INFO:megatron.core.datasets.indexed_dataset:	Extract the sequence lengths
 0: INFO:megatron.core.datasets.indexed_dataset:> total number of documents: 1320
 0: INFO:megatron.core.datasets.gpt_dataset:> total number of samples: 10559
 0: INFO:megatron.core.datasets.indexed_dataset:	Extract the document indices
 0: INFO:megatron.core.datasets.indexed_dataset:	Extract the sequence pointers
 0: INFO:megatron.core.datasets.indexed_dataset:	Extract the sequence pointers
 0: INFO:megatron.core.datasets.indexed_dataset:	Extract the sequence lengths
 0: INFO:megatron.core.datasets.gpt_dataset:Load the GPTDataset train indices
 0: INFO:megatron.core.datasets.indexed_dataset:> total number of sequences: 21120
 0: INFO:megatron.core.datasets.indexed_dataset:	Extract the document indices
 0: INFO:megatron.core.datasets.indexed_dataset:	Extract the document indices
 0: INFO:megatron.core.datasets.indexed_dataset:	Extract the sequence pointers
 0: INFO:megatron.core.datasets.gpt_dataset:	Load the document index from 46ee332eec9875644221f09c70a2b5e9-GPTDataset-train-document_index.npy
 0: INFO:megatron.core.datasets.indexed_dataset:> total number of documents: 21120
 0: INFO:megatron.core.datasets.gpt_dataset:	Load the shuffle index from d1c1121ed9df87aebe8285b37c9e686a-GPTDataset-train-shuffle_index.npy
 0: INFO:megatron.core.datasets.indexed_dataset:> total number of sequences: 2640
 0: INFO:megatron.core.datasets.indexed_dataset:> total number of sequences: 42240
 0: INFO:megatron.core.datasets.gpt_dataset:	Load the sample index from eeadb232e6d0257db74b15ca120d2603-GPTDataset-train-sample_index.npy
 0: INFO:megatron.core.datasets.indexed_dataset:	Extract the document indices
 0: INFO:megatron.core.datasets.indexed_dataset:> total number of documents: 2640
 0: INFO:megatron.core.datasets.indexed_dataset:> total number of documents: 42240
 0: INFO:megatron.core.datasets.gpt_dataset:Load the GPTDataset train indices
 0: INFO:megatron.core.datasets.indexed_dataset:> total number of sequences: 5280
 0: INFO:megatron.core.datasets.gpt_dataset:	Load the document index from c49dc5fdf45deaed057f8655a5bcd9c8-GPTDataset-train-document_index.npy
 0: INFO:megatron.core.datasets.gpt_dataset:Load the GPTDataset train indices
 0: INFO:megatron.core.datasets.indexed_dataset:> total number of documents: 5280
 0: INFO:megatron.core.datasets.gpt_dataset:	Load the sample index from 46ee332eec9875644221f09c70a2b5e9-GPTDataset-train-sample_index.npy
 0: INFO:megatron.core.datasets.gpt_dataset:> total number of samples: 659
 0: INFO:megatron.core.datasets.gpt_dataset:	Load the document index from 5b694166f50bff94db4826ec63175b6f-GPTDataset-train-document_index.npy
 0: INFO:megatron.core.datasets.gpt_dataset:Load the GPTDataset train indices
 0: INFO:megatron.core.datasets.gpt_dataset:Load the GPTDataset train indices
 0: INFO:megatron.core.datasets.gpt_dataset:	Load the document index from c0eb8ca9c4c46c33f7c4217485796c74-GPTDataset-train-document_index.npy
 0: INFO:megatron.core.datasets.gpt_dataset:	Load the document index from f0101a762fa30ab122300eb8327bbcc6-GPTDataset-train-document_index.npy
 0: INFO:megatron.core.datasets.gpt_dataset:	Load the shuffle index from eeadb232e6d0257db74b15ca120d2603-GPTDataset-train-shuffle_index.npy
 0: INFO:megatron.core.datasets.gpt_dataset:	Load the sample index from c49dc5fdf45deaed057f8655a5bcd9c8-GPTDataset-train-sample_index.npy
 0: INFO:megatron.core.datasets.gpt_dataset:	Load the shuffle index from 46ee332eec9875644221f09c70a2b5e9-GPTDataset-train-shuffle_index.npy
 0: INFO:megatron.core.datasets.gpt_dataset:	Load the sample index from 5b694166f50bff94db4826ec63175b6f-GPTDataset-train-sample_index.npy
 0: INFO:megatron.core.datasets.gpt_dataset:	Load the sample index from f0101a762fa30ab122300eb8327bbcc6-GPTDataset-train-sample_index.npy
 0: INFO:megatron.core.datasets.gpt_dataset:	Load the sample index from c0eb8ca9c4c46c33f7c4217485796c74-GPTDataset-train-sample_index.npy
 0: INFO:megatron.core.datasets.gpt_dataset:	Load the shuffle index from c49dc5fdf45deaed057f8655a5bcd9c8-GPTDataset-train-shuffle_index.npy
 0: INFO:megatron.core.datasets.gpt_dataset:> total number of samples: 168959
 0: INFO:megatron.core.datasets.gpt_dataset:	Load the shuffle index from 5b694166f50bff94db4826ec63175b6f-GPTDataset-train-shuffle_index.npy
 0: INFO:megatron.core.datasets.gpt_dataset:> total number of samples: 1319
 0: INFO:megatron.core.datasets.gpt_dataset:	Load the shuffle index from c0eb8ca9c4c46c33f7c4217485796c74-GPTDataset-train-shuffle_index.npy
 0: INFO:megatron.core.datasets.gpt_dataset:	Load the shuffle index from f0101a762fa30ab122300eb8327bbcc6-GPTDataset-train-shuffle_index.npy
 0: INFO:megatron.core.datasets.gpt_dataset:> total number of samples: 21119
 0: INFO:megatron.core.datasets.gpt_dataset:> total number of samples: 2639
 0: INFO:megatron.core.datasets.gpt_dataset:> total number of samples: 42239
 0: INFO:megatron.core.datasets.gpt_dataset:> total number of samples: 5279
 0: INFO:megatron.core.datasets.blended_dataset:Load the BlendedDataset indices
 0: INFO:megatron.core.datasets.blended_dataset:	Load the dataset index from /iopsstor/scratch/cscs/elyulina/datasets/cache/16555bc74714ab2930bf01910f4f668a-BlendedDataset-train-dataset_index.npy
 0: INFO:megatron.core.datasets.blended_dataset:	Load the dataset sample index from /iopsstor/scratch/cscs/elyulina/datasets/cache/16555bc74714ab2930bf01910f4f668a-BlendedDataset-train-dataset_sample_index.npy
 0: > finished creating GPT datasets ...
 0: [after dataloaders are built] datetime: 2026-08-18 04:06:41.685290 
 0: done with setup ...
 0: training ...
31: INFO:megatron.core.timers:(min, max) time across ranks (ms):
31:     model-and-optimizer-setup ......................: (246.78, 247.93)
31:     train/valid/test-data-iterators-setup ..........: (1189.90, 1233.79)
 0: Overwriting rerun_state_machine.current_iteration from -1 to 0...
 0: [before the start of training step] datetime: 2026-08-18 04:06:41.776004 
 0: Number of parameters in transformer block in billions:  0.97
 0: Number of active parameters in transformer block in billions:  0.97
 0: Number of parameters in embedding layers in billions: 0.26
 0: Total number of parameters in billions: 1.24
 0: Total number of active parameters in billions: 1.24
 0: Number of parameters in most loaded shard in billions: 1.2358
 0: compute_activation_memory_without_sp
 0: Activation memory footprint per transformer layer (precise, without SP): 1632.0 MB
 0: Theoretical memory footprints: weight and optimizer=7513.35 MB, activation=33881.60 MB, total=41394.95 MB
 0: 
31:  [2026-08-18 04:06:48.025383] iteration        1/   18141 | consumed samples:          288 | elapsed time per iteration (ms): 6249.3 | throughput per GPU (TFLOP/s/GPU): 93.9 | learning rate: 8.000000E-07 | global batch size:   288 | lm loss: 1.217183E+01 | loss scale: 1.0 | grad norm: 8.585 | params norm: 657.153 | number of skipped iterations:   0 | number of nan iterations:   0 |
 0: [Rank 0] (after 1 iterations) memory (MB) | allocated: 8235.08 | max allocated: 66660.45 | reserved: 80106.00 | max reserved: 80106.00
31: INFO:megatron.core.timers:(min, max) time across ranks (ms):
31:     forward-backward ...............................: (4590.77, 4591.03)
31:     embedding-grads-all-reduce .....................: (0.02, 0.03)
31:     all-grads-sync .................................: (369.08, 369.43)
31:     optimizer-copy-to-main-grad ....................: (0.22, 0.51)
31:     optimizer-inner-step ...........................: (3.40, 6.33)
31:     optimizer-copy-main-to-model-params ............: (0.42, 1.34)
31:     optimizer ......................................: (695.67, 696.65)
31:     batch-generator ................................: (70.20, 74.75)
31:     forward-compute ................................: (1877.68, 2413.52)
31:     backward-compute ...............................: (1358.74, 1828.35)
 0: Number of parameters in transformer block in billions:  0.97
 0: Number of active parameters in transformer block in billions:  0.97
 0: Number of parameters in embedding layers in billions: 0.26
 0: Total number of parameters in billions: 1.24
 0: Total number of active parameters in billions: 1.24
 0: Number of parameters in most loaded shard in billions: 1.2358
 0: compute_activation_memory_without_sp
 0: Activation memory footprint per transformer layer (precise, without SP): 1632.0 MB
 0: Theoretical memory footprints: weight and optimizer=7513.35 MB, activation=33881.60 MB, total=41394.95 MB
 0: 
 0: [Rank 0] (after 2 iterations) memory (MB) | allocated: 8237.10 | max allocated: 66957.95 | reserved: 80106.00 | max reserved: 80106.00
31:  [2026-08-18 04:06:50.607866] iteration        2/   18141 | consumed samples:          576 | elapsed time per iteration (ms): 4415.6 | throughput per GPU (TFLOP/s/GPU): 132.1 | learning rate: 1.600000E-06 | global batch size:   288 | lm loss: 1.217120E+01 | loss scale: 1.0 | grad norm: 8.690 | params norm: 657.153 | number of skipped iterations:   0 | number of nan iterations:   0 |
31: INFO:megatron.core.timers:(min, max) time across ranks (ms):
31:     forward-backward ...............................: (7151.18, 7151.51)
31:     embedding-grads-all-reduce .....................: (0.04, 0.05)
31:     all-grads-sync .................................: (369.27, 369.64)
31:     optimizer-copy-to-main-grad ....................: (0.40, 0.93)
31:     optimizer-inner-step ...........................: (4.02, 7.07)
31:     optimizer-copy-main-to-model-params ............: (0.76, 2.08)
31:     optimizer ......................................: (698.60, 699.96)
31:     batch-generator ................................: (74.96, 80.02)
31:     forward-compute ................................: (2776.91, 3321.42)
31:     backward-compute ...............................: (2718.06, 3500.75)
31:  [2026-08-18 04:06:52.805355] iteration        3/   18141 | consumed samples:          864 | elapsed time per iteration (ms): 2197.3 | throughput per GPU (TFLOP/s/GPU): 267.5 | learning rate: 2.400000E-06 | global batch size:   288 | lm loss: 1.217040E+01 | loss scale: 1.0 | grad norm: 8.996 | params norm: 657.152 | number of skipped iterations:   0 | number of nan iterations:   0 |
31: INFO:megatron.core.timers:(min, max) time across ranks (ms):
31:     forward-backward ...............................: (2178.22, 2178.46)
31:     embedding-grads-all-reduce .....................: (0.02, 0.02)
31:     all-grads-sync .................................: (0.15, 0.21)
31:     optimizer-copy-to-main-grad ....................: (0.16, 0.41)
31:     optimizer-inner-step ...........................: (0.59, 0.70)
31:     optimizer-copy-main-to-model-params ............: (0.31, 0.93)
31:     optimizer ......................................: (2.78, 3.39)
31:     batch-generator ................................: (4.08, 5.35)
31:     forward-compute ................................: (491.83, 883.44)
31:     backward-compute ...............................: (1288.72, 1681.00)
31:  [2026-08-18 04:06:55.383560] iteration        4/   18141 | consumed samples:         1152 | elapsed time per iteration (ms): 2578.1 | throughput per GPU (TFLOP/s/GPU): 225.9 | learning rate: 3.200000E-06 | global batch size:   288 | lm loss: 1.213081E+01 | loss scale: 1.0 | grad norm: 8.611 | params norm: 657.151 | number of skipped iterations:   0 | number of nan iterations:   0 |
31: INFO:megatron.core.timers:(min, max) time across ranks (ms):
31:     forward-backward ...............................: (2558.85, 2559.05)
31:     embedding-grads-all-reduce .....................: (0.02, 0.02)
31:     all-grads-sync .................................: (0.15, 0.22)
31:     optimizer-copy-to-main-grad ....................: (0.16, 0.37)
31:     optimizer-inner-step ...........................: (0.58, 0.69)
31:     optimizer-copy-main-to-model-params ............: (0.30, 0.97)
31:     optimizer ......................................: (2.77, 3.44)
31:     batch-generator ................................: (4.15, 6.62)
31:     forward-compute ................................: (871.05, 1256.97)
31:     backward-compute ...............................: (1266.06, 1683.20)
31:  [2026-08-18 04:06:57.551415] iteration        5/   18141 | consumed samples:         1440 | elapsed time per iteration (ms): 2167.7 | throughput per GPU (TFLOP/s/GPU): 269.1 | learning rate: 4.000000E-06 | global batch size:   288 | lm loss: 1.200891E+01 | loss scale: 1.0 | grad norm: 8.926 | params norm: 657.149 | number of skipped iterations:   0 | number of nan iterations:   0 |
31: INFO:megatron.core.timers:(min, max) time across ranks (ms):
31:     forward-backward ...............................: (2149.05, 2149.21)
31:     embedding-grads-all-reduce .....................: (0.02, 0.02)
31:     all-grads-sync .................................: (0.16, 0.22)
31:     optimizer-copy-to-main-grad ....................: (0.16, 0.37)
31:     optimizer-inner-step ...........................: (0.56, 0.69)
31:     optimizer-copy-main-to-model-params ............: (0.31, 0.93)
31:     optimizer ......................................: (2.79, 3.42)
31:     batch-generator ................................: (4.04, 6.38)
31:     forward-compute ................................: (496.90, 869.75)
31:     backward-compute ...............................: (1274.00, 1648.26)
31:  [2026-08-18 04:06:59.207368] iteration        6/   18141 | consumed samples:         1728 | elapsed time per iteration (ms): 1655.8 | throughput per GPU (TFLOP/s/GPU): 352.2 | learning rate: 4.800000E-06 | global batch size:   288 | lm loss: 1.168772E+01 | loss scale: 1.0 | grad norm: 10.461 | params norm: 657.147 | number of skipped iterations:   0 | number of nan iterations:   0 |
31: INFO:megatron.core.timers:(min, max) time across ranks (ms):
31:     forward-backward ...............................: (1637.58, 1637.68)
31:     embedding-grads-all-reduce .....................: (0.02, 0.02)
31:     all-grads-sync .................................: (0.14, 0.21)
31:     optimizer-copy-to-main-grad ....................: (0.16, 0.37)
31:     optimizer-inner-step ...........................: (0.56, 0.71)
31:     optimizer-copy-main-to-model-params ............: (0.32, 0.79)
31:     optimizer ......................................: (2.75, 3.22)
31:     batch-generator ................................: (3.98, 5.60)
31:     forward-compute ................................: (489.05, 547.76)
31:     backward-compute ...............................: (1085.84, 1145.57)
31:  [2026-08-18 04:07:00.824797] iteration        7/   18141 | consumed samples:         2016 | elapsed time per iteration (ms): 1617.3 | throughput per GPU (TFLOP/s/GPU): 362.7 | learning rate: 5.600000E-06 | global batch size:   288 | lm loss: 1.145692E+01 | loss scale: 1.0 | grad norm: 12.133 | params norm: 657.144 | number of skipped iterations:   0 | number of nan iterations:   0 |
31: INFO:megatron.core.timers:(min, max) time across ranks (ms):
31:     forward-backward ...............................: (1598.73, 1598.84)
31:     embedding-grads-all-reduce .....................: (0.01, 0.02)
31:     all-grads-sync .................................: (0.14, 0.22)
31:     optimizer-copy-to-main-grad ....................: (0.16, 0.40)
31:     optimizer-inner-step ...........................: (0.56, 0.66)
31:     optimizer-copy-main-to-model-params ............: (0.31, 0.87)
31:     optimizer ......................................: (2.72, 3.27)
31:     batch-generator ................................: (3.95, 6.11)
31:     forward-compute ................................: (488.50, 537.68)
31:     backward-compute ...............................: (1057.75, 1104.21)
31:  [2026-08-18 04:07:02.436453] iteration        8/   18141 | consumed samples:         2304 | elapsed time per iteration (ms): 1611.5 | throughput per GPU (TFLOP/s/GPU): 364.2 | learning rate: 6.400000E-06 | global batch size:   288 | lm loss: 1.092911E+01 | loss scale: 1.0 | grad norm: 10.760 | params norm: 657.142 | number of skipped iterations:   0 | number of nan iterations:   0 |
31: INFO:megatron.core.timers:(min, max) time across ranks (ms):
31:     forward-backward ...............................: (1593.06, 1593.24)
31:     embedding-grads-all-reduce .....................: (0.02, 0.02)
31:     all-grads-sync .................................: (0.15, 0.23)
31:     optimizer-copy-to-main-grad ....................: (0.16, 0.38)
31:     optimizer-inner-step ...........................: (0.56, 0.68)
31:     optimizer-copy-main-to-model-params ............: (0.31, 0.91)
31:     optimizer ......................................: (2.73, 3.32)
31:     batch-generator ................................: (3.99, 5.99)
31:     forward-compute ................................: (486.51, 537.83)
31:     backward-compute ...............................: (1051.78, 1101.58)
31:  [2026-08-18 04:07:04.048469] iteration        9/   18141 | consumed samples:         2592 | elapsed time per iteration (ms): 1611.8 | throughput per GPU (TFLOP/s/GPU): 363.1 | learning rate: 7.200000E-06 | global batch size:   288 | lm loss: 1.072469E+01 | loss scale: 1.0 | grad norm: 10.647 | params norm: 657.139 | number of skipped iterations:   0 | number of nan iterations:   0 |
31: INFO:megatron.core.timers:(min, max) time across ranks (ms):
31:     forward-backward ...............................: (1593.44, 1593.58)
31:     embedding-grads-all-reduce .....................: (0.01, 0.02)
31:     all-grads-sync .................................: (0.16, 0.22)
31:     optimizer-copy-to-main-grad ....................: (0.16, 0.39)
31:     optimizer-inner-step ...........................: (0.56, 0.67)
31:     optimizer-copy-main-to-model-params ............: (0.31, 0.95)
31:     optimizer ......................................: (2.79, 3.43)
31:     batch-generator ................................: (4.07, 6.16)
31:     forward-compute ................................: (494.48, 542.91)
31:     backward-compute ...............................: (1047.30, 1093.36)
31:  [2026-08-18 04:07:05.685092] iteration       10/   18141 | consumed samples:         2880 | elapsed time per iteration (ms): 1636.5 | throughput per GPU (TFLOP/s/GPU): 358.3 | learning rate: 8.000000E-06 | global batch size:   288 | lm loss: 1.046406E+01 | loss scale: 1.0 | grad norm: 11.979 | params norm: 657.136 | number of skipped iterations:   0 | number of nan iterations:   0 |
31: INFO:megatron.core.timers:(min, max) time across ranks (ms):
31:     forward-backward ...............................: (1617.95, 1618.08)
31:     embedding-grads-all-reduce .....................: (0.01, 0.02)
31:     all-grads-sync .................................: (0.16, 0.22)
31:     optimizer-copy-to-main-grad ....................: (0.15, 0.41)
31:     optimizer-inner-step ...........................: (0.56, 0.68)
31:     optimizer-copy-main-to-model-params ............: (0.32, 0.99)
31:     optimizer ......................................: (2.77, 3.45)
31:     batch-generator ................................: (4.14, 5.75)
31:     forward-compute ................................: (497.27, 547.90)
31:     backward-compute ...............................: (1064.83, 1112.29)
31:  [2026-08-18 04:07:07.308183] iteration       11/   18141 | consumed samples:         3168 | elapsed time per iteration (ms): 1623.0 | throughput per GPU (TFLOP/s/GPU): 360.5 | learning rate: 8.800000E-06 | global batch size:   288 | lm loss: 1.028246E+01 | loss scale: 1.0 | grad norm: 10.362 | params norm: 657.134 | number of skipped iterations:   0 | number of nan iterations:   0 |
31: INFO:megatron.core.timers:(min, max) time across ranks (ms):
31:     forward-backward ...............................: (1604.44, 1604.55)
31:     embedding-grads-all-reduce .....................: (0.02, 0.02)
31:     all-grads-sync .................................: (0.14, 0.21)
31:     optimizer-copy-to-main-grad ....................: (0.16, 0.36)
31:     optimizer-inner-step ...........................: (0.56, 0.67)
31:     optimizer-copy-main-to-model-params ............: (0.32, 0.92)
31:     optimizer ......................................: (2.72, 3.32)
31:     batch-generator ................................: (4.03, 6.38)
31:     forward-compute ................................: (482.65, 536.03)
31:     backward-compute ...............................: (1065.23, 1117.76)
31:  [2026-08-18 04:07:08.883044] iteration       12/   18141 | consumed samples:         3456 | elapsed time per iteration (ms): 1574.7 | throughput per GPU (TFLOP/s/GPU): 370.5 | learning rate: 9.600000E-06 | global batch size:   288 | lm loss: 1.015673E+01 | loss scale: 1.0 | grad norm: 9.163 | params norm: 657.131 | number of skipped iterations:   0 | number of nan iterations:   0 |
31: INFO:megatron.core.timers:(min, max) time across ranks (ms):
31:     forward-backward ...............................: (1556.24, 1556.35)
31:     embedding-grads-all-reduce .....................: (0.02, 0.02)
31:     all-grads-sync .................................: (0.16, 0.24)
31:     optimizer-copy-to-main-grad ....................: (0.16, 0.38)
31:     optimizer-inner-step ...........................: (0.56, 0.68)
31:     optimizer-copy-main-to-model-params ............: (0.31, 0.88)
31:     optimizer ......................................: (2.73, 3.29)
31:     batch-generator ................................: (3.90, 6.08)
31:     forward-compute ................................: (486.15, 525.60)
31:     backward-compute ...............................: (1026.57, 1067.23)
31:  [2026-08-18 04:07:10.485885] iteration       13/   18141 | consumed samples:         3744 | elapsed time per iteration (ms): 1602.7 | throughput per GPU (TFLOP/s/GPU): 365.3 | learning rate: 1.040000E-05 | global batch size:   288 | lm loss: 1.002699E+01 | loss scale: 1.0 | grad norm: 6.802 | params norm: 657.129 | number of skipped iterations:   0 | number of nan iterations:   0 |
31: INFO:megatron.core.timers:(min, max) time across ranks (ms):
31:     forward-backward ...............................: (1584.36, 1584.51)
31:     embedding-grads-all-reduce .....................: (0.01, 0.02)
31:     all-grads-sync .................................: (0.15, 0.23)
31:     optimizer-copy-to-main-grad ....................: (0.16, 0.39)
31:     optimizer-inner-step ...........................: (0.56, 0.68)
31:     optimizer-copy-main-to-model-params ............: (0.31, 0.90)
31:     optimizer ......................................: (2.73, 3.32)
31:     batch-generator ................................: (4.04, 6.00)
31:     forward-compute ................................: (492.86, 537.14)
31:     backward-compute ...............................: (1044.08, 1085.57)
31:  [2026-08-18 04:07:12.089942] iteration       14/   18141 | consumed samples:         4032 | elapsed time per iteration (ms): 1603.8 | throughput per GPU (TFLOP/s/GPU): 365.5 | learning rate: 1.120000E-05 | global batch size:   288 | lm loss: 9.969449E+00 | loss scale: 1.0 | grad norm: 7.551 | params norm: 657.126 | number of skipped iterations:   0 | number of nan iterations:   0 |
31: INFO:megatron.core.timers:(min, max) time across ranks (ms):
31:     forward-backward ...............................: (1585.19, 1585.32)
31:     embedding-grads-all-reduce .....................: (0.02, 0.02)
31:     all-grads-sync .................................: (0.16, 0.22)
31:     optimizer-copy-to-main-grad ....................: (0.15, 0.39)
31:     optimizer-inner-step ...........................: (0.55, 0.68)
31:     optimizer-copy-main-to-model-params ............: (0.31, 0.92)
31:     optimizer ......................................: (2.74, 3.34)
31:     batch-generator ................................: (3.99, 6.93)
31:     forward-compute ................................: (490.60, 534.30)
31:     backward-compute ...............................: (1046.99, 1091.14)
31:  [2026-08-18 04:07:13.711326] iteration       15/   18141 | consumed samples:         4320 | elapsed time per iteration (ms): 1621.3 | throughput per GPU (TFLOP/s/GPU): 360.5 | learning rate: 1.200000E-05 | global batch size:   288 | lm loss: 9.850948E+00 | loss scale: 1.0 | grad norm: 4.557 | params norm: 657.124 | number of skipped iterations:   0 | number of nan iterations:   0 |
31: INFO:megatron.core.timers:(min, max) time across ranks (ms):
31:     forward-backward ...............................: (1602.92, 1603.09)
31:     embedding-grads-all-reduce .....................: (0.02, 0.02)
31:     all-grads-sync .................................: (0.15, 0.22)
31:     optimizer-copy-to-main-grad ....................: (0.16, 0.39)
31:     optimizer-inner-step ...........................: (0.56, 0.68)
31:     optimizer-copy-main-to-model-params ............: (0.32, 0.89)
31:     optimizer ......................................: (2.70, 3.27)
31:     batch-generator ................................: (4.04, 6.03)
31:     forward-compute ................................: (487.31, 543.36)
31:     backward-compute ...............................: (1056.23, 1110.71)
31:  [2026-08-18 04:07:15.400543] iteration       16/   18141 | consumed samples:         4608 | elapsed time per iteration (ms): 1689.0 | throughput per GPU (TFLOP/s/GPU): 346.7 | learning rate: 1.280000E-05 | global batch size:   288 | lm loss: 9.767268E+00 | loss scale: 1.0 | grad norm: 4.681 | params norm: 657.122 | number of skipped iterations:   0 | number of nan iterations:   0 |
31: INFO:megatron.core.timers:(min, max) time across ranks (ms):
31:     forward-backward ...............................: (1670.96, 1671.08)
31:     embedding-grads-all-reduce .....................: (0.02, 0.02)
31:     all-grads-sync .................................: (0.16, 0.22)
31:     optimizer-copy-to-main-grad ....................: (0.17, 0.40)
31:     optimizer-inner-step ...........................: (0.57, 0.70)
31:     optimizer-copy-main-to-model-params ............: (0.32, 0.93)
31:     optimizer ......................................: (2.78, 3.38)
31:     batch-generator ................................: (4.16, 5.42)
31:     forward-compute ................................: (491.05, 535.88)
31:     backward-compute ...............................: (1131.46, 1176.43)
31:  [2026-08-18 04:07:17.007966] iteration       17/   18141 | consumed samples:         4896 | elapsed time per iteration (ms): 1607.2 | throughput per GPU (TFLOP/s/GPU): 363.7 | learning rate: 1.360000E-05 | global batch size:   288 | lm loss: 9.700380E+00 | loss scale: 1.0 | grad norm: 4.082 | params norm: 657.120 | number of skipped iterations:   0 | number of nan iterations:   0 |
31: INFO:megatron.core.timers:(min, max) time across ranks (ms):
31:     forward-backward ...............................: (1588.70, 1588.81)
31:     embedding-grads-all-reduce .....................: (0.02, 0.02)
31:     all-grads-sync .................................: (0.16, 0.22)
31:     optimizer-copy-to-main-grad ....................: (0.16, 0.39)
31:     optimizer-inner-step ...........................: (0.55, 0.68)
31:     optimizer-copy-main-to-model-params ............: (0.31, 0.91)
31:     optimizer ......................................: (2.76, 3.36)
31:     batch-generator ................................: (4.02, 4.94)
31:     forward-compute ................................: (485.56, 534.51)
31:     backward-compute ...............................: (1050.75, 1099.40)
31:  [2026-08-18 04:07:18.594804] iteration       18/   18141 | consumed samples:         5184 | elapsed time per iteration (ms): 1586.7 | throughput per GPU (TFLOP/s/GPU): 366.9 | learning rate: 1.440000E-05 | global batch size:   288 | lm loss: 9.642717E+00 | loss scale: 1.0 | grad norm: 4.804 | params norm: 657.119 | number of skipped iterations:   0 | number of nan iterations:   0 |
31: INFO:megatron.core.timers:(min, max) time across ranks (ms):
31:     forward-backward ...............................: (1568.08, 1568.22)
31:     embedding-grads-all-reduce .....................: (0.02, 0.02)
31:     all-grads-sync .................................: (0.17, 0.23)
31:     optimizer-copy-to-main-grad ....................: (0.15, 0.38)
31:     optimizer-inner-step ...........................: (0.56, 0.71)
31:     optimizer-copy-main-to-model-params ............: (0.31, 0.92)
31:     optimizer ......................................: (2.77, 3.38)
31:     batch-generator ................................: (4.04, 5.05)
31:     forward-compute ................................: (481.91, 526.97)
31:     backward-compute ...............................: (1034.51, 1080.10)
31:  [2026-08-18 04:07:20.174666] iteration       19/   18141 | consumed samples:         5472 | elapsed time per iteration (ms): 1579.7 | throughput per GPU (TFLOP/s/GPU): 369.4 | learning rate: 1.520000E-05 | global batch size:   288 | lm loss: 9.604156E+00 | loss scale: 1.0 | grad norm: 4.587 | params norm: 657.117 | number of skipped iterations:   0 | number of nan iterations:   0 |
31: INFO:megatron.core.timers:(min, max) time across ranks (ms):
31:     forward-backward ...............................: (1561.37, 1561.50)
31:     embedding-grads-all-reduce .....................: (0.02, 0.02)
31:     all-grads-sync .................................: (0.17, 0.21)
31:     optimizer-copy-to-main-grad ....................: (0.15, 0.39)
31:     optimizer-inner-step ...........................: (0.57, 0.69)
31:     optimizer-copy-main-to-model-params ............: (0.32, 0.95)
31:     optimizer ......................................: (2.79, 3.43)
31:     batch-generator ................................: (4.08, 5.82)
31:     forward-compute ................................: (487.83, 524.73)
31:     backward-compute ...............................: (1030.45, 1068.26)
31:  [2026-08-18 04:07:21.722007] iteration       20/   18141 | consumed samples:         5760 | elapsed time per iteration (ms): 1547.2 | throughput per GPU (TFLOP/s/GPU): 377.1 | learning rate: 1.600000E-05 | global batch size:   288 | lm loss: 9.509679E+00 | loss scale: 1.0 | grad norm: 3.648 | params norm: 657.115 | number of skipped iterations:   0 | number of nan iterations:   0 |
31: INFO:megatron.core.timers:(min, max) time across ranks (ms):
31:     forward-backward ...............................: (1528.35, 1528.46)
31:     embedding-grads-all-reduce .....................: (0.01, 0.02)
31:     all-grads-sync .................................: (0.17, 0.22)
31:     optimizer-copy-to-main-grad ....................: (0.16, 0.38)
31:     optimizer-inner-step ...........................: (0.56, 0.67)
31:     optimizer-copy-main-to-model-params ............: (0.31, 0.90)
31:     optimizer ......................................: (2.74, 3.32)
31:     batch-generator ................................: (3.94, 5.31)
31:     forward-compute ................................: (486.74, 519.11)
31:     backward-compute ...............................: (1003.10, 1037.45)
31:  [2026-08-18 04:07:23.297400] iteration       21/   18141 | consumed samples:         6048 | elapsed time per iteration (ms): 1575.2 | throughput per GPU (TFLOP/s/GPU): 371.0 | learning rate: 1.680000E-05 | global batch size:   288 | lm loss: 9.445388E+00 | loss scale: 1.0 | grad norm: 4.224 | params norm: 657.114 | number of skipped iterations:   0 | number of nan iterations:   0 |
31: INFO:megatron.core.timers:(min, max) time across ranks (ms):
31:     forward-backward ...............................: (1556.45, 1556.59)
31:     embedding-grads-all-reduce .....................: (0.01, 0.04)
31:     all-grads-sync .................................: (0.16, 0.23)
31:     optimizer-copy-to-main-grad ....................: (0.16, 0.39)
31:     optimizer-inner-step ...........................: (0.57, 0.69)
31:     optimizer-copy-main-to-model-params ............: (0.30, 0.93)
31:     optimizer ......................................: (2.75, 3.38)
31:     batch-generator ................................: (3.85, 5.24)
31:     forward-compute ................................: (483.98, 525.68)
31:     backward-compute ...............................: (1027.03, 1067.25)
31:  [2026-08-18 04:07:24.897145] iteration       22/   18141 | consumed samples:         6336 | elapsed time per iteration (ms): 1599.6 | throughput per GPU (TFLOP/s/GPU): 367.2 | learning rate: 1.760000E-05 | global batch size:   288 | lm loss: 9.409566E+00 | loss scale: 1.0 | grad norm: 6.220 | params norm: 657.113 | number of skipped iterations:   0 | number of nan iterations:   0 |
31: INFO:megatron.core.timers:(min, max) time across ranks (ms):
31:     forward-backward ...............................: (1581.03, 1581.17)
31:     embedding-grads-all-reduce .....................: (0.02, 0.02)
31:     all-grads-sync .................................: (0.16, 0.22)
31:     optimizer-copy-to-main-grad ....................: (0.15, 0.36)
31:     optimizer-inner-step ...........................: (0.57, 0.70)
31:     optimizer-copy-main-to-model-params ............: (0.31, 0.91)
31:     optimizer ......................................: (2.75, 3.35)
31:     batch-generator ................................: (3.99, 5.78)
31:     forward-compute ................................: (491.43, 530.74)
31:     backward-compute ...............................: (1045.55, 1084.88)
31:  [2026-08-18 04:07:26.482101] iteration       23/   18141 | consumed samples:         6624 | elapsed time per iteration (ms): 1584.8 | throughput per GPU (TFLOP/s/GPU): 370.1 | learning rate: 1.840000E-05 | global batch size:   288 | lm loss: 9.402799E+00 | loss scale: 1.0 | grad norm: 5.677 | params norm: 657.111 | number of skipped iterations:   0 | number of nan iterations:   0 |
31: INFO:megatron.core.timers:(min, max) time across ranks (ms):
31:     forward-backward ...............................: (1566.47, 1566.60)
31:     embedding-grads-all-reduce .....................: (0.02, 0.02)
31:     all-grads-sync .................................: (0.16, 0.21)
31:     optimizer-copy-to-main-grad ....................: (0.15, 0.38)
31:     optimizer-inner-step ...........................: (0.57, 0.69)
31:     optimizer-copy-main-to-model-params ............: (0.33, 0.79)
31:     optimizer ......................................: (2.70, 3.16)
31:     batch-generator ................................: (3.95, 5.83)
31:     forward-compute ................................: (491.02, 556.42)
31:     backward-compute ...............................: (1006.55, 1070.96)
31:  [2026-08-18 04:07:28.073785] iteration       24/   18141 | consumed samples:         6912 | elapsed time per iteration (ms): 1591.5 | throughput per GPU (TFLOP/s/GPU): 367.8 | learning rate: 1.920000E-05 | global batch size:   288 | lm loss: 9.319011E+00 | loss scale: 1.0 | grad norm: 4.485 | params norm: 657.110 | number of skipped iterations:   0 | number of nan iterations:   0 |
31: INFO:megatron.core.timers:(min, max) time across ranks (ms):
31:     forward-backward ...............................: (1573.10, 1573.26)
31:     embedding-grads-all-reduce .....................: (0.02, 0.02)
31:     all-grads-sync .................................: (0.16, 0.23)
31:     optimizer-copy-to-main-grad ....................: (0.15, 0.38)
31:     optimizer-inner-step ...........................: (0.56, 0.68)
31:     optimizer-copy-main-to-model-params ............: (0.32, 0.84)
31:     optimizer ......................................: (2.69, 3.21)
31:     batch-generator ................................: (3.93, 4.82)
31:     forward-compute ................................: (488.67, 528.50)
31:     backward-compute ...............................: (1041.30, 1079.05)
31:  [2026-08-18 04:07:29.621251] iteration       25/   18141 | consumed samples:         7200 | elapsed time per iteration (ms): 1547.3 | throughput per GPU (TFLOP/s/GPU): 378.5 | learning rate: 2.000000E-05 | global batch size:   288 | lm loss: 9.282334E+00 | loss scale: 1.0 | grad norm: 5.537 | params norm: 657.109 | number of skipped iterations:   0 | number of nan iterations:   0 |
31: INFO:megatron.core.timers:(min, max) time across ranks (ms):
31:     forward-backward ...............................: (1528.89, 1529.04)
31:     embedding-grads-all-reduce .....................: (0.02, 0.02)
31:     all-grads-sync .................................: (0.16, 0.22)
31:     optimizer-copy-to-main-grad ....................: (0.16, 0.38)
31:     optimizer-inner-step ...........................: (0.57, 0.68)
31:     optimizer-copy-main-to-model-params ............: (0.33, 0.94)
31:     optimizer ......................................: (2.75, 3.37)
31:     batch-generator ................................: (4.03, 5.44)
31:     forward-compute ................................: (485.75, 516.21)
31:     backward-compute ...............................: (1006.72, 1036.99)
31:  [2026-08-18 04:07:31.204474] iteration       26/   18141 | consumed samples:         7488 | elapsed time per iteration (ms): 1582.8 | throughput per GPU (TFLOP/s/GPU): 369.3 | learning rate: 2.080000E-05 | global batch size:   288 | lm loss: 9.213609E+00 | loss scale: 1.0 | grad norm: 3.125 | params norm: 657.108 | number of skipped iterations:   0 | number of nan iterations:   0 |
31: INFO:megatron.core.timers:(min, max) time across ranks (ms):
31:     forward-backward ...............................: (1564.31, 1564.46)
31:     embedding-grads-all-reduce .....................: (0.02, 0.02)
31:     all-grads-sync .................................: (0.16, 0.22)
31:     optimizer-copy-to-main-grad ....................: (0.16, 0.38)
31:     optimizer-inner-step ...........................: (0.57, 0.68)
31:     optimizer-copy-main-to-model-params ............: (0.33, 0.94)
31:     optimizer ......................................: (2.76, 3.38)
31:     batch-generator ................................: (4.08, 6.13)
31:     forward-compute ................................: (485.33, 529.97)
31:     backward-compute ...............................: (1029.56, 1072.77)
31:  [2026-08-18 04:07:32.815902] iteration       27/   18141 | consumed samples:         7776 | elapsed time per iteration (ms): 1611.2 | throughput per GPU (TFLOP/s/GPU): 364.9 | learning rate: 2.160000E-05 | global batch size:   288 | lm loss: 9.196106E+00 | loss scale: 1.0 | grad norm: 7.915 | params norm: 657.108 | number of skipped iterations:   0 | number of nan iterations:   0 |
31: INFO:megatron.core.timers:(min, max) time across ranks (ms):
31:     forward-backward ...............................: (1592.43, 1592.59)
31:     embedding-grads-all-reduce .....................: (0.02, 0.02)
31:     all-grads-sync .................................: (0.17, 0.22)
31:     optimizer-copy-to-main-grad ....................: (0.15, 0.39)
31:     optimizer-inner-step ...........................: (0.56, 0.71)
31:     optimizer-copy-main-to-model-params ............: (0.32, 0.96)
31:     optimizer ......................................: (2.81, 3.45)
31:     batch-generator ................................: (4.19, 6.61)
31:     forward-compute ................................: (487.97, 529.44)
31:     backward-compute ...............................: (1058.29, 1100.25)
31:  [2026-08-18 04:07:34.413308] iteration       28/   18141 | consumed samples:         8064 | elapsed time per iteration (ms): 1597.2 | throughput per GPU (TFLOP/s/GPU): 365.2 | learning rate: 2.240000E-05 | global batch size:   288 | lm loss: 9.151377E+00 | loss scale: 1.0 | grad norm: 4.259 | params norm: 657.107 | number of skipped iterations:   0 | number of nan iterations:   0 |
31: INFO:megatron.core.timers:(min, max) time across ranks (ms):
31:     forward-backward ...............................: (1578.43, 1578.54)
31:     embedding-grads-all-reduce .....................: (0.02, 0.02)
31:     all-grads-sync .................................: (0.16, 0.22)
31:     optimizer-copy-to-main-grad ....................: (0.15, 0.38)
31:     optimizer-inner-step ...........................: (0.57, 0.68)
31:     optimizer-copy-main-to-model-params ............: (0.31, 0.91)
31:     optimizer ......................................: (2.77, 3.37)
31:     batch-generator ................................: (3.97, 5.37)
31:     forward-compute ................................: (487.19, 525.84)
31:     backward-compute ...............................: (1045.97, 1084.60)
31:  [2026-08-18 04:07:35.996244] iteration       29/   18141 | consumed samples:         8352 | elapsed time per iteration (ms): 1582.7 | throughput per GPU (TFLOP/s/GPU): 369.1 | learning rate: 2.320000E-05 | global batch size:   288 | lm loss: 9.060150E+00 | loss scale: 1.0 | grad norm: 3.158 | params norm: 657.107 | number of skipped iterations:   0 | number of nan iterations:   0 |
31: INFO:megatron.core.timers:(min, max) time across ranks (ms):
31:     forward-backward ...............................: (1563.84, 1563.93)
31:     embedding-grads-all-reduce .....................: (0.02, 0.02)
31:     all-grads-sync .................................: (0.16, 0.22)
31:     optimizer-copy-to-main-grad ....................: (0.15, 0.38)
31:     optimizer-inner-step ...........................: (0.56, 0.69)
31:     optimizer-copy-main-to-model-params ............: (0.30, 0.90)
31:     optimizer ......................................: (2.76, 3.37)
31:     batch-generator ................................: (4.09, 6.21)
31:     forward-compute ................................: (487.38, 525.57)
31:     backward-compute ...............................: (1032.95, 1070.39)
31:  [2026-08-18 04:07:37.686717] iteration       30/   18141 | consumed samples:         8640 | elapsed time per iteration (ms): 1690.3 | throughput per GPU (TFLOP/s/GPU): 346.2 | learning rate: 2.400000E-05 | global batch size:   288 | lm loss: 9.009297E+00 | loss scale: 1.0 | grad norm: 2.849 | params norm: 657.106 | number of skipped iterations:   0 | number of nan iterations:   0 |
31: INFO:megatron.core.timers:(min, max) time across ranks (ms):
31:     forward-backward ...............................: (1671.58, 1671.67)
31:     embedding-grads-all-reduce .....................: (0.01, 0.02)
31:     all-grads-sync .................................: (0.16, 0.26)
31:     optimizer-copy-to-main-grad ....................: (0.15, 0.38)
31:     optimizer-inner-step ...........................: (0.56, 0.70)
31:     optimizer-copy-main-to-model-params ............: (0.30, 0.95)
31:     optimizer ......................................: (2.77, 3.42)
31:     batch-generator ................................: (4.07, 5.87)
31:     forward-compute ................................: (572.50, 617.04)
31:     backward-compute ...............................: (1050.95, 1094.90)
31:  [2026-08-18 04:07:39.259262] iteration       31/   18141 | consumed samples:         8928 | elapsed time per iteration (ms): 1572.3 | throughput per GPU (TFLOP/s/GPU): 370.6 | learning rate: 2.480000E-05 | global batch size:   288 | lm loss: 8.951698E+00 | loss scale: 1.0 | grad norm: 4.534 | params norm: 657.106 | number of skipped iterations:   0 | number of nan iterations:   0 |
31: INFO:megatron.core.timers:(min, max) time across ranks (ms):
31:     forward-backward ...............................: (1553.99, 1554.15)
31:     embedding-grads-all-reduce .....................: (0.02, 0.02)
31:     all-grads-sync .................................: (0.16, 0.22)
31:     optimizer-copy-to-main-grad ....................: (0.16, 0.41)
31:     optimizer-inner-step ...........................: (0.57, 0.70)
31:     optimizer-copy-main-to-model-params ............: (0.31, 0.99)
31:     optimizer ......................................: (2.78, 3.46)
31:     batch-generator ................................: (4.11, 6.99)
31:     forward-compute ................................: (484.04, 531.89)
31:     backward-compute ...............................: (1018.09, 1066.69)
31:  [2026-08-18 04:07:40.851192] iteration       32/   18141 | consumed samples:         9216 | elapsed time per iteration (ms): 1591.8 | throughput per GPU (TFLOP/s/GPU): 366.9 | learning rate: 2.560000E-05 | global batch size:   288 | lm loss: 8.891088E+00 | loss scale: 1.0 | grad norm: 4.182 | params norm: 657.107 | number of skipped iterations:   0 | number of nan iterations:   0 |
31: INFO:megatron.core.timers:(min, max) time across ranks (ms):
31:     forward-backward ...............................: (1572.88, 1573.00)
31:     embedding-grads-all-reduce .....................: (0.01, 0.02)
31:     all-grads-sync .................................: (0.16, 0.23)
31:     optimizer-copy-to-main-grad ....................: (0.16, 0.39)
31:     optimizer-inner-step ...........................: (0.57, 0.68)
31:     optimizer-copy-main-to-model-params ............: (0.31, 0.95)
31:     optimizer ......................................: (2.76, 3.41)
31:     batch-generator ................................: (4.14, 6.34)
31:     forward-compute ................................: (489.73, 530.17)
31:     backward-compute ...............................: (1039.19, 1076.62)
31:  [2026-08-18 04:07:42.477295] iteration       33/   18141 | consumed samples:         9504 | elapsed time per iteration (ms): 1625.8 | throughput per GPU (TFLOP/s/GPU): 360.6 | learning rate: 2.640000E-05 | global batch size:   288 | lm loss: 8.820106E+00 | loss scale: 1.0 | grad norm: 2.599 | params norm: 657.107 | number of skipped iterations:   0 | number of nan iterations:   0 |
31: INFO:megatron.core.timers:(min, max) time across ranks (ms):
31:     forward-backward ...............................: (1607.76, 1607.86)
31:     embedding-grads-all-reduce .....................: (0.02, 0.02)
31:     all-grads-sync .................................: (0.16, 0.22)
31:     optimizer-copy-to-main-grad ....................: (0.16, 0.43)
31:     optimizer-inner-step ...........................: (0.56, 0.69)
31:     optimizer-copy-main-to-model-params ............: (0.31, 0.90)
31:     optimizer ......................................: (2.76, 3.34)
31:     batch-generator ................................: (4.01, 5.16)
31:     forward-compute ................................: (495.45, 535.88)
31:     backward-compute ...............................: (1068.09, 1107.52)
31:  [2026-08-18 04:07:44.058048] iteration       34/   18141 | consumed samples:         9792 | elapsed time per iteration (ms): 1580.5 | throughput per GPU (TFLOP/s/GPU): 368.9 | learning rate: 2.720000E-05 | global batch size:   288 | lm loss: 8.750661E+00 | loss scale: 1.0 | grad norm: 4.101 | params norm: 657.107 | number of skipped iterations:   0 | number of nan iterations:   0 |
31: INFO:megatron.core.timers:(min, max) time across ranks (ms):
31:     forward-backward ...............................: (1561.27, 1561.41)
31:     embedding-grads-all-reduce .....................: (0.02, 0.02)
31:     all-grads-sync .................................: (0.16, 0.23)
31:     optimizer-copy-to-main-grad ....................: (0.16, 0.38)
31:     optimizer-inner-step ...........................: (0.56, 0.69)
31:     optimizer-copy-main-to-model-params ............: (0.30, 0.90)
31:     optimizer ......................................: (2.75, 3.36)
31:     batch-generator ................................: (3.87, 5.79)
31:     forward-compute ................................: (480.04, 531.17)
31:     backward-compute ...............................: (1026.41, 1076.33)
31:  [2026-08-18 04:07:45.678588] iteration       35/   18141 | consumed samples:        10080 | elapsed time per iteration (ms): 1620.4 | throughput per GPU (TFLOP/s/GPU): 361.2 | learning rate: 2.800000E-05 | global batch size:   288 | lm loss: 8.683974E+00 | loss scale: 1.0 | grad norm: 2.073 | params norm: 657.108 | number of skipped iterations:   0 | number of nan iterations:   0 |
31: INFO:megatron.core.timers:(min, max) time across ranks (ms):
31:     forward-backward ...............................: (1601.02, 1601.15)
31:     embedding-grads-all-reduce .....................: (0.02, 0.02)
31:     all-grads-sync .................................: (0.16, 0.23)
31:     optimizer-copy-to-main-grad ....................: (0.16, 0.39)
31:     optimizer-inner-step ...........................: (0.57, 0.70)
31:     optimizer-copy-main-to-model-params ............: (0.31, 0.94)
31:     optimizer ......................................: (2.77, 3.40)
31:     batch-generator ................................: (4.13, 6.31)
31:     forward-compute ................................: (496.33, 536.26)
31:     backward-compute ...............................: (1059.94, 1099.41)
31:  [2026-08-18 04:07:47.269025] iteration       36/   18141 | consumed samples:        10368 | elapsed time per iteration (ms): 1590.3 | throughput per GPU (TFLOP/s/GPU): 368.1 | learning rate: 2.880000E-05 | global batch size:   288 | lm loss: 8.629253E+00 | loss scale: 1.0 | grad norm: 2.991 | params norm: 657.110 | number of skipped iterations:   0 | number of nan iterations:   0 |
31: INFO:megatron.core.timers:(min, max) time across ranks (ms):
31:     forward-backward ...............................: (1571.84, 1571.99)
31:     embedding-grads-all-reduce .....................: (0.01, 0.02)
31:     all-grads-sync .................................: (0.16, 0.22)
31:     optimizer-copy-to-main-grad ....................: (0.16, 0.40)
31:     optimizer-inner-step ...........................: (0.57, 0.68)
31:     optimizer-copy-main-to-model-params ............: (0.32, 0.95)
31:     optimizer ......................................: (2.80, 3.43)
31:     batch-generator ................................: (4.23, 6.20)
31:     forward-compute ................................: (492.82, 538.84)
31:     backward-compute ...............................: (1029.45, 1074.97)
31:  [2026-08-18 04:07:48.872726] iteration       37/   18141 | consumed samples:        10656 | elapsed time per iteration (ms): 1603.5 | throughput per GPU (TFLOP/s/GPU): 365.5 | learning rate: 2.960000E-05 | global batch size:   288 | lm loss: 8.543234E+00 | loss scale: 1.0 | grad norm: 2.677 | params norm: 657.111 | number of skipped iterations:   0 | number of nan iterations:   0 |
31: INFO:megatron.core.timers:(min, max) time across ranks (ms):
31:     forward-backward ...............................: (1584.60, 1584.77)
31:     embedding-grads-all-reduce .....................: (0.01, 0.02)
31:     all-grads-sync .................................: (0.16, 0.23)
31:     optimizer-copy-to-main-grad ....................: (0.16, 0.39)
31:     optimizer-inner-step ...........................: (0.57, 0.68)
31:     optimizer-copy-main-to-model-params ............: (0.31, 0.92)
31:     optimizer ......................................: (2.75, 3.36)
31:     batch-generator ................................: (4.10, 5.39)
31:     forward-compute ................................: (485.51, 531.95)
31:     backward-compute ...............................: (1049.01, 1095.30)
31:  [2026-08-18 04:07:50.433659] iteration       38/   18141 | consumed samples:        10944 | elapsed time per iteration (ms): 1560.6 | throughput per GPU (TFLOP/s/GPU): 374.4 | learning rate: 3.040000E-05 | global batch size:   288 | lm loss: 8.497910E+00 | loss scale: 1.0 | grad norm: 3.154 | params norm: 657.113 | number of skipped iterations:   0 | number of nan iterations:   0 |
31: INFO:megatron.core.timers:(min, max) time across ranks (ms):
31:     forward-backward ...............................: (1541.12, 1541.27)
31:     embedding-grads-all-reduce .....................: (0.02, 0.02)
31:     all-grads-sync .................................: (0.17, 0.22)
31:     optimizer-copy-to-main-grad ....................: (0.16, 0.42)
31:     optimizer-inner-step ...........................: (0.57, 0.72)
31:     optimizer-copy-main-to-model-params ............: (0.31, 0.94)
31:     optimizer ......................................: (2.84, 3.47)
31:     batch-generator ................................: (4.10, 5.98)
31:     forward-compute ................................: (489.95, 519.53)
31:     backward-compute ...............................: (1017.08, 1047.49)
31:  [2026-08-18 04:07:52.047741] iteration       39/   18141 | consumed samples:        11232 | elapsed time per iteration (ms): 1614.0 | throughput per GPU (TFLOP/s/GPU): 362.3 | learning rate: 3.120000E-05 | global batch size:   288 | lm loss: 8.462690E+00 | loss scale: 1.0 | grad norm: 8.511 | params norm: 657.115 | number of skipped iterations:   0 | number of nan iterations:   0 |
31: INFO:megatron.core.timers:(min, max) time across ranks (ms):
31:     forward-backward ...............................: (1595.11, 1595.23)
31:     embedding-grads-all-reduce .....................: (0.01, 0.02)
31:     all-grads-sync .................................: (0.16, 0.21)
31:     optimizer-copy-to-main-grad ....................: (0.16, 0.39)
31:     optimizer-inner-step ...........................: (0.56, 0.70)
31:     optimizer-copy-main-to-model-params ............: (0.31, 0.93)
31:     optimizer ......................................: (2.75, 3.37)
31:     batch-generator ................................: (4.03, 4.95)
31:     forward-compute ................................: (500.62, 543.87)
31:     backward-compute ...............................: (1047.81, 1089.09)
31:  [2026-08-18 04:07:53.644326] iteration       40/   18141 | consumed samples:        11520 | elapsed time per iteration (ms): 1596.4 | throughput per GPU (TFLOP/s/GPU): 366.0 | learning rate: 3.200000E-05 | global batch size:   288 | lm loss: 8.386145E+00 | loss scale: 1.0 | grad norm: 3.855 | params norm: 657.117 | number of skipped iterations:   0 | number of nan iterations:   0 |
31: INFO:megatron.core.timers:(min, max) time across ranks (ms):
31:     forward-backward ...............................: (1577.65, 1577.81)
31:     embedding-grads-all-reduce .....................: (0.02, 0.02)
31:     all-grads-sync .................................: (0.17, 0.22)
31:     optimizer-copy-to-main-grad ....................: (0.16, 0.38)
31:     optimizer-inner-step ...........................: (0.57, 0.68)
31:     optimizer-copy-main-to-model-params ............: (0.31, 0.82)
31:     optimizer ......................................: (2.73, 3.24)
31:     batch-generator ................................: (4.14, 5.86)
31:     forward-compute ................................: (487.52, 534.08)
31:     backward-compute ...............................: (1037.68, 1086.23)
31:  [2026-08-18 04:07:55.238858] iteration       41/   18141 | consumed samples:        11808 | elapsed time per iteration (ms): 1594.3 | throughput per GPU (TFLOP/s/GPU): 366.2 | learning rate: 3.280000E-05 | global batch size:   288 | lm loss: 8.337876E+00 | loss scale: 1.0 | grad norm: 4.640 | params norm: 657.120 | number of skipped iterations:   0 | number of nan iterations:   0 |
31: INFO:megatron.core.timers:(min, max) time across ranks (ms):
31:     forward-backward ...............................: (1575.61, 1575.72)
31:     embedding-grads-all-reduce .....................: (0.02, 0.04)
31:     all-grads-sync .................................: (0.16, 0.23)
31:     optimizer-copy-to-main-grad ....................: (0.16, 0.39)
31:     optimizer-inner-step ...........................: (0.56, 0.67)
31:     optimizer-copy-main-to-model-params ............: (0.31, 0.94)
31:     optimizer ......................................: (2.70, 3.32)
31:     batch-generator ................................: (4.08, 6.37)
31:     forward-compute ................................: (486.05, 528.75)
31:     backward-compute ...............................: (1042.23, 1086.41)
31:  [2026-08-18 04:07:56.902266] iteration       42/   18141 | consumed samples:        12096 | elapsed time per iteration (ms): 1663.0 | throughput per GPU (TFLOP/s/GPU): 352.0 | learning rate: 3.360000E-05 | global batch size:   288 | lm loss: 8.268905E+00 | loss scale: 1.0 | grad norm: 2.897 | params norm: 657.122 | number of skipped iterations:   0 | number of nan iterations:   0 |
31: INFO:megatron.core.timers:(min, max) time across ranks (ms):
31:     forward-backward ...............................: (1644.39, 1644.51)
31:     embedding-grads-all-reduce .....................: (0.02, 0.04)
31:     all-grads-sync .................................: (0.15, 0.22)
31:     optimizer-copy-to-main-grad ....................: (0.16, 0.39)
31:     optimizer-inner-step ...........................: (0.56, 0.68)
31:     optimizer-copy-main-to-model-params ............: (0.30, 0.94)
31:     optimizer ......................................: (2.76, 3.40)
31:     batch-generator ................................: (4.08, 7.20)
31:     forward-compute ................................: (495.46, 547.12)
31:     backward-compute ...............................: (1093.98, 1144.04)
31:  [2026-08-18 04:07:58.506459] iteration       43/   18141 | consumed samples:        12384 | elapsed time per iteration (ms): 1604.0 | throughput per GPU (TFLOP/s/GPU): 364.0 | learning rate: 3.440000E-05 | global batch size:   288 | lm loss: 8.194579E+00 | loss scale: 1.0 | grad norm: 2.843 | params norm: 657.126 | number of skipped iterations:   0 | number of nan iterations:   0 |
31: INFO:megatron.core.timers:(min, max) time across ranks (ms):
31:     forward-backward ...............................: (1585.20, 1585.32)
31:     embedding-grads-all-reduce .....................: (0.02, 0.02)
31:     all-grads-sync .................................: (0.17, 0.23)
31:     optimizer-copy-to-main-grad ....................: (0.16, 0.40)
31:     optimizer-inner-step ...........................: (0.57, 0.69)
31:     optimizer-copy-main-to-model-params ............: (0.30, 0.92)
31:     optimizer ......................................: (2.77, 3.38)
31:     batch-generator ................................: (3.96, 5.59)
31:     forward-compute ................................: (496.64, 531.47)
31:     backward-compute ...............................: (1048.96, 1084.99)
31:  [2026-08-18 04:08:00.080323] iteration       44/   18141 | consumed samples:        12672 | elapsed time per iteration (ms): 1573.6 | throughput per GPU (TFLOP/s/GPU): 370.7 | learning rate: 3.520000E-05 | global batch size:   288 | lm loss: 8.147716E+00 | loss scale: 1.0 | grad norm: 2.834 | params norm: 657.129 | number of skipped iterations:   0 | number of nan iterations:   0 |
31: INFO:megatron.core.timers:(min, max) time across ranks (ms):
31:     forward-backward ...............................: (1554.93, 1555.04)
31:     embedding-grads-all-reduce .....................: (0.02, 0.02)
31:     all-grads-sync .................................: (0.17, 0.22)
31:     optimizer-copy-to-main-grad ....................: (0.16, 0.39)
31:     optimizer-inner-step ...........................: (0.57, 0.69)
31:     optimizer-copy-main-to-model-params ............: (0.31, 0.97)
31:     optimizer ......................................: (2.78, 3.44)
31:     batch-generator ................................: (4.20, 4.97)
31:     forward-compute ................................: (492.39, 521.29)
31:     backward-compute ...............................: (1030.12, 1058.19)
31:  [2026-08-18 04:08:01.662739] iteration       45/   18141 | consumed samples:        12960 | elapsed time per iteration (ms): 1582.2 | throughput per GPU (TFLOP/s/GPU): 368.9 | learning rate: 3.600000E-05 | global batch size:   288 | lm loss: 8.083245E+00 | loss scale: 1.0 | grad norm: 2.490 | params norm: 657.133 | number of skipped iterations:   0 | number of nan iterations:   0 |
31: INFO:megatron.core.timers:(min, max) time across ranks (ms):
31:     forward-backward ...............................: (1563.65, 1563.78)
31:     embedding-grads-all-reduce .....................: (0.02, 0.02)
31:     all-grads-sync .................................: (0.17, 0.23)
31:     optimizer-copy-to-main-grad ....................: (0.16, 0.40)
31:     optimizer-inner-step ...........................: (0.56, 0.67)
31:     optimizer-copy-main-to-model-params ............: (0.32, 0.97)
31:     optimizer ......................................: (2.76, 3.41)
31:     batch-generator ................................: (4.11, 5.69)
31:     forward-compute ................................: (489.43, 526.75)
31:     backward-compute ...............................: (1033.64, 1070.66)
31:  [2026-08-18 04:08:03.261774] iteration       46/   18141 | consumed samples:        13248 | elapsed time per iteration (ms): 1598.9 | throughput per GPU (TFLOP/s/GPU): 364.9 | learning rate: 3.680000E-05 | global batch size:   288 | lm loss: 8.009439E+00 | loss scale: 1.0 | grad norm: 2.322 | params norm: 657.138 | number of skipped iterations:   0 | number of nan iterations:   0 |
31: INFO:megatron.core.timers:(min, max) time across ranks (ms):
31:     forward-backward ...............................: (1579.98, 1580.09)
31:     embedding-grads-all-reduce .....................: (0.02, 0.02)
31:     all-grads-sync .................................: (0.17, 0.22)
31:     optimizer-copy-to-main-grad ....................: (0.16, 0.37)
31:     optimizer-inner-step ...........................: (0.56, 0.67)
31:     optimizer-copy-main-to-model-params ............: (0.31, 0.98)
31:     optimizer ......................................: (2.70, 3.37)
31:     batch-generator ................................: (4.12, 6.74)
31:     forward-compute ................................: (485.55, 533.75)
31:     backward-compute ...............................: (1042.95, 1088.40)
31:  [2026-08-18 04:08:04.856981] iteration       47/   18141 | consumed samples:        13536 | elapsed time per iteration (ms): 1595.0 | throughput per GPU (TFLOP/s/GPU): 367.0 | learning rate: 3.760000E-05 | global batch size:   288 | lm loss: 7.958671E+00 | loss scale: 1.0 | grad norm: 2.681 | params norm: 657.142 | number of skipped iterations:   0 | number of nan iterations:   0 |
31: INFO:megatron.core.timers:(min, max) time across ranks (ms):
31:     forward-backward ...............................: (1576.88, 1577.02)
31:     embedding-grads-all-reduce .....................: (0.02, 0.02)
31:     all-grads-sync .................................: (0.16, 0.23)
31:     optimizer-copy-to-main-grad ....................: (0.15, 0.39)
31:     optimizer-inner-step ...........................: (0.56, 0.70)
31:     optimizer-copy-main-to-model-params ............: (0.30, 0.97)
31:     optimizer ......................................: (2.77, 3.44)
31:     batch-generator ................................: (4.09, 5.46)
31:     forward-compute ................................: (488.48, 533.95)
31:     backward-compute ...............................: (1038.81, 1084.64)
31:  [2026-08-18 04:08:06.466623] iteration       48/   18141 | consumed samples:        13824 | elapsed time per iteration (ms): 1609.1 | throughput per GPU (TFLOP/s/GPU): 363.6 | learning rate: 3.840000E-05 | global batch size:   288 | lm loss: 7.901709E+00 | loss scale: 1.0 | grad norm: 1.965 | params norm: 657.147 | number of skipped iterations:   0 | number of nan iterations:   0 |
31: INFO:megatron.core.timers:(min, max) time across ranks (ms):
31:     forward-backward ...............................: (1590.56, 1590.68)
31:     embedding-grads-all-reduce .....................: (0.02, 0.02)
31:     all-grads-sync .................................: (0.16, 0.23)
31:     optimizer-copy-to-main-grad ....................: (0.15, 0.38)
31:     optimizer-inner-step ...........................: (0.56, 0.68)
31:     optimizer-copy-main-to-model-params ............: (0.30, 0.98)
31:     optimizer ......................................: (2.75, 3.42)
31:     batch-generator ................................: (4.03, 5.01)
31:     forward-compute ................................: (494.67, 532.79)
31:     backward-compute ...............................: (1054.60, 1092.13)
31:  [2026-08-18 04:08:08.060217] iteration       49/   18141 | consumed samples:        14112 | elapsed time per iteration (ms): 1593.5 | throughput per GPU (TFLOP/s/GPU): 366.7 | learning rate: 3.920000E-05 | global batch size:   288 | lm loss: 7.831310E+00 | loss scale: 1.0 | grad norm: 2.786 | params norm: 657.153 | number of skipped iterations:   0 | number of nan iterations:   0 |
31: INFO:megatron.core.timers:(min, max) time across ranks (ms):
31:     forward-backward ...............................: (1574.05, 1574.28)
31:     embedding-grads-all-reduce .....................: (0.02, 0.02)
31:     all-grads-sync .................................: (0.15, 0.24)
31:     optimizer-copy-to-main-grad ....................: (0.15, 0.36)
31:     optimizer-inner-step ...........................: (0.56, 0.72)
31:     optimizer-copy-main-to-model-params ............: (0.31, 0.90)
31:     optimizer ......................................: (2.83, 3.43)
31:     batch-generator ................................: (4.01, 5.96)
31:     forward-compute ................................: (489.65, 525.39)
31:     backward-compute ...............................: (1043.37, 1080.73)
31:  [2026-08-18 04:08:09.634356] iteration       50/   18141 | consumed samples:        14400 | elapsed time per iteration (ms): 1573.9 | throughput per GPU (TFLOP/s/GPU): 371.7 | learning rate: 4.000000E-05 | global batch size:   288 | lm loss: 7.770602E+00 | loss scale: 1.0 | grad norm: 2.121 | params norm: 657.160 | number of skipped iterations:   0 | number of nan iterations:   0 |
31: INFO:megatron.core.timers:(min, max) time across ranks (ms):
31:     forward-backward ...............................: (1555.18, 1555.30)
31:     embedding-grads-all-reduce .....................: (0.01, 0.02)
31:     all-grads-sync .................................: (0.16, 0.28)
31:     optimizer-copy-to-main-grad ....................: (0.16, 0.38)
31:     optimizer-inner-step ...........................: (0.56, 0.69)
31:     optimizer-copy-main-to-model-params ............: (0.29, 0.93)
31:     optimizer ......................................: (2.72, 3.36)
31:     batch-generator ................................: (4.03, 6.60)
31:     forward-compute ................................: (488.34, 525.77)
31:     backward-compute ...............................: (1023.31, 1059.38)
31:  [2026-08-18 04:08:11.260145] iteration       51/   18141 | consumed samples:        14688 | elapsed time per iteration (ms): 1625.4 | throughput per GPU (TFLOP/s/GPU): 360.5 | learning rate: 4.080000E-05 | global batch size:   288 | lm loss: 7.745046E+00 | loss scale: 1.0 | grad norm: 2.152 | params norm: 657.166 | number of skipped iterations:   0 | number of nan iterations:   0 |
31: INFO:megatron.core.timers:(min, max) time across ranks (ms):
31:     forward-backward ...............................: (1607.01, 1607.13)
31:     embedding-grads-all-reduce .....................: (0.01, 0.02)
31:     all-grads-sync .................................: (0.16, 0.23)
31:     optimizer-copy-to-main-grad ....................: (0.15, 0.38)
31:     optimizer-inner-step ...........................: (0.55, 0.68)
31:     optimizer-copy-main-to-model-params ............: (0.31, 0.95)
31:     optimizer ......................................: (2.76, 3.40)
31:     batch-generator ................................: (4.07, 5.76)
31:     forward-compute ................................: (489.92, 539.10)
31:     backward-compute ...............................: (1064.36, 1111.54)
31:  [2026-08-18 04:08:12.845341] iteration       52/   18141 | consumed samples:        14976 | elapsed time per iteration (ms): 1585.1 | throughput per GPU (TFLOP/s/GPU): 368.2 | learning rate: 4.160000E-05 | global batch size:   288 | lm loss: 7.686100E+00 | loss scale: 1.0 | grad norm: 2.875 | params norm: 657.173 | number of skipped iterations:   0 | number of nan iterations:   0 |
31: INFO:megatron.core.timers:(min, max) time across ranks (ms):
31:     forward-backward ...............................: (1565.65, 1565.77)
31:     embedding-grads-all-reduce .....................: (0.01, 0.02)
31:     all-grads-sync .................................: (0.15, 0.23)
31:     optimizer-copy-to-main-grad ....................: (0.15, 0.38)
31:     optimizer-inner-step ...........................: (0.56, 0.68)
31:     optimizer-copy-main-to-model-params ............: (0.29, 0.92)
31:     optimizer ......................................: (2.76, 3.39)
31:     batch-generator ................................: (4.03, 5.87)
31:     forward-compute ................................: (487.93, 523.40)
31:     backward-compute ...............................: (1037.12, 1070.37)
31:  [2026-08-18 04:08:14.403169] iteration       53/   18141 | consumed samples:        15264 | elapsed time per iteration (ms): 1557.7 | throughput per GPU (TFLOP/s/GPU): 374.5 | learning rate: 4.240000E-05 | global batch size:   288 | lm loss: 7.626098E+00 | loss scale: 1.0 | grad norm: 1.971 | params norm: 657.181 | number of skipped iterations:   0 | number of nan iterations:   0 |
31: INFO:megatron.core.timers:(min, max) time across ranks (ms):
31:     forward-backward ...............................: (1538.88, 1538.99)
31:     embedding-grads-all-reduce .....................: (0.02, 0.02)
31:     all-grads-sync .................................: (0.16, 0.23)
31:     optimizer-copy-to-main-grad ....................: (0.16, 0.39)
31:     optimizer-inner-step ...........................: (0.56, 0.69)
31:     optimizer-copy-main-to-model-params ............: (0.31, 0.93)
31:     optimizer ......................................: (2.74, 3.35)
31:     batch-generator ................................: (4.10, 5.73)
31:     forward-compute ................................: (484.01, 520.63)
31:     backward-compute ...............................: (1012.36, 1049.55)
31:  [2026-08-18 04:08:16.013170] iteration       54/   18141 | consumed samples:        15552 | elapsed time per iteration (ms): 1609.8 | throughput per GPU (TFLOP/s/GPU): 363.9 | learning rate: 4.320000E-05 | global batch size:   288 | lm loss: 7.586779E+00 | loss scale: 1.0 | grad norm: 1.525 | params norm: 657.190 | number of skipped iterations:   0 | number of nan iterations:   0 |
31: INFO:megatron.core.timers:(min, max) time across ranks (ms):
31:     forward-backward ...............................: (1591.00, 1591.14)
31:     embedding-grads-all-reduce .....................: (0.01, 0.02)
31:     all-grads-sync .................................: (0.15, 0.22)
31:     optimizer-copy-to-main-grad ....................: (0.16, 0.43)
31:     optimizer-inner-step ...........................: (0.56, 0.68)
31:     optimizer-copy-main-to-model-params ............: (0.30, 0.95)
31:     optimizer ......................................: (2.82, 3.48)
31:     batch-generator ................................: (4.15, 5.79)
31:     forward-compute ................................: (491.11, 536.54)
31:     backward-compute ...............................: (1051.04, 1095.76)
31:  [2026-08-18 04:08:17.599587] iteration       55/   18141 | consumed samples:        15840 | elapsed time per iteration (ms): 1586.3 | throughput per GPU (TFLOP/s/GPU): 369.0 | learning rate: 4.400000E-05 | global batch size:   288 | lm loss: 7.536939E+00 | loss scale: 1.0 | grad norm: 2.475 | params norm: 657.198 | number of skipped iterations:   0 | number of nan iterations:   0 |
31: INFO:megatron.core.timers:(min, max) time across ranks (ms):
31:     forward-backward ...............................: (1567.62, 1567.77)
31:     embedding-grads-all-reduce .....................: (0.02, 0.02)
31:     all-grads-sync .................................: (0.16, 0.22)
31:     optimizer-copy-to-main-grad ....................: (0.15, 0.38)
31:     optimizer-inner-step ...........................: (0.57, 0.68)
31:     optimizer-copy-main-to-model-params ............: (0.31, 0.99)
31:     optimizer ......................................: (2.73, 3.41)
31:     batch-generator ................................: (4.23, 6.47)
31:     forward-compute ................................: (487.34, 528.44)
31:     backward-compute ...............................: (1035.56, 1075.38)
31:  [2026-08-18 04:08:19.184059] iteration       56/   18141 | consumed samples:        16128 | elapsed time per iteration (ms): 1584.3 | throughput per GPU (TFLOP/s/GPU): 368.2 | learning rate: 4.480000E-05 | global batch size:   288 | lm loss: 7.488738E+00 | loss scale: 1.0 | grad norm: 1.091 | params norm: 657.208 | number of skipped iterations:   0 | number of nan iterations:   0 |
31: INFO:megatron.core.timers:(min, max) time across ranks (ms):
31:     forward-backward ...............................: (1565.46, 1565.58)
31:     embedding-grads-all-reduce .....................: (0.01, 0.02)
31:     all-grads-sync .................................: (0.16, 0.21)
31:     optimizer-copy-to-main-grad ....................: (0.16, 0.40)
31:     optimizer-inner-step ...........................: (0.57, 0.69)
31:     optimizer-copy-main-to-model-params ............: (0.30, 0.97)
31:     optimizer ......................................: (2.75, 3.43)
31:     batch-generator ................................: (4.12, 6.51)
31:     forward-compute ................................: (494.58, 524.13)
31:     backward-compute ...............................: (1038.11, 1065.97)
31:  [2026-08-18 04:08:20.772967] iteration       57/   18141 | consumed samples:        16416 | elapsed time per iteration (ms): 1588.7 | throughput per GPU (TFLOP/s/GPU): 367.0 | learning rate: 4.560000E-05 | global batch size:   288 | lm loss: 7.461833E+00 | loss scale: 1.0 | grad norm: 2.475 | params norm: 657.218 | number of skipped iterations:   0 | number of nan iterations:   0 |
31: INFO:megatron.core.timers:(min, max) time across ranks (ms):
31:     forward-backward ...............................: (1570.41, 1570.54)
31:     embedding-grads-all-reduce .....................: (0.01, 0.02)
31:     all-grads-sync .................................: (0.16, 0.22)
31:     optimizer-copy-to-main-grad ....................: (0.16, 0.42)
31:     optimizer-inner-step ...........................: (0.56, 0.70)
31:     optimizer-copy-main-to-model-params ............: (0.31, 0.91)
31:     optimizer ......................................: (2.76, 3.36)
31:     batch-generator ................................: (4.20, 5.02)
31:     forward-compute ................................: (500.43, 536.04)
31:     backward-compute ...............................: (1028.71, 1066.38)
31:  [2026-08-18 04:08:22.370772] iteration       58/   18141 | consumed samples:        16704 | elapsed time per iteration (ms): 1597.6 | throughput per GPU (TFLOP/s/GPU): 366.9 | learning rate: 4.640000E-05 | global batch size:   288 | lm loss: 7.392722E+00 | loss scale: 1.0 | grad norm: 1.835 | params norm: 657.228 | number of skipped iterations:   0 | number of nan iterations:   0 |
31: INFO:megatron.core.timers:(min, max) time across ranks (ms):
31:     forward-backward ...............................: (1578.82, 1578.92)
31:     embedding-grads-all-reduce .....................: (0.02, 0.02)
31:     all-grads-sync .................................: (0.16, 0.22)
31:     optimizer-copy-to-main-grad ....................: (0.15, 0.38)
31:     optimizer-inner-step ...........................: (0.57, 0.68)
31:     optimizer-copy-main-to-model-params ............: (0.30, 0.95)
31:     optimizer ......................................: (2.69, 3.35)
31:     batch-generator ................................: (4.23, 6.09)
31:     forward-compute ................................: (486.44, 529.11)
31:     backward-compute ...............................: (1044.71, 1085.55)
31:  [2026-08-18 04:08:23.960423] iteration       59/   18141 | consumed samples:        16992 | elapsed time per iteration (ms): 1589.5 | throughput per GPU (TFLOP/s/GPU): 367.6 | learning rate: 4.720000E-05 | global batch size:   288 | lm loss: 7.380435E+00 | loss scale: 1.0 | grad norm: 2.740 | params norm: 657.239 | number of skipped iterations:   0 | number of nan iterations:   0 |
31: INFO:megatron.core.timers:(min, max) time across ranks (ms):
31:     forward-backward ...............................: (1570.91, 1571.02)
31:     embedding-grads-all-reduce .....................: (0.02, 0.02)
31:     all-grads-sync .................................: (0.17, 0.22)
31:     optimizer-copy-to-main-grad ....................: (0.15, 0.39)
31:     optimizer-inner-step ...........................: (0.57, 0.67)
31:     optimizer-copy-main-to-model-params ............: (0.29, 0.88)
31:     optimizer ......................................: (2.75, 3.35)
31:     batch-generator ................................: (4.20, 5.24)
31:     forward-compute ................................: (487.98, 524.67)
31:     backward-compute ...............................: (1040.19, 1078.61)
31:  [2026-08-18 04:08:25.568612] iteration       60/   18141 | consumed samples:        17280 | elapsed time per iteration (ms): 1608.0 | throughput per GPU (TFLOP/s/GPU): 364.7 | learning rate: 4.800000E-05 | global batch size:   288 | lm loss: 7.338724E+00 | loss scale: 1.0 | grad norm: 1.349 | params norm: 657.250 | number of skipped iterations:   0 | number of nan iterations:   0 |
31: INFO:megatron.core.timers:(min, max) time across ranks (ms):
31:     forward-backward ...............................: (1589.56, 1589.70)
31:     embedding-grads-all-reduce .....................: (0.02, 0.02)
31:     all-grads-sync .................................: (0.17, 0.22)
31:     optimizer-copy-to-main-grad ....................: (0.15, 0.41)
31:     optimizer-inner-step ...........................: (0.56, 0.68)
31:     optimizer-copy-main-to-model-params ............: (0.30, 0.89)
31:     optimizer ......................................: (2.74, 3.33)
31:     batch-generator ................................: (4.12, 5.67)
31:     forward-compute ................................: (488.72, 531.84)
31:     backward-compute ...............................: (1052.82, 1097.26)
31:  [2026-08-18 04:08:27.211315] iteration       61/   18141 | consumed samples:        17568 | elapsed time per iteration (ms): 1642.5 | throughput per GPU (TFLOP/s/GPU): 358.0 | learning rate: 4.880000E-05 | global batch size:   288 | lm loss: 7.293768E+00 | loss scale: 1.0 | grad norm: 3.175 | params norm: 657.262 | number of skipped iterations:   0 | number of nan iterations:   0 |
31: INFO:megatron.core.timers:(min, max) time across ranks (ms):
31:     forward-backward ...............................: (1623.96, 1624.10)
31:     embedding-grads-all-reduce .....................: (0.02, 0.02)
31:     all-grads-sync .................................: (0.16, 0.24)
31:     optimizer-copy-to-main-grad ....................: (0.16, 0.37)
31:     optimizer-inner-step ...........................: (0.56, 0.68)
31:     optimizer-copy-main-to-model-params ............: (0.31, 0.94)
31:     optimizer ......................................: (2.76, 3.38)
31:     batch-generator ................................: (4.11, 5.33)
31:     forward-compute ................................: (496.63, 539.59)
31:     backward-compute ...............................: (1078.52, 1120.80)
31:  [2026-08-18 04:08:28.800916] iteration       62/   18141 | consumed samples:        17856 | elapsed time per iteration (ms): 1589.4 | throughput per GPU (TFLOP/s/GPU): 367.3 | learning rate: 4.960000E-05 | global batch size:   288 | lm loss: 7.317313E+00 | loss scale: 1.0 | grad norm: 2.426 | params norm: 657.273 | number of skipped iterations:   0 | number of nan iterations:   0 |
31: INFO:megatron.core.timers:(min, max) time across ranks (ms):
31:     forward-backward ...............................: (1570.64, 1570.79)
31:     embedding-grads-all-reduce .....................: (0.02, 0.02)
31:     all-grads-sync .................................: (0.16, 0.22)
31:     optimizer-copy-to-main-grad ....................: (0.15, 0.41)
31:     optimizer-inner-step ...........................: (0.56, 0.68)
31:     optimizer-copy-main-to-model-params ............: (0.30, 0.96)
31:     optimizer ......................................: (2.76, 3.41)
31:     batch-generator ................................: (4.10, 4.90)
31:     forward-compute ................................: (488.24, 525.66)
31:     backward-compute ...............................: (1040.63, 1078.51)
31:  [2026-08-18 04:08:30.415715] iteration       63/   18141 | consumed samples:        18144 | elapsed time per iteration (ms): 1614.7 | throughput per GPU (TFLOP/s/GPU): 362.0 | learning rate: 5.040000E-05 | global batch size:   288 | lm loss: 7.262536E+00 | loss scale: 1.0 | grad norm: 2.405 | params norm: 657.285 | number of skipped iterations:   0 | number of nan iterations:   0 |
31: INFO:megatron.core.timers:(min, max) time across ranks (ms):
31:     forward-backward ...............................: (1596.02, 1596.13)
31:     embedding-grads-all-reduce .....................: (0.01, 0.02)
31:     all-grads-sync .................................: (0.16, 0.23)
31:     optimizer-copy-to-main-grad ....................: (0.16, 0.39)
31:     optimizer-inner-step ...........................: (0.57, 0.67)
31:     optimizer-copy-main-to-model-params ............: (0.31, 0.91)
31:     optimizer ......................................: (2.74, 3.35)
31:     batch-generator ................................: (4.08, 5.43)
31:     forward-compute ................................: (486.76, 534.84)
31:     backward-compute ...............................: (1057.05, 1102.66)
31:  [2026-08-18 04:08:31.993558] iteration       64/   18141 | consumed samples:        18432 | elapsed time per iteration (ms): 1577.4 | throughput per GPU (TFLOP/s/GPU): 369.8 | learning rate: 5.120000E-05 | global batch size:   288 | lm loss: 7.222173E+00 | loss scale: 1.0 | grad norm: 2.620 | params norm: 657.298 | number of skipped iterations:   0 | number of nan iterations:   0 |
31: INFO:megatron.core.timers:(min, max) time across ranks (ms):
31:     forward-backward ...............................: (1558.48, 1558.65)
31:     embedding-grads-all-reduce .....................: (0.01, 0.02)
31:     all-grads-sync .................................: (0.15, 0.22)
31:     optimizer-copy-to-main-grad ....................: (0.15, 0.36)
31:     optimizer-inner-step ...........................: (0.57, 0.68)
31:     optimizer-copy-main-to-model-params ............: (0.30, 0.95)
31:     optimizer ......................................: (2.71, 3.36)
31:     batch-generator ................................: (4.02, 4.76)
31:     forward-compute ................................: (496.96, 532.24)
31:     backward-compute ...............................: (1022.10, 1058.40)
31:  [2026-08-18 04:08:33.562877] iteration       65/   18141 | consumed samples:        18720 | elapsed time per iteration (ms): 1569.1 | throughput per GPU (TFLOP/s/GPU): 372.0 | learning rate: 5.200000E-05 | global batch size:   288 | lm loss: 7.165068E+00 | loss scale: 1.0 | grad norm: 1.527 | params norm: 657.310 | number of skipped iterations:   0 | number of nan iterations:   0 |
31: INFO:megatron.core.timers:(min, max) time across ranks (ms):
31:     forward-backward ...............................: (1550.00, 1550.14)
31:     embedding-grads-all-reduce .....................: (0.01, 0.02)
31:     all-grads-sync .................................: (0.16, 0.22)
31:     optimizer-copy-to-main-grad ....................: (0.15, 0.38)
31:     optimizer-inner-step ...........................: (0.56, 0.70)
31:     optimizer-copy-main-to-model-params ............: (0.30, 0.91)
31:     optimizer ......................................: (2.77, 3.38)
31:     batch-generator ................................: (4.20, 5.99)
31:     forward-compute ................................: (489.50, 527.93)
31:     backward-compute ...............................: (1016.48, 1054.62)
31:  [2026-08-18 04:08:35.180347] iteration       66/   18141 | consumed samples:        19008 | elapsed time per iteration (ms): 1617.3 | throughput per GPU (TFLOP/s/GPU): 361.7 | learning rate: 5.280000E-05 | global batch size:   288 | lm loss: 7.193358E+00 | loss scale: 1.0 | grad norm: 2.594 | params norm: 657.323 | number of skipped iterations:   0 | number of nan iterations:   0 |
31: INFO:megatron.core.timers:(min, max) time across ranks (ms):
31:     forward-backward ...............................: (1598.87, 1599.02)
31:     embedding-grads-all-reduce .....................: (0.02, 0.02)
31:     all-grads-sync .................................: (0.16, 0.24)
31:     optimizer-copy-to-main-grad ....................: (0.16, 0.38)
31:     optimizer-inner-step ...........................: (0.56, 0.68)
31:     optimizer-copy-main-to-model-params ............: (0.32, 0.88)
31:     optimizer ......................................: (2.75, 3.34)
31:     batch-generator ................................: (4.15, 5.87)
31:     forward-compute ................................: (491.68, 534.67)
31:     backward-compute ...............................: (1056.95, 1099.52)
31:  [2026-08-18 04:08:36.814629] iteration       67/   18141 | consumed samples:        19296 | elapsed time per iteration (ms): 1634.2 | throughput per GPU (TFLOP/s/GPU): 357.3 | learning rate: 5.360000E-05 | global batch size:   288 | lm loss: 7.135489E+00 | loss scale: 1.0 | grad norm: 2.025 | params norm: 657.335 | number of skipped iterations:   0 | number of nan iterations:   0 |
31: INFO:megatron.core.timers:(min, max) time across ranks (ms):
31:     forward-backward ...............................: (1615.82, 1615.99)
31:     embedding-grads-all-reduce .....................: (0.01, 0.02)
31:     all-grads-sync .................................: (0.17, 0.22)
31:     optimizer-copy-to-main-grad ....................: (0.15, 0.36)
31:     optimizer-inner-step ...........................: (0.56, 0.69)
31:     optimizer-copy-main-to-model-params ............: (0.30, 0.92)
31:     optimizer ......................................: (2.76, 3.38)
31:     batch-generator ................................: (4.05, 5.97)
31:     forward-compute ................................: (492.18, 530.63)
31:     backward-compute ...............................: (1081.09, 1120.00)
31:  [2026-08-18 04:08:38.421687] iteration       68/   18141 | consumed samples:        19584 | elapsed time per iteration (ms): 1606.8 | throughput per GPU (TFLOP/s/GPU): 363.8 | learning rate: 5.440000E-05 | global batch size:   288 | lm loss: 7.122262E+00 | loss scale: 1.0 | grad norm: 2.127 | params norm: 657.348 | number of skipped iterations:   0 | number of nan iterations:   0 |
31: INFO:megatron.core.timers:(min, max) time across ranks (ms):
31:     forward-backward ...............................: (1587.82, 1588.03)
31:     embedding-grads-all-reduce .....................: (0.02, 0.02)
31:     all-grads-sync .................................: (0.16, 0.24)
31:     optimizer-copy-to-main-grad ....................: (0.16, 0.42)
31:     optimizer-inner-step ...........................: (0.57, 0.69)
31:     optimizer-copy-main-to-model-params ............: (0.30, 1.07)
31:     optimizer ......................................: (2.82, 3.58)
31:     batch-generator ................................: (4.18, 5.62)
31:     forward-compute ................................: (491.64, 536.35)
31:     backward-compute ...............................: (1047.86, 1089.58)
31:  [2026-08-18 04:08:40.040471] iteration       69/   18141 | consumed samples:        19872 | elapsed time per iteration (ms): 1618.5 | throughput per GPU (TFLOP/s/GPU): 361.5 | learning rate: 5.520000E-05 | global batch size:   288 | lm loss: 7.088152E+00 | loss scale: 1.0 | grad norm: 1.697 | params norm: 657.361 | number of skipped iterations:   0 | number of nan iterations:   0 |
31: INFO:megatron.core.timers:(min, max) time across ranks (ms):
31:     forward-backward ...............................: (1599.85, 1600.01)
31:     embedding-grads-all-reduce .....................: (0.01, 0.02)
31:     all-grads-sync .................................: (0.17, 0.22)
31:     optimizer-copy-to-main-grad ....................: (0.15, 0.41)
31:     optimizer-inner-step ...........................: (0.56, 0.68)
31:     optimizer-copy-main-to-model-params ............: (0.29, 0.92)
31:     optimizer ......................................: (2.77, 3.41)
31:     batch-generator ................................: (4.09, 6.18)
31:     forward-compute ................................: (489.31, 536.13)
31:     backward-compute ...............................: (1059.69, 1107.06)
31:  [2026-08-18 04:08:41.625828] iteration       70/   18141 | consumed samples:        20160 | elapsed time per iteration (ms): 1585.2 | throughput per GPU (TFLOP/s/GPU): 367.4 | learning rate: 5.600000E-05 | global batch size:   288 | lm loss: 7.063094E+00 | loss scale: 1.0 | grad norm: 2.091 | params norm: 657.375 | number of skipped iterations:   0 | number of nan iterations:   0 |
31: INFO:megatron.core.timers:(min, max) time across ranks (ms):
31:     forward-backward ...............................: (1566.73, 1566.86)
31:     embedding-grads-all-reduce .....................: (0.01, 0.02)
31:     all-grads-sync .................................: (0.16, 0.22)
31:     optimizer-copy-to-main-grad ....................: (0.14, 0.39)
31:     optimizer-inner-step ...........................: (0.56, 0.69)
31:     optimizer-copy-main-to-model-params ............: (0.29, 0.92)
31:     optimizer ......................................: (2.70, 3.34)
31:     batch-generator ................................: (4.12, 6.47)
31:     forward-compute ................................: (489.88, 521.37)
31:     backward-compute ...............................: (1038.72, 1071.57)
31:  [2026-08-18 04:08:43.222807] iteration       71/   18141 | consumed samples:        20448 | elapsed time per iteration (ms): 1596.8 | throughput per GPU (TFLOP/s/GPU): 365.5 | learning rate: 5.680000E-05 | global batch size:   288 | lm loss: 7.018889E+00 | loss scale: 1.0 | grad norm: 2.008 | params norm: 657.388 | number of skipped iterations:   0 | number of nan iterations:   0 |
31: INFO:megatron.core.timers:(min, max) time across ranks (ms):
31:     forward-backward ...............................: (1578.02, 1578.14)
31:     embedding-grads-all-reduce .....................: (0.02, 0.02)
31:     all-grads-sync .................................: (0.17, 0.23)
31:     optimizer-copy-to-main-grad ....................: (0.16, 0.38)
31:     optimizer-inner-step ...........................: (0.57, 0.68)
31:     optimizer-copy-main-to-model-params ............: (0.30, 0.94)
31:     optimizer ......................................: (2.77, 3.41)
31:     batch-generator ................................: (4.14, 6.00)
31:     forward-compute ................................: (497.55, 538.69)
31:     backward-compute ...............................: (1035.18, 1076.19)
31:  [2026-08-18 04:08:44.856391] iteration       72/   18141 | consumed samples:        20736 | elapsed time per iteration (ms): 1633.3 | throughput per GPU (TFLOP/s/GPU): 359.2 | learning rate: 5.760000E-05 | global batch size:   288 | lm loss: 7.037439E+00 | loss scale: 1.0 | grad norm: 2.176 | params norm: 657.402 | number of skipped iterations:   0 | number of nan iterations:   0 |
31: INFO:megatron.core.timers:(min, max) time across ranks (ms):
31:     forward-backward ...............................: (1614.33, 1614.46)
31:     embedding-grads-all-reduce .....................: (0.02, 0.02)
31:     all-grads-sync .................................: (0.17, 0.22)
31:     optimizer-copy-to-main-grad ....................: (0.16, 0.38)
31:     optimizer-inner-step ...........................: (0.55, 0.68)
31:     optimizer-copy-main-to-model-params ............: (0.30, 0.93)
31:     optimizer ......................................: (2.73, 3.36)
31:     batch-generator ................................: (4.06, 5.75)
31:     forward-compute ................................: (497.77, 543.29)
31:     backward-compute ...............................: (1067.59, 1112.79)
31:  [2026-08-18 04:08:46.439140] iteration       73/   18141 | consumed samples:        21024 | elapsed time per iteration (ms): 1582.2 | throughput per GPU (TFLOP/s/GPU): 369.9 | learning rate: 5.840000E-05 | global batch size:   288 | lm loss: 7.041440E+00 | loss scale: 1.0 | grad norm: 1.672 | params norm: 657.415 | number of skipped iterations:   0 | number of nan iterations:   0 |
31: INFO:megatron.core.timers:(min, max) time across ranks (ms):
31:     forward-backward ...............................: (1563.81, 1563.94)
31:     embedding-grads-all-reduce .....................: (0.02, 0.02)
31:     all-grads-sync .................................: (0.16, 0.23)
31:     optimizer-copy-to-main-grad ....................: (0.16, 0.39)
31:     optimizer-inner-step ...........................: (0.56, 0.68)
31:     optimizer-copy-main-to-model-params ............: (0.31, 0.92)
31:     optimizer ......................................: (2.76, 3.38)
31:     batch-generator ................................: (4.12, 5.06)
31:     forward-compute ................................: (493.42, 533.24)
31:     backward-compute ...............................: (1026.62, 1066.47)
31:  [2026-08-18 04:08:48.020964] iteration       74/   18141 | consumed samples:        21312 | elapsed time per iteration (ms): 1581.8 | throughput per GPU (TFLOP/s/GPU): 367.9 | learning rate: 5.920000E-05 | global batch size:   288 | lm loss: 6.984234E+00 | loss scale: 1.0 | grad norm: 1.807 | params norm: 657.429 | number of skipped iterations:   0 | number of nan iterations:   0 |
31: INFO:megatron.core.timers:(min, max) time across ranks (ms):
31:     forward-backward ...............................: (1562.83, 1562.99)
31:     embedding-grads-all-reduce .....................: (0.01, 0.02)
31:     all-grads-sync .................................: (0.16, 0.22)
31:     optimizer-copy-to-main-grad ....................: (0.16, 0.39)
31:     optimizer-inner-step ...........................: (0.56, 0.68)
31:     optimizer-copy-main-to-model-params ............: (0.30, 0.91)
31:     optimizer ......................................: (2.77, 3.38)
31:     batch-generator ................................: (4.19, 5.34)
31:     forward-compute ................................: (486.00, 527.28)
31:     backward-compute ...............................: (1029.69, 1071.48)
31:  [2026-08-18 04:08:49.646789] iteration       75/   18141 | consumed samples:        21600 | elapsed time per iteration (ms): 1625.6 | throughput per GPU (TFLOP/s/GPU): 359.3 | learning rate: 6.000000E-05 | global batch size:   288 | lm loss: 6.970475E+00 | loss scale: 1.0 | grad norm: 2.020 | params norm: 657.443 | number of skipped iterations:   0 | number of nan iterations:   0 |
31: INFO:megatron.core.timers:(min, max) time across ranks (ms):
31:     forward-backward ...............................: (1606.80, 1606.95)
31:     embedding-grads-all-reduce .....................: (0.02, 0.04)
31:     all-grads-sync .................................: (0.17, 0.23)
31:     optimizer-copy-to-main-grad ....................: (0.15, 0.40)
31:     optimizer-inner-step ...........................: (0.57, 0.68)
31:     optimizer-copy-main-to-model-params ............: (0.30, 0.97)
31:     optimizer ......................................: (2.73, 3.40)
31:     batch-generator ................................: (4.06, 6.11)
31:     forward-compute ................................: (488.74, 533.68)
31:     backward-compute ...............................: (1067.05, 1114.14)
31:  [2026-08-18 04:08:51.271504] iteration       76/   18141 | consumed samples:        21888 | elapsed time per iteration (ms): 1624.4 | throughput per GPU (TFLOP/s/GPU): 361.7 | learning rate: 6.080000E-05 | global batch size:   288 | lm loss: 6.943080E+00 | loss scale: 1.0 | grad norm: 2.326 | params norm: 657.457 | number of skipped iterations:   0 | number of nan iterations:   0 |
31: INFO:megatron.core.timers:(min, max) time across ranks (ms):
31:     forward-backward ...............................: (1605.70, 1605.84)
31:     embedding-grads-all-reduce .....................: (0.01, 0.02)
31:     all-grads-sync .................................: (0.16, 0.22)
31:     optimizer-copy-to-main-grad ....................: (0.15, 0.38)
31:     optimizer-inner-step ...........................: (0.56, 0.70)
31:     optimizer-copy-main-to-model-params ............: (0.31, 0.98)
31:     optimizer ......................................: (2.73, 3.41)
31:     batch-generator ................................: (4.02, 5.25)
31:     forward-compute ................................: (486.66, 530.53)
31:     backward-compute ...............................: (1071.51, 1113.60)
31:  [2026-08-18 04:08:52.893426] iteration       77/   18141 | consumed samples:        22176 | elapsed time per iteration (ms): 1621.7 | throughput per GPU (TFLOP/s/GPU): 360.4 | learning rate: 6.160000E-05 | global batch size:   288 | lm loss: 6.936658E+00 | loss scale: 1.0 | grad norm: 2.083 | params norm: 657.471 | number of skipped iterations:   0 | number of nan iterations:   0 |
31: INFO:megatron.core.timers:(min, max) time across ranks (ms):
31:     forward-backward ...............................: (1603.06, 1603.20)
31:     embedding-grads-all-reduce .....................: (0.02, 0.02)
31:     all-grads-sync .................................: (0.16, 0.22)
31:     optimizer-copy-to-main-grad ....................: (0.16, 0.41)
31:     optimizer-inner-step ...........................: (0.56, 0.69)
31:     optimizer-copy-main-to-model-params ............: (0.33, 0.97)
31:     optimizer ......................................: (2.83, 3.47)
31:     batch-generator ................................: (4.08, 5.29)
31:     forward-compute ................................: (493.33, 541.33)
31:     backward-compute ...............................: (1056.48, 1104.24)
31:  [2026-08-18 04:08:54.510890] iteration       78/   18141 | consumed samples:        22464 | elapsed time per iteration (ms): 1617.3 | throughput per GPU (TFLOP/s/GPU): 362.0 | learning rate: 6.240000E-05 | global batch size:   288 | lm loss: 6.907187E+00 | loss scale: 1.0 | grad norm: 1.694 | params norm: 657.486 | number of skipped iterations:   0 | number of nan iterations:   0 |
31: INFO:megatron.core.timers:(min, max) time across ranks (ms):
31:     forward-backward ...............................: (1597.96, 1598.09)
31:     embedding-grads-all-reduce .....................: (0.01, 0.02)
31:     all-grads-sync .................................: (0.16, 0.22)
31:     optimizer-copy-to-main-grad ....................: (0.15, 0.38)
31:     optimizer-inner-step ...........................: (0.56, 0.69)
31:     optimizer-copy-main-to-model-params ............: (0.30, 0.93)
31:     optimizer ......................................: (2.76, 3.38)
31:     batch-generator ................................: (4.13, 6.82)
31:     forward-compute ................................: (490.08, 537.08)
31:     backward-compute ...............................: (1054.97, 1104.13)
31:  [2026-08-18 04:08:56.102723] iteration       79/   18141 | consumed samples:        22752 | elapsed time per iteration (ms): 1591.7 | throughput per GPU (TFLOP/s/GPU): 368.6 | learning rate: 6.320000E-05 | global batch size:   288 | lm loss: 6.889901E+00 | loss scale: 1.0 | grad norm: 1.965 | params norm: 657.500 | number of skipped iterations:   0 | number of nan iterations:   0 |
31: INFO:megatron.core.timers:(min, max) time across ranks (ms):
31:     forward-backward ...............................: (1572.89, 1573.03)
31:     embedding-grads-all-reduce .....................: (0.02, 0.02)
31:     all-grads-sync .................................: (0.16, 0.23)
31:     optimizer-copy-to-main-grad ....................: (0.16, 0.37)
31:     optimizer-inner-step ...........................: (0.56, 0.67)
31:     optimizer-copy-main-to-model-params ............: (0.32, 0.95)
31:     optimizer ......................................: (2.77, 3.40)
31:     batch-generator ................................: (4.08, 5.81)
31:     forward-compute ................................: (482.11, 533.38)
31:     backward-compute ...............................: (1033.58, 1087.77)
31:  [2026-08-18 04:08:57.707600] iteration       80/   18141 | consumed samples:        23040 | elapsed time per iteration (ms): 1604.6 | throughput per GPU (TFLOP/s/GPU): 363.4 | learning rate: 6.400000E-05 | global batch size:   288 | lm loss: 6.893781E+00 | loss scale: 1.0 | grad norm: 2.070 | params norm: 657.514 | number of skipped iterations:   0 | number of nan iterations:   0 |
31: INFO:megatron.core.timers:(min, max) time across ranks (ms):
31:     forward-backward ...............................: (1585.75, 1585.88)
31:     embedding-grads-all-reduce .....................: (0.01, 0.02)
31:     all-grads-sync .................................: (0.17, 0.23)
31:     optimizer-copy-to-main-grad ....................: (0.16, 0.39)
31:     optimizer-inner-step ...........................: (0.56, 0.69)
31:     optimizer-copy-main-to-model-params ............: (0.30, 0.95)
31:     optimizer ......................................: (2.73, 3.38)
31:     batch-generator ................................: (4.11, 5.94)
31:     forward-compute ................................: (489.28, 534.51)
31:     backward-compute ...............................: (1047.79, 1090.99)
31:  [2026-08-18 04:08:59.308568] iteration       81/   18141 | consumed samples:        23328 | elapsed time per iteration (ms): 1600.8 | throughput per GPU (TFLOP/s/GPU): 364.4 | learning rate: 6.480000E-05 | global batch size:   288 | lm loss: 6.828072E+00 | loss scale: 1.0 | grad norm: 1.298 | params norm: 657.529 | number of skipped iterations:   0 | number of nan iterations:   0 |
31: INFO:megatron.core.timers:(min, max) time across ranks (ms):
31:     forward-backward ...............................: (1582.11, 1582.24)
31:     embedding-grads-all-reduce .....................: (0.01, 0.02)
31:     all-grads-sync .................................: (0.17, 0.22)
31:     optimizer-copy-to-main-grad ....................: (0.15, 0.40)
31:     optimizer-inner-step ...........................: (0.57, 0.69)
31:     optimizer-copy-main-to-model-params ............: (0.31, 0.89)
31:     optimizer ......................................: (2.87, 3.45)
31:     batch-generator ................................: (4.15, 6.06)
31:     forward-compute ................................: (485.58, 534.59)
31:     backward-compute ...............................: (1041.26, 1093.26)
31:  [2026-08-18 04:09:00.929459] iteration       82/   18141 | consumed samples:        23616 | elapsed time per iteration (ms): 1620.6 | throughput per GPU (TFLOP/s/GPU): 361.9 | learning rate: 6.560000E-05 | global batch size:   288 | lm loss: 6.831794E+00 | loss scale: 1.0 | grad norm: 2.143 | params norm: 657.544 | number of skipped iterations:   0 | number of nan iterations:   0 |
31: INFO:megatron.core.timers:(min, max) time across ranks (ms):
31:     forward-backward ...............................: (1601.67, 1601.81)
31:     embedding-grads-all-reduce .....................: (0.02, 0.02)
31:     all-grads-sync .................................: (0.17, 0.22)
31:     optimizer-copy-to-main-grad ....................: (0.15, 0.40)
31:     optimizer-inner-step ...........................: (0.56, 0.68)
31:     optimizer-copy-main-to-model-params ............: (0.32, 0.98)
31:     optimizer ......................................: (2.78, 3.44)
31:     batch-generator ................................: (4.18, 6.23)
31:     forward-compute ................................: (489.94, 532.03)
31:     backward-compute ...............................: (1063.37, 1104.71)
31:  [2026-08-18 04:09:02.536622] iteration       83/   18141 | consumed samples:        23904 | elapsed time per iteration (ms): 1607.0 | throughput per GPU (TFLOP/s/GPU): 364.6 | learning rate: 6.640000E-05 | global batch size:   288 | lm loss: 6.830622E+00 | loss scale: 1.0 | grad norm: 1.627 | params norm: 657.560 | number of skipped iterations:   0 | number of nan iterations:   0 |
31: INFO:megatron.core.timers:(min, max) time across ranks (ms):
31:     forward-backward ...............................: (1587.51, 1587.71)
31:     embedding-grads-all-reduce .....................: (0.01, 0.02)
31:     all-grads-sync .................................: (0.17, 0.22)
31:     optimizer-copy-to-main-grad ....................: (0.16, 0.48)
31:     optimizer-inner-step ...........................: (0.56, 0.70)
31:     optimizer-copy-main-to-model-params ............: (0.31, 1.19)
31:     optimizer ......................................: (3.01, 3.90)
31:     batch-generator ................................: (4.25, 6.09)
31:     forward-compute ................................: (499.43, 537.00)
31:     backward-compute ...............................: (1042.62, 1083.64)
31:  [2026-08-18 04:09:04.113812] iteration       84/   18141 | consumed samples:        24192 | elapsed time per iteration (ms): 1577.0 | throughput per GPU (TFLOP/s/GPU): 369.6 | learning rate: 6.720000E-05 | global batch size:   288 | lm loss: 6.775693E+00 | loss scale: 1.0 | grad norm: 1.659 | params norm: 657.575 | number of skipped iterations:   0 | number of nan iterations:   0 |
31: INFO:megatron.core.timers:(min, max) time across ranks (ms):
31:     forward-backward ...............................: (1558.05, 1558.20)
31:     embedding-grads-all-reduce .....................: (0.01, 0.02)
31:     all-grads-sync .................................: (0.17, 0.23)
31:     optimizer-copy-to-main-grad ....................: (0.15, 0.41)
31:     optimizer-inner-step ...........................: (0.57, 0.69)
31:     optimizer-copy-main-to-model-params ............: (0.30, 0.98)
31:     optimizer ......................................: (2.81, 3.49)
31:     batch-generator ................................: (4.00, 5.21)
31:     forward-compute ................................: (492.11, 525.66)
31:     backward-compute ...............................: (1028.54, 1062.32)
31:  [2026-08-18 04:09:05.699424] iteration       85/   18141 | consumed samples:        24480 | elapsed time per iteration (ms): 1585.4 | throughput per GPU (TFLOP/s/GPU): 368.4 | learning rate: 6.800000E-05 | global batch size:   288 | lm loss: 6.793255E+00 | loss scale: 1.0 | grad norm: 1.928 | params norm: 657.591 | number of skipped iterations:   0 | number of nan iterations:   0 |
31: INFO:megatron.core.timers:(min, max) time across ranks (ms):
31:     forward-backward ...............................: (1566.60, 1566.72)
31:     embedding-grads-all-reduce .....................: (0.02, 0.02)
31:     all-grads-sync .................................: (0.16, 0.24)
31:     optimizer-copy-to-main-grad ....................: (0.15, 0.40)
31:     optimizer-inner-step ...........................: (0.57, 0.69)
31:     optimizer-copy-main-to-model-params ............: (0.30, 0.97)
31:     optimizer ......................................: (2.80, 3.48)
31:     batch-generator ................................: (4.07, 5.51)
31:     forward-compute ................................: (492.07, 524.02)
31:     backward-compute ...............................: (1034.85, 1070.62)
31:  [2026-08-18 04:09:07.294288] iteration       86/   18141 | consumed samples:        24768 | elapsed time per iteration (ms): 1594.6 | throughput per GPU (TFLOP/s/GPU): 366.5 | learning rate: 6.880000E-05 | global batch size:   288 | lm loss: 6.772776E+00 | loss scale: 1.0 | grad norm: 1.846 | params norm: 657.606 | number of skipped iterations:   0 | number of nan iterations:   0 |
31: INFO:megatron.core.timers:(min, max) time across ranks (ms):
31:     forward-backward ...............................: (1576.19, 1576.31)
31:     embedding-grads-all-reduce .....................: (0.02, 0.02)
31:     all-grads-sync .................................: (0.16, 0.25)
31:     optimizer-copy-to-main-grad ....................: (0.15, 0.37)
31:     optimizer-inner-step ...........................: (0.56, 0.68)
31:     optimizer-copy-main-to-model-params ............: (0.32, 0.99)
31:     optimizer ......................................: (2.76, 3.43)
31:     batch-generator ................................: (4.18, 5.16)
31:     forward-compute ................................: (487.69, 528.77)
31:     backward-compute ...............................: (1043.42, 1084.69)
31:  [2026-08-18 04:09:08.900561] iteration       87/   18141 | consumed samples:        25056 | elapsed time per iteration (ms): 1605.9 | throughput per GPU (TFLOP/s/GPU): 363.7 | learning rate: 6.960000E-05 | global batch size:   288 | lm loss: 6.727964E+00 | loss scale: 1.0 | grad norm: 1.443 | params norm: 657.622 | number of skipped iterations:   0 | number of nan iterations:   0 |
31: INFO:megatron.core.timers:(min, max) time across ranks (ms):
31:     forward-backward ...............................: (1587.51, 1587.63)
31:     embedding-grads-all-reduce .....................: (0.01, 0.02)
31:     all-grads-sync .................................: (0.17, 0.22)
31:     optimizer-copy-to-main-grad ....................: (0.15, 0.41)
31:     optimizer-inner-step ...........................: (0.57, 0.68)
31:     optimizer-copy-main-to-model-params ............: (0.31, 0.99)
31:     optimizer ......................................: (2.81, 3.49)
31:     batch-generator ................................: (4.10, 5.44)
31:     forward-compute ................................: (486.51, 528.04)
31:     backward-compute ...............................: (1051.43, 1097.36)
31:  [2026-08-18 04:09:10.494296] iteration       88/   18141 | consumed samples:        25344 | elapsed time per iteration (ms): 1593.7 | throughput per GPU (TFLOP/s/GPU): 367.6 | learning rate: 7.040000E-05 | global batch size:   288 | lm loss: 6.716805E+00 | loss scale: 1.0 | grad norm: 1.500 | params norm: 657.639 | number of skipped iterations:   0 | number of nan iterations:   0 |
31: INFO:megatron.core.timers:(min, max) time across ranks (ms):
31:     forward-backward ...............................: (1574.56, 1574.66)
31:     embedding-grads-all-reduce .....................: (0.02, 0.02)
31:     all-grads-sync .................................: (0.16, 0.23)
31:     optimizer-copy-to-main-grad ....................: (0.15, 0.39)
31:     optimizer-inner-step ...........................: (0.56, 0.70)
31:     optimizer-copy-main-to-model-params ............: (0.31, 0.99)
31:     optimizer ......................................: (2.79, 3.47)
31:     batch-generator ................................: (4.22, 6.49)
31:     forward-compute ................................: (490.81, 528.82)
31:     backward-compute ...............................: (1040.21, 1079.67)
31:  [2026-08-18 04:09:12.103056] iteration       89/   18141 | consumed samples:        25632 | elapsed time per iteration (ms): 1608.4 | throughput per GPU (TFLOP/s/GPU): 363.9 | learning rate: 7.120000E-05 | global batch size:   288 | lm loss: 6.679345E+00 | loss scale: 1.0 | grad norm: 1.792 | params norm: 657.655 | number of skipped iterations:   0 | number of nan iterations:   0 |
31: INFO:megatron.core.timers:(min, max) time across ranks (ms):
31:     forward-backward ...............................: (1589.65, 1589.78)
31:     embedding-grads-all-reduce .....................: (0.01, 0.02)
31:     all-grads-sync .................................: (0.17, 0.22)
31:     optimizer-copy-to-main-grad ....................: (0.16, 0.37)
31:     optimizer-inner-step ...........................: (0.56, 0.68)
31:     optimizer-copy-main-to-model-params ............: (0.31, 0.99)
31:     optimizer ......................................: (2.76, 3.43)
31:     batch-generator ................................: (4.14, 5.37)
31:     forward-compute ................................: (492.12, 535.33)
31:     backward-compute ...............................: (1050.25, 1093.26)
31:  [2026-08-18 04:09:13.677068] iteration       90/   18141 | consumed samples:        25920 | elapsed time per iteration (ms): 1573.8 | throughput per GPU (TFLOP/s/GPU): 373.3 | learning rate: 7.200000E-05 | global batch size:   288 | lm loss: 6.686725E+00 | loss scale: 1.0 | grad norm: 1.876 | params norm: 657.672 | number of skipped iterations:   0 | number of nan iterations:   0 |
31: INFO:megatron.core.timers:(min, max) time across ranks (ms):
31:     forward-backward ...............................: (1554.77, 1554.99)
31:     embedding-grads-all-reduce .....................: (0.01, 0.02)
31:     all-grads-sync .................................: (0.16, 0.22)
31:     optimizer-copy-to-main-grad ....................: (0.15, 0.38)
31:     optimizer-inner-step ...........................: (0.56, 0.69)
31:     optimizer-copy-main-to-model-params ............: (0.31, 1.00)
31:     optimizer ......................................: (2.85, 3.54)
31:     batch-generator ................................: (4.16, 5.16)
31:     forward-compute ................................: (490.44, 527.26)
31:     backward-compute ...............................: (1023.41, 1059.67)
31:  [2026-08-18 04:09:15.308433] iteration       91/   18141 | consumed samples:        26208 | elapsed time per iteration (ms): 1631.2 | throughput per GPU (TFLOP/s/GPU): 357.9 | learning rate: 7.280000E-05 | global batch size:   288 | lm loss: 6.621025E+00 | loss scale: 1.0 | grad norm: 1.532 | params norm: 657.690 | number of skipped iterations:   0 | number of nan iterations:   0 |
31: INFO:megatron.core.timers:(min, max) time across ranks (ms):
31:     forward-backward ...............................: (1612.42, 1612.56)
31:     embedding-grads-all-reduce .....................: (0.02, 0.02)
31:     all-grads-sync .................................: (0.17, 0.22)
31:     optimizer-copy-to-main-grad ....................: (0.15, 0.38)
31:     optimizer-inner-step ...........................: (0.56, 0.70)
31:     optimizer-copy-main-to-model-params ............: (0.32, 0.95)
31:     optimizer ......................................: (2.78, 3.41)
31:     batch-generator ................................: (4.18, 5.34)
31:     forward-compute ................................: (487.64, 538.46)
31:     backward-compute ...............................: (1070.56, 1120.70)
31:  [2026-08-18 04:09:16.895921] iteration       92/   18141 | consumed samples:        26496 | elapsed time per iteration (ms): 1587.3 | throughput per GPU (TFLOP/s/GPU): 368.6 | learning rate: 7.360000E-05 | global batch size:   288 | lm loss: 6.640792E+00 | loss scale: 1.0 | grad norm: 2.457 | params norm: 657.707 | number of skipped iterations:   0 | number of nan iterations:   0 |
31: INFO:megatron.core.timers:(min, max) time across ranks (ms):
31:     forward-backward ...............................: (1568.89, 1569.07)
31:     embedding-grads-all-reduce .....................: (0.02, 0.02)
31:     all-grads-sync .................................: (0.17, 0.23)
31:     optimizer-copy-to-main-grad ....................: (0.15, 0.39)
31:     optimizer-inner-step ...........................: (0.55, 0.69)
31:     optimizer-copy-main-to-model-params ............: (0.32, 0.93)
31:     optimizer ......................................: (2.82, 3.42)
31:     batch-generator ................................: (4.17, 5.82)
31:     forward-compute ................................: (484.56, 532.55)
31:     backward-compute ...............................: (1033.04, 1077.69)
31:  [2026-08-18 04:09:18.489699] iteration       93/   18141 | consumed samples:        26784 | elapsed time per iteration (ms): 1593.5 | throughput per GPU (TFLOP/s/GPU): 367.2 | learning rate: 7.440000E-05 | global batch size:   288 | lm loss: 6.641031E+00 | loss scale: 1.0 | grad norm: 2.148 | params norm: 657.724 | number of skipped iterations:   0 | number of nan iterations:   0 |
31: INFO:megatron.core.timers:(min, max) time across ranks (ms):
31:     forward-backward ...............................: (1574.48, 1574.59)
31:     embedding-grads-all-reduce .....................: (0.02, 0.02)
31:     all-grads-sync .................................: (0.16, 0.22)
31:     optimizer-copy-to-main-grad ....................: (0.15, 0.41)
31:     optimizer-inner-step ...........................: (0.57, 0.69)
31:     optimizer-copy-main-to-model-params ............: (0.30, 0.94)
31:     optimizer ......................................: (2.77, 3.41)
31:     batch-generator ................................: (4.21, 5.49)
31:     forward-compute ................................: (493.34, 530.45)
31:     backward-compute ...............................: (1040.64, 1077.66)
31:  [2026-08-18 04:09:20.063732] iteration       94/   18141 | consumed samples:        27072 | elapsed time per iteration (ms): 1573.8 | throughput per GPU (TFLOP/s/GPU): 371.4 | learning rate: 7.520000E-05 | global batch size:   288 | lm loss: 6.598092E+00 | loss scale: 1.0 | grad norm: 1.321 | params norm: 657.741 | number of skipped iterations:   0 | number of nan iterations:   0 |
31: INFO:megatron.core.timers:(min, max) time across ranks (ms):
31:     forward-backward ...............................: (1554.74, 1554.86)
31:     embedding-grads-all-reduce .....................: (0.02, 0.02)
31:     all-grads-sync .................................: (0.17, 0.21)
31:     optimizer-copy-to-main-grad ....................: (0.16, 0.38)
31:     optimizer-inner-step ...........................: (0.57, 0.69)
31:     optimizer-copy-main-to-model-params ............: (0.32, 0.90)
31:     optimizer ......................................: (2.77, 3.36)
31:     batch-generator ................................: (4.13, 5.35)
31:     forward-compute ................................: (490.34, 533.34)
31:     backward-compute ...............................: (1017.48, 1060.68)
31:  [2026-08-18 04:09:21.655790] iteration       95/   18141 | consumed samples:        27360 | elapsed time per iteration (ms): 1591.7 | throughput per GPU (TFLOP/s/GPU): 366.3 | learning rate: 7.600000E-05 | global batch size:   288 | lm loss: 6.594029E+00 | loss scale: 1.0 | grad norm: 1.890 | params norm: 657.759 | number of skipped iterations:   0 | number of nan iterations:   0 |
31: INFO:megatron.core.timers:(min, max) time across ranks (ms):
31:     forward-backward ...............................: (1572.73, 1572.85)
31:     embedding-grads-all-reduce .....................: (0.01, 0.02)
31:     all-grads-sync .................................: (0.16, 0.23)
31:     optimizer-copy-to-main-grad ....................: (0.16, 0.36)
31:     optimizer-inner-step ...........................: (0.56, 0.70)
31:     optimizer-copy-main-to-model-params ............: (0.30, 0.93)
31:     optimizer ......................................: (2.81, 3.44)
31:     batch-generator ................................: (4.18, 6.93)
31:     forward-compute ................................: (490.64, 533.93)
31:     backward-compute ...............................: (1033.89, 1074.16)
31:  [2026-08-18 04:09:23.245573] iteration       96/   18141 | consumed samples:        27648 | elapsed time per iteration (ms): 1589.6 | throughput per GPU (TFLOP/s/GPU): 366.8 | learning rate: 7.680000E-05 | global batch size:   288 | lm loss: 6.570889E+00 | loss scale: 1.0 | grad norm: 1.130 | params norm: 657.777 | number of skipped iterations:   0 | number of nan iterations:   0 |
31: INFO:megatron.core.timers:(min, max) time across ranks (ms):
31:     forward-backward ...............................: (1570.57, 1570.73)
31:     embedding-grads-all-reduce .....................: (0.02, 0.02)
31:     all-grads-sync .................................: (0.17, 0.23)
31:     optimizer-copy-to-main-grad ....................: (0.16, 0.39)
31:     optimizer-inner-step ...........................: (0.56, 0.69)
31:     optimizer-copy-main-to-model-params ............: (0.32, 0.93)
31:     optimizer ......................................: (2.82, 3.44)
31:     batch-generator ................................: (4.16, 4.73)
31:     forward-compute ................................: (494.30, 527.66)
31:     backward-compute ...............................: (1038.55, 1072.17)
31:  [2026-08-18 04:09:24.832045] iteration       97/   18141 | consumed samples:        27936 | elapsed time per iteration (ms): 1586.3 | throughput per GPU (TFLOP/s/GPU): 368.6 | learning rate: 7.760000E-05 | global batch size:   288 | lm loss: 6.571230E+00 | loss scale: 1.0 | grad norm: 1.976 | params norm: 657.795 | number of skipped iterations:   0 | number of nan iterations:   0 |
31: INFO:megatron.core.timers:(min, max) time across ranks (ms):
31:     forward-backward ...............................: (1567.44, 1567.57)
31:     embedding-grads-all-reduce .....................: (0.02, 0.02)
31:     all-grads-sync .................................: (0.16, 0.22)
31:     optimizer-copy-to-main-grad ....................: (0.15, 0.37)
31:     optimizer-inner-step ...........................: (0.56, 0.68)
31:     optimizer-copy-main-to-model-params ............: (0.31, 1.03)
31:     optimizer ......................................: (2.76, 3.48)
31:     batch-generator ................................: (4.16, 5.42)
31:     forward-compute ................................: (491.21, 520.51)
31:     backward-compute ...............................: (1042.91, 1071.40)
31:  [2026-08-18 04:09:26.427338] iteration       98/   18141 | consumed samples:        28224 | elapsed time per iteration (ms): 1595.2 | throughput per GPU (TFLOP/s/GPU): 367.0 | learning rate: 7.840000E-05 | global batch size:   288 | lm loss: 6.556733E+00 | loss scale: 1.0 | grad norm: 1.404 | params norm: 657.814 | number of skipped iterations:   0 | number of nan iterations:   0 |
31: INFO:megatron.core.timers:(min, max) time across ranks (ms):
31:     forward-backward ...............................: (1576.45, 1576.61)
31:     embedding-grads-all-reduce .....................: (0.02, 0.02)
31:     all-grads-sync .................................: (0.16, 0.22)
31:     optimizer-copy-to-main-grad ....................: (0.16, 0.39)
31:     optimizer-inner-step ...........................: (0.56, 0.68)
31:     optimizer-copy-main-to-model-params ............: (0.31, 1.01)
31:     optimizer ......................................: (2.79, 3.50)
31:     batch-generator ................................: (4.17, 5.28)
31:     forward-compute ................................: (495.77, 524.54)
31:     backward-compute ...............................: (1047.70, 1076.43)
31:  [2026-08-18 04:09:28.012838] iteration       99/   18141 | consumed samples:        28512 | elapsed time per iteration (ms): 1585.3 | throughput per GPU (TFLOP/s/GPU): 368.4 | learning rate: 7.920000E-05 | global batch size:   288 | lm loss: 6.503673E+00 | loss scale: 1.0 | grad norm: 1.601 | params norm: 657.833 | number of skipped iterations:   0 | number of nan iterations:   0 |
31: INFO:megatron.core.timers:(min, max) time across ranks (ms):
31:     forward-backward ...............................: (1566.44, 1566.64)
31:     embedding-grads-all-reduce .....................: (0.01, 0.02)
31:     all-grads-sync .................................: (0.16, 0.23)
31:     optimizer-copy-to-main-grad ....................: (0.15, 0.36)
31:     optimizer-inner-step ...........................: (0.56, 0.67)
31:     optimizer-copy-main-to-model-params ............: (0.32, 0.91)
31:     optimizer ......................................: (2.74, 3.33)
31:     batch-generator ................................: (4.15, 5.17)
31:     forward-compute ................................: (494.14, 527.54)
31:     backward-compute ...............................: (1031.14, 1066.52)
31:  [2026-08-18 04:09:29.643047] iteration      100/   18141 | consumed samples:        28800 | elapsed time per iteration (ms): 1630.0 | throughput per GPU (TFLOP/s/GPU): 358.9 | learning rate: 8.000000E-05 | global batch size:   288 | lm loss: 6.519597E+00 | loss scale: 1.0 | grad norm: 1.750 | params norm: 657.852 | number of skipped iterations:   0 | number of nan iterations:   0 |
31: INFO:megatron.core.timers:(min, max) time across ranks (ms):
31:     forward-backward ...............................: (1611.15, 1611.30)
31:     embedding-grads-all-reduce .....................: (0.01, 0.02)
31:     all-grads-sync .................................: (0.17, 0.23)
31:     optimizer-copy-to-main-grad ....................: (0.16, 0.40)
31:     optimizer-inner-step ...........................: (0.56, 0.68)
31:     optimizer-copy-main-to-model-params ............: (0.31, 1.02)
31:     optimizer ......................................: (2.78, 3.50)
31:     batch-generator ................................: (4.16, 5.50)
31:     forward-compute ................................: (491.29, 534.56)
31:     backward-compute ...............................: (1073.44, 1115.66)
31:  [2026-08-18 04:09:31.236637] iteration      101/   18141 | consumed samples:        29088 | elapsed time per iteration (ms): 1593.1 | throughput per GPU (TFLOP/s/GPU): 365.8 | learning rate: 8.080000E-05 | global batch size:   288 | lm loss: 6.452213E+00 | loss scale: 1.0 | grad norm: 1.525 | params norm: 657.872 | number of skipped iterations:   0 | number of nan iterations:   0 |
31: INFO:megatron.core.timers:(min, max) time across ranks (ms):
31:     forward-backward ...............................: (1574.72, 1574.84)
31:     embedding-grads-all-reduce .....................: (0.02, 0.02)
31:     all-grads-sync .................................: (0.16, 0.22)
31:     optimizer-copy-to-main-grad ....................: (0.16, 0.35)
31:     optimizer-inner-step ...........................: (0.56, 0.69)
31:     optimizer-copy-main-to-model-params ............: (0.35, 0.96)
31:     optimizer ......................................: (2.81, 3.42)
31:     batch-generator ................................: (4.17, 5.53)
31:     forward-compute ................................: (504.58, 534.31)
31:     backward-compute ...............................: (1034.48, 1066.02)
31:  [2026-08-18 04:09:32.840119] iteration      102/   18141 | consumed samples:        29376 | elapsed time per iteration (ms): 1603.4 | throughput per GPU (TFLOP/s/GPU): 365.5 | learning rate: 8.160000E-05 | global batch size:   288 | lm loss: 6.475531E+00 | loss scale: 1.0 | grad norm: 2.033 | params norm: 657.891 | number of skipped iterations:   0 | number of nan iterations:   0 |
31: INFO:megatron.core.timers:(min, max) time across ranks (ms):
31:     forward-backward ...............................: (1584.63, 1584.79)
31:     embedding-grads-all-reduce .....................: (0.02, 0.02)
31:     all-grads-sync .................................: (0.16, 0.23)
31:     optimizer-copy-to-main-grad ....................: (0.16, 0.40)
31:     optimizer-inner-step ...........................: (0.56, 0.69)
31:     optimizer-copy-main-to-model-params ............: (0.32, 1.00)
31:     optimizer ......................................: (2.82, 3.50)
31:     batch-generator ................................: (4.23, 5.79)
31:     forward-compute ................................: (494.55, 543.22)
31:     backward-compute ...............................: (1037.95, 1082.18)
31:  [2026-08-18 04:09:34.440164] iteration      103/   18141 | consumed samples:        29664 | elapsed time per iteration (ms): 1599.8 | throughput per GPU (TFLOP/s/GPU): 366.6 | learning rate: 8.240000E-05 | global batch size:   288 | lm loss: 6.458028E+00 | loss scale: 1.0 | grad norm: 1.264 | params norm: 657.911 | number of skipped iterations:   0 | number of nan iterations:   0 |
31: INFO:megatron.core.timers:(min, max) time across ranks (ms):
31:     forward-backward ...............................: (1581.05, 1581.21)
31:     embedding-grads-all-reduce .....................: (0.02, 0.02)
31:     all-grads-sync .................................: (0.16, 0.22)
31:     optimizer-copy-to-main-grad ....................: (0.16, 0.40)
31:     optimizer-inner-step ...........................: (0.56, 0.70)
31:     optimizer-copy-main-to-model-params ............: (0.31, 0.94)
31:     optimizer ......................................: (2.78, 3.41)
31:     batch-generator ................................: (4.09, 4.88)
31:     forward-compute ................................: (488.65, 528.69)
31:     backward-compute ...............................: (1045.41, 1088.30)
31:  [2026-08-18 04:09:36.044647] iteration      104/   18141 | consumed samples:        29952 | elapsed time per iteration (ms): 1604.3 | throughput per GPU (TFLOP/s/GPU): 365.2 | learning rate: 8.320000E-05 | global batch size:   288 | lm loss: 6.465505E+00 | loss scale: 1.0 | grad norm: 1.744 | params norm: 657.931 | number of skipped iterations:   0 | number of nan iterations:   0 |
31: INFO:megatron.core.timers:(min, max) time across ranks (ms):
31:     forward-backward ...............................: (1585.59, 1585.73)
31:     embedding-grads-all-reduce .....................: (0.02, 0.02)
31:     all-grads-sync .................................: (0.16, 0.24)
31:     optimizer-copy-to-main-grad ....................: (0.16, 0.37)
31:     optimizer-inner-step ...........................: (0.56, 0.67)
31:     optimizer-copy-main-to-model-params ............: (0.31, 0.97)
31:     optimizer ......................................: (2.77, 3.43)
31:     batch-generator ................................: (4.14, 5.68)
31:     forward-compute ................................: (486.85, 530.97)
31:     backward-compute ...............................: (1050.47, 1095.11)
31:  [2026-08-18 04:09:37.666540] iteration      105/   18141 | consumed samples:        30240 | elapsed time per iteration (ms): 1621.6 | throughput per GPU (TFLOP/s/GPU): 362.0 | learning rate: 8.400000E-05 | global batch size:   288 | lm loss: 6.430894E+00 | loss scale: 1.0 | grad norm: 1.446 | params norm: 657.951 | number of skipped iterations:   0 | number of nan iterations:   0 |
31: INFO:megatron.core.timers:(min, max) time across ranks (ms):
31:     forward-backward ...............................: (1602.98, 1603.12)
31:     embedding-grads-all-reduce .....................: (0.02, 0.02)
31:     all-grads-sync .................................: (0.17, 0.22)
31:     optimizer-copy-to-main-grad ....................: (0.15, 0.39)
31:     optimizer-inner-step ...........................: (0.56, 0.69)
31:     optimizer-copy-main-to-model-params ............: (0.30, 0.88)
31:     optimizer ......................................: (2.74, 3.32)
31:     batch-generator ................................: (4.20, 6.26)
31:     forward-compute ................................: (488.24, 536.59)
31:     backward-compute ...............................: (1062.98, 1110.57)
31:  [2026-08-18 04:09:39.265709] iteration      106/   18141 | consumed samples:        30528 | elapsed time per iteration (ms): 1599.0 | throughput per GPU (TFLOP/s/GPU): 366.4 | learning rate: 8.480000E-05 | global batch size:   288 | lm loss: 6.391869E+00 | loss scale: 1.0 | grad norm: 1.476 | params norm: 657.972 | number of skipped iterations:   0 | number of nan iterations:   0 |
31: INFO:megatron.core.timers:(min, max) time across ranks (ms):
31:     forward-backward ...............................: (1579.76, 1579.90)
31:     embedding-grads-all-reduce .....................: (0.02, 0.02)
31:     all-grads-sync .................................: (0.16, 0.22)
31:     optimizer-copy-to-main-grad ....................: (0.16, 0.39)
31:     optimizer-inner-step ...........................: (0.57, 0.70)
31:     optimizer-copy-main-to-model-params ............: (0.32, 0.91)
31:     optimizer ......................................: (2.81, 3.40)
31:     batch-generator ................................: (4.22, 5.17)
31:     forward-compute ................................: (490.11, 530.01)
31:     backward-compute ...............................: (1046.32, 1084.55)
31:  [2026-08-18 04:09:40.837782] iteration      107/   18141 | consumed samples:        30816 | elapsed time per iteration (ms): 1571.8 | throughput per GPU (TFLOP/s/GPU): 372.4 | learning rate: 8.560000E-05 | global batch size:   288 | lm loss: 6.392237E+00 | loss scale: 1.0 | grad norm: 1.570 | params norm: 657.993 | number of skipped iterations:   0 | number of nan iterations:   0 |
31: INFO:megatron.core.timers:(min, max) time across ranks (ms):
31:     forward-backward ...............................: (1552.45, 1552.59)
31:     embedding-grads-all-reduce .....................: (0.02, 0.02)
31:     all-grads-sync .................................: (0.17, 0.23)
31:     optimizer-copy-to-main-grad ....................: (0.16, 0.39)
31:     optimizer-inner-step ...........................: (0.57, 0.69)
31:     optimizer-copy-main-to-model-params ............: (0.32, 0.94)
31:     optimizer ......................................: (2.79, 3.42)
31:     batch-generator ................................: (4.19, 6.59)
31:     forward-compute ................................: (494.42, 531.41)
31:     backward-compute ...............................: (1017.43, 1050.02)
31:  [2026-08-18 04:09:42.429120] iteration      108/   18141 | consumed samples:        31104 | elapsed time per iteration (ms): 1591.2 | throughput per GPU (TFLOP/s/GPU): 368.7 | learning rate: 8.640000E-05 | global batch size:   288 | lm loss: 6.395805E+00 | loss scale: 1.0 | grad norm: 1.772 | params norm: 658.015 | number of skipped iterations:   0 | number of nan iterations:   0 |
31: INFO:megatron.core.timers:(min, max) time across ranks (ms):
31:     forward-backward ...............................: (1572.30, 1572.45)
31:     embedding-grads-all-reduce .....................: (0.02, 0.02)
31:     all-grads-sync .................................: (0.17, 0.22)
31:     optimizer-copy-to-main-grad ....................: (0.16, 0.39)
31:     optimizer-inner-step ...........................: (0.56, 0.68)
31:     optimizer-copy-main-to-model-params ............: (0.31, 0.97)
31:     optimizer ......................................: (2.79, 3.45)
31:     batch-generator ................................: (4.21, 5.33)
31:     forward-compute ................................: (487.61, 528.53)
31:     backward-compute ...............................: (1037.51, 1075.98)
31:  [2026-08-18 04:09:44.040056] iteration      109/   18141 | consumed samples:        31392 | elapsed time per iteration (ms): 1610.7 | throughput per GPU (TFLOP/s/GPU): 364.4 | learning rate: 8.720000E-05 | global batch size:   288 | lm loss: 6.375714E+00 | loss scale: 1.0 | grad norm: 1.811 | params norm: 658.036 | number of skipped iterations:   0 | number of nan iterations:   0 |
31: INFO:megatron.core.timers:(min, max) time across ranks (ms):
31:     forward-backward ...............................: (1592.20, 1592.34)
31:     embedding-grads-all-reduce .....................: (0.02, 0.02)
31:     all-grads-sync .................................: (0.16, 0.23)
31:     optimizer-copy-to-main-grad ....................: (0.16, 0.37)
31:     optimizer-inner-step ...........................: (0.56, 0.68)
31:     optimizer-copy-main-to-model-params ............: (0.32, 0.83)
31:     optimizer ......................................: (2.73, 3.23)
31:     batch-generator ................................: (4.28, 6.56)
31:     forward-compute ................................: (485.11, 533.66)
31:     backward-compute ...............................: (1054.63, 1103.38)
31:  [2026-08-18 04:09:45.651170] iteration      110/   18141 | consumed samples:        31680 | elapsed time per iteration (ms): 1611.0 | throughput per GPU (TFLOP/s/GPU): 362.9 | learning rate: 8.800000E-05 | global batch size:   288 | lm loss: 6.328914E+00 | loss scale: 1.0 | grad norm: 1.281 | params norm: 658.058 | number of skipped iterations:   0 | number of nan iterations:   0 |
31: INFO:megatron.core.timers:(min, max) time across ranks (ms):
31:     forward-backward ...............................: (1592.32, 1592.48)
31:     embedding-grads-all-reduce .....................: (0.02, 0.02)
31:     all-grads-sync .................................: (0.17, 0.23)
31:     optimizer-copy-to-main-grad ....................: (0.16, 0.39)
31:     optimizer-inner-step ...........................: (0.56, 0.67)
31:     optimizer-copy-main-to-model-params ............: (0.33, 0.92)
31:     optimizer ......................................: (2.77, 3.36)
31:     batch-generator ................................: (4.17, 6.01)
31:     forward-compute ................................: (491.24, 526.37)
31:     backward-compute ...............................: (1059.27, 1094.79)
31:  [2026-08-18 04:09:47.247416] iteration      111/   18141 | consumed samples:        31968 | elapsed time per iteration (ms): 1595.8 | throughput per GPU (TFLOP/s/GPU): 366.2 | learning rate: 8.880000E-05 | global batch size:   288 | lm loss: 6.330590E+00 | loss scale: 1.0 | grad norm: 2.129 | params norm: 658.080 | number of skipped iterations:   0 | number of nan iterations:   0 |
31: INFO:megatron.core.timers:(min, max) time across ranks (ms):
31:     forward-backward ...............................: (1576.91, 1577.05)
31:     embedding-grads-all-reduce .....................: (0.01, 0.02)
31:     all-grads-sync .................................: (0.17, 0.22)
31:     optimizer-copy-to-main-grad ....................: (0.16, 0.40)
31:     optimizer-inner-step ...........................: (0.57, 0.68)
31:     optimizer-copy-main-to-model-params ............: (0.31, 1.01)
31:     optimizer ......................................: (2.77, 3.47)
31:     batch-generator ................................: (4.16, 6.63)
31:     forward-compute ................................: (492.27, 535.26)
31:     backward-compute ...............................: (1036.64, 1080.71)
31:  [2026-08-18 04:09:48.837711] iteration      112/   18141 | consumed samples:        32256 | elapsed time per iteration (ms): 1590.0 | throughput per GPU (TFLOP/s/GPU): 366.7 | learning rate: 8.960000E-05 | global batch size:   288 | lm loss: 6.303146E+00 | loss scale: 1.0 | grad norm: 1.483 | params norm: 658.102 | number of skipped iterations:   0 | number of nan iterations:   0 |
31: INFO:megatron.core.timers:(min, max) time across ranks (ms):
31:     forward-backward ...............................: (1571.04, 1571.22)
31:     embedding-grads-all-reduce .....................: (0.02, 0.06)
31:     all-grads-sync .................................: (0.16, 0.22)
31:     optimizer-copy-to-main-grad ....................: (0.16, 0.39)
31:     optimizer-inner-step ...........................: (0.56, 0.69)
31:     optimizer-copy-main-to-model-params ............: (0.33, 0.95)
31:     optimizer ......................................: (2.80, 3.42)
31:     batch-generator ................................: (4.07, 5.75)
31:     forward-compute ................................: (491.27, 527.08)
31:     backward-compute ...............................: (1036.01, 1076.65)
31:  [2026-08-18 04:09:50.418550] iteration      113/   18141 | consumed samples:        32544 | elapsed time per iteration (ms): 1580.7 | throughput per GPU (TFLOP/s/GPU): 368.7 | learning rate: 9.040000E-05 | global batch size:   288 | lm loss: 6.309927E+00 | loss scale: 1.0 | grad norm: 1.815 | params norm: 658.124 | number of skipped iterations:   0 | number of nan iterations:   0 |
31: INFO:megatron.core.timers:(min, max) time across ranks (ms):
31:     forward-backward ...............................: (1561.59, 1561.76)
31:     embedding-grads-all-reduce .....................: (0.01, 0.02)
31:     all-grads-sync .................................: (0.17, 0.22)
31:     optimizer-copy-to-main-grad ....................: (0.16, 0.41)
31:     optimizer-inner-step ...........................: (0.57, 0.69)
31:     optimizer-copy-main-to-model-params ............: (0.30, 0.98)
31:     optimizer ......................................: (2.77, 3.46)
31:     batch-generator ................................: (4.10, 5.86)
31:     forward-compute ................................: (489.24, 521.92)
31:     backward-compute ...............................: (1033.57, 1068.07)
31:  [2026-08-18 04:09:52.012830] iteration      114/   18141 | consumed samples:        32832 | elapsed time per iteration (ms): 1594.2 | throughput per GPU (TFLOP/s/GPU): 366.1 | learning rate: 9.120000E-05 | global batch size:   288 | lm loss: 6.296771E+00 | loss scale: 1.0 | grad norm: 2.204 | params norm: 658.146 | number of skipped iterations:   0 | number of nan iterations:   0 |
31: INFO:megatron.core.timers:(min, max) time across ranks (ms):
31:     forward-backward ...............................: (1575.79, 1575.89)
31:     embedding-grads-all-reduce .....................: (0.02, 0.04)
31:     all-grads-sync .................................: (0.17, 0.22)
31:     optimizer-copy-to-main-grad ....................: (0.15, 0.40)
31:     optimizer-inner-step ...........................: (0.57, 0.69)
31:     optimizer-copy-main-to-model-params ............: (0.30, 0.91)
31:     optimizer ......................................: (2.74, 3.36)
31:     batch-generator ................................: (4.11, 5.09)
31:     forward-compute ................................: (495.39, 528.17)
31:     backward-compute ...............................: (1043.48, 1076.23)
31:  [2026-08-18 04:09:53.635421] iteration      115/   18141 | consumed samples:        33120 | elapsed time per iteration (ms): 1622.4 | throughput per GPU (TFLOP/s/GPU): 359.2 | learning rate: 9.200000E-05 | global batch size:   288 | lm loss: 6.281677E+00 | loss scale: 1.0 | grad norm: 1.355 | params norm: 658.169 | number of skipped iterations:   0 | number of nan iterations:   0 |
31: INFO:megatron.core.timers:(min, max) time across ranks (ms):
31:     forward-backward ...............................: (1603.17, 1603.28)
31:     embedding-grads-all-reduce .....................: (0.02, 0.02)
31:     all-grads-sync .................................: (0.17, 0.22)
31:     optimizer-copy-to-main-grad ....................: (0.15, 0.40)
31:     optimizer-inner-step ...........................: (0.56, 0.67)
31:     optimizer-copy-main-to-model-params ............: (0.31, 1.04)
31:     optimizer ......................................: (2.78, 3.51)
31:     batch-generator ................................: (4.23, 5.53)
31:     forward-compute ................................: (490.60, 533.24)
31:     backward-compute ...............................: (1062.94, 1108.32)
31:  [2026-08-18 04:09:55.232578] iteration      116/   18141 | consumed samples:        33408 | elapsed time per iteration (ms): 1597.0 | throughput per GPU (TFLOP/s/GPU): 365.3 | learning rate: 9.280000E-05 | global batch size:   288 | lm loss: 6.247514E+00 | loss scale: 1.0 | grad norm: 1.938 | params norm: 658.191 | number of skipped iterations:   0 | number of nan iterations:   0 |
31: INFO:megatron.core.timers:(min, max) time across ranks (ms):
31:     forward-backward ...............................: (1578.50, 1578.59)
31:     embedding-grads-all-reduce .....................: (0.02, 0.02)
31:     all-grads-sync .................................: (0.17, 0.23)
31:     optimizer-copy-to-main-grad ....................: (0.16, 0.39)
31:     optimizer-inner-step ...........................: (0.56, 0.67)
31:     optimizer-copy-main-to-model-params ............: (0.31, 0.92)
31:     optimizer ......................................: (2.79, 3.40)
31:     batch-generator ................................: (4.12, 5.39)
31:     forward-compute ................................: (487.31, 533.19)
31:     backward-compute ...............................: (1042.21, 1084.53)
31:  [2026-08-18 04:09:56.837042] iteration      117/   18141 | consumed samples:        33696 | elapsed time per iteration (ms): 1604.2 | throughput per GPU (TFLOP/s/GPU): 366.5 | learning rate: 9.360000E-05 | global batch size:   288 | lm loss: 6.261078E+00 | loss scale: 1.0 | grad norm: 1.778 | params norm: 658.214 | number of skipped iterations:   0 | number of nan iterations:   0 |
31: INFO:megatron.core.timers:(min, max) time across ranks (ms):
31:     forward-backward ...............................: (1585.70, 1585.84)
31:     embedding-grads-all-reduce .....................: (0.02, 0.02)
31:     all-grads-sync .................................: (0.17, 0.23)
31:     optimizer-copy-to-main-grad ....................: (0.15, 0.43)
31:     optimizer-inner-step ...........................: (0.57, 0.68)
31:     optimizer-copy-main-to-model-params ............: (0.31, 0.99)
31:     optimizer ......................................: (2.79, 3.47)
31:     batch-generator ................................: (4.16, 5.51)
31:     forward-compute ................................: (493.47, 534.49)
31:     backward-compute ...............................: (1046.26, 1089.06)
31:  [2026-08-18 04:09:58.432336] iteration      118/   18141 | consumed samples:        33984 | elapsed time per iteration (ms): 1595.1 | throughput per GPU (TFLOP/s/GPU): 365.9 | learning rate: 9.440000E-05 | global batch size:   288 | lm loss: 6.232348E+00 | loss scale: 1.0 | grad norm: 1.395 | params norm: 658.237 | number of skipped iterations:   0 | number of nan iterations:   0 |
31: INFO:megatron.core.timers:(min, max) time across ranks (ms):
31:     forward-backward ...............................: (1576.56, 1576.64)
31:     embedding-grads-all-reduce .....................: (0.02, 0.02)
31:     all-grads-sync .................................: (0.16, 0.23)
31:     optimizer-copy-to-main-grad ....................: (0.15, 0.36)
31:     optimizer-inner-step ...........................: (0.56, 0.69)
31:     optimizer-copy-main-to-model-params ............: (0.30, 0.87)
31:     optimizer ......................................: (2.71, 3.29)
31:     batch-generator ................................: (4.20, 5.76)
31:     forward-compute ................................: (493.41, 527.53)
31:     backward-compute ...............................: (1045.55, 1076.51)
31:  [2026-08-18 04:10:00.019395] iteration      119/   18141 | consumed samples:        34272 | elapsed time per iteration (ms): 1586.9 | throughput per GPU (TFLOP/s/GPU): 369.5 | learning rate: 9.520000E-05 | global batch size:   288 | lm loss: 6.230761E+00 | loss scale: 1.0 | grad norm: 2.959 | params norm: 658.259 | number of skipped iterations:   0 | number of nan iterations:   0 |
31: INFO:megatron.core.timers:(min, max) time across ranks (ms):
31:     forward-backward ...............................: (1567.84, 1567.97)
31:     embedding-grads-all-reduce .....................: (0.01, 0.02)
31:     all-grads-sync .................................: (0.16, 0.24)
31:     optimizer-copy-to-main-grad ....................: (0.14, 0.40)
31:     optimizer-inner-step ...........................: (0.56, 0.68)
31:     optimizer-copy-main-to-model-params ............: (0.31, 1.01)
31:     optimizer ......................................: (2.78, 3.48)
31:     batch-generator ................................: (4.10, 6.96)
31:     forward-compute ................................: (497.86, 529.16)
31:     backward-compute ...............................: (1032.46, 1064.27)
31:  [2026-08-18 04:10:01.600407] iteration      120/   18141 | consumed samples:        34560 | elapsed time per iteration (ms): 1580.6 | throughput per GPU (TFLOP/s/GPU): 371.7 | learning rate: 9.600000E-05 | global batch size:   288 | lm loss: 6.202747E+00 | loss scale: 1.0 | grad norm: 1.390 | params norm: 658.283 | number of skipped iterations:   0 | number of nan iterations:   0 |
31: INFO:megatron.core.timers:(min, max) time across ranks (ms):
31:     forward-backward ...............................: (1562.22, 1562.36)
31:     embedding-grads-all-reduce .....................: (0.02, 0.02)
31:     all-grads-sync .................................: (0.17, 0.22)
31:     optimizer-copy-to-main-grad ....................: (0.16, 0.39)
31:     optimizer-inner-step ...........................: (0.56, 0.68)
31:     optimizer-copy-main-to-model-params ............: (0.32, 0.92)
31:     optimizer ......................................: (2.80, 3.40)
31:     batch-generator ................................: (4.23, 6.41)
31:     forward-compute ................................: (495.80, 530.00)
31:     backward-compute ...............................: (1025.39, 1062.28)
31:  [2026-08-18 04:10:03.220720] iteration      121/   18141 | consumed samples:        34848 | elapsed time per iteration (ms): 1620.2 | throughput per GPU (TFLOP/s/GPU): 361.7 | learning rate: 9.680000E-05 | global batch size:   288 | lm loss: 6.250311E+00 | loss scale: 1.0 | grad norm: 3.255 | params norm: 658.305 | number of skipped iterations:   0 | number of nan iterations:   0 |
31: INFO:megatron.core.timers:(min, max) time across ranks (ms):
31:     forward-backward ...............................: (1601.51, 1601.62)
31:     embedding-grads-all-reduce .....................: (0.02, 0.02)
31:     all-grads-sync .................................: (0.17, 0.23)
31:     optimizer-copy-to-main-grad ....................: (0.16, 0.40)
31:     optimizer-inner-step ...........................: (0.56, 0.67)
31:     optimizer-copy-main-to-model-params ............: (0.30, 0.95)
31:     optimizer ......................................: (2.77, 3.42)
31:     batch-generator ................................: (4.11, 5.40)
31:     forward-compute ................................: (500.79, 542.82)
31:     backward-compute ...............................: (1055.58, 1096.90)
31:  [2026-08-18 04:10:04.840824] iteration      122/   18141 | consumed samples:        35136 | elapsed time per iteration (ms): 1619.8 | throughput per GPU (TFLOP/s/GPU): 361.6 | learning rate: 9.760000E-05 | global batch size:   288 | lm loss: 6.195128E+00 | loss scale: 1.0 | grad norm: 2.002 | params norm: 658.328 | number of skipped iterations:   0 | number of nan iterations:   0 |
31: INFO:megatron.core.timers:(min, max) time across ranks (ms):
31:     forward-backward ...............................: (1601.07, 1601.16)
31:     embedding-grads-all-reduce .....................: (0.02, 0.02)
31:     all-grads-sync .................................: (0.16, 0.23)
31:     optimizer-copy-to-main-grad ....................: (0.15, 0.40)
31:     optimizer-inner-step ...........................: (0.56, 0.68)
31:     optimizer-copy-main-to-model-params ............: (0.31, 0.97)
31:     optimizer ......................................: (2.75, 3.41)
31:     batch-generator ................................: (4.20, 5.75)
31:     forward-compute ................................: (481.25, 538.53)
31:     backward-compute ...............................: (1058.57, 1116.06)
31:  [2026-08-18 04:10:06.471082] iteration      123/   18141 | consumed samples:        35424 | elapsed time per iteration (ms): 1630.1 | throughput per GPU (TFLOP/s/GPU): 358.3 | learning rate: 9.840000E-05 | global batch size:   288 | lm loss: 6.181454E+00 | loss scale: 1.0 | grad norm: 1.706 | params norm: 658.350 | number of skipped iterations:   0 | number of nan iterations:   0 |
31: INFO:megatron.core.timers:(min, max) time across ranks (ms):
31:     forward-backward ...............................: (1611.27, 1611.39)
31:     embedding-grads-all-reduce .....................: (0.01, 0.02)
31:     all-grads-sync .................................: (0.17, 0.23)
31:     optimizer-copy-to-main-grad ....................: (0.16, 0.40)
31:     optimizer-inner-step ...........................: (0.56, 0.68)
31:     optimizer-copy-main-to-model-params ............: (0.29, 0.93)
31:     optimizer ......................................: (2.76, 3.39)
31:     batch-generator ................................: (4.15, 5.16)
31:     forward-compute ................................: (490.45, 537.23)
31:     backward-compute ...............................: (1070.58, 1114.84)
31:  [2026-08-18 04:10:08.080431] iteration      124/   18141 | consumed samples:        35712 | elapsed time per iteration (ms): 1609.1 | throughput per GPU (TFLOP/s/GPU): 364.1 | learning rate: 9.920000E-05 | global batch size:   288 | lm loss: 6.212996E+00 | loss scale: 1.0 | grad norm: 1.976 | params norm: 658.373 | number of skipped iterations:   0 | number of nan iterations:   0 |
31: INFO:megatron.core.timers:(min, max) time across ranks (ms):
31:     forward-backward ...............................: (1590.12, 1590.29)
31:     embedding-grads-all-reduce .....................: (0.02, 0.02)
31:     all-grads-sync .................................: (0.16, 0.24)
31:     optimizer-copy-to-main-grad ....................: (0.16, 0.37)
31:     optimizer-inner-step ...........................: (0.57, 0.69)
31:     optimizer-copy-main-to-model-params ............: (0.32, 1.00)
31:     optimizer ......................................: (2.76, 3.45)
31:     batch-generator ................................: (4.17, 6.89)
31:     forward-compute ................................: (493.51, 535.84)
31:     backward-compute ...............................: (1049.39, 1090.05)
31:  [2026-08-18 04:10:09.651852] iteration      125/   18141 | consumed samples:        36000 | elapsed time per iteration (ms): 1571.2 | throughput per GPU (TFLOP/s/GPU): 371.2 | learning rate: 1.000000E-04 | global batch size:   288 | lm loss: 6.156901E+00 | loss scale: 1.0 | grad norm: 1.902 | params norm: 658.396 | number of skipped iterations:   0 | number of nan iterations:   0 |
31: INFO:megatron.core.timers:(min, max) time across ranks (ms):
31:     forward-backward ...............................: (1552.10, 1552.24)
31:     embedding-grads-all-reduce .....................: (0.02, 0.02)
31:     all-grads-sync .................................: (0.16, 0.22)
31:     optimizer-copy-to-main-grad ....................: (0.15, 0.40)
31:     optimizer-inner-step ...........................: (0.57, 0.69)
31:     optimizer-copy-main-to-model-params ............: (0.32, 0.97)
31:     optimizer ......................................: (2.80, 3.45)
31:     batch-generator ................................: (4.28, 5.75)
31:     forward-compute ................................: (487.04, 527.53)
31:     backward-compute ...............................: (1017.89, 1062.02)
31:  [2026-08-18 04:10:11.260088] iteration      126/   18141 | consumed samples:        36288 | elapsed time per iteration (ms): 1608.1 | throughput per GPU (TFLOP/s/GPU): 362.9 | learning rate: 1.008000E-04 | global batch size:   288 | lm loss: 6.146449E+00 | loss scale: 1.0 | grad norm: 2.148 | params norm: 658.419 | number of skipped iterations:   0 | number of nan iterations:   0 |
31: INFO:megatron.core.timers:(min, max) time across ranks (ms):
31:     forward-backward ...............................: (1589.53, 1589.62)
31:     embedding-grads-all-reduce .....................: (0.02, 0.02)
31:     all-grads-sync .................................: (0.16, 0.23)
31:     optimizer-copy-to-main-grad ....................: (0.16, 0.40)
31:     optimizer-inner-step ...........................: (0.56, 0.70)
31:     optimizer-copy-main-to-model-params ............: (0.32, 1.00)
31:     optimizer ......................................: (2.86, 3.54)
31:     batch-generator ................................: (4.23, 7.08)
31:     forward-compute ................................: (491.12, 531.60)
31:     backward-compute ...............................: (1054.40, 1091.64)
31:  [2026-08-18 04:10:12.871394] iteration      127/   18141 | consumed samples:        36576 | elapsed time per iteration (ms): 1611.1 | throughput per GPU (TFLOP/s/GPU): 364.4 | learning rate: 1.016000E-04 | global batch size:   288 | lm loss: 6.107014E+00 | loss scale: 1.0 | grad norm: 1.438 | params norm: 658.442 | number of skipped iterations:   0 | number of nan iterations:   0 |
31: INFO:megatron.core.timers:(min, max) time across ranks (ms):
31:     forward-backward ...............................: (1592.25, 1592.37)
31:     embedding-grads-all-reduce .....................: (0.02, 0.02)
31:     all-grads-sync .................................: (0.17, 0.24)
31:     optimizer-copy-to-main-grad ....................: (0.16, 0.38)
31:     optimizer-inner-step ...........................: (0.57, 0.70)
31:     optimizer-copy-main-to-model-params ............: (0.30, 0.99)
31:     optimizer ......................................: (2.78, 3.48)
31:     batch-generator ................................: (4.12, 7.14)
31:     forward-compute ................................: (497.58, 538.33)
31:     backward-compute ...............................: (1048.03, 1088.85)
31:  [2026-08-18 04:10:14.454931] iteration      128/   18141 | consumed samples:        36864 | elapsed time per iteration (ms): 1583.3 | throughput per GPU (TFLOP/s/GPU): 368.7 | learning rate: 1.024000E-04 | global batch size:   288 | lm loss: 6.089962E+00 | loss scale: 1.0 | grad norm: 1.170 | params norm: 658.467 | number of skipped iterations:   0 | number of nan iterations:   0 |
31: INFO:megatron.core.timers:(min, max) time across ranks (ms):
31:     forward-backward ...............................: (1564.67, 1564.82)
31:     embedding-grads-all-reduce .....................: (0.02, 0.02)
31:     all-grads-sync .................................: (0.17, 0.23)
31:     optimizer-copy-to-main-grad ....................: (0.16, 0.42)
31:     optimizer-inner-step ...........................: (0.56, 0.69)
31:     optimizer-copy-main-to-model-params ............: (0.31, 0.93)
31:     optimizer ......................................: (2.78, 3.40)
31:     batch-generator ................................: (4.24, 6.34)
31:     forward-compute ................................: (485.13, 528.15)
31:     backward-compute ...............................: (1031.13, 1074.39)
31:  [2026-08-18 04:10:16.048939] iteration      129/   18141 | consumed samples:        37152 | elapsed time per iteration (ms): 1593.8 | throughput per GPU (TFLOP/s/GPU): 367.3 | learning rate: 1.032000E-04 | global batch size:   288 | lm loss: 6.092946E+00 | loss scale: 1.0 | grad norm: 1.476 | params norm: 658.492 | number of skipped iterations:   0 | number of nan iterations:   0 |
31: INFO:megatron.core.timers:(min, max) time across ranks (ms):
31:     forward-backward ...............................: (1575.13, 1575.27)
31:     embedding-grads-all-reduce .....................: (0.02, 0.02)
31:     all-grads-sync .................................: (0.16, 0.22)
31:     optimizer-copy-to-main-grad ....................: (0.16, 0.39)
31:     optimizer-inner-step ...........................: (0.57, 0.67)
31:     optimizer-copy-main-to-model-params ............: (0.29, 0.90)
31:     optimizer ......................................: (2.71, 3.33)
31:     batch-generator ................................: (4.08, 5.36)
31:     forward-compute ................................: (479.44, 527.51)
31:     backward-compute ...............................: (1043.63, 1092.09)
31:  [2026-08-18 04:10:17.679419] iteration      130/   18141 | consumed samples:        37440 | elapsed time per iteration (ms): 1630.1 | throughput per GPU (TFLOP/s/GPU): 358.9 | learning rate: 1.040000E-04 | global batch size:   288 | lm loss: 6.080430E+00 | loss scale: 1.0 | grad norm: 1.311 | params norm: 658.517 | number of skipped iterations:   0 | number of nan iterations:   0 |
31: INFO:megatron.core.timers:(min, max) time across ranks (ms):
31:     forward-backward ...............................: (1611.39, 1611.49)
31:     embedding-grads-all-reduce .....................: (0.01, 0.02)
31:     all-grads-sync .................................: (0.16, 0.23)
31:     optimizer-copy-to-main-grad ....................: (0.15, 0.39)
31:     optimizer-inner-step ...........................: (0.55, 0.69)
31:     optimizer-copy-main-to-model-params ............: (0.31, 0.92)
31:     optimizer ......................................: (2.74, 3.36)
31:     batch-generator ................................: (4.16, 5.87)
31:     forward-compute ................................: (494.80, 531.50)
31:     backward-compute ...............................: (1074.43, 1112.19)
31:  [2026-08-18 04:10:19.291420] iteration      131/   18141 | consumed samples:        37728 | elapsed time per iteration (ms): 1611.8 | throughput per GPU (TFLOP/s/GPU): 363.8 | learning rate: 1.048000E-04 | global batch size:   288 | lm loss: 6.061637E+00 | loss scale: 1.0 | grad norm: 1.220 | params norm: 658.544 | number of skipped iterations:   0 | number of nan iterations:   0 |
31: INFO:megatron.core.timers:(min, max) time across ranks (ms):
31:     forward-backward ...............................: (1592.57, 1592.67)
31:     embedding-grads-all-reduce .....................: (0.02, 0.02)
31:     all-grads-sync .................................: (0.16, 0.23)
31:     optimizer-copy-to-main-grad ....................: (0.15, 0.37)
31:     optimizer-inner-step ...........................: (0.56, 0.67)
31:     optimizer-copy-main-to-model-params ............: (0.31, 0.94)
31:     optimizer ......................................: (2.73, 3.37)
31:     batch-generator ................................: (4.25, 6.69)
31:     forward-compute ................................: (495.42, 539.02)
31:     backward-compute ...............................: (1046.83, 1092.17)
31:  [2026-08-18 04:10:20.902241] iteration      132/   18141 | consumed samples:        38016 | elapsed time per iteration (ms): 1610.7 | throughput per GPU (TFLOP/s/GPU): 362.5 | learning rate: 1.056000E-04 | global batch size:   288 | lm loss: 6.069281E+00 | loss scale: 1.0 | grad norm: 1.901 | params norm: 658.570 | number of skipped iterations:   0 | number of nan iterations:   0 |
31: INFO:megatron.core.timers:(min, max) time across ranks (ms):
31:     forward-backward ...............................: (1591.47, 1591.58)
31:     embedding-grads-all-reduce .....................: (0.02, 0.02)
31:     all-grads-sync .................................: (0.17, 0.23)
31:     optimizer-copy-to-main-grad ....................: (0.15, 0.38)
31:     optimizer-inner-step ...........................: (0.57, 0.68)
31:     optimizer-copy-main-to-model-params ............: (0.30, 0.98)
31:     optimizer ......................................: (2.72, 3.40)
31:     batch-generator ................................: (4.17, 5.91)
31:     forward-compute ................................: (481.43, 531.54)
31:     backward-compute ...............................: (1053.22, 1102.96)
31:  [2026-08-18 04:10:22.515010] iteration      133/   18141 | consumed samples:        38304 | elapsed time per iteration (ms): 1612.6 | throughput per GPU (TFLOP/s/GPU): 361.7 | learning rate: 1.064000E-04 | global batch size:   288 | lm loss: 6.058222E+00 | loss scale: 1.0 | grad norm: 1.628 | params norm: 658.597 | number of skipped iterations:   0 | number of nan iterations:   0 |
31: INFO:megatron.core.timers:(min, max) time across ranks (ms):
31:     forward-backward ...............................: (1593.90, 1593.99)
31:     embedding-grads-all-reduce .....................: (0.02, 0.02)
31:     all-grads-sync .................................: (0.17, 0.23)
31:     optimizer-copy-to-main-grad ....................: (0.15, 0.38)
31:     optimizer-inner-step ...........................: (0.57, 0.67)
31:     optimizer-copy-main-to-model-params ............: (0.30, 0.92)
31:     optimizer ......................................: (2.69, 3.32)
31:     batch-generator ................................: (4.21, 5.26)
31:     forward-compute ................................: (486.36, 525.45)
31:     backward-compute ...............................: (1065.20, 1103.77)
31:  [2026-08-18 04:10:24.108380] iteration      134/   18141 | consumed samples:        38592 | elapsed time per iteration (ms): 1593.2 | throughput per GPU (TFLOP/s/GPU): 367.8 | learning rate: 1.072000E-04 | global batch size:   288 | lm loss: 6.033615E+00 | loss scale: 1.0 | grad norm: 1.705 | params norm: 658.624 | number of skipped iterations:   0 | number of nan iterations:   0 |
31: INFO:megatron.core.timers:(min, max) time across ranks (ms):
31:     forward-backward ...............................: (1574.85, 1574.97)
31:     embedding-grads-all-reduce .....................: (0.02, 0.02)
31:     all-grads-sync .................................: (0.16, 0.22)
31:     optimizer-copy-to-main-grad ....................: (0.16, 0.38)
31:     optimizer-inner-step ...........................: (0.57, 0.69)
31:     optimizer-copy-main-to-model-params ............: (0.30, 0.90)
31:     optimizer ......................................: (2.73, 3.33)
31:     batch-generator ................................: (4.13, 5.79)
31:     forward-compute ................................: (494.40, 535.60)
31:     backward-compute ...............................: (1035.78, 1074.37)
31:  [2026-08-18 04:10:25.676817] iteration      135/   18141 | consumed samples:        38880 | elapsed time per iteration (ms): 1568.3 | throughput per GPU (TFLOP/s/GPU): 371.0 | learning rate: 1.080000E-04 | global batch size:   288 | lm loss: 6.001880E+00 | loss scale: 1.0 | grad norm: 1.234 | params norm: 658.652 | number of skipped iterations:   0 | number of nan iterations:   0 |
31: INFO:megatron.core.timers:(min, max) time across ranks (ms):
31:     forward-backward ...............................: (1549.47, 1549.58)
31:     embedding-grads-all-reduce .....................: (0.01, 0.02)
31:     all-grads-sync .................................: (0.16, 0.23)
31:     optimizer-copy-to-main-grad ....................: (0.15, 0.41)
31:     optimizer-inner-step ...........................: (0.57, 0.69)
31:     optimizer-copy-main-to-model-params ............: (0.30, 0.95)
31:     optimizer ......................................: (2.79, 3.45)
31:     batch-generator ................................: (4.13, 6.30)
31:     forward-compute ................................: (490.38, 524.05)
31:     backward-compute ...............................: (1020.35, 1055.80)
31:  [2026-08-18 04:10:27.310863] iteration      136/   18141 | consumed samples:        39168 | elapsed time per iteration (ms): 1633.8 | throughput per GPU (TFLOP/s/GPU): 359.1 | learning rate: 1.088000E-04 | global batch size:   288 | lm loss: 5.999283E+00 | loss scale: 1.0 | grad norm: 1.905 | params norm: 658.679 | number of skipped iterations:   0 | number of nan iterations:   0 |
31: INFO:megatron.core.timers:(min, max) time across ranks (ms):
31:     forward-backward ...............................: (1614.65, 1614.76)
31:     embedding-grads-all-reduce .....................: (0.02, 0.02)
31:     all-grads-sync .................................: (0.16, 0.22)
31:     optimizer-copy-to-main-grad ....................: (0.16, 0.40)
31:     optimizer-inner-step ...........................: (0.56, 0.69)
31:     optimizer-copy-main-to-model-params ............: (0.31, 0.98)
31:     optimizer ......................................: (2.80, 3.47)
31:     batch-generator ................................: (4.17, 5.76)
31:     forward-compute ................................: (496.60, 540.87)
31:     backward-compute ...............................: (1070.41, 1113.36)
31:  [2026-08-18 04:10:28.938257] iteration      137/   18141 | consumed samples:        39456 | elapsed time per iteration (ms): 1627.2 | throughput per GPU (TFLOP/s/GPU): 361.4 | learning rate: 1.096000E-04 | global batch size:   288 | lm loss: 6.019689E+00 | loss scale: 1.0 | grad norm: 1.494 | params norm: 658.708 | number of skipped iterations:   0 | number of nan iterations:   0 |
31: INFO:megatron.core.timers:(min, max) time across ranks (ms):
31:     forward-backward ...............................: (1608.24, 1608.36)
31:     embedding-grads-all-reduce .....................: (0.01, 0.02)
31:     all-grads-sync .................................: (0.15, 0.22)
31:     optimizer-copy-to-main-grad ....................: (0.15, 0.42)
31:     optimizer-inner-step ...........................: (0.55, 0.67)
31:     optimizer-copy-main-to-model-params ............: (0.30, 1.02)
31:     optimizer ......................................: (2.78, 3.50)
31:     batch-generator ................................: (4.22, 6.22)
31:     forward-compute ................................: (493.83, 535.53)
31:     backward-compute ...............................: (1067.66, 1109.24)
31:  [2026-08-18 04:10:30.543366] iteration      138/   18141 | consumed samples:        39744 | elapsed time per iteration (ms): 1604.9 | throughput per GPU (TFLOP/s/GPU): 363.6 | learning rate: 1.104000E-04 | global batch size:   288 | lm loss: 5.982566E+00 | loss scale: 1.0 | grad norm: 1.486 | params norm: 658.736 | number of skipped iterations:   0 | number of nan iterations:   0 |
31: INFO:megatron.core.timers:(min, max) time across ranks (ms):
31:     forward-backward ...............................: (1586.08, 1586.21)
31:     embedding-grads-all-reduce .....................: (0.02, 0.02)
31:     all-grads-sync .................................: (0.16, 0.24)
31:     optimizer-copy-to-main-grad ....................: (0.16, 0.43)
31:     optimizer-inner-step ...........................: (0.56, 0.67)
31:     optimizer-copy-main-to-model-params ............: (0.30, 0.97)
31:     optimizer ......................................: (2.80, 3.47)
31:     batch-generator ................................: (4.18, 5.30)
31:     forward-compute ................................: (486.92, 527.16)
31:     backward-compute ...............................: (1053.81, 1094.84)
31:  [2026-08-18 04:10:32.147715] iteration      139/   18141 | consumed samples:        40032 | elapsed time per iteration (ms): 1604.2 | throughput per GPU (TFLOP/s/GPU): 365.0 | learning rate: 1.112000E-04 | global batch size:   288 | lm loss: 5.960969E+00 | loss scale: 1.0 | grad norm: 1.462 | params norm: 658.765 | number of skipped iterations:   0 | number of nan iterations:   0 |
31: INFO:megatron.core.timers:(min, max) time across ranks (ms):
31:     forward-backward ...............................: (1585.50, 1585.64)
31:     embedding-grads-all-reduce .....................: (0.02, 0.02)
31:     all-grads-sync .................................: (0.17, 0.22)
31:     optimizer-copy-to-main-grad ....................: (0.16, 0.39)
31:     optimizer-inner-step ...........................: (0.56, 0.68)
31:     optimizer-copy-main-to-model-params ............: (0.29, 0.93)
31:     optimizer ......................................: (2.77, 3.41)
31:     batch-generator ................................: (4.27, 6.37)
31:     forward-compute ................................: (490.32, 532.35)
31:     backward-compute ...............................: (1049.67, 1089.82)
31:  [2026-08-18 04:10:33.742230] iteration      140/   18141 | consumed samples:        40320 | elapsed time per iteration (ms): 1594.4 | throughput per GPU (TFLOP/s/GPU): 367.0 | learning rate: 1.120000E-04 | global batch size:   288 | lm loss: 5.954264E+00 | loss scale: 1.0 | grad norm: 1.586 | params norm: 658.795 | number of skipped iterations:   0 | number of nan iterations:   0 |
31: INFO:megatron.core.timers:(min, max) time across ranks (ms):
31:     forward-backward ...............................: (1575.18, 1575.31)
31:     embedding-grads-all-reduce .....................: (0.01, 0.02)
31:     all-grads-sync .................................: (0.17, 0.23)
31:     optimizer-copy-to-main-grad ....................: (0.15, 0.39)
31:     optimizer-inner-step ...........................: (0.57, 0.68)
31:     optimizer-copy-main-to-model-params ............: (0.31, 0.98)
31:     optimizer ......................................: (2.78, 3.44)
31:     batch-generator ................................: (4.12, 7.69)
31:     forward-compute ................................: (495.18, 531.40)
31:     backward-compute ...............................: (1038.53, 1075.17)
31:  [2026-08-18 04:10:35.316340] iteration      141/   18141 | consumed samples:        40608 | elapsed time per iteration (ms): 1573.8 | throughput per GPU (TFLOP/s/GPU): 372.0 | learning rate: 1.128000E-04 | global batch size:   288 | lm loss: 5.923046E+00 | loss scale: 1.0 | grad norm: 1.083 | params norm: 658.825 | number of skipped iterations:   0 | number of nan iterations:   0 |
31: INFO:megatron.core.timers:(min, max) time across ranks (ms):
31:     forward-backward ...............................: (1554.43, 1554.58)
31:     embedding-grads-all-reduce .....................: (0.02, 0.02)
31:     all-grads-sync .................................: (0.16, 0.23)
31:     optimizer-copy-to-main-grad ....................: (0.16, 0.39)
31:     optimizer-inner-step ...........................: (0.57, 0.68)
31:     optimizer-copy-main-to-model-params ............: (0.31, 0.95)
31:     optimizer ......................................: (2.78, 3.45)
31:     batch-generator ................................: (4.12, 6.04)
31:     forward-compute ................................: (493.47, 531.32)
31:     backward-compute ...............................: (1019.68, 1057.64)
31:  [2026-08-18 04:10:36.928689] iteration      142/   18141 | consumed samples:        40896 | elapsed time per iteration (ms): 1612.0 | throughput per GPU (TFLOP/s/GPU): 362.1 | learning rate: 1.136000E-04 | global batch size:   288 | lm loss: 5.925183E+00 | loss scale: 1.0 | grad norm: 1.683 | params norm: 658.855 | number of skipped iterations:   0 | number of nan iterations:   0 |
31: INFO:megatron.core.timers:(min, max) time across ranks (ms):
31:     forward-backward ...............................: (1593.42, 1593.56)
31:     embedding-grads-all-reduce .....................: (0.02, 0.02)
31:     all-grads-sync .................................: (0.17, 0.22)
31:     optimizer-copy-to-main-grad ....................: (0.16, 0.39)
31:     optimizer-inner-step ...........................: (0.57, 0.69)
31:     optimizer-copy-main-to-model-params ............: (0.34, 0.92)
31:     optimizer ......................................: (2.81, 3.39)
31:     batch-generator ................................: (4.10, 5.94)
31:     forward-compute ................................: (491.35, 530.16)
31:     backward-compute ...............................: (1055.65, 1097.59)
31:  [2026-08-18 04:10:38.520477] iteration      143/   18141 | consumed samples:        41184 | elapsed time per iteration (ms): 1591.6 | throughput per GPU (TFLOP/s/GPU): 366.3 | learning rate: 1.144000E-04 | global batch size:   288 | lm loss: 5.906794E+00 | loss scale: 1.0 | grad norm: 1.029 | params norm: 658.887 | number of skipped iterations:   0 | number of nan iterations:   0 |
31: INFO:megatron.core.timers:(min, max) time across ranks (ms):
31:     forward-backward ...............................: (1572.80, 1572.94)
31:     embedding-grads-all-reduce .....................: (0.02, 0.02)
31:     all-grads-sync .................................: (0.17, 0.22)
31:     optimizer-copy-to-main-grad ....................: (0.16, 0.41)
31:     optimizer-inner-step ...........................: (0.57, 0.69)
31:     optimizer-copy-main-to-model-params ............: (0.30, 0.95)
31:     optimizer ......................................: (2.79, 3.44)
31:     batch-generator ................................: (4.06, 6.37)
31:     forward-compute ................................: (490.23, 520.11)
31:     backward-compute ...............................: (1046.01, 1077.26)
31:  [2026-08-18 04:10:40.113557] iteration      144/   18141 | consumed samples:        41472 | elapsed time per iteration (ms): 1592.9 | throughput per GPU (TFLOP/s/GPU): 368.0 | learning rate: 1.152000E-04 | global batch size:   288 | lm loss: 5.898365E+00 | loss scale: 1.0 | grad norm: 1.947 | params norm: 658.919 | number of skipped iterations:   0 | number of nan iterations:   0 |
31: INFO:megatron.core.timers:(min, max) time across ranks (ms):
31:     forward-backward ...............................: (1573.64, 1573.74)
31:     embedding-grads-all-reduce .....................: (0.02, 0.02)
31:     all-grads-sync .................................: (0.16, 0.22)
31:     optimizer-copy-to-main-grad ....................: (0.16, 0.37)
31:     optimizer-inner-step ...........................: (0.55, 0.67)
31:     optimizer-copy-main-to-model-params ............: (0.32, 0.93)
31:     optimizer ......................................: (2.76, 3.37)
31:     batch-generator ................................: (4.15, 5.45)
31:     forward-compute ................................: (491.12, 529.66)
31:     backward-compute ...............................: (1036.10, 1074.60)
31:  [2026-08-18 04:10:41.679897] iteration      145/   18141 | consumed samples:        41760 | elapsed time per iteration (ms): 1566.2 | throughput per GPU (TFLOP/s/GPU): 372.6 | learning rate: 1.160000E-04 | global batch size:   288 | lm loss: 5.878041E+00 | loss scale: 1.0 | grad norm: 0.965 | params norm: 658.951 | number of skipped iterations:   0 | number of nan iterations:   0 |
31: INFO:megatron.core.timers:(min, max) time across ranks (ms):
31:     forward-backward ...............................: (1547.07, 1547.22)
31:     embedding-grads-all-reduce .....................: (0.01, 0.02)
31:     all-grads-sync .................................: (0.16, 0.23)
31:     optimizer-copy-to-main-grad ....................: (0.16, 0.44)
31:     optimizer-inner-step ...........................: (0.56, 0.67)
31:     optimizer-copy-main-to-model-params ............: (0.30, 1.00)
31:     optimizer ......................................: (2.79, 3.48)
31:     batch-generator ................................: (4.18, 5.85)
31:     forward-compute ................................: (484.01, 524.98)
31:     backward-compute ...............................: (1018.46, 1058.18)
31:  [2026-08-18 04:10:43.317262] iteration      146/   18141 | consumed samples:        42048 | elapsed time per iteration (ms): 1637.1 | throughput per GPU (TFLOP/s/GPU): 357.7 | learning rate: 1.168000E-04 | global batch size:   288 | lm loss: 5.878206E+00 | loss scale: 1.0 | grad norm: 1.558 | params norm: 658.984 | number of skipped iterations:   0 | number of nan iterations:   0 |
31: INFO:megatron.core.timers:(min, max) time across ranks (ms):
31:     forward-backward ...............................: (1618.38, 1618.56)
31:     embedding-grads-all-reduce .....................: (0.01, 0.02)
31:     all-grads-sync .................................: (0.16, 0.22)
31:     optimizer-copy-to-main-grad ....................: (0.15, 0.37)
31:     optimizer-inner-step ...........................: (0.56, 0.67)
31:     optimizer-copy-main-to-model-params ............: (0.31, 0.85)
31:     optimizer ......................................: (2.73, 3.29)
31:     batch-generator ................................: (4.05, 5.37)
31:     forward-compute ................................: (490.72, 543.94)
31:     backward-compute ...............................: (1071.03, 1121.53)
31:  [2026-08-18 04:10:44.934107] iteration      147/   18141 | consumed samples:        42336 | elapsed time per iteration (ms): 1616.6 | throughput per GPU (TFLOP/s/GPU): 360.9 | learning rate: 1.176000E-04 | global batch size:   288 | lm loss: 5.876844E+00 | loss scale: 1.0 | grad norm: 1.712 | params norm: 659.017 | number of skipped iterations:   0 | number of nan iterations:   0 |
31: INFO:megatron.core.timers:(min, max) time across ranks (ms):
31:     forward-backward ...............................: (1597.48, 1597.59)
31:     embedding-grads-all-reduce .....................: (0.01, 0.02)
31:     all-grads-sync .................................: (0.17, 0.24)
31:     optimizer-copy-to-main-grad ....................: (0.15, 0.38)
31:     optimizer-inner-step ...........................: (0.56, 0.68)
31:     optimizer-copy-main-to-model-params ............: (0.31, 0.94)
31:     optimizer ......................................: (2.76, 3.39)
31:     batch-generator ................................: (4.23, 6.15)
31:     forward-compute ................................: (491.31, 540.45)
31:     backward-compute ...............................: (1053.49, 1098.24)
31:  [2026-08-18 04:10:46.559926] iteration      148/   18141 | consumed samples:        42624 | elapsed time per iteration (ms): 1625.7 | throughput per GPU (TFLOP/s/GPU): 360.8 | learning rate: 1.184000E-04 | global batch size:   288 | lm loss: 5.866848E+00 | loss scale: 1.0 | grad norm: 1.588 | params norm: 659.051 | number of skipped iterations:   0 | number of nan iterations:   0 |
31: INFO:megatron.core.timers:(min, max) time across ranks (ms):
31:     forward-backward ...............................: (1606.82, 1606.98)
31:     embedding-grads-all-reduce .....................: (0.02, 0.02)
31:     all-grads-sync .................................: (0.16, 0.22)
31:     optimizer-copy-to-main-grad ....................: (0.15, 0.39)
31:     optimizer-inner-step ...........................: (0.56, 0.67)
31:     optimizer-copy-main-to-model-params ............: (0.30, 1.00)
31:     optimizer ......................................: (2.77, 3.47)
31:     batch-generator ................................: (4.15, 6.35)
31:     forward-compute ................................: (481.30, 534.15)
31:     backward-compute ...............................: (1068.66, 1120.08)
31:  [2026-08-18 04:10:48.149176] iteration      149/   18141 | consumed samples:        42912 | elapsed time per iteration (ms): 1589.1 | throughput per GPU (TFLOP/s/GPU): 367.6 | learning rate: 1.192000E-04 | global batch size:   288 | lm loss: 5.873920E+00 | loss scale: 1.0 | grad norm: 2.097 | params norm: 659.084 | number of skipped iterations:   0 | number of nan iterations:   0 |
31: INFO:megatron.core.timers:(min, max) time across ranks (ms):
31:     forward-backward ...............................: (1569.81, 1569.94)
31:     embedding-grads-all-reduce .....................: (0.02, 0.02)
31:     all-grads-sync .................................: (0.15, 0.23)
31:     optimizer-copy-to-main-grad ....................: (0.16, 0.36)
31:     optimizer-inner-step ...........................: (0.56, 0.67)
31:     optimizer-copy-main-to-model-params ............: (0.31, 0.95)
31:     optimizer ......................................: (2.74, 3.37)
31:     batch-generator ................................: (4.13, 5.46)
31:     forward-compute ................................: (491.45, 530.79)
31:     backward-compute ...............................: (1034.86, 1075.19)
31:  [2026-08-18 04:10:49.733596] iteration      150/   18141 | consumed samples:        43200 | elapsed time per iteration (ms): 1584.3 | throughput per GPU (TFLOP/s/GPU): 368.8 | learning rate: 1.200000E-04 | global batch size:   288 | lm loss: 5.813160E+00 | loss scale: 1.0 | grad norm: 1.113 | params norm: 659.118 | number of skipped iterations:   0 | number of nan iterations:   0 |
31: INFO:megatron.core.timers:(min, max) time across ranks (ms):
31:     forward-backward ...............................: (1565.03, 1565.22)
31:     embedding-grads-all-reduce .....................: (0.02, 0.02)
31:     all-grads-sync .................................: (0.16, 0.23)
31:     optimizer-copy-to-main-grad ....................: (0.16, 0.39)
31:     optimizer-inner-step ...........................: (0.56, 0.70)
31:     optimizer-copy-main-to-model-params ............: (0.29, 0.94)
31:     optimizer ......................................: (2.77, 3.42)
31:     batch-generator ................................: (3.91, 6.06)
31:     forward-compute ................................: (494.30, 535.22)
31:     backward-compute ...............................: (1025.52, 1066.53)
31:  [2026-08-18 04:10:51.326822] iteration      151/   18141 | consumed samples:        43488 | elapsed time per iteration (ms): 1592.7 | throughput per GPU (TFLOP/s/GPU): 367.7 | learning rate: 1.208000E-04 | global batch size:   288 | lm loss: 5.819632E+00 | loss scale: 1.0 | grad norm: 1.577 | params norm: 659.152 | number of skipped iterations:   0 | number of nan iterations:   0 |
31: INFO:megatron.core.timers:(min, max) time across ranks (ms):
31:     forward-backward ...............................: (1573.63, 1573.75)
31:     embedding-grads-all-reduce .....................: (0.02, 0.02)
31:     all-grads-sync .................................: (0.17, 0.22)
31:     optimizer-copy-to-main-grad ....................: (0.15, 0.40)
31:     optimizer-inner-step ...........................: (0.55, 0.67)
31:     optimizer-copy-main-to-model-params ............: (0.32, 1.01)
31:     optimizer ......................................: (2.80, 3.49)
31:     batch-generator ................................: (4.20, 5.79)
31:     forward-compute ................................: (491.09, 529.29)
31:     backward-compute ...............................: (1040.99, 1077.55)
31:  [2026-08-18 04:10:52.958066] iteration      152/   18141 | consumed samples:        43776 | elapsed time per iteration (ms): 1631.0 | throughput per GPU (TFLOP/s/GPU): 359.6 | learning rate: 1.216000E-04 | global batch size:   288 | lm loss: 5.844300E+00 | loss scale: 1.0 | grad norm: 2.165 | params norm: 659.186 | number of skipped iterations:   0 | number of nan iterations:   0 |
31: INFO:megatron.core.timers:(min, max) time across ranks (ms):
31:     forward-backward ...............................: (1611.41, 1611.52)
31:     embedding-grads-all-reduce .....................: (0.02, 0.02)
31:     all-grads-sync .................................: (0.17, 0.22)
31:     optimizer-copy-to-main-grad ....................: (0.16, 0.40)
31:     optimizer-inner-step ...........................: (0.56, 0.71)
31:     optimizer-copy-main-to-model-params ............: (0.30, 0.96)
31:     optimizer ......................................: (2.82, 3.48)
31:     batch-generator ................................: (4.27, 5.56)
31:     forward-compute ................................: (494.72, 535.66)
31:     backward-compute ...............................: (1070.61, 1110.56)
31:  [2026-08-18 04:10:54.588137] iteration      153/   18141 | consumed samples:        44064 | elapsed time per iteration (ms): 1630.0 | throughput per GPU (TFLOP/s/GPU): 359.8 | learning rate: 1.224000E-04 | global batch size:   288 | lm loss: 5.816553E+00 | loss scale: 1.0 | grad norm: 1.458 | params norm: 659.220 | number of skipped iterations:   0 | number of nan iterations:   0 |
31: INFO:megatron.core.timers:(min, max) time across ranks (ms):
31:     forward-backward ...............................: (1610.51, 1610.63)
31:     embedding-grads-all-reduce .....................: (0.01, 0.02)
31:     all-grads-sync .................................: (0.16, 0.23)
31:     optimizer-copy-to-main-grad ....................: (0.16, 0.37)
31:     optimizer-inner-step ...........................: (0.56, 0.67)
31:     optimizer-copy-main-to-model-params ............: (0.31, 0.93)
31:     optimizer ......................................: (2.75, 3.38)
31:     batch-generator ................................: (4.13, 5.37)
31:     forward-compute ................................: (492.36, 537.59)
31:     backward-compute ...............................: (1069.72, 1114.20)
31:  [2026-08-18 04:10:56.198430] iteration      154/   18141 | consumed samples:        44352 | elapsed time per iteration (ms): 1610.1 | throughput per GPU (TFLOP/s/GPU): 362.4 | learning rate: 1.232000E-04 | global batch size:   288 | lm loss: 5.783287E+00 | loss scale: 1.0 | grad norm: 1.222 | params norm: 659.255 | number of skipped iterations:   0 | number of nan iterations:   0 |
31: INFO:megatron.core.timers:(min, max) time across ranks (ms):
31:     forward-backward ...............................: (1591.26, 1591.40)
31:     embedding-grads-all-reduce .....................: (0.01, 0.02)
31:     all-grads-sync .................................: (0.17, 0.22)
31:     optimizer-copy-to-main-grad ....................: (0.16, 0.38)
31:     optimizer-inner-step ...........................: (0.56, 0.68)
31:     optimizer-copy-main-to-model-params ............: (0.29, 0.93)
31:     optimizer ......................................: (2.68, 3.32)
31:     batch-generator ................................: (4.04, 5.62)
31:     forward-compute ................................: (488.19, 534.48)
31:     backward-compute ...............................: (1052.69, 1095.66)
31:  [2026-08-18 04:10:57.816633] iteration      155/   18141 | consumed samples:        44640 | elapsed time per iteration (ms): 1618.0 | throughput per GPU (TFLOP/s/GPU): 361.9 | learning rate: 1.240000E-04 | global batch size:   288 | lm loss: 5.774461E+00 | loss scale: 1.0 | grad norm: 1.337 | params norm: 659.290 | number of skipped iterations:   0 | number of nan iterations:   0 |
31: INFO:megatron.core.timers:(min, max) time across ranks (ms):
31:     forward-backward ...............................: (1598.88, 1598.98)
31:     embedding-grads-all-reduce .....................: (0.01, 0.02)
31:     all-grads-sync .................................: (0.16, 0.23)
31:     optimizer-copy-to-main-grad ....................: (0.16, 0.39)
31:     optimizer-inner-step ...........................: (0.57, 0.68)
31:     optimizer-copy-main-to-model-params ............: (0.30, 0.91)
31:     optimizer ......................................: (2.76, 3.38)
31:     batch-generator ................................: (4.11, 6.64)
31:     forward-compute ................................: (492.05, 535.15)
31:     backward-compute ...............................: (1060.23, 1100.90)
31:  [2026-08-18 04:10:59.439038] iteration      156/   18141 | consumed samples:        44928 | elapsed time per iteration (ms): 1622.1 | throughput per GPU (TFLOP/s/GPU): 360.3 | learning rate: 1.248000E-04 | global batch size:   288 | lm loss: 5.746310E+00 | loss scale: 1.0 | grad norm: 1.504 | params norm: 659.326 | number of skipped iterations:   0 | number of nan iterations:   0 |
31: INFO:megatron.core.timers:(min, max) time across ranks (ms):
31:     forward-backward ...............................: (1603.31, 1603.43)
31:     embedding-grads-all-reduce .....................: (0.02, 0.02)
31:     all-grads-sync .................................: (0.16, 0.22)
31:     optimizer-copy-to-main-grad ....................: (0.15, 0.37)
31:     optimizer-inner-step ...........................: (0.56, 0.67)
31:     optimizer-copy-main-to-model-params ............: (0.32, 0.98)
31:     optimizer ......................................: (2.74, 3.40)
31:     batch-generator ................................: (4.04, 6.96)
31:     forward-compute ................................: (497.84, 539.90)
31:     backward-compute ...............................: (1059.89, 1101.56)
31:  [2026-08-18 04:11:01.039811] iteration      157/   18141 | consumed samples:        45216 | elapsed time per iteration (ms): 1600.6 | throughput per GPU (TFLOP/s/GPU): 364.8 | learning rate: 1.256000E-04 | global batch size:   288 | lm loss: 5.778992E+00 | loss scale: 1.0 | grad norm: 1.808 | params norm: 659.361 | number of skipped iterations:   0 | number of nan iterations:   0 |
31: INFO:megatron.core.timers:(min, max) time across ranks (ms):
31:     forward-backward ...............................: (1581.45, 1581.62)
31:     embedding-grads-all-reduce .....................: (0.01, 0.02)
31:     all-grads-sync .................................: (0.16, 0.24)
31:     optimizer-copy-to-main-grad ....................: (0.15, 0.40)
31:     optimizer-inner-step ...........................: (0.56, 0.70)
31:     optimizer-copy-main-to-model-params ............: (0.30, 0.93)
31:     optimizer ......................................: (2.76, 3.40)
31:     batch-generator ................................: (4.10, 5.90)
31:     forward-compute ................................: (489.16, 535.00)
31:     backward-compute ...............................: (1041.83, 1086.74)
31:  [2026-08-18 04:11:02.629977] iteration      158/   18141 | consumed samples:        45504 | elapsed time per iteration (ms): 1590.0 | throughput per GPU (TFLOP/s/GPU): 368.4 | learning rate: 1.264000E-04 | global batch size:   288 | lm loss: 5.748360E+00 | loss scale: 1.0 | grad norm: 1.117 | params norm: 659.397 | number of skipped iterations:   0 | number of nan iterations:   0 |
31: INFO:megatron.core.timers:(min, max) time across ranks (ms):
31:     forward-backward ...............................: (1571.26, 1571.48)
31:     embedding-grads-all-reduce .....................: (0.02, 0.02)
31:     all-grads-sync .................................: (0.17, 0.25)
31:     optimizer-copy-to-main-grad ....................: (0.16, 0.42)
31:     optimizer-inner-step ...........................: (0.57, 0.70)
31:     optimizer-copy-main-to-model-params ............: (0.31, 1.01)
31:     optimizer ......................................: (2.84, 3.56)
31:     batch-generator ................................: (4.00, 5.91)
31:     forward-compute ................................: (490.80, 526.51)
31:     backward-compute ...............................: (1040.03, 1076.22)
31:  [2026-08-18 04:11:04.243269] iteration      159/   18141 | consumed samples:        45792 | elapsed time per iteration (ms): 1613.1 | throughput per GPU (TFLOP/s/GPU): 363.3 | learning rate: 1.272000E-04 | global batch size:   288 | lm loss: 5.764982E+00 | loss scale: 1.0 | grad norm: 1.645 | params norm: 659.433 | number of skipped iterations:   0 | number of nan iterations:   0 |
31: INFO:megatron.core.timers:(min, max) time across ranks (ms):
31:     forward-backward ...............................: (1593.78, 1593.88)
31:     embedding-grads-all-reduce .....................: (0.02, 0.02)
31:     all-grads-sync .................................: (0.17, 0.23)
31:     optimizer-copy-to-main-grad ....................: (0.16, 0.37)
31:     optimizer-inner-step ...........................: (0.56, 0.67)
31:     optimizer-copy-main-to-model-params ............: (0.32, 0.97)
31:     optimizer ......................................: (2.76, 3.41)
31:     batch-generator ................................: (4.12, 6.82)
31:     forward-compute ................................: (493.70, 535.29)
31:     backward-compute ...............................: (1055.26, 1094.74)
31:  [2026-08-18 04:11:05.824970] iteration      160/   18141 | consumed samples:        46080 | elapsed time per iteration (ms): 1581.5 | throughput per GPU (TFLOP/s/GPU): 369.1 | learning rate: 1.280000E-04 | global batch size:   288 | lm loss: 5.709174E+00 | loss scale: 1.0 | grad norm: 1.073 | params norm: 659.471 | number of skipped iterations:   0 | number of nan iterations:   0 |
31: INFO:megatron.core.timers:(min, max) time across ranks (ms):
31:     forward-backward ...............................: (1562.59, 1562.69)
31:     embedding-grads-all-reduce .....................: (0.02, 0.02)
31:     all-grads-sync .................................: (0.17, 0.23)
31:     optimizer-copy-to-main-grad ....................: (0.15, 0.41)
31:     optimizer-inner-step ...........................: (0.56, 0.68)
31:     optimizer-copy-main-to-model-params ............: (0.30, 0.91)
31:     optimizer ......................................: (2.75, 3.36)
31:     batch-generator ................................: (4.10, 5.23)
31:     forward-compute ................................: (477.91, 528.82)
31:     backward-compute ...............................: (1029.61, 1079.46)
31:  [2026-08-18 04:11:07.439322] iteration      161/   18141 | consumed samples:        46368 | elapsed time per iteration (ms): 1613.9 | throughput per GPU (TFLOP/s/GPU): 363.7 | learning rate: 1.288000E-04 | global batch size:   288 | lm loss: 5.702189E+00 | loss scale: 1.0 | grad norm: 1.531 | params norm: 659.508 | number of skipped iterations:   0 | number of nan iterations:   0 |
31: INFO:megatron.core.timers:(min, max) time across ranks (ms):
31:     forward-backward ...............................: (1594.63, 1594.74)
31:     embedding-grads-all-reduce .....................: (0.02, 0.02)
31:     all-grads-sync .................................: (0.16, 0.23)
31:     optimizer-copy-to-main-grad ....................: (0.16, 0.39)
31:     optimizer-inner-step ...........................: (0.57, 0.68)
31:     optimizer-copy-main-to-model-params ............: (0.31, 0.95)
31:     optimizer ......................................: (2.74, 3.38)
31:     batch-generator ................................: (4.14, 6.29)
31:     forward-compute ................................: (497.03, 530.20)
31:     backward-compute ...............................: (1056.83, 1093.38)
31:  [2026-08-18 04:11:09.047893] iteration      162/   18141 | consumed samples:        46656 | elapsed time per iteration (ms): 1608.4 | throughput per GPU (TFLOP/s/GPU): 362.8 | learning rate: 1.296000E-04 | global batch size:   288 | lm loss: 5.693428E+00 | loss scale: 1.0 | grad norm: 1.175 | params norm: 659.546 | number of skipped iterations:   0 | number of nan iterations:   0 |
31: INFO:megatron.core.timers:(min, max) time across ranks (ms):
31:     forward-backward ...............................: (1588.88, 1589.01)
31:     embedding-grads-all-reduce .....................: (0.02, 0.02)
31:     all-grads-sync .................................: (0.16, 0.22)
31:     optimizer-copy-to-main-grad ....................: (0.16, 0.39)
31:     optimizer-inner-step ...........................: (0.56, 0.70)
31:     optimizer-copy-main-to-model-params ............: (0.30, 0.99)
31:     optimizer ......................................: (2.77, 3.46)
31:     batch-generator ................................: (4.03, 5.24)
31:     forward-compute ................................: (482.09, 534.58)
31:     backward-compute ...............................: (1050.85, 1101.20)
31:  [2026-08-18 04:11:10.652908] iteration      163/   18141 | consumed samples:        46944 | elapsed time per iteration (ms): 1604.9 | throughput per GPU (TFLOP/s/GPU): 365.1 | learning rate: 1.304000E-04 | global batch size:   288 | lm loss: 5.691062E+00 | loss scale: 1.0 | grad norm: 1.361 | params norm: 659.585 | number of skipped iterations:   0 | number of nan iterations:   0 |
31: INFO:megatron.core.timers:(min, max) time across ranks (ms):
31:     forward-backward ...............................: (1585.64, 1585.91)
31:     embedding-grads-all-reduce .....................: (0.02, 0.02)
31:     all-grads-sync .................................: (0.16, 0.22)
31:     optimizer-copy-to-main-grad ....................: (0.15, 0.39)
31:     optimizer-inner-step ...........................: (0.55, 0.68)
31:     optimizer-copy-main-to-model-params ............: (0.31, 0.93)
31:     optimizer ......................................: (2.79, 3.42)
31:     batch-generator ................................: (4.12, 10.33)
31:     forward-compute ................................: (498.00, 547.77)
31:     backward-compute ...............................: (1034.53, 1083.29)
31:  [2026-08-18 04:11:12.247821] iteration      164/   18141 | consumed samples:        47232 | elapsed time per iteration (ms): 1594.8 | throughput per GPU (TFLOP/s/GPU): 365.7 | learning rate: 1.312000E-04 | global batch size:   288 | lm loss: 5.670775E+00 | loss scale: 1.0 | grad norm: 1.114 | params norm: 659.624 | number of skipped iterations:   0 | number of nan iterations:   0 |
31: INFO:megatron.core.timers:(min, max) time across ranks (ms):
31:     forward-backward ...............................: (1575.08, 1575.24)
31:     embedding-grads-all-reduce .....................: (0.01, 0.02)
31:     all-grads-sync .................................: (0.16, 0.23)
31:     optimizer-copy-to-main-grad ....................: (0.15, 0.38)
31:     optimizer-inner-step ...........................: (0.56, 0.68)
31:     optimizer-copy-main-to-model-params ............: (0.30, 0.99)
31:     optimizer ......................................: (2.74, 3.42)
31:     batch-generator ................................: (4.08, 5.80)
31:     forward-compute ................................: (483.43, 539.71)
31:     backward-compute ...............................: (1032.01, 1086.61)
31:  [2026-08-18 04:11:13.845614] iteration      165/   18141 | consumed samples:        47520 | elapsed time per iteration (ms): 1597.6 | throughput per GPU (TFLOP/s/GPU): 363.7 | learning rate: 1.320000E-04 | global batch size:   288 | lm loss: 5.695953E+00 | loss scale: 1.0 | grad norm: 1.657 | params norm: 659.663 | number of skipped iterations:   0 | number of nan iterations:   0 |
31: INFO:megatron.core.timers:(min, max) time across ranks (ms):
31:     forward-backward ...............................: (1578.38, 1578.52)
31:     embedding-grads-all-reduce .....................: (0.02, 0.02)
31:     all-grads-sync .................................: (0.17, 0.22)
31:     optimizer-copy-to-main-grad ....................: (0.15, 0.38)
31:     optimizer-inner-step ...........................: (0.56, 0.69)
31:     optimizer-copy-main-to-model-params ............: (0.31, 0.94)
31:     optimizer ......................................: (2.73, 3.38)
31:     batch-generator ................................: (4.15, 4.89)
31:     forward-compute ................................: (486.78, 528.58)
31:     backward-compute ...............................: (1044.36, 1087.88)
31:  [2026-08-18 04:11:15.456567] iteration      166/   18141 | consumed samples:        47808 | elapsed time per iteration (ms): 1610.8 | throughput per GPU (TFLOP/s/GPU): 363.1 | learning rate: 1.328000E-04 | global batch size:   288 | lm loss: 5.664073E+00 | loss scale: 1.0 | grad norm: 1.430 | params norm: 659.702 | number of skipped iterations:   0 | number of nan iterations:   0 |
31: INFO:megatron.core.timers:(min, max) time across ranks (ms):
31:     forward-backward ...............................: (1591.94, 1592.08)
31:     embedding-grads-all-reduce .....................: (0.01, 0.02)
31:     all-grads-sync .................................: (0.17, 0.24)
31:     optimizer-copy-to-main-grad ....................: (0.16, 0.38)
31:     optimizer-inner-step ...........................: (0.56, 0.67)
31:     optimizer-copy-main-to-model-params ............: (0.31, 0.93)
31:     optimizer ......................................: (2.74, 3.37)
31:     batch-generator ................................: (4.24, 5.50)
31:     forward-compute ................................: (492.53, 530.31)
31:     backward-compute ...............................: (1058.39, 1096.29)
31:  [2026-08-18 04:11:17.053712] iteration      167/   18141 | consumed samples:        48096 | elapsed time per iteration (ms): 1596.7 | throughput per GPU (TFLOP/s/GPU): 366.0 | learning rate: 1.336000E-04 | global batch size:   288 | lm loss: 5.646540E+00 | loss scale: 1.0 | grad norm: 1.337 | params norm: 659.741 | number of skipped iterations:   0 | number of nan iterations:   0 |
31: INFO:megatron.core.timers:(min, max) time across ranks (ms):
31:     forward-backward ...............................: (1578.46, 1578.59)
31:     embedding-grads-all-reduce .....................: (0.02, 0.02)
31:     all-grads-sync .................................: (0.16, 0.23)
31:     optimizer-copy-to-main-grad ....................: (0.15, 0.40)
31:     optimizer-inner-step ...........................: (0.56, 0.69)
31:     optimizer-copy-main-to-model-params ............: (0.31, 0.98)
31:     optimizer ......................................: (2.74, 3.44)
31:     batch-generator ................................: (4.13, 6.18)
31:     forward-compute ................................: (493.78, 531.31)
31:     backward-compute ...............................: (1041.81, 1081.52)
31:  [2026-08-18 04:11:18.661090] iteration      168/   18141 | consumed samples:        48384 | elapsed time per iteration (ms): 1607.2 | throughput per GPU (TFLOP/s/GPU): 363.9 | learning rate: 1.344000E-04 | global batch size:   288 | lm loss: 5.623066E+00 | loss scale: 1.0 | grad norm: 1.241 | params norm: 659.782 | number of skipped iterations:   0 | number of nan iterations:   0 |
31: INFO:megatron.core.timers:(min, max) time across ranks (ms):
31:     forward-backward ...............................: (1588.20, 1588.35)
31:     embedding-grads-all-reduce .....................: (0.02, 0.03)
31:     all-grads-sync .................................: (0.17, 0.22)
31:     optimizer-copy-to-main-grad ....................: (0.15, 0.38)
31:     optimizer-inner-step ...........................: (0.56, 0.67)
31:     optimizer-copy-main-to-model-params ............: (0.30, 0.91)
31:     optimizer ......................................: (2.73, 3.35)
31:     batch-generator ................................: (4.12, 6.34)
31:     forward-compute ................................: (482.74, 533.57)
31:     backward-compute ...............................: (1048.52, 1101.76)
31:  [2026-08-18 04:11:20.256792] iteration      169/   18141 | consumed samples:        48672 | elapsed time per iteration (ms): 1595.5 | throughput per GPU (TFLOP/s/GPU): 367.7 | learning rate: 1.352000E-04 | global batch size:   288 | lm loss: 5.615326E+00 | loss scale: 1.0 | grad norm: 1.309 | params norm: 659.822 | number of skipped iterations:   0 | number of nan iterations:   0 |
31: INFO:megatron.core.timers:(min, max) time across ranks (ms):
31:     forward-backward ...............................: (1576.21, 1576.38)
31:     embedding-grads-all-reduce .....................: (0.02, 0.02)
31:     all-grads-sync .................................: (0.16, 0.23)
31:     optimizer-copy-to-main-grad ....................: (0.16, 0.43)
31:     optimizer-inner-step ...........................: (0.57, 0.69)
31:     optimizer-copy-main-to-model-params ............: (0.32, 0.96)
31:     optimizer ......................................: (2.81, 3.45)
31:     batch-generator ................................: (4.09, 6.23)
31:     forward-compute ................................: (489.78, 528.59)
31:     backward-compute ...............................: (1044.09, 1083.29)
31:  [2026-08-18 04:11:21.831465] iteration      170/   18141 | consumed samples:        48960 | elapsed time per iteration (ms): 1574.6 | throughput per GPU (TFLOP/s/GPU): 372.0 | learning rate: 1.360000E-04 | global batch size:   288 | lm loss: 5.592019E+00 | loss scale: 1.0 | grad norm: 1.314 | params norm: 659.863 | number of skipped iterations:   0 | number of nan iterations:   0 |
31: INFO:megatron.core.timers:(min, max) time across ranks (ms):
31:     forward-backward ...............................: (1555.91, 1556.08)
31:     embedding-grads-all-reduce .....................: (0.01, 0.02)
31:     all-grads-sync .................................: (0.17, 0.23)
31:     optimizer-copy-to-main-grad ....................: (0.16, 0.38)
31:     optimizer-inner-step ...........................: (0.56, 0.69)
31:     optimizer-copy-main-to-model-params ............: (0.30, 0.96)
31:     optimizer ......................................: (2.71, 3.38)
31:     batch-generator ................................: (4.21, 5.62)
31:     forward-compute ................................: (493.90, 533.14)
31:     backward-compute ...............................: (1018.62, 1056.55)
31:  [2026-08-18 04:11:23.469147] iteration      171/   18141 | consumed samples:        49248 | elapsed time per iteration (ms): 1637.5 | throughput per GPU (TFLOP/s/GPU): 356.8 | learning rate: 1.368000E-04 | global batch size:   288 | lm loss: 5.570753E+00 | loss scale: 1.0 | grad norm: 1.383 | params norm: 659.904 | number of skipped iterations:   0 | number of nan iterations:   0 |
31: INFO:megatron.core.timers:(min, max) time across ranks (ms):
31:     forward-backward ...............................: (1618.93, 1619.09)
31:     embedding-grads-all-reduce .....................: (0.02, 0.02)
31:     all-grads-sync .................................: (0.18, 0.23)
31:     optimizer-copy-to-main-grad ....................: (0.16, 0.40)
31:     optimizer-inner-step ...........................: (0.56, 0.68)
31:     optimizer-copy-main-to-model-params ............: (0.33, 0.92)
31:     optimizer ......................................: (2.79, 3.38)
31:     batch-generator ................................: (4.18, 5.95)
31:     forward-compute ................................: (484.67, 537.30)
31:     backward-compute ...............................: (1078.12, 1129.28)
31:  [2026-08-18 04:11:25.041223] iteration      172/   18141 | consumed samples:        49536 | elapsed time per iteration (ms): 1571.9 | throughput per GPU (TFLOP/s/GPU): 371.3 | learning rate: 1.376000E-04 | global batch size:   288 | lm loss: 5.567411E+00 | loss scale: 1.0 | grad norm: 1.209 | params norm: 659.945 | number of skipped iterations:   0 | number of nan iterations:   0 |
31: INFO:megatron.core.timers:(min, max) time across ranks (ms):
31:     forward-backward ...............................: (1553.16, 1553.31)
31:     embedding-grads-all-reduce .....................: (0.02, 0.02)
31:     all-grads-sync .................................: (0.16, 0.22)
31:     optimizer-copy-to-main-grad ....................: (0.16, 0.38)
31:     optimizer-inner-step ...........................: (0.57, 0.68)
31:     optimizer-copy-main-to-model-params ............: (0.32, 0.94)
31:     optimizer ......................................: (2.72, 3.35)
31:     batch-generator ................................: (4.17, 4.97)
31:     forward-compute ................................: (500.23, 525.85)
31:     backward-compute ...............................: (1021.14, 1046.87)
31:  [2026-08-18 04:11:26.604550] iteration      173/   18141 | consumed samples:        49824 | elapsed time per iteration (ms): 1562.9 | throughput per GPU (TFLOP/s/GPU): 372.8 | learning rate: 1.384000E-04 | global batch size:   288 | lm loss: 5.568322E+00 | loss scale: 1.0 | grad norm: 1.081 | params norm: 659.988 | number of skipped iterations:   0 | number of nan iterations:   0 |
31: INFO:megatron.core.timers:(min, max) time across ranks (ms):
31:     forward-backward ...............................: (1544.52, 1544.65)
31:     embedding-grads-all-reduce .....................: (0.02, 0.02)
31:     all-grads-sync .................................: (0.16, 0.24)
31:     optimizer-copy-to-main-grad ....................: (0.16, 0.36)
31:     optimizer-inner-step ...........................: (0.56, 0.67)
31:     optimizer-copy-main-to-model-params ............: (0.30, 0.90)
31:     optimizer ......................................: (2.72, 3.31)
31:     batch-generator ................................: (4.20, 5.31)
31:     forward-compute ................................: (487.71, 521.11)
31:     backward-compute ...............................: (1017.48, 1052.33)
31:  [2026-08-18 04:11:28.214276] iteration      174/   18141 | consumed samples:        50112 | elapsed time per iteration (ms): 1609.5 | throughput per GPU (TFLOP/s/GPU): 362.5 | learning rate: 1.392000E-04 | global batch size:   288 | lm loss: 5.563711E+00 | loss scale: 1.0 | grad norm: 1.816 | params norm: 660.030 | number of skipped iterations:   0 | number of nan iterations:   0 |
31: INFO:megatron.core.timers:(min, max) time across ranks (ms):
31:     forward-backward ...............................: (1590.73, 1590.85)
31:     embedding-grads-all-reduce .....................: (0.02, 0.02)
31:     all-grads-sync .................................: (0.17, 0.23)
31:     optimizer-copy-to-main-grad ....................: (0.15, 0.39)
31:     optimizer-inner-step ...........................: (0.56, 0.68)
31:     optimizer-copy-main-to-model-params ............: (0.32, 0.98)
31:     optimizer ......................................: (2.76, 3.43)
31:     batch-generator ................................: (4.23, 5.33)
31:     forward-compute ................................: (493.67, 530.11)
31:     backward-compute ...............................: (1056.91, 1093.35)
31:  [2026-08-18 04:11:29.826018] iteration      175/   18141 | consumed samples:        50400 | elapsed time per iteration (ms): 1611.6 | throughput per GPU (TFLOP/s/GPU): 363.0 | learning rate: 1.400000E-04 | global batch size:   288 | lm loss: 5.567472E+00 | loss scale: 1.0 | grad norm: 1.547 | params norm: 660.072 | number of skipped iterations:   0 | number of nan iterations:   0 |
31: INFO:megatron.core.timers:(min, max) time across ranks (ms):
31:     forward-backward ...............................: (1593.38, 1593.61)
31:     embedding-grads-all-reduce .....................: (0.02, 0.02)
31:     all-grads-sync .................................: (0.16, 0.23)
31:     optimizer-copy-to-main-grad ....................: (0.15, 0.40)
31:     optimizer-inner-step ...........................: (0.56, 0.67)
31:     optimizer-copy-main-to-model-params ............: (0.31, 0.95)
31:     optimizer ......................................: (2.74, 3.38)
31:     batch-generator ................................: (4.20, 5.00)
31:     forward-compute ................................: (489.19, 534.23)
31:     backward-compute ...............................: (1053.20, 1095.52)
31:  [2026-08-18 04:11:31.457595] iteration      176/   18141 | consumed samples:        50688 | elapsed time per iteration (ms): 1631.4 | throughput per GPU (TFLOP/s/GPU): 359.3 | learning rate: 1.408000E-04 | global batch size:   288 | lm loss: 5.571741E+00 | loss scale: 1.0 | grad norm: 1.652 | params norm: 660.114 | number of skipped iterations:   0 | number of nan iterations:   0 |
31: INFO:megatron.core.timers:(min, max) time across ranks (ms):
31:     forward-backward ...............................: (1612.50, 1612.62)
31:     embedding-grads-all-reduce .....................: (0.01, 0.02)
31:     all-grads-sync .................................: (0.16, 0.23)
31:     optimizer-copy-to-main-grad ....................: (0.15, 0.40)
31:     optimizer-inner-step ...........................: (0.57, 0.67)
31:     optimizer-copy-main-to-model-params ............: (0.31, 0.95)
31:     optimizer ......................................: (2.74, 3.37)
31:     batch-generator ................................: (4.18, 6.01)
31:     forward-compute ................................: (492.58, 543.02)
31:     backward-compute ...............................: (1063.60, 1114.70)
31:  [2026-08-18 04:11:33.023698] iteration      177/   18141 | consumed samples:        50976 | elapsed time per iteration (ms): 1566.0 | throughput per GPU (TFLOP/s/GPU): 372.8 | learning rate: 1.416000E-04 | global batch size:   288 | lm loss: 5.515063E+00 | loss scale: 1.0 | grad norm: 0.912 | params norm: 660.157 | number of skipped iterations:   0 | number of nan iterations:   0 |
31: INFO:megatron.core.timers:(min, max) time across ranks (ms):
31:     forward-backward ...............................: (1547.21, 1547.35)
31:     embedding-grads-all-reduce .....................: (0.02, 0.02)
31:     all-grads-sync .................................: (0.17, 0.24)
31:     optimizer-copy-to-main-grad ....................: (0.16, 0.40)
31:     optimizer-inner-step ...........................: (0.56, 0.68)
31:     optimizer-copy-main-to-model-params ............: (0.33, 0.96)
31:     optimizer ......................................: (2.75, 3.39)
31:     batch-generator ................................: (4.18, 5.98)
31:     forward-compute ................................: (493.70, 529.51)
31:     backward-compute ...............................: (1011.58, 1049.53)
31:  [2026-08-18 04:11:34.648670] iteration      178/   18141 | consumed samples:        51264 | elapsed time per iteration (ms): 1624.7 | throughput per GPU (TFLOP/s/GPU): 360.4 | learning rate: 1.424000E-04 | global batch size:   288 | lm loss: 5.532390E+00 | loss scale: 1.0 | grad norm: 1.364 | params norm: 660.199 | number of skipped iterations:   0 | number of nan iterations:   0 |
31: INFO:megatron.core.timers:(min, max) time across ranks (ms):
31:     forward-backward ...............................: (1605.31, 1605.48)
31:     embedding-grads-all-reduce .....................: (0.02, 0.05)
31:     all-grads-sync .................................: (0.16, 0.22)
31:     optimizer-copy-to-main-grad ....................: (0.16, 0.40)
31:     optimizer-inner-step ...........................: (0.57, 0.68)
31:     optimizer-copy-main-to-model-params ............: (0.35, 0.95)
31:     optimizer ......................................: (2.82, 3.41)
31:     batch-generator ................................: (4.20, 6.05)
31:     forward-compute ................................: (501.88, 544.80)
31:     backward-compute ...............................: (1056.51, 1099.75)
31:  [2026-08-18 04:11:36.246649] iteration      179/   18141 | consumed samples:        51552 | elapsed time per iteration (ms): 1597.6 | throughput per GPU (TFLOP/s/GPU): 364.9 | learning rate: 1.432000E-04 | global batch size:   288 | lm loss: 5.526179E+00 | loss scale: 1.0 | grad norm: 1.553 | params norm: 660.242 | number of skipped iterations:   0 | number of nan iterations:   0 |
31: INFO:megatron.core.timers:(min, max) time across ranks (ms):
31:     forward-backward ...............................: (1578.56, 1578.68)
31:     embedding-grads-all-reduce .....................: (0.02, 0.02)
31:     all-grads-sync .................................: (0.16, 0.22)
31:     optimizer-copy-to-main-grad ....................: (0.16, 0.39)
31:     optimizer-inner-step ...........................: (0.56, 0.70)
31:     optimizer-copy-main-to-model-params ............: (0.31, 1.01)
31:     optimizer ......................................: (2.79, 3.50)
31:     batch-generator ................................: (4.14, 5.64)
31:     forward-compute ................................: (482.89, 534.52)
31:     backward-compute ...............................: (1039.86, 1092.55)
31:  [2026-08-18 04:11:37.894115] iteration      180/   18141 | consumed samples:        51840 | elapsed time per iteration (ms): 1647.3 | throughput per GPU (TFLOP/s/GPU): 355.2 | learning rate: 1.440000E-04 | global batch size:   288 | lm loss: 5.472371E+00 | loss scale: 1.0 | grad norm: 1.235 | params norm: 660.286 | number of skipped iterations:   0 | number of nan iterations:   0 |
31: INFO:megatron.core.timers:(min, max) time across ranks (ms):
31:     forward-backward ...............................: (1628.56, 1628.68)
31:     embedding-grads-all-reduce .....................: (0.02, 0.02)
31:     all-grads-sync .................................: (0.16, 0.31)
31:     optimizer-copy-to-main-grad ....................: (0.16, 0.38)
31:     optimizer-inner-step ...........................: (0.56, 0.68)
31:     optimizer-copy-main-to-model-params ............: (0.32, 0.98)
31:     optimizer ......................................: (2.75, 3.41)
31:     batch-generator ................................: (4.21, 5.44)
31:     forward-compute ................................: (494.53, 533.97)
31:     backward-compute ...............................: (1090.48, 1128.68)
31:  [2026-08-18 04:11:39.475289] iteration      181/   18141 | consumed samples:        52128 | elapsed time per iteration (ms): 1581.0 | throughput per GPU (TFLOP/s/GPU): 371.8 | learning rate: 1.448000E-04 | global batch size:   288 | lm loss: 5.516067E+00 | loss scale: 1.0 | grad norm: 1.512 | params norm: 660.329 | number of skipped iterations:   0 | number of nan iterations:   0 |
31: INFO:megatron.core.timers:(min, max) time across ranks (ms):
31:     forward-backward ...............................: (1562.30, 1562.43)
31:     embedding-grads-all-reduce .....................: (0.01, 0.02)
31:     all-grads-sync .................................: (0.17, 0.23)
31:     optimizer-copy-to-main-grad ....................: (0.16, 0.38)
31:     optimizer-inner-step ...........................: (0.57, 0.70)
31:     optimizer-copy-main-to-model-params ............: (0.30, 1.00)
31:     optimizer ......................................: (2.78, 3.47)
31:     batch-generator ................................: (4.26, 6.83)
31:     forward-compute ................................: (496.55, 530.41)
31:     backward-compute ...............................: (1028.41, 1060.36)
31:  [2026-08-18 04:11:41.056162] iteration      182/   18141 | consumed samples:        52416 | elapsed time per iteration (ms): 1580.7 | throughput per GPU (TFLOP/s/GPU): 370.4 | learning rate: 1.456000E-04 | global batch size:   288 | lm loss: 5.486786E+00 | loss scale: 1.0 | grad norm: 1.071 | params norm: 660.374 | number of skipped iterations:   0 | number of nan iterations:   0 |
31: INFO:megatron.core.timers:(min, max) time across ranks (ms):
31:     forward-backward ...............................: (1561.39, 1561.50)
31:     embedding-grads-all-reduce .....................: (0.01, 0.02)
31:     all-grads-sync .................................: (0.16, 0.22)
31:     optimizer-copy-to-main-grad ....................: (0.15, 0.39)
31:     optimizer-inner-step ...........................: (0.56, 0.70)
31:     optimizer-copy-main-to-model-params ............: (0.29, 0.96)
31:     optimizer ......................................: (2.80, 3.47)
31:     batch-generator ................................: (4.21, 6.18)
31:     forward-compute ................................: (490.22, 528.05)
31:     backward-compute ...............................: (1029.56, 1067.88)
31:  [2026-08-18 04:11:42.669020] iteration      183/   18141 | consumed samples:        52704 | elapsed time per iteration (ms): 1612.7 | throughput per GPU (TFLOP/s/GPU): 363.5 | learning rate: 1.464000E-04 | global batch size:   288 | lm loss: 5.470898E+00 | loss scale: 1.0 | grad norm: 1.473 | params norm: 660.418 | number of skipped iterations:   0 | number of nan iterations:   0 |
31: INFO:megatron.core.timers:(min, max) time across ranks (ms):
31:     forward-backward ...............................: (1593.57, 1593.68)
31:     embedding-grads-all-reduce .....................: (0.01, 0.02)
31:     all-grads-sync .................................: (0.17, 0.23)
31:     optimizer-copy-to-main-grad ....................: (0.15, 0.41)
31:     optimizer-inner-step ...........................: (0.57, 0.69)
31:     optimizer-copy-main-to-model-params ............: (0.30, 0.96)
31:     optimizer ......................................: (2.77, 3.43)
31:     batch-generator ................................: (4.17, 5.50)
31:     forward-compute ................................: (489.63, 536.13)
31:     backward-compute ...............................: (1054.02, 1097.94)
31:  [2026-08-18 04:11:44.288567] iteration      184/   18141 | consumed samples:        52992 | elapsed time per iteration (ms): 1619.4 | throughput per GPU (TFLOP/s/GPU): 362.5 | learning rate: 1.472000E-04 | global batch size:   288 | lm loss: 5.475260E+00 | loss scale: 1.0 | grad norm: 1.196 | params norm: 660.463 | number of skipped iterations:   0 | number of nan iterations:   0 |
31: INFO:megatron.core.timers:(min, max) time across ranks (ms):
31:     forward-backward ...............................: (1600.23, 1600.44)
31:     embedding-grads-all-reduce .....................: (0.02, 0.02)
31:     all-grads-sync .................................: (0.15, 0.23)
31:     optimizer-copy-to-main-grad ....................: (0.16, 0.38)
31:     optimizer-inner-step ...........................: (0.56, 0.71)
31:     optimizer-copy-main-to-model-params ............: (0.32, 1.01)
31:     optimizer ......................................: (2.83, 3.53)
31:     batch-generator ................................: (4.17, 4.89)
31:     forward-compute ................................: (479.81, 530.15)
31:     backward-compute ...............................: (1066.79, 1114.58)
31:  [2026-08-18 04:11:45.899862] iteration      185/   18141 | consumed samples:        53280 | elapsed time per iteration (ms): 1611.1 | throughput per GPU (TFLOP/s/GPU): 363.6 | learning rate: 1.480000E-04 | global batch size:   288 | lm loss: 5.432079E+00 | loss scale: 1.0 | grad norm: 1.346 | params norm: 660.508 | number of skipped iterations:   0 | number of nan iterations:   0 |
31: INFO:megatron.core.timers:(min, max) time across ranks (ms):
31:     forward-backward ...............................: (1591.59, 1591.74)
31:     embedding-grads-all-reduce .....................: (0.01, 0.02)
31:     all-grads-sync .................................: (0.17, 0.25)
31:     optimizer-copy-to-main-grad ....................: (0.16, 0.42)
31:     optimizer-inner-step ...........................: (0.56, 0.69)
31:     optimizer-copy-main-to-model-params ............: (0.31, 1.00)
31:     optimizer ......................................: (2.77, 3.47)
31:     batch-generator ................................: (4.07, 5.33)
31:     forward-compute ................................: (487.03, 531.01)
31:     backward-compute ...............................: (1056.71, 1100.32)
31:  [2026-08-18 04:11:47.494438] iteration      186/   18141 | consumed samples:        53568 | elapsed time per iteration (ms): 1594.5 | throughput per GPU (TFLOP/s/GPU): 366.9 | learning rate: 1.488000E-04 | global batch size:   288 | lm loss: 5.460905E+00 | loss scale: 1.0 | grad norm: 1.283 | params norm: 660.553 | number of skipped iterations:   0 | number of nan iterations:   0 |
31: INFO:megatron.core.timers:(min, max) time across ranks (ms):
31:     forward-backward ...............................: (1575.38, 1575.52)
31:     embedding-grads-all-reduce .....................: (0.02, 0.02)
31:     all-grads-sync .................................: (0.16, 0.24)
31:     optimizer-copy-to-main-grad ....................: (0.15, 0.37)
31:     optimizer-inner-step ...........................: (0.56, 0.70)
31:     optimizer-copy-main-to-model-params ............: (0.30, 0.98)
31:     optimizer ......................................: (2.75, 3.43)
31:     batch-generator ................................: (4.18, 5.00)
31:     forward-compute ................................: (494.05, 527.21)
31:     backward-compute ...............................: (1041.81, 1073.69)
31:  [2026-08-18 04:11:49.075680] iteration      187/   18141 | consumed samples:        53856 | elapsed time per iteration (ms): 1580.9 | throughput per GPU (TFLOP/s/GPU): 368.5 | learning rate: 1.496000E-04 | global batch size:   288 | lm loss: 5.425639E+00 | loss scale: 1.0 | grad norm: 1.331 | params norm: 660.598 | number of skipped iterations:   0 | number of nan iterations:   0 |
31: INFO:megatron.core.timers:(min, max) time across ranks (ms):
31:     forward-backward ...............................: (1562.00, 1562.10)
31:     embedding-grads-all-reduce .....................: (0.02, 0.02)
31:     all-grads-sync .................................: (0.16, 0.23)
31:     optimizer-copy-to-main-grad ....................: (0.16, 0.37)
31:     optimizer-inner-step ...........................: (0.56, 0.68)
31:     optimizer-copy-main-to-model-params ............: (0.32, 0.93)
31:     optimizer ......................................: (2.76, 3.37)
31:     batch-generator ................................: (4.15, 6.71)
31:     forward-compute ................................: (488.22, 521.71)
31:     backward-compute ...............................: (1036.92, 1069.30)
31:  [2026-08-18 04:11:50.716502] iteration      188/   18141 | consumed samples:        54144 | elapsed time per iteration (ms): 1640.7 | throughput per GPU (TFLOP/s/GPU): 355.9 | learning rate: 1.504000E-04 | global batch size:   288 | lm loss: 5.423474E+00 | loss scale: 1.0 | grad norm: 1.227 | params norm: 660.644 | number of skipped iterations:   0 | number of nan iterations:   0 |
31: INFO:megatron.core.timers:(min, max) time across ranks (ms):
31:     forward-backward ...............................: (1621.47, 1621.59)
31:     embedding-grads-all-reduce .....................: (0.02, 0.02)
31:     all-grads-sync .................................: (0.16, 0.23)
31:     optimizer-copy-to-main-grad ....................: (0.16, 0.39)
31:     optimizer-inner-step ...........................: (0.57, 0.72)
31:     optimizer-copy-main-to-model-params ............: (0.31, 0.93)
31:     optimizer ......................................: (2.83, 3.47)
31:     batch-generator ................................: (4.18, 4.95)
31:     forward-compute ................................: (483.41, 531.73)
31:     backward-compute ...............................: (1086.54, 1134.89)
31:  [2026-08-18 04:11:52.325129] iteration      189/   18141 | consumed samples:        54432 | elapsed time per iteration (ms): 1608.2 | throughput per GPU (TFLOP/s/GPU): 362.3 | learning rate: 1.512000E-04 | global batch size:   288 | lm loss: 5.390799E+00 | loss scale: 1.0 | grad norm: 1.231 | params norm: 660.690 | number of skipped iterations:   0 | number of nan iterations:   0 |
31: INFO:megatron.core.timers:(min, max) time across ranks (ms):
31:     forward-backward ...............................: (1589.68, 1589.79)
31:     embedding-grads-all-reduce .....................: (0.02, 0.02)
31:     all-grads-sync .................................: (0.16, 0.22)
31:     optimizer-copy-to-main-grad ....................: (0.16, 0.37)
31:     optimizer-inner-step ...........................: (0.57, 0.69)
31:     optimizer-copy-main-to-model-params ............: (0.30, 0.88)
31:     optimizer ......................................: (2.72, 3.31)
31:     batch-generator ................................: (4.08, 5.09)
31:     forward-compute ................................: (485.25, 529.35)
31:     backward-compute ...............................: (1056.12, 1099.92)
31:  [2026-08-18 04:11:53.949004] iteration      190/   18141 | consumed samples:        54720 | elapsed time per iteration (ms): 1623.7 | throughput per GPU (TFLOP/s/GPU): 361.2 | learning rate: 1.520000E-04 | global batch size:   288 | lm loss: 5.410593E+00 | loss scale: 1.0 | grad norm: 1.150 | params norm: 660.737 | number of skipped iterations:   0 | number of nan iterations:   0 |
31: INFO:megatron.core.timers:(min, max) time across ranks (ms):
31:     forward-backward ...............................: (1605.06, 1605.19)
31:     embedding-grads-all-reduce .....................: (0.01, 0.04)
31:     all-grads-sync .................................: (0.16, 0.21)
31:     optimizer-copy-to-main-grad ....................: (0.16, 0.39)
31:     optimizer-inner-step ...........................: (0.56, 0.68)
31:     optimizer-copy-main-to-model-params ............: (0.33, 0.96)
31:     optimizer ......................................: (2.78, 3.41)
31:     batch-generator ................................: (4.14, 6.13)
31:     forward-compute ................................: (483.75, 536.06)
31:     backward-compute ...............................: (1062.39, 1117.37)
31:  [2026-08-18 04:11:55.528209] iteration      191/   18141 | consumed samples:        55008 | elapsed time per iteration (ms): 1579.0 | throughput per GPU (TFLOP/s/GPU): 369.7 | learning rate: 1.528000E-04 | global batch size:   288 | lm loss: 5.400520E+00 | loss scale: 1.0 | grad norm: 1.144 | params norm: 660.785 | number of skipped iterations:   0 | number of nan iterations:   0 |
31: INFO:megatron.core.timers:(min, max) time across ranks (ms):
31:     forward-backward ...............................: (1560.21, 1560.32)
31:     embedding-grads-all-reduce .....................: (0.02, 0.02)
31:     all-grads-sync .................................: (0.17, 0.23)
31:     optimizer-copy-to-main-grad ....................: (0.15, 0.36)
31:     optimizer-inner-step ...........................: (0.57, 0.70)
31:     optimizer-copy-main-to-model-params ............: (0.31, 0.89)
31:     optimizer ......................................: (2.77, 3.35)
31:     batch-generator ................................: (4.14, 6.80)
31:     forward-compute ................................: (498.60, 535.28)
31:     backward-compute ...............................: (1021.12, 1058.51)
31:  [2026-08-18 04:11:57.109302] iteration      192/   18141 | consumed samples:        55296 | elapsed time per iteration (ms): 1580.9 | throughput per GPU (TFLOP/s/GPU): 370.7 | learning rate: 1.536000E-04 | global batch size:   288 | lm loss: 5.381379E+00 | loss scale: 1.0 | grad norm: 1.240 | params norm: 660.832 | number of skipped iterations:   0 | number of nan iterations:   0 |
31: INFO:megatron.core.timers:(min, max) time across ranks (ms):
31:     forward-backward ...............................: (1562.05, 1562.19)
31:     embedding-grads-all-reduce .....................: (0.02, 0.02)
31:     all-grads-sync .................................: (0.17, 0.22)
31:     optimizer-copy-to-main-grad ....................: (0.16, 0.40)
31:     optimizer-inner-step ...........................: (0.57, 0.69)
31:     optimizer-copy-main-to-model-params ............: (0.34, 1.01)
31:     optimizer ......................................: (2.83, 3.51)
31:     batch-generator ................................: (4.13, 6.50)
31:     forward-compute ................................: (499.04, 530.05)
31:     backward-compute ...............................: (1027.24, 1059.80)
31:  [2026-08-18 04:11:58.681377] iteration      193/   18141 | consumed samples:        55584 | elapsed time per iteration (ms): 1571.8 | throughput per GPU (TFLOP/s/GPU): 370.9 | learning rate: 1.544000E-04 | global batch size:   288 | lm loss: 5.385144E+00 | loss scale: 1.0 | grad norm: 1.398 | params norm: 660.880 | number of skipped iterations:   0 | number of nan iterations:   0 |
31: INFO:megatron.core.timers:(min, max) time across ranks (ms):
31:     forward-backward ...............................: (1552.94, 1553.10)
31:     embedding-grads-all-reduce .....................: (0.02, 0.02)
31:     all-grads-sync .................................: (0.17, 0.23)
31:     optimizer-copy-to-main-grad ....................: (0.16, 0.39)
31:     optimizer-inner-step ...........................: (0.58, 0.68)
31:     optimizer-copy-main-to-model-params ............: (0.30, 1.00)
31:     optimizer ......................................: (2.78, 3.48)
31:     batch-generator ................................: (4.20, 6.53)
31:     forward-compute ................................: (488.36, 528.26)
31:     backward-compute ...............................: (1021.29, 1060.30)
31:  [2026-08-18 04:12:00.312804] iteration      194/   18141 | consumed samples:        55872 | elapsed time per iteration (ms): 1631.3 | throughput per GPU (TFLOP/s/GPU): 357.8 | learning rate: 1.552000E-04 | global batch size:   288 | lm loss: 5.386945E+00 | loss scale: 1.0 | grad norm: 1.142 | params norm: 660.928 | number of skipped iterations:   0 | number of nan iterations:   0 |
31: INFO:megatron.core.timers:(min, max) time across ranks (ms):
31:     forward-backward ...............................: (1612.31, 1612.42)
31:     embedding-grads-all-reduce .....................: (0.01, 0.02)
31:     all-grads-sync .................................: (0.17, 0.24)
31:     optimizer-copy-to-main-grad ....................: (0.16, 0.40)
31:     optimizer-inner-step ...........................: (0.55, 0.67)
31:     optimizer-copy-main-to-model-params ............: (0.33, 0.99)
31:     optimizer ......................................: (2.86, 3.53)
31:     batch-generator ................................: (4.11, 5.78)
31:     forward-compute ................................: (484.31, 529.19)
31:     backward-compute ...............................: (1079.88, 1123.80)
31:  [2026-08-18 04:12:01.899642] iteration      195/   18141 | consumed samples:        56160 | elapsed time per iteration (ms): 1586.7 | throughput per GPU (TFLOP/s/GPU): 367.9 | learning rate: 1.560000E-04 | global batch size:   288 | lm loss: 5.347245E+00 | loss scale: 1.0 | grad norm: 1.051 | params norm: 660.977 | number of skipped iterations:   0 | number of nan iterations:   0 |
31: INFO:megatron.core.timers:(min, max) time across ranks (ms):
31:     forward-backward ...............................: (1567.36, 1567.53)
31:     embedding-grads-all-reduce .....................: (0.02, 0.02)
31:     all-grads-sync .................................: (0.17, 0.22)
31:     optimizer-copy-to-main-grad ....................: (0.16, 0.38)
31:     optimizer-inner-step ...........................: (0.57, 0.69)
31:     optimizer-copy-main-to-model-params ............: (0.32, 0.96)
31:     optimizer ......................................: (2.75, 3.40)
31:     batch-generator ................................: (4.20, 6.46)
31:     forward-compute ................................: (492.01, 528.53)
31:     backward-compute ...............................: (1031.65, 1068.71)
31:  [2026-08-18 04:12:03.494021] iteration      196/   18141 | consumed samples:        56448 | elapsed time per iteration (ms): 1594.1 | throughput per GPU (TFLOP/s/GPU): 365.4 | learning rate: 1.568000E-04 | global batch size:   288 | lm loss: 5.352680E+00 | loss scale: 1.0 | grad norm: 1.265 | params norm: 661.026 | number of skipped iterations:   0 | number of nan iterations:   0 |
31: INFO:megatron.core.timers:(min, max) time across ranks (ms):
31:     forward-backward ...............................: (1575.22, 1575.35)
31:     embedding-grads-all-reduce .....................: (0.02, 0.02)
31:     all-grads-sync .................................: (0.17, 0.24)
31:     optimizer-copy-to-main-grad ....................: (0.16, 0.39)
31:     optimizer-inner-step ...........................: (0.57, 0.68)
31:     optimizer-copy-main-to-model-params ............: (0.30, 0.96)
31:     optimizer ......................................: (2.72, 3.38)
31:     batch-generator ................................: (4.14, 5.48)
31:     forward-compute ................................: (485.78, 530.45)
31:     backward-compute ...............................: (1040.73, 1084.60)
31:  [2026-08-18 04:12:05.072795] iteration      197/   18141 | consumed samples:        56736 | elapsed time per iteration (ms): 1578.6 | throughput per GPU (TFLOP/s/GPU): 371.8 | learning rate: 1.576000E-04 | global batch size:   288 | lm loss: 5.321147E+00 | loss scale: 1.0 | grad norm: 1.003 | params norm: 661.076 | number of skipped iterations:   0 | number of nan iterations:   0 |
31: INFO:megatron.core.timers:(min, max) time across ranks (ms):
31:     forward-backward ...............................: (1559.32, 1559.46)
31:     embedding-grads-all-reduce .....................: (0.02, 0.02)
31:     all-grads-sync .................................: (0.17, 0.23)
31:     optimizer-copy-to-main-grad ....................: (0.15, 0.39)
31:     optimizer-inner-step ...........................: (0.56, 0.69)
31:     optimizer-copy-main-to-model-params ............: (0.31, 0.94)
31:     optimizer ......................................: (2.81, 3.44)
31:     batch-generator ................................: (4.14, 6.14)
31:     forward-compute ................................: (489.88, 530.38)
31:     backward-compute ...............................: (1025.40, 1063.25)
31:  [2026-08-18 04:12:06.669862] iteration      198/   18141 | consumed samples:        57024 | elapsed time per iteration (ms): 1596.5 | throughput per GPU (TFLOP/s/GPU): 366.5 | learning rate: 1.584000E-04 | global batch size:   288 | lm loss: 5.323897E+00 | loss scale: 1.0 | grad norm: 1.280 | params norm: 661.126 | number of skipped iterations:   0 | number of nan iterations:   0 |
31: INFO:megatron.core.timers:(min, max) time across ranks (ms):
31:     forward-backward ...............................: (1577.43, 1577.55)
31:     embedding-grads-all-reduce .....................: (0.02, 0.02)
31:     all-grads-sync .................................: (0.17, 0.23)
31:     optimizer-copy-to-main-grad ....................: (0.16, 0.39)
31:     optimizer-inner-step ...........................: (0.56, 0.68)
31:     optimizer-copy-main-to-model-params ............: (0.32, 1.00)
31:     optimizer ......................................: (2.79, 3.46)
31:     batch-generator ................................: (4.18, 6.57)
31:     forward-compute ................................: (489.41, 535.34)
31:     backward-compute ...............................: (1038.17, 1080.52)
31:  [2026-08-18 04:12:08.263693] iteration      199/   18141 | consumed samples:        57312 | elapsed time per iteration (ms): 1593.7 | throughput per GPU (TFLOP/s/GPU): 366.1 | learning rate: 1.592000E-04 | global batch size:   288 | lm loss: 5.314281E+00 | loss scale: 1.0 | grad norm: 1.457 | params norm: 661.177 | number of skipped iterations:   0 | number of nan iterations:   0 |
31: INFO:megatron.core.timers:(min, max) time across ranks (ms):
31:     forward-backward ...............................: (1574.51, 1574.77)
31:     embedding-grads-all-reduce .....................: (0.02, 0.02)
31:     all-grads-sync .................................: (0.17, 0.27)
31:     optimizer-copy-to-main-grad ....................: (0.16, 0.37)
31:     optimizer-inner-step ...........................: (0.56, 0.68)
31:     optimizer-copy-main-to-model-params ............: (0.33, 0.95)
31:     optimizer ......................................: (2.75, 3.37)
31:     batch-generator ................................: (4.24, 5.64)
31:     forward-compute ................................: (486.78, 533.47)
31:     backward-compute ...............................: (1037.56, 1083.17)
31:  [2026-08-18 04:12:09.873587] iteration      200/   18141 | consumed samples:        57600 | elapsed time per iteration (ms): 1609.7 | throughput per GPU (TFLOP/s/GPU): 363.4 | learning rate: 1.600000E-04 | global batch size:   288 | lm loss: 5.299895E+00 | loss scale: 1.0 | grad norm: 0.995 | params norm: 661.228 | number of skipped iterations:   0 | number of nan iterations:   0 |
31: INFO:megatron.core.timers:(min, max) time across ranks (ms):
31:     forward-backward ...............................: (1590.85, 1590.95)
31:     embedding-grads-all-reduce .....................: (0.01, 0.02)
31:     all-grads-sync .................................: (0.17, 0.22)
31:     optimizer-copy-to-main-grad ....................: (0.16, 0.41)
31:     optimizer-inner-step ...........................: (0.56, 0.69)
31:     optimizer-copy-main-to-model-params ............: (0.32, 0.99)
31:     optimizer ......................................: (2.81, 3.49)
31:     batch-generator ................................: (4.12, 5.54)
31:     forward-compute ................................: (487.36, 530.50)
31:     backward-compute ...............................: (1054.21, 1097.47)
31:  [2026-08-18 04:12:11.514558] iteration      201/   18141 | consumed samples:        57888 | elapsed time per iteration (ms): 1640.7 | throughput per GPU (TFLOP/s/GPU): 355.3 | learning rate: 1.608000E-04 | global batch size:   288 | lm loss: 5.319456E+00 | loss scale: 1.0 | grad norm: 1.361 | params norm: 661.278 | number of skipped iterations:   0 | number of nan iterations:   0 |
31: INFO:megatron.core.timers:(min, max) time across ranks (ms):
31:     forward-backward ...............................: (1621.75, 1621.89)
31:     embedding-grads-all-reduce .....................: (0.02, 0.02)
31:     all-grads-sync .................................: (0.18, 0.26)
31:     optimizer-copy-to-main-grad ....................: (0.17, 0.42)
31:     optimizer-inner-step ...........................: (0.57, 0.68)
31:     optimizer-copy-main-to-model-params ............: (0.33, 1.10)
31:     optimizer ......................................: (2.84, 3.62)
31:     batch-generator ................................: (4.16, 6.89)
31:     forward-compute ................................: (491.85, 538.96)
31:     backward-compute ...............................: (1079.56, 1125.63)
31:  [2026-08-18 04:12:13.121837] iteration      202/   18141 | consumed samples:        58176 | elapsed time per iteration (ms): 1607.0 | throughput per GPU (TFLOP/s/GPU): 363.7 | learning rate: 1.616000E-04 | global batch size:   288 | lm loss: 5.337963E+00 | loss scale: 1.0 | grad norm: 1.296 | params norm: 661.329 | number of skipped iterations:   0 | number of nan iterations:   0 |
31: INFO:megatron.core.timers:(min, max) time across ranks (ms):
31:     forward-backward ...............................: (1588.13, 1588.26)
31:     embedding-grads-all-reduce .....................: (0.02, 0.02)
31:     all-grads-sync .................................: (0.17, 0.23)
31:     optimizer-copy-to-main-grad ....................: (0.15, 0.38)
31:     optimizer-inner-step ...........................: (0.57, 0.68)
31:     optimizer-copy-main-to-model-params ............: (0.31, 0.94)
31:     optimizer ......................................: (2.79, 3.42)
31:     batch-generator ................................: (4.14, 5.64)
31:     forward-compute ................................: (499.61, 532.37)
31:     backward-compute ...............................: (1051.77, 1083.87)
31:  [2026-08-18 04:12:14.716948] iteration      203/   18141 | consumed samples:        58464 | elapsed time per iteration (ms): 1595.0 | throughput per GPU (TFLOP/s/GPU): 365.8 | learning rate: 1.624000E-04 | global batch size:   288 | lm loss: 5.304676E+00 | loss scale: 1.0 | grad norm: 1.152 | params norm: 661.381 | number of skipped iterations:   0 | number of nan iterations:   0 |
31: INFO:megatron.core.timers:(min, max) time across ranks (ms):
31:     forward-backward ...............................: (1575.68, 1575.81)
31:     embedding-grads-all-reduce .....................: (0.02, 0.02)
31:     all-grads-sync .................................: (0.17, 0.22)
31:     optimizer-copy-to-main-grad ....................: (0.16, 0.42)
31:     optimizer-inner-step ...........................: (0.57, 0.69)
31:     optimizer-copy-main-to-model-params ............: (0.31, 0.97)
31:     optimizer ......................................: (2.81, 3.47)
31:     batch-generator ................................: (4.05, 6.35)
31:     forward-compute ................................: (492.42, 530.44)
31:     backward-compute ...............................: (1041.74, 1078.76)
31:  [2026-08-18 04:12:16.319918] iteration      204/   18141 | consumed samples:        58752 | elapsed time per iteration (ms): 1602.8 | throughput per GPU (TFLOP/s/GPU): 364.6 | learning rate: 1.632000E-04 | global batch size:   288 | lm loss: 5.267913E+00 | loss scale: 1.0 | grad norm: 1.260 | params norm: 661.432 | number of skipped iterations:   0 | number of nan iterations:   0 |
31: INFO:megatron.core.timers:(min, max) time across ranks (ms):
31:     forward-backward ...............................: (1583.67, 1583.82)
31:     embedding-grads-all-reduce .....................: (0.01, 0.02)
31:     all-grads-sync .................................: (0.15, 0.22)
31:     optimizer-copy-to-main-grad ....................: (0.16, 0.36)
31:     optimizer-inner-step ...........................: (0.56, 0.67)
31:     optimizer-copy-main-to-model-params ............: (0.33, 0.99)
31:     optimizer ......................................: (2.75, 3.42)
31:     batch-generator ................................: (4.23, 5.29)
31:     forward-compute ................................: (493.56, 534.07)
31:     backward-compute ...............................: (1046.17, 1085.72)
31:  [2026-08-18 04:12:17.936139] iteration      205/   18141 | consumed samples:        59040 | elapsed time per iteration (ms): 1616.1 | throughput per GPU (TFLOP/s/GPU): 361.9 | learning rate: 1.640000E-04 | global batch size:   288 | lm loss: 5.312187E+00 | loss scale: 1.0 | grad norm: 1.317 | params norm: 661.484 | number of skipped iterations:   0 | number of nan iterations:   0 |
31: INFO:megatron.core.timers:(min, max) time across ranks (ms):
31:     forward-backward ...............................: (1597.02, 1597.15)
31:     embedding-grads-all-reduce .....................: (0.01, 0.04)
31:     all-grads-sync .................................: (0.16, 0.23)
31:     optimizer-copy-to-main-grad ....................: (0.16, 0.40)
31:     optimizer-inner-step ...........................: (0.56, 0.69)
31:     optimizer-copy-main-to-model-params ............: (0.31, 0.93)
31:     optimizer ......................................: (2.75, 3.38)
31:     batch-generator ................................: (4.13, 5.70)
31:     forward-compute ................................: (494.95, 531.50)
31:     backward-compute ...............................: (1060.49, 1096.80)
31:  [2026-08-18 04:12:19.527374] iteration      206/   18141 | consumed samples:        59328 | elapsed time per iteration (ms): 1591.1 | throughput per GPU (TFLOP/s/GPU): 365.9 | learning rate: 1.648000E-04 | global batch size:   288 | lm loss: 5.243523E+00 | loss scale: 1.0 | grad norm: 1.355 | params norm: 661.535 | number of skipped iterations:   0 | number of nan iterations:   0 |
31: INFO:megatron.core.timers:(min, max) time across ranks (ms):
31:     forward-backward ...............................: (1572.09, 1572.18)
31:     embedding-grads-all-reduce .....................: (0.02, 0.02)
31:     all-grads-sync .................................: (0.16, 0.22)
31:     optimizer-copy-to-main-grad ....................: (0.15, 0.39)
31:     optimizer-inner-step ...........................: (0.56, 0.68)
31:     optimizer-copy-main-to-model-params ............: (0.31, 1.01)
31:     optimizer ......................................: (2.75, 3.45)
31:     batch-generator ................................: (4.14, 6.45)
31:     forward-compute ................................: (491.78, 525.39)
31:     backward-compute ...............................: (1042.79, 1074.24)
31:  [2026-08-18 04:12:21.124508] iteration      207/   18141 | consumed samples:        59616 | elapsed time per iteration (ms): 1596.9 | throughput per GPU (TFLOP/s/GPU): 366.9 | learning rate: 1.656000E-04 | global batch size:   288 | lm loss: 5.281581E+00 | loss scale: 1.0 | grad norm: 1.403 | params norm: 661.585 | number of skipped iterations:   0 | number of nan iterations:   0 |
31: INFO:megatron.core.timers:(min, max) time across ranks (ms):
31:     forward-backward ...............................: (1578.14, 1578.28)
31:     embedding-grads-all-reduce .....................: (0.01, 0.02)
31:     all-grads-sync .................................: (0.17, 0.23)
31:     optimizer-copy-to-main-grad ....................: (0.16, 0.39)
31:     optimizer-inner-step ...........................: (0.57, 0.68)
31:     optimizer-copy-main-to-model-params ............: (0.32, 0.94)
31:     optimizer ......................................: (2.75, 3.40)
31:     batch-generator ................................: (4.18, 6.27)
31:     forward-compute ................................: (496.59, 534.12)
31:     backward-compute ...............................: (1040.90, 1075.93)
31:  [2026-08-18 04:12:22.738260] iteration      208/   18141 | consumed samples:        59904 | elapsed time per iteration (ms): 1613.6 | throughput per GPU (TFLOP/s/GPU): 363.0 | learning rate: 1.664000E-04 | global batch size:   288 | lm loss: 5.260624E+00 | loss scale: 1.0 | grad norm: 1.198 | params norm: 661.637 | number of skipped iterations:   0 | number of nan iterations:   0 |
31: INFO:megatron.core.timers:(min, max) time across ranks (ms):
31:     forward-backward ...............................: (1594.90, 1595.02)
31:     embedding-grads-all-reduce .....................: (0.02, 0.02)
31:     all-grads-sync .................................: (0.16, 0.22)
31:     optimizer-copy-to-main-grad ....................: (0.16, 0.38)
31:     optimizer-inner-step ...........................: (0.57, 0.68)
31:     optimizer-copy-main-to-model-params ............: (0.31, 0.90)
31:     optimizer ......................................: (2.72, 3.32)
31:     batch-generator ................................: (4.16, 6.12)
31:     forward-compute ................................: (495.34, 532.88)
31:     backward-compute ...............................: (1057.67, 1095.21)
31:  [2026-08-18 04:12:24.329110] iteration      209/   18141 | consumed samples:        60192 | elapsed time per iteration (ms): 1590.5 | throughput per GPU (TFLOP/s/GPU): 367.9 | learning rate: 1.672000E-04 | global batch size:   288 | lm loss: 5.235596E+00 | loss scale: 1.0 | grad norm: 1.509 | params norm: 661.688 | number of skipped iterations:   0 | number of nan iterations:   0 |
31: INFO:megatron.core.timers:(min, max) time across ranks (ms):
31:     forward-backward ...............................: (1571.44, 1571.56)
31:     embedding-grads-all-reduce .....................: (0.02, 0.02)
31:     all-grads-sync .................................: (0.16, 0.24)
31:     optimizer-copy-to-main-grad ....................: (0.16, 0.39)
31:     optimizer-inner-step ...........................: (0.57, 0.68)
31:     optimizer-copy-main-to-model-params ............: (0.31, 0.95)
31:     optimizer ......................................: (2.77, 3.40)
31:     batch-generator ................................: (4.18, 5.46)
31:     forward-compute ................................: (492.64, 523.36)
31:     backward-compute ...............................: (1042.83, 1074.64)
31:  [2026-08-18 04:12:25.957870] iteration      210/   18141 | consumed samples:        60480 | elapsed time per iteration (ms): 1628.7 | throughput per GPU (TFLOP/s/GPU): 357.6 | learning rate: 1.680000E-04 | global batch size:   288 | lm loss: 5.219185E+00 | loss scale: 1.0 | grad norm: 1.418 | params norm: 661.738 | number of skipped iterations:   0 | number of nan iterations:   0 |
31: INFO:megatron.core.timers:(min, max) time across ranks (ms):
31:     forward-backward ...............................: (1610.11, 1610.23)
31:     embedding-grads-all-reduce .....................: (0.01, 0.02)
31:     all-grads-sync .................................: (0.16, 0.23)
31:     optimizer-copy-to-main-grad ....................: (0.16, 0.37)
31:     optimizer-inner-step ...........................: (0.56, 0.69)
31:     optimizer-copy-main-to-model-params ............: (0.33, 0.94)
31:     optimizer ......................................: (2.75, 3.37)
31:     batch-generator ................................: (4.24, 7.44)
31:     forward-compute ................................: (495.89, 541.34)
31:     backward-compute ...............................: (1065.05, 1109.27)
31:  [2026-08-18 04:12:27.580597] iteration      211/   18141 | consumed samples:        60768 | elapsed time per iteration (ms): 1622.5 | throughput per GPU (TFLOP/s/GPU): 360.5 | learning rate: 1.688000E-04 | global batch size:   288 | lm loss: 5.249207E+00 | loss scale: 1.0 | grad norm: 1.217 | params norm: 661.789 | number of skipped iterations:   0 | number of nan iterations:   0 |
31: INFO:megatron.core.timers:(min, max) time across ranks (ms):
31:     forward-backward ...............................: (1603.50, 1603.64)
31:     embedding-grads-all-reduce .....................: (0.01, 0.02)
31:     all-grads-sync .................................: (0.15, 0.23)
31:     optimizer-copy-to-main-grad ....................: (0.15, 0.35)
31:     optimizer-inner-step ...........................: (0.56, 0.68)
31:     optimizer-copy-main-to-model-params ............: (0.30, 0.91)
31:     optimizer ......................................: (2.74, 3.35)
31:     batch-generator ................................: (4.21, 5.96)
31:     forward-compute ................................: (493.50, 533.30)
31:     backward-compute ...............................: (1063.48, 1104.49)
31:  [2026-08-18 04:12:29.198724] iteration      212/   18141 | consumed samples:        61056 | elapsed time per iteration (ms): 1617.9 | throughput per GPU (TFLOP/s/GPU): 362.1 | learning rate: 1.696000E-04 | global batch size:   288 | lm loss: 5.211122E+00 | loss scale: 1.0 | grad norm: 1.123 | params norm: 661.840 | number of skipped iterations:   0 | number of nan iterations:   0 |
31: INFO:megatron.core.timers:(min, max) time across ranks (ms):
31:     forward-backward ...............................: (1599.10, 1599.27)
31:     embedding-grads-all-reduce .....................: (0.01, 0.02)
31:     all-grads-sync .................................: (0.17, 0.22)
31:     optimizer-copy-to-main-grad ....................: (0.16, 0.37)
31:     optimizer-inner-step ...........................: (0.56, 0.68)
31:     optimizer-copy-main-to-model-params ............: (0.31, 0.93)
31:     optimizer ......................................: (2.77, 3.40)
31:     batch-generator ................................: (4.22, 6.17)
31:     forward-compute ................................: (492.62, 538.94)
31:     backward-compute ...............................: (1056.74, 1099.86)
31:  [2026-08-18 04:12:30.769404] iteration      213/   18141 | consumed samples:        61344 | elapsed time per iteration (ms): 1570.5 | throughput per GPU (TFLOP/s/GPU): 371.4 | learning rate: 1.704000E-04 | global batch size:   288 | lm loss: 5.228797E+00 | loss scale: 1.0 | grad norm: 1.152 | params norm: 661.891 | number of skipped iterations:   0 | number of nan iterations:   0 |
31: INFO:megatron.core.timers:(min, max) time across ranks (ms):
31:     forward-backward ...............................: (1551.81, 1551.98)
31:     embedding-grads-all-reduce .....................: (0.01, 0.02)
31:     all-grads-sync .................................: (0.17, 0.23)
31:     optimizer-copy-to-main-grad ....................: (0.16, 0.38)
31:     optimizer-inner-step ...........................: (0.57, 0.67)
31:     optimizer-copy-main-to-model-params ............: (0.31, 0.94)
31:     optimizer ......................................: (2.77, 3.37)
31:     batch-generator ................................: (4.17, 6.61)
31:     forward-compute ................................: (487.89, 525.16)
31:     backward-compute ...............................: (1022.23, 1058.97)
31:  [2026-08-18 04:12:32.418777] iteration      214/   18141 | consumed samples:        61632 | elapsed time per iteration (ms): 1649.2 | throughput per GPU (TFLOP/s/GPU): 353.9 | learning rate: 1.712000E-04 | global batch size:   288 | lm loss: 5.204806E+00 | loss scale: 1.0 | grad norm: 1.654 | params norm: 661.942 | number of skipped iterations:   0 | number of nan iterations:   0 |
31: INFO:megatron.core.timers:(min, max) time across ranks (ms):
31:     forward-backward ...............................: (1630.53, 1630.70)
31:     embedding-grads-all-reduce .....................: (0.02, 0.02)
31:     all-grads-sync .................................: (0.17, 0.25)
31:     optimizer-copy-to-main-grad ....................: (0.16, 0.38)
31:     optimizer-inner-step ...........................: (0.57, 0.68)
31:     optimizer-copy-main-to-model-params ............: (0.31, 0.96)
31:     optimizer ......................................: (2.72, 3.39)
31:     batch-generator ................................: (4.21, 5.29)
31:     forward-compute ................................: (490.70, 543.73)
31:     backward-compute ...............................: (1083.37, 1132.79)
31:  [2026-08-18 04:12:34.014001] iteration      215/   18141 | consumed samples:        61920 | elapsed time per iteration (ms): 1595.0 | throughput per GPU (TFLOP/s/GPU): 366.0 | learning rate: 1.720000E-04 | global batch size:   288 | lm loss: 5.209416E+00 | loss scale: 1.0 | grad norm: 1.171 | params norm: 661.993 | number of skipped iterations:   0 | number of nan iterations:   0 |
31: INFO:megatron.core.timers:(min, max) time across ranks (ms):
31:     forward-backward ...............................: (1576.43, 1576.54)
31:     embedding-grads-all-reduce .....................: (0.01, 0.02)
31:     all-grads-sync .................................: (0.18, 0.23)
31:     optimizer-copy-to-main-grad ....................: (0.16, 0.40)
31:     optimizer-inner-step ...........................: (0.57, 0.68)
31:     optimizer-copy-main-to-model-params ............: (0.30, 1.06)
31:     optimizer ......................................: (2.78, 3.54)
31:     batch-generator ................................: (4.20, 5.76)
31:     forward-compute ................................: (493.96, 527.39)
31:     backward-compute ...............................: (1041.12, 1078.69)
31:  [2026-08-18 04:12:35.595183] iteration      216/   18141 | consumed samples:        62208 | elapsed time per iteration (ms): 1581.1 | throughput per GPU (TFLOP/s/GPU): 368.9 | learning rate: 1.728000E-04 | global batch size:   288 | lm loss: 5.204226E+00 | loss scale: 1.0 | grad norm: 1.345 | params norm: 662.044 | number of skipped iterations:   0 | number of nan iterations:   0 |
31: INFO:megatron.core.timers:(min, max) time across ranks (ms):
31:     forward-backward ...............................: (1562.51, 1562.62)
31:     embedding-grads-all-reduce .....................: (0.01, 0.02)
31:     all-grads-sync .................................: (0.17, 0.26)
31:     optimizer-copy-to-main-grad ....................: (0.16, 0.40)
31:     optimizer-inner-step ...........................: (0.57, 0.68)
31:     optimizer-copy-main-to-model-params ............: (0.32, 0.96)
31:     optimizer ......................................: (2.78, 3.42)
31:     batch-generator ................................: (4.15, 5.63)
31:     forward-compute ................................: (485.88, 529.73)
31:     backward-compute ...............................: (1029.36, 1071.12)
31:  [2026-08-18 04:12:37.198110] iteration      217/   18141 | consumed samples:        62496 | elapsed time per iteration (ms): 1602.8 | throughput per GPU (TFLOP/s/GPU): 363.5 | learning rate: 1.736000E-04 | global batch size:   288 | lm loss: 5.175510E+00 | loss scale: 1.0 | grad norm: 1.321 | params norm: 662.094 | number of skipped iterations:   0 | number of nan iterations:   0 |
31: INFO:megatron.core.timers:(min, max) time across ranks (ms):
31:     forward-backward ...............................: (1583.86, 1583.94)
31:     embedding-grads-all-reduce .....................: (0.01, 0.02)
31:     all-grads-sync .................................: (0.16, 0.23)
31:     optimizer-copy-to-main-grad ....................: (0.16, 0.40)
31:     optimizer-inner-step ...........................: (0.57, 0.67)
31:     optimizer-copy-main-to-model-params ............: (0.30, 0.97)
31:     optimizer ......................................: (2.79, 3.46)
31:     batch-generator ................................: (4.09, 6.77)
31:     forward-compute ................................: (488.70, 530.75)
31:     backward-compute ...............................: (1049.63, 1088.50)
31:  [2026-08-18 04:12:38.773617] iteration      218/   18141 | consumed samples:        62784 | elapsed time per iteration (ms): 1575.3 | throughput per GPU (TFLOP/s/GPU): 371.2 | learning rate: 1.744000E-04 | global batch size:   288 | lm loss: 5.183444E+00 | loss scale: 1.0 | grad norm: 1.162 | params norm: 662.145 | number of skipped iterations:   0 | number of nan iterations:   0 |
31: INFO:megatron.core.timers:(min, max) time across ranks (ms):
31:     forward-backward ...............................: (1556.30, 1556.45)
31:     embedding-grads-all-reduce .....................: (0.01, 0.02)
31:     all-grads-sync .................................: (0.17, 0.23)
31:     optimizer-copy-to-main-grad ....................: (0.16, 0.40)
31:     optimizer-inner-step ...........................: (0.57, 0.67)
31:     optimizer-copy-main-to-model-params ............: (0.30, 0.96)
31:     optimizer ......................................: (2.76, 3.41)
31:     batch-generator ................................: (4.21, 6.86)
31:     forward-compute ................................: (496.40, 527.71)
31:     backward-compute ...............................: (1023.40, 1054.04)
31:  [2026-08-18 04:12:40.396535] iteration      219/   18141 | consumed samples:        63072 | elapsed time per iteration (ms): 1622.7 | throughput per GPU (TFLOP/s/GPU): 359.9 | learning rate: 1.752000E-04 | global batch size:   288 | lm loss: 5.156804E+00 | loss scale: 1.0 | grad norm: 1.286 | params norm: 662.197 | number of skipped iterations:   0 | number of nan iterations:   0 |
31: INFO:megatron.core.timers:(min, max) time across ranks (ms):
31:     forward-backward ...............................: (1603.70, 1603.84)
31:     embedding-grads-all-reduce .....................: (0.02, 0.02)
31:     all-grads-sync .................................: (0.16, 0.22)
31:     optimizer-copy-to-main-grad ....................: (0.16, 0.39)
31:     optimizer-inner-step ...........................: (0.56, 0.69)
31:     optimizer-copy-main-to-model-params ............: (0.30, 1.01)
31:     optimizer ......................................: (2.78, 3.50)
31:     batch-generator ................................: (4.23, 6.64)
31:     forward-compute ................................: (497.92, 535.05)
31:     backward-compute ...............................: (1063.62, 1100.67)
31:  [2026-08-18 04:12:42.009371] iteration      220/   18141 | consumed samples:        63360 | elapsed time per iteration (ms): 1612.7 | throughput per GPU (TFLOP/s/GPU): 364.4 | learning rate: 1.760000E-04 | global batch size:   288 | lm loss: 5.166289E+00 | loss scale: 1.0 | grad norm: 0.922 | params norm: 662.250 | number of skipped iterations:   0 | number of nan iterations:   0 |
31: INFO:megatron.core.timers:(min, max) time across ranks (ms):
31:     forward-backward ...............................: (1594.30, 1594.42)
31:     embedding-grads-all-reduce .....................: (0.01, 0.02)
31:     all-grads-sync .................................: (0.17, 0.24)
31:     optimizer-copy-to-main-grad ....................: (0.15, 0.38)
31:     optimizer-inner-step ...........................: (0.56, 0.67)
31:     optimizer-copy-main-to-model-params ............: (0.31, 0.85)
31:     optimizer ......................................: (2.68, 3.22)
31:     batch-generator ................................: (4.25, 5.76)
31:     forward-compute ................................: (485.92, 531.75)
31:     backward-compute ...............................: (1057.47, 1104.92)
31:  [2026-08-18 04:12:43.586121] iteration      221/   18141 | consumed samples:        63648 | elapsed time per iteration (ms): 1576.4 | throughput per GPU (TFLOP/s/GPU): 370.0 | learning rate: 1.768000E-04 | global batch size:   288 | lm loss: 5.131406E+00 | loss scale: 1.0 | grad norm: 1.159 | params norm: 662.303 | number of skipped iterations:   0 | number of nan iterations:   0 |
31: INFO:megatron.core.timers:(min, max) time across ranks (ms):
31:     forward-backward ...............................: (1557.65, 1557.82)
31:     embedding-grads-all-reduce .....................: (0.01, 0.02)
31:     all-grads-sync .................................: (0.17, 0.24)
31:     optimizer-copy-to-main-grad ....................: (0.15, 0.39)
31:     optimizer-inner-step ...........................: (0.57, 0.68)
31:     optimizer-copy-main-to-model-params ............: (0.30, 0.90)
31:     optimizer ......................................: (2.70, 3.30)
31:     batch-generator ................................: (4.16, 7.22)
31:     forward-compute ................................: (491.06, 529.24)
31:     backward-compute ...............................: (1024.71, 1061.73)
31:  [2026-08-18 04:12:45.193799] iteration      222/   18141 | consumed samples:        63936 | elapsed time per iteration (ms): 1607.5 | throughput per GPU (TFLOP/s/GPU): 364.0 | learning rate: 1.776000E-04 | global batch size:   288 | lm loss: 5.130527E+00 | loss scale: 1.0 | grad norm: 1.039 | params norm: 662.356 | number of skipped iterations:   0 | number of nan iterations:   0 |
31: INFO:megatron.core.timers:(min, max) time across ranks (ms):
31:     forward-backward ...............................: (1588.51, 1588.61)
31:     embedding-grads-all-reduce .....................: (0.02, 0.02)
31:     all-grads-sync .................................: (0.17, 0.23)
31:     optimizer-copy-to-main-grad ....................: (0.15, 0.38)
31:     optimizer-inner-step ...........................: (0.56, 0.67)
31:     optimizer-copy-main-to-model-params ............: (0.30, 0.86)
31:     optimizer ......................................: (2.73, 3.30)
31:     batch-generator ................................: (4.32, 5.86)
31:     forward-compute ................................: (487.20, 530.80)
31:     backward-compute ...............................: (1054.36, 1097.86)
31:  [2026-08-18 04:12:46.810644] iteration      223/   18141 | consumed samples:        64224 | elapsed time per iteration (ms): 1616.7 | throughput per GPU (TFLOP/s/GPU): 360.0 | learning rate: 1.784000E-04 | global batch size:   288 | lm loss: 5.162640E+00 | loss scale: 1.0 | grad norm: 1.397 | params norm: 662.409 | number of skipped iterations:   0 | number of nan iterations:   0 |
31: INFO:megatron.core.timers:(min, max) time across ranks (ms):
31:     forward-backward ...............................: (1598.00, 1598.10)
31:     embedding-grads-all-reduce .....................: (0.01, 0.02)
31:     all-grads-sync .................................: (0.16, 0.21)
31:     optimizer-copy-to-main-grad ....................: (0.16, 0.40)
31:     optimizer-inner-step ...........................: (0.57, 0.68)
31:     optimizer-copy-main-to-model-params ............: (0.30, 0.94)
31:     optimizer ......................................: (2.74, 3.39)
31:     batch-generator ................................: (4.15, 6.04)
31:     forward-compute ................................: (496.22, 529.17)
31:     backward-compute ...............................: (1060.95, 1098.15)
31:  [2026-08-18 04:12:48.396373] iteration      224/   18141 | consumed samples:        64512 | elapsed time per iteration (ms): 1585.5 | throughput per GPU (TFLOP/s/GPU): 368.6 | learning rate: 1.792000E-04 | global batch size:   288 | lm loss: 5.101425E+00 | loss scale: 1.0 | grad norm: 0.941 | params norm: 662.464 | number of skipped iterations:   0 | number of nan iterations:   0 |
31: INFO:megatron.core.timers:(min, max) time across ranks (ms):
31:     forward-backward ...............................: (1567.02, 1567.14)
31:     embedding-grads-all-reduce .....................: (0.02, 0.02)
31:     all-grads-sync .................................: (0.16, 0.23)
31:     optimizer-copy-to-main-grad ....................: (0.16, 0.38)
31:     optimizer-inner-step ...........................: (0.56, 0.69)
31:     optimizer-copy-main-to-model-params ............: (0.31, 0.93)
31:     optimizer ......................................: (2.76, 3.39)
31:     batch-generator ................................: (4.15, 6.33)
31:     forward-compute ................................: (493.51, 519.55)
31:     backward-compute ...............................: (1041.54, 1066.01)
31:  [2026-08-18 04:12:50.026241] iteration      225/   18141 | consumed samples:        64800 | elapsed time per iteration (ms): 1629.6 | throughput per GPU (TFLOP/s/GPU): 358.6 | learning rate: 1.800000E-04 | global batch size:   288 | lm loss: 5.150721E+00 | loss scale: 1.0 | grad norm: 1.318 | params norm: 662.519 | number of skipped iterations:   0 | number of nan iterations:   0 |
31: INFO:megatron.core.timers:(min, max) time across ranks (ms):
31:     forward-backward ...............................: (1611.03, 1611.16)
31:     embedding-grads-all-reduce .....................: (0.01, 0.02)
31:     all-grads-sync .................................: (0.16, 0.22)
31:     optimizer-copy-to-main-grad ....................: (0.15, 0.36)
31:     optimizer-inner-step ...........................: (0.56, 0.68)
31:     optimizer-copy-main-to-model-params ............: (0.30, 0.96)
31:     optimizer ......................................: (2.70, 3.36)
31:     batch-generator ................................: (4.23, 5.63)
31:     forward-compute ................................: (491.46, 539.76)
31:     backward-compute ...............................: (1067.81, 1115.43)
31:  [2026-08-18 04:12:51.613315] iteration      226/   18141 | consumed samples:        65088 | elapsed time per iteration (ms): 1587.0 | throughput per GPU (TFLOP/s/GPU): 366.8 | learning rate: 1.808000E-04 | global batch size:   288 | lm loss: 5.124846E+00 | loss scale: 1.0 | grad norm: 1.014 | params norm: 662.574 | number of skipped iterations:   0 | number of nan iterations:   0 |
31: INFO:megatron.core.timers:(min, max) time across ranks (ms):
31:     forward-backward ...............................: (1568.30, 1568.43)
31:     embedding-grads-all-reduce .....................: (0.01, 0.02)
31:     all-grads-sync .................................: (0.17, 0.22)
31:     optimizer-copy-to-main-grad ....................: (0.16, 0.38)
31:     optimizer-inner-step ...........................: (0.56, 0.68)
31:     optimizer-copy-main-to-model-params ............: (0.30, 0.90)
31:     optimizer ......................................: (2.74, 3.34)
31:     batch-generator ................................: (4.16, 6.68)
31:     forward-compute ................................: (485.96, 522.20)
31:     backward-compute ...............................: (1037.37, 1079.12)
31:  [2026-08-18 04:12:53.216751] iteration      227/   18141 | consumed samples:        65376 | elapsed time per iteration (ms): 1603.2 | throughput per GPU (TFLOP/s/GPU): 364.5 | learning rate: 1.816000E-04 | global batch size:   288 | lm loss: 5.103552E+00 | loss scale: 1.0 | grad norm: 1.170 | params norm: 662.629 | number of skipped iterations:   0 | number of nan iterations:   0 |
31: INFO:megatron.core.timers:(min, max) time across ranks (ms):
31:     forward-backward ...............................: (1584.20, 1584.36)
31:     embedding-grads-all-reduce .....................: (0.01, 0.02)
31:     all-grads-sync .................................: (0.17, 0.25)
31:     optimizer-copy-to-main-grad ....................: (0.16, 0.36)
31:     optimizer-inner-step ...........................: (0.56, 0.68)
31:     optimizer-copy-main-to-model-params ............: (0.30, 0.92)
31:     optimizer ......................................: (2.73, 3.36)
31:     batch-generator ................................: (4.15, 6.89)
31:     forward-compute ................................: (486.04, 533.37)
31:     backward-compute ...............................: (1045.74, 1094.19)
31:  [2026-08-18 04:12:54.838953] iteration      228/   18141 | consumed samples:        65664 | elapsed time per iteration (ms): 1622.1 | throughput per GPU (TFLOP/s/GPU): 361.2 | learning rate: 1.824000E-04 | global batch size:   288 | lm loss: 5.129590E+00 | loss scale: 1.0 | grad norm: 1.309 | params norm: 662.684 | number of skipped iterations:   0 | number of nan iterations:   0 |
31: INFO:megatron.core.timers:(min, max) time across ranks (ms):
31:     forward-backward ...............................: (1603.45, 1603.58)
31:     embedding-grads-all-reduce .....................: (0.02, 0.02)
31:     all-grads-sync .................................: (0.17, 0.24)
31:     optimizer-copy-to-main-grad ....................: (0.15, 0.38)
31:     optimizer-inner-step ...........................: (0.56, 0.68)
31:     optimizer-copy-main-to-model-params ............: (0.31, 0.97)
31:     optimizer ......................................: (2.76, 3.41)
31:     batch-generator ................................: (4.09, 5.32)
31:     forward-compute ................................: (493.67, 539.12)
31:     backward-compute ...............................: (1060.05, 1105.72)
31:  [2026-08-18 04:12:56.458021] iteration      229/   18141 | consumed samples:        65952 | elapsed time per iteration (ms): 1618.9 | throughput per GPU (TFLOP/s/GPU): 360.8 | learning rate: 1.832000E-04 | global batch size:   288 | lm loss: 5.070889E+00 | loss scale: 1.0 | grad norm: 0.988 | params norm: 662.739 | number of skipped iterations:   0 | number of nan iterations:   0 |
31: INFO:megatron.core.timers:(min, max) time across ranks (ms):
31:     forward-backward ...............................: (1600.64, 1600.78)
31:     embedding-grads-all-reduce .....................: (0.01, 0.02)
31:     all-grads-sync .................................: (0.17, 0.22)
31:     optimizer-copy-to-main-grad ....................: (0.15, 0.37)
31:     optimizer-inner-step ...........................: (0.56, 0.68)
31:     optimizer-copy-main-to-model-params ............: (0.30, 0.84)
31:     optimizer ......................................: (2.66, 3.20)
31:     batch-generator ................................: (4.14, 5.77)
31:     forward-compute ................................: (496.88, 532.19)
31:     backward-compute ...............................: (1062.59, 1096.78)
31:  [2026-08-18 04:12:58.073564] iteration      230/   18141 | consumed samples:        66240 | elapsed time per iteration (ms): 1615.4 | throughput per GPU (TFLOP/s/GPU): 363.2 | learning rate: 1.840000E-04 | global batch size:   288 | lm loss: 5.106040E+00 | loss scale: 1.0 | grad norm: 1.065 | params norm: 662.795 | number of skipped iterations:   0 | number of nan iterations:   0 |
31: INFO:megatron.core.timers:(min, max) time across ranks (ms):
31:     forward-backward ...............................: (1596.23, 1596.34)
31:     embedding-grads-all-reduce .....................: (0.01, 0.03)
31:     all-grads-sync .................................: (0.16, 0.23)
31:     optimizer-copy-to-main-grad ....................: (0.16, 0.37)
31:     optimizer-inner-step ...........................: (0.56, 0.69)
31:     optimizer-copy-main-to-model-params ............: (0.30, 0.89)
31:     optimizer ......................................: (2.71, 3.33)
31:     batch-generator ................................: (4.04, 5.95)
31:     forward-compute ................................: (497.95, 536.26)
31:     backward-compute ...............................: (1055.17, 1092.86)
31:  [2026-08-18 04:12:59.709415] iteration      231/   18141 | consumed samples:        66528 | elapsed time per iteration (ms): 1635.7 | throughput per GPU (TFLOP/s/GPU): 358.1 | learning rate: 1.848000E-04 | global batch size:   288 | lm loss: 5.108323E+00 | loss scale: 1.0 | grad norm: 1.520 | params norm: 662.850 | number of skipped iterations:   0 | number of nan iterations:   0 |
31: INFO:megatron.core.timers:(min, max) time across ranks (ms):
31:     forward-backward ...............................: (1616.73, 1616.87)
31:     embedding-grads-all-reduce .....................: (0.01, 0.02)
31:     all-grads-sync .................................: (0.16, 0.23)
31:     optimizer-copy-to-main-grad ....................: (0.16, 0.38)
31:     optimizer-inner-step ...........................: (0.57, 0.67)
31:     optimizer-copy-main-to-model-params ............: (0.30, 0.97)
31:     optimizer ......................................: (2.70, 3.37)
31:     batch-generator ................................: (4.01, 5.96)
31:     forward-compute ................................: (486.28, 544.07)
31:     backward-compute ...............................: (1069.17, 1126.70)
31:  [2026-08-18 04:13:01.333515] iteration      232/   18141 | consumed samples:        66816 | elapsed time per iteration (ms): 1624.0 | throughput per GPU (TFLOP/s/GPU): 361.1 | learning rate: 1.856000E-04 | global batch size:   288 | lm loss: 5.099982E+00 | loss scale: 1.0 | grad norm: 1.261 | params norm: 662.905 | number of skipped iterations:   0 | number of nan iterations:   0 |
31: INFO:megatron.core.timers:(min, max) time across ranks (ms):
31:     forward-backward ...............................: (1604.94, 1605.13)
31:     embedding-grads-all-reduce .....................: (0.02, 0.02)
31:     all-grads-sync .................................: (0.16, 0.22)
31:     optimizer-copy-to-main-grad ....................: (0.16, 0.38)
31:     optimizer-inner-step ...........................: (0.56, 0.67)
31:     optimizer-copy-main-to-model-params ............: (0.33, 0.92)
31:     optimizer ......................................: (2.75, 3.34)
31:     batch-generator ................................: (4.17, 5.54)
31:     forward-compute ................................: (487.51, 538.20)
31:     backward-compute ...............................: (1063.36, 1113.12)
31:  [2026-08-18 04:13:02.927010] iteration      233/   18141 | consumed samples:        67104 | elapsed time per iteration (ms): 1593.2 | throughput per GPU (TFLOP/s/GPU): 367.3 | learning rate: 1.864000E-04 | global batch size:   288 | lm loss: 5.080311E+00 | loss scale: 1.0 | grad norm: 1.194 | params norm: 662.960 | number of skipped iterations:   0 | number of nan iterations:   0 |
31: INFO:megatron.core.timers:(min, max) time across ranks (ms):
31:     forward-backward ...............................: (1574.12, 1574.24)
31:     embedding-grads-all-reduce .....................: (0.01, 0.02)
31:     all-grads-sync .................................: (0.17, 0.22)
31:     optimizer-copy-to-main-grad ....................: (0.16, 0.39)
31:     optimizer-inner-step ...........................: (0.57, 0.69)
31:     optimizer-copy-main-to-model-params ............: (0.31, 0.91)
31:     optimizer ......................................: (2.70, 3.31)
31:     batch-generator ................................: (3.96, 6.28)
31:     forward-compute ................................: (487.60, 530.16)
31:     backward-compute ...............................: (1039.91, 1080.48)
31:  [2026-08-18 04:13:04.539673] iteration      234/   18141 | consumed samples:        67392 | elapsed time per iteration (ms): 1612.5 | throughput per GPU (TFLOP/s/GPU): 362.5 | learning rate: 1.872000E-04 | global batch size:   288 | lm loss: 5.044492E+00 | loss scale: 1.0 | grad norm: 1.051 | params norm: 663.015 | number of skipped iterations:   0 | number of nan iterations:   0 |
31: INFO:megatron.core.timers:(min, max) time across ranks (ms):
31:     forward-backward ...............................: (1593.47, 1593.58)
31:     embedding-grads-all-reduce .....................: (0.02, 0.02)
31:     all-grads-sync .................................: (0.16, 0.23)
31:     optimizer-copy-to-main-grad ....................: (0.16, 0.37)
31:     optimizer-inner-step ...........................: (0.55, 0.67)
31:     optimizer-copy-main-to-model-params ............: (0.30, 0.90)
31:     optimizer ......................................: (2.75, 3.36)
31:     batch-generator ................................: (4.16, 5.52)
31:     forward-compute ................................: (489.31, 529.09)
31:     backward-compute ...............................: (1058.46, 1095.86)
31:  [2026-08-18 04:13:06.102431] iteration      235/   18141 | consumed samples:        67680 | elapsed time per iteration (ms): 1562.6 | throughput per GPU (TFLOP/s/GPU): 373.6 | learning rate: 1.880000E-04 | global batch size:   288 | lm loss: 5.059275E+00 | loss scale: 1.0 | grad norm: 1.277 | params norm: 663.071 | number of skipped iterations:   0 | number of nan iterations:   0 |
31: INFO:megatron.core.timers:(min, max) time across ranks (ms):
31:     forward-backward ...............................: (1543.96, 1544.11)
31:     embedding-grads-all-reduce .....................: (0.01, 0.02)
31:     all-grads-sync .................................: (0.17, 0.24)
31:     optimizer-copy-to-main-grad ....................: (0.15, 0.40)
31:     optimizer-inner-step ...........................: (0.57, 0.68)
31:     optimizer-copy-main-to-model-params ............: (0.30, 0.98)
31:     optimizer ......................................: (2.74, 3.42)
31:     batch-generator ................................: (4.15, 6.21)
31:     forward-compute ................................: (487.59, 527.25)
31:     backward-compute ...............................: (1010.15, 1051.49)
31:  [2026-08-18 04:13:07.747164] iteration      236/   18141 | consumed samples:        67968 | elapsed time per iteration (ms): 1644.6 | throughput per GPU (TFLOP/s/GPU): 355.7 | learning rate: 1.888000E-04 | global batch size:   288 | lm loss: 5.059505E+00 | loss scale: 1.0 | grad norm: 0.934 | params norm: 663.127 | number of skipped iterations:   0 | number of nan iterations:   0 |
31: INFO:megatron.core.timers:(min, max) time across ranks (ms):
31:     forward-backward ...............................: (1625.66, 1625.80)
31:     embedding-grads-all-reduce .....................: (0.02, 0.02)
31:     all-grads-sync .................................: (0.17, 0.25)
31:     optimizer-copy-to-main-grad ....................: (0.15, 0.38)
31:     optimizer-inner-step ...........................: (0.56, 0.68)
31:     optimizer-copy-main-to-model-params ............: (0.31, 0.92)
31:     optimizer ......................................: (2.76, 3.37)
31:     batch-generator ................................: (4.10, 5.58)
31:     forward-compute ................................: (495.76, 536.91)
31:     backward-compute ...............................: (1083.35, 1125.56)
31:  [2026-08-18 04:13:09.320922] iteration      237/   18141 | consumed samples:        68256 | elapsed time per iteration (ms): 1573.6 | throughput per GPU (TFLOP/s/GPU): 371.0 | learning rate: 1.896000E-04 | global batch size:   288 | lm loss: 5.021009E+00 | loss scale: 1.0 | grad norm: 1.008 | params norm: 663.183 | number of skipped iterations:   0 | number of nan iterations:   0 |
31: INFO:megatron.core.timers:(min, max) time across ranks (ms):
31:     forward-backward ...............................: (1554.51, 1554.63)
31:     embedding-grads-all-reduce .....................: (0.02, 0.02)
31:     all-grads-sync .................................: (0.15, 0.22)
31:     optimizer-copy-to-main-grad ....................: (0.15, 0.41)
31:     optimizer-inner-step ...........................: (0.56, 0.68)
31:     optimizer-copy-main-to-model-params ............: (0.31, 0.93)
31:     optimizer ......................................: (2.75, 3.37)
31:     batch-generator ................................: (4.15, 6.37)
31:     forward-compute ................................: (487.74, 525.41)
31:     backward-compute ...............................: (1025.74, 1063.66)
31:  [2026-08-18 04:13:10.939108] iteration      238/   18141 | consumed samples:        68544 | elapsed time per iteration (ms): 1618.0 | throughput per GPU (TFLOP/s/GPU): 362.0 | learning rate: 1.904000E-04 | global batch size:   288 | lm loss: 5.012051E+00 | loss scale: 1.0 | grad norm: 1.236 | params norm: 663.239 | number of skipped iterations:   0 | number of nan iterations:   0 |
31: INFO:megatron.core.timers:(min, max) time across ranks (ms):
31:     forward-backward ...............................: (1598.96, 1599.09)
31:     embedding-grads-all-reduce .....................: (0.02, 0.02)
31:     all-grads-sync .................................: (0.16, 0.23)
31:     optimizer-copy-to-main-grad ....................: (0.15, 0.39)
31:     optimizer-inner-step ...........................: (0.56, 0.67)
31:     optimizer-copy-main-to-model-params ............: (0.32, 0.99)
31:     optimizer ......................................: (2.77, 3.45)
31:     batch-generator ................................: (4.14, 5.81)
31:     forward-compute ................................: (495.54, 536.81)
31:     backward-compute ...............................: (1058.70, 1099.51)
31:  [2026-08-18 04:13:12.547907] iteration      239/   18141 | consumed samples:        68832 | elapsed time per iteration (ms): 1608.3 | throughput per GPU (TFLOP/s/GPU): 363.2 | learning rate: 1.912000E-04 | global batch size:   288 | lm loss: 4.999520E+00 | loss scale: 1.0 | grad norm: 0.842 | params norm: 663.296 | number of skipped iterations:   0 | number of nan iterations:   0 |
31: INFO:megatron.core.timers:(min, max) time across ranks (ms):
31:     forward-backward ...............................: (1589.08, 1589.19)
31:     embedding-grads-all-reduce .....................: (0.02, 0.02)
31:     all-grads-sync .................................: (0.17, 0.24)
31:     optimizer-copy-to-main-grad ....................: (0.16, 0.39)
31:     optimizer-inner-step ...........................: (0.57, 0.68)
31:     optimizer-copy-main-to-model-params ............: (0.32, 0.97)
31:     optimizer ......................................: (2.74, 3.40)
31:     batch-generator ................................: (4.01, 5.74)
31:     forward-compute ................................: (496.81, 538.80)
31:     backward-compute ...............................: (1044.85, 1087.85)
31:  [2026-08-18 04:13:14.148763] iteration      240/   18141 | consumed samples:        69120 | elapsed time per iteration (ms): 1600.7 | throughput per GPU (TFLOP/s/GPU): 365.8 | learning rate: 1.920000E-04 | global batch size:   288 | lm loss: 4.988810E+00 | loss scale: 1.0 | grad norm: 1.025 | params norm: 663.353 | number of skipped iterations:   0 | number of nan iterations:   0 |
31: INFO:megatron.core.timers:(min, max) time across ranks (ms):
31:     forward-backward ...............................: (1581.68, 1581.83)
31:     embedding-grads-all-reduce .....................: (0.02, 0.02)
31:     all-grads-sync .................................: (0.17, 0.22)
31:     optimizer-copy-to-main-grad ....................: (0.16, 0.39)
31:     optimizer-inner-step ...........................: (0.56, 0.68)
31:     optimizer-copy-main-to-model-params ............: (0.31, 0.99)
31:     optimizer ......................................: (2.84, 3.52)
31:     batch-generator ................................: (4.17, 6.84)
31:     forward-compute ................................: (489.11, 534.42)
31:     backward-compute ...............................: (1041.89, 1088.85)
31:  [2026-08-18 04:13:15.752334] iteration      241/   18141 | consumed samples:        69408 | elapsed time per iteration (ms): 1603.3 | throughput per GPU (TFLOP/s/GPU): 363.4 | learning rate: 1.928000E-04 | global batch size:   288 | lm loss: 5.001748E+00 | loss scale: 1.0 | grad norm: 1.090 | params norm: 663.410 | number of skipped iterations:   0 | number of nan iterations:   0 |
31: INFO:megatron.core.timers:(min, max) time across ranks (ms):
31:     forward-backward ...............................: (1584.35, 1584.47)
31:     embedding-grads-all-reduce .....................: (0.02, 0.02)
31:     all-grads-sync .................................: (0.16, 0.22)
31:     optimizer-copy-to-main-grad ....................: (0.15, 0.38)
31:     optimizer-inner-step ...........................: (0.57, 0.75)
31:     optimizer-copy-main-to-model-params ............: (0.31, 0.95)
31:     optimizer ......................................: (2.83, 3.47)
31:     batch-generator ................................: (4.16, 6.71)
31:     forward-compute ................................: (480.10, 526.88)
31:     backward-compute ...............................: (1050.57, 1100.07)
31:  [2026-08-18 04:13:17.355463] iteration      242/   18141 | consumed samples:        69696 | elapsed time per iteration (ms): 1603.0 | throughput per GPU (TFLOP/s/GPU): 365.5 | learning rate: 1.936000E-04 | global batch size:   288 | lm loss: 4.991642E+00 | loss scale: 1.0 | grad norm: 1.111 | params norm: 663.468 | number of skipped iterations:   0 | number of nan iterations:   0 |
31: INFO:megatron.core.timers:(min, max) time across ranks (ms):
31:     forward-backward ...............................: (1584.21, 1584.33)
31:     embedding-grads-all-reduce .....................: (0.02, 0.02)
31:     all-grads-sync .................................: (0.17, 0.22)
31:     optimizer-copy-to-main-grad ....................: (0.16, 0.39)
31:     optimizer-inner-step ...........................: (0.56, 0.67)
31:     optimizer-copy-main-to-model-params ............: (0.32, 0.91)
31:     optimizer ......................................: (2.72, 3.31)
31:     batch-generator ................................: (4.22, 5.03)
31:     forward-compute ................................: (485.73, 537.05)
31:     backward-compute ...............................: (1043.75, 1093.57)
31:  [2026-08-18 04:13:18.979766] iteration      243/   18141 | consumed samples:        69984 | elapsed time per iteration (ms): 1623.9 | throughput per GPU (TFLOP/s/GPU): 360.6 | learning rate: 1.944000E-04 | global batch size:   288 | lm loss: 4.997619E+00 | loss scale: 1.0 | grad norm: 1.111 | params norm: 663.525 | number of skipped iterations:   0 | number of nan iterations:   0 |
31: INFO:megatron.core.timers:(min, max) time across ranks (ms):
31:     forward-backward ...............................: (1604.52, 1604.69)
31:     embedding-grads-all-reduce .....................: (0.02, 0.02)
31:     all-grads-sync .................................: (0.15, 0.23)
31:     optimizer-copy-to-main-grad ....................: (0.16, 0.39)
31:     optimizer-inner-step ...........................: (0.56, 0.69)
31:     optimizer-copy-main-to-model-params ............: (0.32, 1.02)
31:     optimizer ......................................: (2.76, 3.47)
31:     batch-generator ................................: (4.25, 5.50)
31:     forward-compute ................................: (494.28, 540.48)
31:     backward-compute ...............................: (1058.63, 1104.49)
31:  [2026-08-18 04:13:20.578034] iteration      244/   18141 | consumed samples:        70272 | elapsed time per iteration (ms): 1598.2 | throughput per GPU (TFLOP/s/GPU): 364.7 | learning rate: 1.952000E-04 | global batch size:   288 | lm loss: 4.993562E+00 | loss scale: 1.0 | grad norm: 1.346 | params norm: 663.582 | number of skipped iterations:   0 | number of nan iterations:   0 |
31: INFO:megatron.core.timers:(min, max) time across ranks (ms):
31:     forward-backward ...............................: (1579.42, 1579.53)
31:     embedding-grads-all-reduce .....................: (0.01, 0.02)
31:     all-grads-sync .................................: (0.17, 0.23)
31:     optimizer-copy-to-main-grad ....................: (0.16, 0.39)
31:     optimizer-inner-step ...........................: (0.57, 0.67)
31:     optimizer-copy-main-to-model-params ............: (0.31, 0.94)
31:     optimizer ......................................: (2.72, 3.35)
31:     batch-generator ................................: (4.13, 5.85)
31:     forward-compute ................................: (490.74, 532.91)
31:     backward-compute ...............................: (1043.09, 1084.98)
31:  [2026-08-18 04:13:22.157059] iteration      245/   18141 | consumed samples:        70560 | elapsed time per iteration (ms): 1578.6 | throughput per GPU (TFLOP/s/GPU): 369.7 | learning rate: 1.960000E-04 | global batch size:   288 | lm loss: 4.966486E+00 | loss scale: 1.0 | grad norm: 1.399 | params norm: 663.639 | number of skipped iterations:   0 | number of nan iterations:   0 |
31: INFO:megatron.core.timers:(min, max) time across ranks (ms):
31:     forward-backward ...............................: (1559.53, 1559.64)
31:     embedding-grads-all-reduce .....................: (0.02, 0.02)
31:     all-grads-sync .................................: (0.17, 0.22)
31:     optimizer-copy-to-main-grad ....................: (0.16, 0.41)
31:     optimizer-inner-step ...........................: (0.56, 0.69)
31:     optimizer-copy-main-to-model-params ............: (0.32, 0.96)
31:     optimizer ......................................: (2.83, 3.47)
31:     batch-generator ................................: (4.19, 5.48)
31:     forward-compute ................................: (489.14, 525.20)
31:     backward-compute ...............................: (1026.38, 1066.59)
31:  [2026-08-18 04:13:23.763512] iteration      246/   18141 | consumed samples:        70848 | elapsed time per iteration (ms): 1606.2 | throughput per GPU (TFLOP/s/GPU): 364.9 | learning rate: 1.968000E-04 | global batch size:   288 | lm loss: 4.954780E+00 | loss scale: 1.0 | grad norm: 0.883 | params norm: 663.696 | number of skipped iterations:   0 | number of nan iterations:   0 |
31: INFO:megatron.core.timers:(min, max) time across ranks (ms):
31:     forward-backward ...............................: (1587.30, 1587.41)
31:     embedding-grads-all-reduce .....................: (0.02, 0.02)
31:     all-grads-sync .................................: (0.18, 0.23)
31:     optimizer-copy-to-main-grad ....................: (0.16, 0.38)
31:     optimizer-inner-step ...........................: (0.57, 0.68)
31:     optimizer-copy-main-to-model-params ............: (0.32, 0.94)
31:     optimizer ......................................: (2.73, 3.34)
31:     batch-generator ................................: (4.19, 7.14)
31:     forward-compute ................................: (489.05, 537.69)
31:     backward-compute ...............................: (1041.70, 1092.81)
31:  [2026-08-18 04:13:25.358474] iteration      247/   18141 | consumed samples:        71136 | elapsed time per iteration (ms): 1594.8 | throughput per GPU (TFLOP/s/GPU): 365.9 | learning rate: 1.976000E-04 | global batch size:   288 | lm loss: 4.955838E+00 | loss scale: 1.0 | grad norm: 1.110 | params norm: 663.754 | number of skipped iterations:   0 | number of nan iterations:   0 |
31: INFO:megatron.core.timers:(min, max) time across ranks (ms):
31:     forward-backward ...............................: (1575.54, 1575.68)
31:     embedding-grads-all-reduce .....................: (0.02, 0.02)
31:     all-grads-sync .................................: (0.16, 0.25)
31:     optimizer-copy-to-main-grad ....................: (0.16, 0.40)
31:     optimizer-inner-step ...........................: (0.56, 0.68)
31:     optimizer-copy-main-to-model-params ............: (0.32, 0.99)
31:     optimizer ......................................: (2.75, 3.42)
31:     batch-generator ................................: (4.19, 7.61)
31:     forward-compute ................................: (495.65, 527.56)
31:     backward-compute ...............................: (1044.46, 1074.49)
31:  [2026-08-18 04:13:26.994124] iteration      248/   18141 | consumed samples:        71424 | elapsed time per iteration (ms): 1635.4 | throughput per GPU (TFLOP/s/GPU): 356.8 | learning rate: 1.984000E-04 | global batch size:   288 | lm loss: 4.970977E+00 | loss scale: 1.0 | grad norm: 1.249 | params norm: 663.811 | number of skipped iterations:   0 | number of nan iterations:   0 |
31: INFO:megatron.core.timers:(min, max) time across ranks (ms):
31:     forward-backward ...............................: (1616.97, 1617.09)
31:     embedding-grads-all-reduce .....................: (0.02, 0.02)
31:     all-grads-sync .................................: (0.17, 0.22)
31:     optimizer-copy-to-main-grad ....................: (0.16, 0.37)
31:     optimizer-inner-step ...........................: (0.56, 0.67)
31:     optimizer-copy-main-to-model-params ............: (0.31, 0.95)
31:     optimizer ......................................: (2.71, 3.35)
31:     batch-generator ................................: (4.22, 5.51)
31:     forward-compute ................................: (491.33, 534.12)
31:     backward-compute ...............................: (1079.79, 1121.54)
31:  [2026-08-18 04:13:28.583989] iteration      249/   18141 | consumed samples:        71712 | elapsed time per iteration (ms): 1589.6 | throughput per GPU (TFLOP/s/GPU): 366.7 | learning rate: 1.992000E-04 | global batch size:   288 | lm loss: 4.962134E+00 | loss scale: 1.0 | grad norm: 0.915 | params norm: 663.868 | number of skipped iterations:   0 | number of nan iterations:   0 |
31: INFO:megatron.core.timers:(min, max) time across ranks (ms):
31:     forward-backward ...............................: (1570.78, 1570.89)
31:     embedding-grads-all-reduce .....................: (0.02, 0.02)
31:     all-grads-sync .................................: (0.16, 0.22)
31:     optimizer-copy-to-main-grad ....................: (0.16, 0.38)
31:     optimizer-inner-step ...........................: (0.56, 0.69)
31:     optimizer-copy-main-to-model-params ............: (0.32, 0.95)
31:     optimizer ......................................: (2.78, 3.41)
31:     batch-generator ................................: (4.22, 6.31)
31:     forward-compute ................................: (481.02, 525.26)
31:     backward-compute ...............................: (1037.79, 1083.04)
31:  [2026-08-18 04:13:30.216812] iteration      250/   18141 | consumed samples:        72000 | elapsed time per iteration (ms): 1632.7 | throughput per GPU (TFLOP/s/GPU): 359.2 | learning rate: 2.000000E-04 | global batch size:   288 | lm loss: 4.950751E+00 | loss scale: 1.0 | grad norm: 0.929 | params norm: 663.927 | number of skipped iterations:   0 | number of nan iterations:   0 |
31: INFO:megatron.core.timers:(min, max) time across ranks (ms):
31:     forward-backward ...............................: (1613.72, 1613.96)
31:     embedding-grads-all-reduce .....................: (0.02, 0.02)
31:     all-grads-sync .................................: (0.16, 0.22)
31:     optimizer-copy-to-main-grad ....................: (0.15, 0.40)
31:     optimizer-inner-step ...........................: (0.56, 0.69)
31:     optimizer-copy-main-to-model-params ............: (0.31, 0.96)
31:     optimizer ......................................: (2.75, 3.41)
31:     batch-generator ................................: (4.20, 5.66)
31:     forward-compute ................................: (493.53, 536.50)
31:     backward-compute ...............................: (1073.10, 1115.07)
31:  [2026-08-18 04:13:31.825265] iteration      251/   18141 | consumed samples:        72288 | elapsed time per iteration (ms): 1608.2 | throughput per GPU (TFLOP/s/GPU): 364.4 | learning rate: 2.008000E-04 | global batch size:   288 | lm loss: 4.972584E+00 | loss scale: 1.0 | grad norm: 1.238 | params norm: 663.985 | number of skipped iterations:   0 | number of nan iterations:   0 |
31: INFO:megatron.core.timers:(min, max) time across ranks (ms):
31:     forward-backward ...............................: (1589.38, 1589.54)
31:     embedding-grads-all-reduce .....................: (0.01, 0.02)
31:     all-grads-sync .................................: (0.17, 0.22)
31:     optimizer-copy-to-main-grad ....................: (0.15, 0.38)
31:     optimizer-inner-step ...........................: (0.56, 0.69)
31:     optimizer-copy-main-to-model-params ............: (0.29, 1.02)
31:     optimizer ......................................: (2.78, 3.51)
31:     batch-generator ................................: (4.29, 7.11)
31:     forward-compute ................................: (492.27, 535.62)
31:     backward-compute ...............................: (1047.15, 1093.51)
31:  [2026-08-18 04:13:33.378663] iteration      252/   18141 | consumed samples:        72576 | elapsed time per iteration (ms): 1553.2 | throughput per GPU (TFLOP/s/GPU): 374.3 | learning rate: 2.016000E-04 | global batch size:   288 | lm loss: 4.935785E+00 | loss scale: 1.0 | grad norm: 1.094 | params norm: 664.043 | number of skipped iterations:   0 | number of nan iterations:   0 |
31: INFO:megatron.core.timers:(min, max) time across ranks (ms):
31:     forward-backward ...............................: (1533.91, 1534.02)
31:     embedding-grads-all-reduce .....................: (0.02, 0.02)
31:     all-grads-sync .................................: (0.17, 0.22)
31:     optimizer-copy-to-main-grad ....................: (0.16, 0.38)
31:     optimizer-inner-step ...........................: (0.56, 0.67)
31:     optimizer-copy-main-to-model-params ............: (0.30, 0.96)
31:     optimizer ......................................: (2.76, 3.41)
31:     batch-generator ................................: (4.03, 6.50)
31:     forward-compute ................................: (495.00, 524.66)
31:     backward-compute ...............................: (1005.47, 1035.10)
31:  [2026-08-18 04:13:34.999020] iteration      253/   18141 | consumed samples:        72864 | elapsed time per iteration (ms): 1620.2 | throughput per GPU (TFLOP/s/GPU): 361.4 | learning rate: 2.024000E-04 | global batch size:   288 | lm loss: 4.937299E+00 | loss scale: 1.0 | grad norm: 1.002 | params norm: 664.102 | number of skipped iterations:   0 | number of nan iterations:   0 |
31: INFO:megatron.core.timers:(min, max) time across ranks (ms):
31:     forward-backward ...............................: (1601.22, 1601.35)
31:     embedding-grads-all-reduce .....................: (0.01, 0.02)
31:     all-grads-sync .................................: (0.18, 0.23)
31:     optimizer-copy-to-main-grad ....................: (0.15, 0.36)
31:     optimizer-inner-step ...........................: (0.56, 0.67)
31:     optimizer-copy-main-to-model-params ............: (0.29, 0.96)
31:     optimizer ......................................: (2.72, 3.39)
31:     batch-generator ................................: (4.21, 5.66)
31:     forward-compute ................................: (488.78, 533.64)
31:     backward-compute ...............................: (1061.37, 1108.40)
31:  [2026-08-18 04:13:36.615697] iteration      254/   18141 | consumed samples:        73152 | elapsed time per iteration (ms): 1616.5 | throughput per GPU (TFLOP/s/GPU): 362.4 | learning rate: 2.032000E-04 | global batch size:   288 | lm loss: 4.925335E+00 | loss scale: 1.0 | grad norm: 1.109 | params norm: 664.162 | number of skipped iterations:   0 | number of nan iterations:   0 |
31: INFO:megatron.core.timers:(min, max) time across ranks (ms):
31:     forward-backward ...............................: (1597.18, 1597.29)
31:     embedding-grads-all-reduce .....................: (0.01, 0.02)
31:     all-grads-sync .................................: (0.17, 0.23)
31:     optimizer-copy-to-main-grad ....................: (0.16, 0.38)
31:     optimizer-inner-step ...........................: (0.56, 0.69)
31:     optimizer-copy-main-to-model-params ............: (0.31, 0.95)
31:     optimizer ......................................: (2.79, 3.45)
31:     batch-generator ................................: (3.99, 5.31)
31:     forward-compute ................................: (493.45, 535.85)
31:     backward-compute ...............................: (1056.10, 1098.74)
31:  [2026-08-18 04:13:38.184206] iteration      255/   18141 | consumed samples:        73440 | elapsed time per iteration (ms): 1568.3 | throughput per GPU (TFLOP/s/GPU): 372.4 | learning rate: 2.040000E-04 | global batch size:   288 | lm loss: 4.937130E+00 | loss scale: 1.0 | grad norm: 1.012 | params norm: 664.221 | number of skipped iterations:   0 | number of nan iterations:   0 |
31: INFO:megatron.core.timers:(min, max) time across ranks (ms):
31:     forward-backward ...............................: (1549.03, 1549.19)
31:     embedding-grads-all-reduce .....................: (0.01, 0.02)
31:     all-grads-sync .................................: (0.16, 0.23)
31:     optimizer-copy-to-main-grad ....................: (0.15, 0.37)
31:     optimizer-inner-step ...........................: (0.57, 0.68)
31:     optimizer-copy-main-to-model-params ............: (0.30, 0.98)
31:     optimizer ......................................: (2.75, 3.43)
31:     batch-generator ................................: (4.15, 5.86)
31:     forward-compute ................................: (489.92, 521.92)
31:     backward-compute ...............................: (1021.16, 1054.09)
31:  [2026-08-18 04:13:39.800919] iteration      256/   18141 | consumed samples:        73728 | elapsed time per iteration (ms): 1616.6 | throughput per GPU (TFLOP/s/GPU): 363.1 | learning rate: 2.048000E-04 | global batch size:   288 | lm loss: 4.899360E+00 | loss scale: 1.0 | grad norm: 0.876 | params norm: 664.280 | number of skipped iterations:   0 | number of nan iterations:   0 |
31: INFO:megatron.core.timers:(min, max) time across ranks (ms):
31:     forward-backward ...............................: (1597.72, 1597.83)
31:     embedding-grads-all-reduce .....................: (0.01, 0.02)
31:     all-grads-sync .................................: (0.17, 0.22)
31:     optimizer-copy-to-main-grad ....................: (0.15, 0.41)
31:     optimizer-inner-step ...........................: (0.56, 0.69)
31:     optimizer-copy-main-to-model-params ............: (0.31, 0.90)
31:     optimizer ......................................: (2.80, 3.39)
31:     batch-generator ................................: (4.34, 5.95)
31:     forward-compute ................................: (495.88, 537.49)
31:     backward-compute ...............................: (1056.25, 1097.00)
31:  [2026-08-18 04:13:41.424854] iteration      257/   18141 | consumed samples:        74016 | elapsed time per iteration (ms): 1623.7 | throughput per GPU (TFLOP/s/GPU): 360.2 | learning rate: 2.056000E-04 | global batch size:   288 | lm loss: 4.923398E+00 | loss scale: 1.0 | grad norm: 1.091 | params norm: 664.341 | number of skipped iterations:   0 | number of nan iterations:   0 |
31: INFO:megatron.core.timers:(min, max) time across ranks (ms):
31:     forward-backward ...............................: (1604.60, 1604.72)
31:     embedding-grads-all-reduce .....................: (0.02, 0.02)
31:     all-grads-sync .................................: (0.16, 0.24)
31:     optimizer-copy-to-main-grad ....................: (0.16, 0.38)
31:     optimizer-inner-step ...........................: (0.57, 0.69)
31:     optimizer-copy-main-to-model-params ............: (0.31, 0.93)
31:     optimizer ......................................: (2.79, 3.41)
31:     batch-generator ................................: (4.13, 6.01)
31:     forward-compute ................................: (490.97, 541.21)
31:     backward-compute ...............................: (1058.54, 1108.62)
31:  [2026-08-18 04:13:43.070598] iteration      258/   18141 | consumed samples:        74304 | elapsed time per iteration (ms): 1645.5 | throughput per GPU (TFLOP/s/GPU): 355.9 | learning rate: 2.064000E-04 | global batch size:   288 | lm loss: 4.900795E+00 | loss scale: 1.0 | grad norm: 0.963 | params norm: 664.401 | number of skipped iterations:   0 | number of nan iterations:   0 |
31: INFO:megatron.core.timers:(min, max) time across ranks (ms):
31:     forward-backward ...............................: (1627.07, 1627.20)
31:     embedding-grads-all-reduce .....................: (0.01, 0.02)
31:     all-grads-sync .................................: (0.18, 0.25)
31:     optimizer-copy-to-main-grad ....................: (0.15, 0.40)
31:     optimizer-inner-step ...........................: (0.56, 0.68)
31:     optimizer-copy-main-to-model-params ............: (0.31, 1.02)
31:     optimizer ......................................: (2.76, 3.50)
31:     batch-generator ................................: (4.15, 6.45)
31:     forward-compute ................................: (494.60, 541.25)
31:     backward-compute ...............................: (1081.00, 1128.50)
31:  [2026-08-18 04:13:44.688173] iteration      259/   18141 | consumed samples:        74592 | elapsed time per iteration (ms): 1617.4 | throughput per GPU (TFLOP/s/GPU): 360.5 | learning rate: 2.072000E-04 | global batch size:   288 | lm loss: 4.883270E+00 | loss scale: 1.0 | grad norm: 1.003 | params norm: 664.462 | number of skipped iterations:   0 | number of nan iterations:   0 |
31: INFO:megatron.core.timers:(min, max) time across ranks (ms):
31:     forward-backward ...............................: (1599.00, 1599.26)
31:     embedding-grads-all-reduce .....................: (0.02, 0.02)
31:     all-grads-sync .................................: (0.16, 0.22)
31:     optimizer-copy-to-main-grad ....................: (0.16, 0.38)
31:     optimizer-inner-step ...........................: (0.56, 0.70)
31:     optimizer-copy-main-to-model-params ............: (0.31, 0.92)
31:     optimizer ......................................: (2.75, 3.36)
31:     batch-generator ................................: (4.14, 5.80)
31:     forward-compute ................................: (493.94, 536.52)
31:     backward-compute ...............................: (1059.33, 1102.02)
31:  [2026-08-18 04:13:46.283178] iteration      260/   18141 | consumed samples:        74880 | elapsed time per iteration (ms): 1594.9 | throughput per GPU (TFLOP/s/GPU): 365.0 | learning rate: 2.080000E-04 | global batch size:   288 | lm loss: 4.882543E+00 | loss scale: 1.0 | grad norm: 1.122 | params norm: 664.523 | number of skipped iterations:   0 | number of nan iterations:   0 |
31: INFO:megatron.core.timers:(min, max) time across ranks (ms):
31:     forward-backward ...............................: (1576.06, 1576.19)
31:     embedding-grads-all-reduce .....................: (0.02, 0.02)
31:     all-grads-sync .................................: (0.16, 0.22)
31:     optimizer-copy-to-main-grad ....................: (0.16, 0.39)
31:     optimizer-inner-step ...........................: (0.56, 0.68)
31:     optimizer-copy-main-to-model-params ............: (0.31, 0.94)
31:     optimizer ......................................: (2.75, 3.38)
31:     batch-generator ................................: (4.00, 7.54)
31:     forward-compute ................................: (491.22, 524.42)
31:     backward-compute ...............................: (1047.91, 1077.11)
31:  [2026-08-18 04:13:47.875448] iteration      261/   18141 | consumed samples:        75168 | elapsed time per iteration (ms): 1592.1 | throughput per GPU (TFLOP/s/GPU): 367.7 | learning rate: 2.088000E-04 | global batch size:   288 | lm loss: 4.898672E+00 | loss scale: 1.0 | grad norm: 1.056 | params norm: 664.584 | number of skipped iterations:   0 | number of nan iterations:   0 |
31: INFO:megatron.core.timers:(min, max) time across ranks (ms):
31:     forward-backward ...............................: (1573.12, 1573.24)
31:     embedding-grads-all-reduce .....................: (0.01, 0.02)
31:     all-grads-sync .................................: (0.16, 0.23)
31:     optimizer-copy-to-main-grad ....................: (0.16, 0.38)
31:     optimizer-inner-step ...........................: (0.56, 0.68)
31:     optimizer-copy-main-to-model-params ............: (0.31, 0.94)
31:     optimizer ......................................: (2.74, 3.36)
31:     batch-generator ................................: (4.10, 6.33)
31:     forward-compute ................................: (491.32, 532.89)
31:     backward-compute ...............................: (1036.91, 1076.00)
31:  [2026-08-18 04:13:49.494023] iteration      262/   18141 | consumed samples:        75456 | elapsed time per iteration (ms): 1618.4 | throughput per GPU (TFLOP/s/GPU): 361.9 | learning rate: 2.096000E-04 | global batch size:   288 | lm loss: 4.905412E+00 | loss scale: 1.0 | grad norm: 1.416 | params norm: 664.644 | number of skipped iterations:   0 | number of nan iterations:   0 |
31: INFO:megatron.core.timers:(min, max) time across ranks (ms):
31:     forward-backward ...............................: (1599.46, 1599.59)
31:     embedding-grads-all-reduce .....................: (0.02, 0.02)
31:     all-grads-sync .................................: (0.17, 0.24)
31:     optimizer-copy-to-main-grad ....................: (0.16, 0.38)
31:     optimizer-inner-step ...........................: (0.56, 0.68)
31:     optimizer-copy-main-to-model-params ............: (0.31, 0.94)
31:     optimizer ......................................: (2.76, 3.40)
31:     batch-generator ................................: (4.11, 5.93)
31:     forward-compute ................................: (484.57, 531.22)
31:     backward-compute ...............................: (1060.51, 1108.26)
31:  [2026-08-18 04:13:51.068246] iteration      263/   18141 | consumed samples:        75744 | elapsed time per iteration (ms): 1574.0 | throughput per GPU (TFLOP/s/GPU): 370.6 | learning rate: 2.104000E-04 | global batch size:   288 | lm loss: 4.859795E+00 | loss scale: 1.0 | grad norm: 1.212 | params norm: 664.703 | number of skipped iterations:   0 | number of nan iterations:   0 |
31: INFO:megatron.core.timers:(min, max) time across ranks (ms):
31:     forward-backward ...............................: (1554.79, 1554.88)
31:     embedding-grads-all-reduce .....................: (0.02, 0.02)
31:     all-grads-sync .................................: (0.17, 0.22)
31:     optimizer-copy-to-main-grad ....................: (0.16, 0.37)
31:     optimizer-inner-step ...........................: (0.57, 0.68)
31:     optimizer-copy-main-to-model-params ............: (0.31, 0.98)
31:     optimizer ......................................: (2.73, 3.40)
31:     batch-generator ................................: (3.95, 5.55)
31:     forward-compute ................................: (486.19, 520.69)
31:     backward-compute ...............................: (1030.11, 1063.08)
31:  [2026-08-18 04:13:52.703719] iteration      264/   18141 | consumed samples:        76032 | elapsed time per iteration (ms): 1635.2 | throughput per GPU (TFLOP/s/GPU): 358.3 | learning rate: 2.112000E-04 | global batch size:   288 | lm loss: 4.831472E+00 | loss scale: 1.0 | grad norm: 0.803 | params norm: 664.763 | number of skipped iterations:   0 | number of nan iterations:   0 |
31: INFO:megatron.core.timers:(min, max) time across ranks (ms):
31:     forward-backward ...............................: (1616.72, 1616.84)
31:     embedding-grads-all-reduce .....................: (0.01, 0.02)
31:     all-grads-sync .................................: (0.16, 0.23)
31:     optimizer-copy-to-main-grad ....................: (0.15, 0.39)
31:     optimizer-inner-step ...........................: (0.57, 0.68)
31:     optimizer-copy-main-to-model-params ............: (0.32, 0.86)
31:     optimizer ......................................: (2.74, 3.30)
31:     batch-generator ................................: (4.12, 8.36)
31:     forward-compute ................................: (488.71, 534.11)
31:     backward-compute ...............................: (1074.84, 1124.96)
31:  [2026-08-18 04:13:54.342831] iteration      265/   18141 | consumed samples:        76320 | elapsed time per iteration (ms): 1638.9 | throughput per GPU (TFLOP/s/GPU): 355.2 | learning rate: 2.120000E-04 | global batch size:   288 | lm loss: 4.864808E+00 | loss scale: 1.0 | grad norm: 1.062 | params norm: 664.823 | number of skipped iterations:   0 | number of nan iterations:   0 |
31: INFO:megatron.core.timers:(min, max) time across ranks (ms):
31:     forward-backward ...............................: (1620.49, 1620.65)
31:     embedding-grads-all-reduce .....................: (0.01, 0.02)
31:     all-grads-sync .................................: (0.17, 0.22)
31:     optimizer-copy-to-main-grad ....................: (0.16, 0.38)
31:     optimizer-inner-step ...........................: (0.56, 0.69)
31:     optimizer-copy-main-to-model-params ............: (0.31, 0.92)
31:     optimizer ......................................: (2.72, 3.33)
31:     batch-generator ................................: (4.24, 6.23)
31:     forward-compute ................................: (482.32, 535.32)
31:     backward-compute ...............................: (1081.11, 1132.72)
31:  [2026-08-18 04:13:55.961712] iteration      266/   18141 | consumed samples:        76608 | elapsed time per iteration (ms): 1618.8 | throughput per GPU (TFLOP/s/GPU): 361.3 | learning rate: 2.128000E-04 | global batch size:   288 | lm loss: 4.820032E+00 | loss scale: 1.0 | grad norm: 1.021 | params norm: 664.884 | number of skipped iterations:   0 | number of nan iterations:   0 |
31: INFO:megatron.core.timers:(min, max) time across ranks (ms):
31:     forward-backward ...............................: (1599.67, 1599.80)
31:     embedding-grads-all-reduce .....................: (0.02, 0.02)
31:     all-grads-sync .................................: (0.17, 0.23)
31:     optimizer-copy-to-main-grad ....................: (0.16, 0.38)
31:     optimizer-inner-step ...........................: (0.55, 0.68)
31:     optimizer-copy-main-to-model-params ............: (0.30, 0.96)
31:     optimizer ......................................: (2.75, 3.42)
31:     batch-generator ................................: (4.24, 5.16)
31:     forward-compute ................................: (482.92, 526.41)
31:     backward-compute ...............................: (1069.82, 1112.57)
31:  [2026-08-18 04:13:57.622640] iteration      267/   18141 | consumed samples:        76896 | elapsed time per iteration (ms): 1660.8 | throughput per GPU (TFLOP/s/GPU): 351.3 | learning rate: 2.136000E-04 | global batch size:   288 | lm loss: 4.833596E+00 | loss scale: 1.0 | grad norm: 0.976 | params norm: 664.945 | number of skipped iterations:   0 | number of nan iterations:   0 |
31: INFO:megatron.core.timers:(min, max) time across ranks (ms):
31:     forward-backward ...............................: (1642.02, 1642.19)
31:     embedding-grads-all-reduce .....................: (0.02, 0.02)
31:     all-grads-sync .................................: (0.16, 0.22)
31:     optimizer-copy-to-main-grad ....................: (0.15, 0.39)
31:     optimizer-inner-step ...........................: (0.57, 0.68)
31:     optimizer-copy-main-to-model-params ............: (0.30, 0.95)
31:     optimizer ......................................: (2.75, 3.40)
31:     batch-generator ................................: (4.11, 4.93)
31:     forward-compute ................................: (496.23, 544.08)
31:     backward-compute ...............................: (1090.02, 1141.76)
31:  [2026-08-18 04:13:59.192423] iteration      268/   18141 | consumed samples:        77184 | elapsed time per iteration (ms): 1569.7 | throughput per GPU (TFLOP/s/GPU): 372.5 | learning rate: 2.144000E-04 | global batch size:   288 | lm loss: 4.827899E+00 | loss scale: 1.0 | grad norm: 0.914 | params norm: 665.006 | number of skipped iterations:   0 | number of nan iterations:   0 |
31: INFO:megatron.core.timers:(min, max) time across ranks (ms):
31:     forward-backward ...............................: (1550.78, 1550.91)
31:     embedding-grads-all-reduce .....................: (0.01, 0.02)
31:     all-grads-sync .................................: (0.16, 0.23)
31:     optimizer-copy-to-main-grad ....................: (0.16, 0.36)
31:     optimizer-inner-step ...........................: (0.56, 0.68)
31:     optimizer-copy-main-to-model-params ............: (0.32, 0.78)
31:     optimizer ......................................: (2.69, 3.15)
31:     batch-generator ................................: (4.10, 5.33)
31:     forward-compute ................................: (493.33, 525.27)
31:     backward-compute ...............................: (1022.09, 1053.80)
31:  [2026-08-18 04:14:00.802128] iteration      269/   18141 | consumed samples:        77472 | elapsed time per iteration (ms): 1609.4 | throughput per GPU (TFLOP/s/GPU): 362.2 | learning rate: 2.152000E-04 | global batch size:   288 | lm loss: 4.827615E+00 | loss scale: 1.0 | grad norm: 1.155 | params norm: 665.067 | number of skipped iterations:   0 | number of nan iterations:   0 |
31: INFO:megatron.core.timers:(min, max) time across ranks (ms):
31:     forward-backward ...............................: (1590.50, 1590.62)
31:     embedding-grads-all-reduce .....................: (0.02, 0.02)
31:     all-grads-sync .................................: (0.17, 0.23)
31:     optimizer-copy-to-main-grad ....................: (0.16, 0.38)
31:     optimizer-inner-step ...........................: (0.56, 0.68)
31:     optimizer-copy-main-to-model-params ............: (0.34, 0.92)
31:     optimizer ......................................: (2.79, 3.37)
31:     batch-generator ................................: (4.14, 6.11)
31:     forward-compute ................................: (484.35, 533.49)
31:     backward-compute ...............................: (1050.35, 1103.08)
31:  [2026-08-18 04:14:02.412660] iteration      270/   18141 | consumed samples:        77760 | elapsed time per iteration (ms): 1610.4 | throughput per GPU (TFLOP/s/GPU): 362.3 | learning rate: 2.160000E-04 | global batch size:   288 | lm loss: 4.825057E+00 | loss scale: 1.0 | grad norm: 1.071 | params norm: 665.129 | number of skipped iterations:   0 | number of nan iterations:   0 |
31: INFO:megatron.core.timers:(min, max) time across ranks (ms):
31:     forward-backward ...............................: (1591.60, 1591.78)
31:     embedding-grads-all-reduce .....................: (0.02, 0.02)
31:     all-grads-sync .................................: (0.16, 0.23)
31:     optimizer-copy-to-main-grad ....................: (0.15, 0.39)
31:     optimizer-inner-step ...........................: (0.55, 0.66)
31:     optimizer-copy-main-to-model-params ............: (0.32, 0.95)
31:     optimizer ......................................: (2.78, 3.43)
31:     batch-generator ................................: (4.19, 5.80)
31:     forward-compute ................................: (493.32, 543.11)
31:     backward-compute ...............................: (1045.09, 1093.42)
31:  [2026-08-18 04:14:04.058522] iteration      271/   18141 | consumed samples:        78048 | elapsed time per iteration (ms): 1645.7 | throughput per GPU (TFLOP/s/GPU): 356.7 | learning rate: 2.168000E-04 | global batch size:   288 | lm loss: 4.820860E+00 | loss scale: 1.0 | grad norm: 0.997 | params norm: 665.191 | number of skipped iterations:   0 | number of nan iterations:   0 |
31: INFO:megatron.core.timers:(min, max) time across ranks (ms):
31:     forward-backward ...............................: (1626.67, 1626.80)
31:     embedding-grads-all-reduce .....................: (0.02, 0.02)
31:     all-grads-sync .................................: (0.17, 0.24)
31:     optimizer-copy-to-main-grad ....................: (0.15, 0.38)
31:     optimizer-inner-step ...........................: (0.54, 0.67)
31:     optimizer-copy-main-to-model-params ............: (0.32, 0.96)
31:     optimizer ......................................: (2.74, 3.38)
31:     batch-generator ................................: (4.20, 8.25)
31:     forward-compute ................................: (497.03, 551.45)
31:     backward-compute ...............................: (1071.74, 1125.83)
31:  [2026-08-18 04:14:05.654718] iteration      272/   18141 | consumed samples:        78336 | elapsed time per iteration (ms): 1595.8 | throughput per GPU (TFLOP/s/GPU): 366.9 | learning rate: 2.176000E-04 | global batch size:   288 | lm loss: 4.815519E+00 | loss scale: 1.0 | grad norm: 1.161 | params norm: 665.253 | number of skipped iterations:   0 | number of nan iterations:   0 |
31: INFO:megatron.core.timers:(min, max) time across ranks (ms):
31:     forward-backward ...............................: (1576.88, 1577.03)
31:     embedding-grads-all-reduce .....................: (0.02, 0.02)
31:     all-grads-sync .................................: (0.17, 0.24)
31:     optimizer-copy-to-main-grad ....................: (0.15, 0.39)
31:     optimizer-inner-step ...........................: (0.56, 0.68)
31:     optimizer-copy-main-to-model-params ............: (0.31, 0.94)
31:     optimizer ......................................: (2.76, 3.40)
31:     batch-generator ................................: (4.11, 6.41)
31:     forward-compute ................................: (487.62, 527.59)
31:     backward-compute ...............................: (1045.15, 1083.77)
31:  [2026-08-18 04:14:07.223746] iteration      273/   18141 | consumed samples:        78624 | elapsed time per iteration (ms): 1568.9 | throughput per GPU (TFLOP/s/GPU): 372.0 | learning rate: 2.184000E-04 | global batch size:   288 | lm loss: 4.794683E+00 | loss scale: 1.0 | grad norm: 0.967 | params norm: 665.314 | number of skipped iterations:   0 | number of nan iterations:   0 |
31: INFO:megatron.core.timers:(min, max) time across ranks (ms):
31:     forward-backward ...............................: (1549.79, 1549.92)
31:     embedding-grads-all-reduce .....................: (0.02, 0.02)
31:     all-grads-sync .................................: (0.16, 0.21)
31:     optimizer-copy-to-main-grad ....................: (0.16, 0.37)
31:     optimizer-inner-step ...........................: (0.57, 0.70)
31:     optimizer-copy-main-to-model-params ............: (0.31, 1.00)
31:     optimizer ......................................: (2.80, 3.50)
31:     batch-generator ................................: (4.03, 6.12)
31:     forward-compute ................................: (487.52, 523.13)
31:     backward-compute ...............................: (1022.51, 1056.75)
31:  [2026-08-18 04:14:08.807262] iteration      274/   18141 | consumed samples:        78912 | elapsed time per iteration (ms): 1583.1 | throughput per GPU (TFLOP/s/GPU): 369.3 | learning rate: 2.192000E-04 | global batch size:   288 | lm loss: 4.806232E+00 | loss scale: 1.0 | grad norm: 1.037 | params norm: 665.376 | number of skipped iterations:   0 | number of nan iterations:   0 |
31: INFO:megatron.core.timers:(min, max) time across ranks (ms):
31:     forward-backward ...............................: (1564.02, 1564.14)
31:     embedding-grads-all-reduce .....................: (0.02, 0.02)
31:     all-grads-sync .................................: (0.17, 0.23)
31:     optimizer-copy-to-main-grad ....................: (0.16, 0.39)
31:     optimizer-inner-step ...........................: (0.56, 0.68)
31:     optimizer-copy-main-to-model-params ............: (0.32, 0.93)
31:     optimizer ......................................: (2.77, 3.37)
31:     batch-generator ................................: (3.98, 7.47)
31:     forward-compute ................................: (492.38, 529.35)
31:     backward-compute ...............................: (1030.50, 1063.84)
31:  [2026-08-18 04:14:10.378278] iteration      275/   18141 | consumed samples:        79200 | elapsed time per iteration (ms): 1570.7 | throughput per GPU (TFLOP/s/GPU): 370.5 | learning rate: 2.200000E-04 | global batch size:   288 | lm loss: 4.796422E+00 | loss scale: 1.0 | grad norm: 1.177 | params norm: 665.437 | number of skipped iterations:   0 | number of nan iterations:   0 |
31: INFO:megatron.core.timers:(min, max) time across ranks (ms):
31:     forward-backward ...............................: (1551.45, 1551.58)
31:     embedding-grads-all-reduce .....................: (0.02, 0.02)
31:     all-grads-sync .................................: (0.17, 0.22)
31:     optimizer-copy-to-main-grad ....................: (0.16, 0.37)
31:     optimizer-inner-step ...........................: (0.57, 0.67)
31:     optimizer-copy-main-to-model-params ............: (0.32, 0.98)
31:     optimizer ......................................: (2.77, 3.43)
31:     batch-generator ................................: (4.16, 7.74)
31:     forward-compute ................................: (483.64, 526.19)
31:     backward-compute ...............................: (1018.45, 1064.29)
31:  [2026-08-18 04:14:11.967059] iteration      276/   18141 | consumed samples:        79488 | elapsed time per iteration (ms): 1588.7 | throughput per GPU (TFLOP/s/GPU): 367.6 | learning rate: 2.208000E-04 | global batch size:   288 | lm loss: 4.782715E+00 | loss scale: 1.0 | grad norm: 0.957 | params norm: 665.499 | number of skipped iterations:   0 | number of nan iterations:   0 |
31: INFO:megatron.core.timers:(min, max) time across ranks (ms):
31:     forward-backward ...............................: (1569.03, 1569.20)
31:     embedding-grads-all-reduce .....................: (0.02, 0.02)
31:     all-grads-sync .................................: (0.16, 0.23)
31:     optimizer-copy-to-main-grad ....................: (0.15, 0.38)
31:     optimizer-inner-step ...........................: (0.57, 0.69)
31:     optimizer-copy-main-to-model-params ............: (0.32, 1.01)
31:     optimizer ......................................: (2.79, 3.47)
31:     batch-generator ................................: (4.15, 5.13)
31:     forward-compute ................................: (488.81, 529.29)
31:     backward-compute ...............................: (1033.14, 1076.06)
31:  [2026-08-18 04:14:13.596989] iteration      277/   18141 | consumed samples:        79776 | elapsed time per iteration (ms): 1629.8 | throughput per GPU (TFLOP/s/GPU): 359.1 | learning rate: 2.216000E-04 | global batch size:   288 | lm loss: 4.800653E+00 | loss scale: 1.0 | grad norm: 1.263 | params norm: 665.561 | number of skipped iterations:   0 | number of nan iterations:   0 |
31: INFO:megatron.core.timers:(min, max) time across ranks (ms):
31:     forward-backward ...............................: (1610.58, 1610.78)
31:     embedding-grads-all-reduce .....................: (0.02, 0.02)
31:     all-grads-sync .................................: (0.17, 0.24)
31:     optimizer-copy-to-main-grad ....................: (0.16, 0.43)
31:     optimizer-inner-step ...........................: (0.56, 0.68)
31:     optimizer-copy-main-to-model-params ............: (0.32, 0.94)
31:     optimizer ......................................: (2.77, 3.39)
31:     batch-generator ................................: (4.01, 5.47)
31:     forward-compute ................................: (493.08, 535.13)
31:     backward-compute ...............................: (1070.07, 1113.52)
31:  [2026-08-18 04:14:15.197329] iteration      278/   18141 | consumed samples:        80064 | elapsed time per iteration (ms): 1600.1 | throughput per GPU (TFLOP/s/GPU): 364.4 | learning rate: 2.224000E-04 | global batch size:   288 | lm loss: 4.775578E+00 | loss scale: 1.0 | grad norm: 0.750 | params norm: 665.623 | number of skipped iterations:   0 | number of nan iterations:   0 |
31: INFO:megatron.core.timers:(min, max) time across ranks (ms):
31:     forward-backward ...............................: (1580.93, 1581.12)
31:     embedding-grads-all-reduce .....................: (0.01, 0.02)
31:     all-grads-sync .................................: (0.17, 0.23)
31:     optimizer-copy-to-main-grad ....................: (0.16, 0.37)
31:     optimizer-inner-step ...........................: (0.57, 0.68)
31:     optimizer-copy-main-to-model-params ............: (0.31, 0.93)
31:     optimizer ......................................: (2.78, 3.41)
31:     batch-generator ................................: (4.22, 6.71)
31:     forward-compute ................................: (494.26, 531.11)
31:     backward-compute ...............................: (1043.98, 1080.70)
31:  [2026-08-18 04:14:16.777083] iteration      279/   18141 | consumed samples:        80352 | elapsed time per iteration (ms): 1579.6 | throughput per GPU (TFLOP/s/GPU): 368.1 | learning rate: 2.232000E-04 | global batch size:   288 | lm loss: 4.780820E+00 | loss scale: 1.0 | grad norm: 0.965 | params norm: 665.685 | number of skipped iterations:   0 | number of nan iterations:   0 |
31: INFO:megatron.core.timers:(min, max) time across ranks (ms):
31:     forward-backward ...............................: (1560.54, 1560.69)
31:     embedding-grads-all-reduce .....................: (0.02, 0.02)
31:     all-grads-sync .................................: (0.17, 0.23)
31:     optimizer-copy-to-main-grad ....................: (0.16, 0.37)
31:     optimizer-inner-step ...........................: (0.57, 0.68)
31:     optimizer-copy-main-to-model-params ............: (0.31, 0.88)
31:     optimizer ......................................: (2.73, 3.30)
31:     batch-generator ................................: (4.05, 5.12)
31:     forward-compute ................................: (480.07, 526.26)
31:     backward-compute ...............................: (1029.37, 1074.16)
31:  [2026-08-18 04:14:18.399111] iteration      280/   18141 | consumed samples:        80640 | elapsed time per iteration (ms): 1621.8 | throughput per GPU (TFLOP/s/GPU): 361.5 | learning rate: 2.240000E-04 | global batch size:   288 | lm loss: 4.765001E+00 | loss scale: 1.0 | grad norm: 1.111 | params norm: 665.747 | number of skipped iterations:   0 | number of nan iterations:   0 |
31: INFO:megatron.core.timers:(min, max) time across ranks (ms):
31:     forward-backward ...............................: (1602.75, 1602.89)
31:     embedding-grads-all-reduce .....................: (0.02, 0.04)
31:     all-grads-sync .................................: (0.17, 0.23)
31:     optimizer-copy-to-main-grad ....................: (0.16, 0.38)
31:     optimizer-inner-step ...........................: (0.57, 0.70)
31:     optimizer-copy-main-to-model-params ............: (0.31, 1.00)
31:     optimizer ......................................: (2.78, 3.47)
31:     batch-generator ................................: (4.09, 5.57)
31:     forward-compute ................................: (492.74, 537.28)
31:     backward-compute ...............................: (1062.35, 1104.34)
31:  [2026-08-18 04:14:19.986363] iteration      281/   18141 | consumed samples:        80928 | elapsed time per iteration (ms): 1587.0 | throughput per GPU (TFLOP/s/GPU): 368.0 | learning rate: 2.248000E-04 | global batch size:   288 | lm loss: 4.746836E+00 | loss scale: 1.0 | grad norm: 0.876 | params norm: 665.809 | number of skipped iterations:   0 | number of nan iterations:   0 |
31: INFO:megatron.core.timers:(min, max) time across ranks (ms):
31:     forward-backward ...............................: (1567.77, 1567.91)
31:     embedding-grads-all-reduce .....................: (0.01, 0.02)
31:     all-grads-sync .................................: (0.17, 0.25)
31:     optimizer-copy-to-main-grad ....................: (0.16, 0.38)
31:     optimizer-inner-step ...........................: (0.56, 0.71)
31:     optimizer-copy-main-to-model-params ............: (0.31, 0.91)
31:     optimizer ......................................: (2.75, 3.36)
31:     batch-generator ................................: (4.00, 5.98)
31:     forward-compute ................................: (493.51, 535.03)
31:     backward-compute ...............................: (1028.31, 1069.68)
31:  [2026-08-18 04:14:21.629802] iteration      282/   18141 | consumed samples:        81216 | elapsed time per iteration (ms): 1643.2 | throughput per GPU (TFLOP/s/GPU): 357.6 | learning rate: 2.256000E-04 | global batch size:   288 | lm loss: 4.760402E+00 | loss scale: 1.0 | grad norm: 1.196 | params norm: 665.870 | number of skipped iterations:   0 | number of nan iterations:   0 |
31: INFO:megatron.core.timers:(min, max) time across ranks (ms):
31:     forward-backward ...............................: (1623.40, 1623.58)
31:     embedding-grads-all-reduce .....................: (0.02, 0.02)
31:     all-grads-sync .................................: (0.16, 0.24)
31:     optimizer-copy-to-main-grad ....................: (0.16, 0.38)
31:     optimizer-inner-step ...........................: (0.56, 0.67)
31:     optimizer-copy-main-to-model-params ............: (0.32, 0.93)
31:     optimizer ......................................: (2.78, 3.39)
31:     batch-generator ................................: (4.23, 10.89)
31:     forward-compute ................................: (497.66, 547.01)
31:     backward-compute ...............................: (1068.60, 1121.65)
31:  [2026-08-18 04:14:23.210501] iteration      283/   18141 | consumed samples:        81504 | elapsed time per iteration (ms): 1580.5 | throughput per GPU (TFLOP/s/GPU): 369.5 | learning rate: 2.264000E-04 | global batch size:   288 | lm loss: 4.759883E+00 | loss scale: 1.0 | grad norm: 0.972 | params norm: 665.932 | number of skipped iterations:   0 | number of nan iterations:   0 |
31: INFO:megatron.core.timers:(min, max) time across ranks (ms):
31:     forward-backward ...............................: (1561.03, 1561.11)
31:     embedding-grads-all-reduce .....................: (0.01, 0.02)
31:     all-grads-sync .................................: (0.17, 0.24)
31:     optimizer-copy-to-main-grad ....................: (0.16, 0.39)
31:     optimizer-inner-step ...........................: (0.57, 0.68)
31:     optimizer-copy-main-to-model-params ............: (0.29, 0.97)
31:     optimizer ......................................: (2.73, 3.41)
31:     batch-generator ................................: (4.15, 5.24)
31:     forward-compute ................................: (498.07, 526.18)
31:     backward-compute ...............................: (1031.00, 1056.36)
31:  [2026-08-18 04:14:24.808370] iteration      284/   18141 | consumed samples:        81792 | elapsed time per iteration (ms): 1597.8 | throughput per GPU (TFLOP/s/GPU): 364.2 | learning rate: 2.272000E-04 | global batch size:   288 | lm loss: 4.717043E+00 | loss scale: 1.0 | grad norm: 1.100 | params norm: 665.994 | number of skipped iterations:   0 | number of nan iterations:   0 |
31: INFO:megatron.core.timers:(min, max) time across ranks (ms):
31:     forward-backward ...............................: (1578.17, 1578.30)
31:     embedding-grads-all-reduce .....................: (0.02, 0.02)
31:     all-grads-sync .................................: (0.16, 0.22)
31:     optimizer-copy-to-main-grad ....................: (0.16, 0.39)
31:     optimizer-inner-step ...........................: (0.57, 0.69)
31:     optimizer-copy-main-to-model-params ............: (0.30, 0.96)
31:     optimizer ......................................: (2.78, 3.44)
31:     batch-generator ................................: (4.05, 5.99)
31:     forward-compute ................................: (491.85, 532.06)
31:     backward-compute ...............................: (1039.91, 1082.04)
31:  [2026-08-18 04:14:26.456126] iteration      285/   18141 | consumed samples:        82080 | elapsed time per iteration (ms): 1647.5 | throughput per GPU (TFLOP/s/GPU): 356.8 | learning rate: 2.280000E-04 | global batch size:   288 | lm loss: 4.749334E+00 | loss scale: 1.0 | grad norm: 0.925 | params norm: 666.056 | number of skipped iterations:   0 | number of nan iterations:   0 |
31: INFO:megatron.core.timers:(min, max) time across ranks (ms):
31:     forward-backward ...............................: (1628.41, 1628.53)
31:     embedding-grads-all-reduce .....................: (0.02, 0.02)
31:     all-grads-sync .................................: (0.17, 0.23)
31:     optimizer-copy-to-main-grad ....................: (0.16, 0.39)
31:     optimizer-inner-step ...........................: (0.56, 0.69)
31:     optimizer-copy-main-to-model-params ............: (0.32, 0.97)
31:     optimizer ......................................: (2.76, 3.42)
31:     batch-generator ................................: (4.16, 5.80)
31:     forward-compute ................................: (494.20, 540.45)
31:     backward-compute ...............................: (1084.77, 1128.17)
31:  [2026-08-18 04:14:28.038598] iteration      286/   18141 | consumed samples:        82368 | elapsed time per iteration (ms): 1582.3 | throughput per GPU (TFLOP/s/GPU): 369.2 | learning rate: 2.288000E-04 | global batch size:   288 | lm loss: 4.748634E+00 | loss scale: 1.0 | grad norm: 1.337 | params norm: 666.118 | number of skipped iterations:   0 | number of nan iterations:   0 |
31: INFO:megatron.core.timers:(min, max) time across ranks (ms):
31:     forward-backward ...............................: (1563.32, 1563.47)
31:     embedding-grads-all-reduce .....................: (0.02, 0.02)
31:     all-grads-sync .................................: (0.17, 0.23)
31:     optimizer-copy-to-main-grad ....................: (0.16, 0.39)
31:     optimizer-inner-step ...........................: (0.57, 0.68)
31:     optimizer-copy-main-to-model-params ............: (0.31, 1.00)
31:     optimizer ......................................: (2.75, 3.44)
31:     batch-generator ................................: (4.21, 7.11)
31:     forward-compute ................................: (489.67, 531.37)
31:     backward-compute ...............................: (1028.50, 1069.90)
31:  [2026-08-18 04:14:29.643349] iteration      287/   18141 | consumed samples:        82656 | elapsed time per iteration (ms): 1604.5 | throughput per GPU (TFLOP/s/GPU): 364.9 | learning rate: 2.296000E-04 | global batch size:   288 | lm loss: 4.739119E+00 | loss scale: 1.0 | grad norm: 0.914 | params norm: 666.179 | number of skipped iterations:   0 | number of nan iterations:   0 |
31: INFO:megatron.core.timers:(min, max) time across ranks (ms):
31:     forward-backward ...............................: (1585.72, 1585.87)
31:     embedding-grads-all-reduce .....................: (0.01, 0.02)
31:     all-grads-sync .................................: (0.17, 0.25)
31:     optimizer-copy-to-main-grad ....................: (0.16, 0.39)
31:     optimizer-inner-step ...........................: (0.56, 0.68)
31:     optimizer-copy-main-to-model-params ............: (0.31, 0.96)
31:     optimizer ......................................: (2.73, 3.38)
31:     batch-generator ................................: (4.14, 5.46)
31:     forward-compute ................................: (492.14, 535.85)
31:     backward-compute ...............................: (1043.99, 1088.72)
31:  [2026-08-18 04:14:42.695982] iteration      288/   18141 | consumed samples:        82944 | elapsed time per iteration (ms): 13052.3 | throughput per GPU (TFLOP/s/GPU): 44.8 | learning rate: 2.304000E-04 | global batch size:   288 | lm loss: 4.740897E+00 | loss scale: 1.0 | grad norm: 1.025 | params norm: 666.240 | number of skipped iterations:   0 | number of nan iterations:   0 |
31: INFO:megatron.core.timers:(min, max) time across ranks (ms):
31:     forward-backward ...............................: (13033.27, 13033.52)
31:     embedding-grads-all-reduce .....................: (0.02, 0.02)
31:     all-grads-sync .................................: (0.18, 0.26)
31:     optimizer-copy-to-main-grad ....................: (0.16, 0.40)
31:     optimizer-inner-step ...........................: (0.58, 0.71)
31:     optimizer-copy-main-to-model-params ............: (0.30, 0.85)
31:     optimizer ......................................: (2.80, 3.36)
31:     batch-generator ................................: (4.39, 11530.68)
31:     forward-compute ................................: (518.21, 12028.68)
31:     backward-compute ...............................: (1000.06, 12508.67)
31:  [2026-08-18 04:14:44.310942] iteration      289/   18141 | consumed samples:        83232 | elapsed time per iteration (ms): 1614.9 | throughput per GPU (TFLOP/s/GPU): 361.9 | learning rate: 2.312000E-04 | global batch size:   288 | lm loss: 4.721888E+00 | loss scale: 1.0 | grad norm: 1.145 | params norm: 666.302 | number of skipped iterations:   0 | number of nan iterations:   0 |
31: INFO:megatron.core.timers:(min, max) time across ranks (ms):
31:     forward-backward ...............................: (1595.90, 1596.03)
31:     embedding-grads-all-reduce .....................: (0.01, 0.02)
31:     all-grads-sync .................................: (0.17, 0.23)
31:     optimizer-copy-to-main-grad ....................: (0.16, 0.37)
31:     optimizer-inner-step ...........................: (0.57, 0.67)
31:     optimizer-copy-main-to-model-params ............: (0.31, 0.95)
31:     optimizer ......................................: (2.72, 3.38)
31:     batch-generator ................................: (4.25, 6.41)
31:     forward-compute ................................: (489.99, 532.89)
31:     backward-compute ...............................: (1059.35, 1101.65)
31:  [2026-08-18 04:14:45.911103] iteration      290/   18141 | consumed samples:        83520 | elapsed time per iteration (ms): 1599.7 | throughput per GPU (TFLOP/s/GPU): 365.9 | learning rate: 2.320000E-04 | global batch size:   288 | lm loss: 4.710106E+00 | loss scale: 1.0 | grad norm: 0.938 | params norm: 666.363 | number of skipped iterations:   0 | number of nan iterations:   0 |
31: INFO:megatron.core.timers:(min, max) time across ranks (ms):
31:     forward-backward ...............................: (1581.37, 1581.50)
31:     embedding-grads-all-reduce .....................: (0.02, 0.02)
31:     all-grads-sync .................................: (0.16, 0.22)
31:     optimizer-copy-to-main-grad ....................: (0.15, 0.39)
31:     optimizer-inner-step ...........................: (0.57, 0.69)
31:     optimizer-copy-main-to-model-params ............: (0.31, 0.93)
31:     optimizer ......................................: (2.72, 3.34)
31:     batch-generator ................................: (4.19, 5.37)
31:     forward-compute ................................: (493.32, 529.89)
31:     backward-compute ...............................: (1047.20, 1084.85)
31:  [2026-08-18 04:14:47.515357] iteration      291/   18141 | consumed samples:        83808 | elapsed time per iteration (ms): 1604.0 | throughput per GPU (TFLOP/s/GPU): 363.8 | learning rate: 2.328000E-04 | global batch size:   288 | lm loss: 4.728686E+00 | loss scale: 1.0 | grad norm: 1.143 | params norm: 666.425 | number of skipped iterations:   0 | number of nan iterations:   0 |
31: INFO:megatron.core.timers:(min, max) time across ranks (ms):
31:     forward-backward ...............................: (1584.83, 1584.97)
31:     embedding-grads-all-reduce .....................: (0.02, 0.02)
31:     all-grads-sync .................................: (0.17, 0.23)
31:     optimizer-copy-to-main-grad ....................: (0.16, 0.40)
31:     optimizer-inner-step ...........................: (0.56, 0.69)
31:     optimizer-copy-main-to-model-params ............: (0.32, 0.95)
31:     optimizer ......................................: (2.79, 3.45)
31:     batch-generator ................................: (4.08, 5.94)
31:     forward-compute ................................: (484.83, 528.98)
31:     backward-compute ...............................: (1050.50, 1096.45)
31:  [2026-08-18 04:14:49.108548] iteration      292/   18141 | consumed samples:        84096 | elapsed time per iteration (ms): 1592.8 | throughput per GPU (TFLOP/s/GPU): 368.9 | learning rate: 2.336000E-04 | global batch size:   288 | lm loss: 4.721197E+00 | loss scale: 1.0 | grad norm: 1.029 | params norm: 666.487 | number of skipped iterations:   0 | number of nan iterations:   0 |
31: INFO:megatron.core.timers:(min, max) time across ranks (ms):
31:     forward-backward ...............................: (1573.79, 1573.93)
31:     embedding-grads-all-reduce .....................: (0.01, 0.02)
31:     all-grads-sync .................................: (0.17, 0.23)
31:     optimizer-copy-to-main-grad ....................: (0.16, 0.36)
31:     optimizer-inner-step ...........................: (0.56, 0.70)
31:     optimizer-copy-main-to-model-params ............: (0.32, 0.94)
31:     optimizer ......................................: (2.78, 3.41)
31:     batch-generator ................................: (4.13, 7.77)
31:     forward-compute ................................: (493.98, 533.56)
31:     backward-compute ...............................: (1034.15, 1074.25)
31:  [2026-08-18 04:14:50.714574] iteration      293/   18141 | consumed samples:        84384 | elapsed time per iteration (ms): 1606.1 | throughput per GPU (TFLOP/s/GPU): 364.2 | learning rate: 2.344000E-04 | global batch size:   288 | lm loss: 4.721613E+00 | loss scale: 1.0 | grad norm: 1.330 | params norm: 666.549 | number of skipped iterations:   0 | number of nan iterations:   0 |
31: INFO:megatron.core.timers:(min, max) time across ranks (ms):
31:     forward-backward ...............................: (1586.89, 1586.99)
31:     embedding-grads-all-reduce .....................: (0.01, 0.03)
31:     all-grads-sync .................................: (0.17, 0.23)
31:     optimizer-copy-to-main-grad ....................: (0.16, 0.41)
31:     optimizer-inner-step ...........................: (0.57, 0.67)
31:     optimizer-copy-main-to-model-params ............: (0.32, 0.99)
31:     optimizer ......................................: (2.77, 3.45)
31:     batch-generator ................................: (4.19, 6.37)
31:     forward-compute ................................: (497.75, 535.34)
31:     backward-compute ...............................: (1045.00, 1084.68)
31:  [2026-08-18 04:14:52.319192] iteration      294/   18141 | consumed samples:        84672 | elapsed time per iteration (ms): 1604.3 | throughput per GPU (TFLOP/s/GPU): 363.6 | learning rate: 2.352000E-04 | global batch size:   288 | lm loss: 4.660213E+00 | loss scale: 1.0 | grad norm: 1.098 | params norm: 666.611 | number of skipped iterations:   0 | number of nan iterations:   0 |
31: INFO:megatron.core.timers:(min, max) time across ranks (ms):
31:     forward-backward ...............................: (1585.20, 1585.33)
31:     embedding-grads-all-reduce .....................: (0.01, 0.02)
31:     all-grads-sync .................................: (0.17, 0.25)
31:     optimizer-copy-to-main-grad ....................: (0.15, 0.41)
31:     optimizer-inner-step ...........................: (0.56, 0.67)
31:     optimizer-copy-main-to-model-params ............: (0.30, 0.98)
31:     optimizer ......................................: (2.76, 3.45)
31:     batch-generator ................................: (4.18, 7.02)
31:     forward-compute ................................: (491.75, 536.18)
31:     backward-compute ...............................: (1043.64, 1090.38)
31:  [2026-08-18 04:14:53.950104] iteration      295/   18141 | consumed samples:        84960 | elapsed time per iteration (ms): 1630.8 | throughput per GPU (TFLOP/s/GPU): 361.3 | learning rate: 2.360000E-04 | global batch size:   288 | lm loss: 4.715022E+00 | loss scale: 1.0 | grad norm: 1.321 | params norm: 666.673 | number of skipped iterations:   0 | number of nan iterations:   0 |
31: INFO:megatron.core.timers:(min, max) time across ranks (ms):
31:     forward-backward ...............................: (1612.11, 1612.24)
31:     embedding-grads-all-reduce .....................: (0.02, 0.02)
31:     all-grads-sync .................................: (0.17, 0.23)
31:     optimizer-copy-to-main-grad ....................: (0.15, 0.40)
31:     optimizer-inner-step ...........................: (0.56, 0.69)
31:     optimizer-copy-main-to-model-params ............: (0.30, 0.94)
31:     optimizer ......................................: (2.76, 3.41)
31:     batch-generator ................................: (4.21, 5.76)
31:     forward-compute ................................: (498.52, 542.87)
31:     backward-compute ...............................: (1065.83, 1108.21)
31:  [2026-08-18 04:14:55.545801] iteration      296/   18141 | consumed samples:        85248 | elapsed time per iteration (ms): 1595.5 | throughput per GPU (TFLOP/s/GPU): 368.4 | learning rate: 2.368000E-04 | global batch size:   288 | lm loss: 4.763450E+00 | loss scale: 1.0 | grad norm: 1.431 | params norm: 666.734 | number of skipped iterations:   0 | number of nan iterations:   0 |
31: INFO:megatron.core.timers:(min, max) time across ranks (ms):
31:     forward-backward ...............................: (1577.30, 1577.43)
31:     embedding-grads-all-reduce .....................: (0.01, 0.02)
31:     all-grads-sync .................................: (0.17, 0.23)
31:     optimizer-copy-to-main-grad ....................: (0.15, 0.37)
31:     optimizer-inner-step ...........................: (0.57, 0.69)
31:     optimizer-copy-main-to-model-params ............: (0.30, 0.92)
31:     optimizer ......................................: (2.70, 3.33)
31:     batch-generator ................................: (4.24, 5.84)
31:     forward-compute ................................: (486.91, 529.96)
31:     backward-compute ...............................: (1043.24, 1086.27)
31:  [2026-08-18 04:14:57.126172] iteration      297/   18141 | consumed samples:        85536 | elapsed time per iteration (ms): 1580.2 | throughput per GPU (TFLOP/s/GPU): 370.6 | learning rate: 2.376000E-04 | global batch size:   288 | lm loss: 4.670597E+00 | loss scale: 1.0 | grad norm: 0.899 | params norm: 666.796 | number of skipped iterations:   0 | number of nan iterations:   0 |
31: INFO:megatron.core.timers:(min, max) time across ranks (ms):
31:     forward-backward ...............................: (1561.06, 1561.17)
31:     embedding-grads-all-reduce .....................: (0.02, 0.02)
31:     all-grads-sync .................................: (0.17, 0.23)
31:     optimizer-copy-to-main-grad ....................: (0.16, 0.35)
31:     optimizer-inner-step ...........................: (0.57, 0.69)
31:     optimizer-copy-main-to-model-params ............: (0.33, 1.05)
31:     optimizer ......................................: (2.76, 3.48)
31:     batch-generator ................................: (4.14, 5.79)
31:     forward-compute ................................: (490.05, 529.28)
31:     backward-compute ...............................: (1028.37, 1067.02)
31:  [2026-08-18 04:14:58.714440] iteration      298/   18141 | consumed samples:        85824 | elapsed time per iteration (ms): 1587.8 | throughput per GPU (TFLOP/s/GPU): 367.2 | learning rate: 2.384000E-04 | global batch size:   288 | lm loss: 4.681947E+00 | loss scale: 1.0 | grad norm: 1.155 | params norm: 666.859 | number of skipped iterations:   0 | number of nan iterations:   0 |
31: INFO:megatron.core.timers:(min, max) time across ranks (ms):
31:     forward-backward ...............................: (1568.69, 1568.82)
31:     embedding-grads-all-reduce .....................: (0.02, 0.02)
31:     all-grads-sync .................................: (0.17, 0.24)
31:     optimizer-copy-to-main-grad ....................: (0.16, 0.36)
31:     optimizer-inner-step ...........................: (0.56, 0.68)
31:     optimizer-copy-main-to-model-params ............: (0.30, 1.07)
31:     optimizer ......................................: (2.71, 3.47)
31:     batch-generator ................................: (4.28, 6.60)
31:     forward-compute ................................: (492.97, 530.01)
31:     backward-compute ...............................: (1032.55, 1070.39)
31:  [2026-08-18 04:15:00.281599] iteration      299/   18141 | consumed samples:        86112 | elapsed time per iteration (ms): 1566.9 | throughput per GPU (TFLOP/s/GPU): 372.8 | learning rate: 2.392000E-04 | global batch size:   288 | lm loss: 4.704981E+00 | loss scale: 1.0 | grad norm: 1.281 | params norm: 666.921 | number of skipped iterations:   0 | number of nan iterations:   0 |
31: INFO:megatron.core.timers:(min, max) time across ranks (ms):
31:     forward-backward ...............................: (1548.28, 1548.44)
31:     embedding-grads-all-reduce .....................: (0.02, 0.02)
31:     all-grads-sync .................................: (0.16, 0.23)
31:     optimizer-copy-to-main-grad ....................: (0.16, 0.41)
31:     optimizer-inner-step ...........................: (0.57, 0.68)
31:     optimizer-copy-main-to-model-params ............: (0.32, 0.93)
31:     optimizer ......................................: (2.79, 3.40)
31:     batch-generator ................................: (4.07, 7.13)
31:     forward-compute ................................: (490.95, 527.63)
31:     backward-compute ...............................: (1014.98, 1052.17)
31:  [2026-08-18 04:15:01.913315] iteration      300/   18141 | consumed samples:        86400 | elapsed time per iteration (ms): 1631.5 | throughput per GPU (TFLOP/s/GPU): 359.1 | learning rate: 2.400000E-04 | global batch size:   288 | lm loss: 4.692939E+00 | loss scale: 1.0 | grad norm: 1.137 | params norm: 666.984 | number of skipped iterations:   0 | number of nan iterations:   0 |
31: INFO:megatron.core.timers:(min, max) time across ranks (ms):
31:     forward-backward ...............................: (1612.65, 1612.76)
31:     embedding-grads-all-reduce .....................: (0.01, 0.02)
31:     all-grads-sync .................................: (0.16, 0.22)
31:     optimizer-copy-to-main-grad ....................: (0.15, 0.39)
31:     optimizer-inner-step ...........................: (0.56, 0.67)
31:     optimizer-copy-main-to-model-params ............: (0.32, 0.95)
31:     optimizer ......................................: (2.78, 3.40)
31:     batch-generator ................................: (3.99, 6.12)
31:     forward-compute ................................: (490.61, 539.45)
31:     backward-compute ...............................: (1069.26, 1118.16)
31:  [2026-08-18 04:15:03.542128] iteration      301/   18141 | consumed samples:        86688 | elapsed time per iteration (ms): 1628.6 | throughput per GPU (TFLOP/s/GPU): 359.3 | learning rate: 2.408000E-04 | global batch size:   288 | lm loss: 4.700231E+00 | loss scale: 1.0 | grad norm: 1.124 | params norm: 667.048 | number of skipped iterations:   0 | number of nan iterations:   0 |
31: INFO:megatron.core.timers:(min, max) time across ranks (ms):
31:     forward-backward ...............................: (1609.60, 1609.73)
31:     embedding-grads-all-reduce .....................: (0.01, 0.02)
31:     all-grads-sync .................................: (0.17, 0.23)
31:     optimizer-copy-to-main-grad ....................: (0.16, 0.41)
31:     optimizer-inner-step ...........................: (0.56, 0.69)
31:     optimizer-copy-main-to-model-params ............: (0.31, 1.01)
31:     optimizer ......................................: (2.80, 3.51)
31:     batch-generator ................................: (4.06, 9.14)
31:     forward-compute ................................: (492.03, 538.23)
31:     backward-compute ...............................: (1067.79, 1111.55)
31:  [2026-08-18 04:15:05.137300] iteration      302/   18141 | consumed samples:        86976 | elapsed time per iteration (ms): 1595.0 | throughput per GPU (TFLOP/s/GPU): 366.1 | learning rate: 2.416000E-04 | global batch size:   288 | lm loss: 4.715917E+00 | loss scale: 1.0 | grad norm: 1.596 | params norm: 667.111 | number of skipped iterations:   0 | number of nan iterations:   0 |
31: INFO:megatron.core.timers:(min, max) time across ranks (ms):
31:     forward-backward ...............................: (1576.07, 1576.17)
31:     embedding-grads-all-reduce .....................: (0.01, 0.02)
31:     all-grads-sync .................................: (0.16, 0.23)
31:     optimizer-copy-to-main-grad ....................: (0.16, 0.39)
31:     optimizer-inner-step ...........................: (0.56, 0.67)
31:     optimizer-copy-main-to-model-params ............: (0.30, 0.95)
31:     optimizer ......................................: (2.78, 3.43)
31:     batch-generator ................................: (4.14, 6.17)
31:     forward-compute ................................: (491.96, 523.49)
31:     backward-compute ...............................: (1048.12, 1079.18)
31:  [2026-08-18 04:15:06.810366] iteration      303/   18141 | consumed samples:        87264 | elapsed time per iteration (ms): 1672.9 | throughput per GPU (TFLOP/s/GPU): 352.7 | learning rate: 2.424000E-04 | global batch size:   288 | lm loss: 4.692255E+00 | loss scale: 1.0 | grad norm: 1.074 | params norm: 667.173 | number of skipped iterations:   0 | number of nan iterations:   0 |
31: INFO:megatron.core.timers:(min, max) time across ranks (ms):
31:     forward-backward ...............................: (1653.97, 1654.12)
31:     embedding-grads-all-reduce .....................: (0.01, 0.02)
31:     all-grads-sync .................................: (0.17, 0.23)
31:     optimizer-copy-to-main-grad ....................: (0.16, 0.38)
31:     optimizer-inner-step ...........................: (0.56, 0.66)
31:     optimizer-copy-main-to-model-params ............: (0.31, 0.96)
31:     optimizer ......................................: (2.71, 3.37)
31:     batch-generator ................................: (4.12, 6.00)
31:     forward-compute ................................: (500.62, 546.56)
31:     backward-compute ...............................: (1102.38, 1147.51)
31:  [2026-08-18 04:15:08.393285] iteration      304/   18141 | consumed samples:        87552 | elapsed time per iteration (ms): 1582.7 | throughput per GPU (TFLOP/s/GPU): 371.2 | learning rate: 2.432000E-04 | global batch size:   288 | lm loss: 4.741859E+00 | loss scale: 1.0 | grad norm: 2.125 | params norm: 667.235 | number of skipped iterations:   0 | number of nan iterations:   0 |
31: INFO:megatron.core.timers:(min, max) time across ranks (ms):
31:     forward-backward ...............................: (1563.70, 1563.90)
31:     embedding-grads-all-reduce .....................: (0.01, 0.02)
31:     all-grads-sync .................................: (0.16, 0.23)
31:     optimizer-copy-to-main-grad ....................: (0.15, 0.37)
31:     optimizer-inner-step ...........................: (0.56, 0.69)
31:     optimizer-copy-main-to-model-params ............: (0.30, 0.91)
31:     optimizer ......................................: (2.76, 3.37)
31:     batch-generator ................................: (4.29, 5.33)
31:     forward-compute ................................: (492.11, 534.00)
31:     backward-compute ...............................: (1025.77, 1066.50)
31:  [2026-08-18 04:15:10.011655] iteration      305/   18141 | consumed samples:        87840 | elapsed time per iteration (ms): 1618.1 | throughput per GPU (TFLOP/s/GPU): 361.1 | learning rate: 2.440000E-04 | global batch size:   288 | lm loss: 4.667132E+00 | loss scale: 1.0 | grad norm: 1.054 | params norm: 667.298 | number of skipped iterations:   0 | number of nan iterations:   0 |
31: INFO:megatron.core.timers:(min, max) time across ranks (ms):
31:     forward-backward ...............................: (1599.08, 1599.24)
31:     embedding-grads-all-reduce .....................: (0.02, 0.02)
31:     all-grads-sync .................................: (0.16, 0.22)
31:     optimizer-copy-to-main-grad ....................: (0.16, 0.41)
31:     optimizer-inner-step ...........................: (0.57, 0.69)
31:     optimizer-copy-main-to-model-params ............: (0.33, 1.04)
31:     optimizer ......................................: (2.82, 3.54)
31:     batch-generator ................................: (4.19, 6.15)
31:     forward-compute ................................: (490.07, 536.41)
31:     backward-compute ...............................: (1056.84, 1105.05)
31:  [2026-08-18 04:15:11.609046] iteration      306/   18141 | consumed samples:        88128 | elapsed time per iteration (ms): 1597.1 | throughput per GPU (TFLOP/s/GPU): 365.8 | learning rate: 2.448000E-04 | global batch size:   288 | lm loss: 4.691386E+00 | loss scale: 1.0 | grad norm: 1.581 | params norm: 667.361 | number of skipped iterations:   0 | number of nan iterations:   0 |
31: INFO:megatron.core.timers:(min, max) time across ranks (ms):
31:     forward-backward ...............................: (1577.97, 1578.10)
31:     embedding-grads-all-reduce .....................: (0.01, 0.02)
31:     all-grads-sync .................................: (0.17, 0.23)
31:     optimizer-copy-to-main-grad ....................: (0.15, 0.40)
31:     optimizer-inner-step ...........................: (0.57, 0.69)
31:     optimizer-copy-main-to-model-params ............: (0.31, 0.96)
31:     optimizer ......................................: (2.79, 3.44)
31:     batch-generator ................................: (4.13, 6.34)
31:     forward-compute ................................: (491.14, 528.59)
31:     backward-compute ...............................: (1042.83, 1081.97)
31:  [2026-08-18 04:15:13.198982] iteration      307/   18141 | consumed samples:        88416 | elapsed time per iteration (ms): 1589.7 | throughput per GPU (TFLOP/s/GPU): 367.6 | learning rate: 2.456000E-04 | global batch size:   288 | lm loss: 4.694162E+00 | loss scale: 1.0 | grad norm: 1.561 | params norm: 667.423 | number of skipped iterations:   0 | number of nan iterations:   0 |
31: INFO:megatron.core.timers:(min, max) time across ranks (ms):
31:     forward-backward ...............................: (1570.72, 1570.84)
31:     embedding-grads-all-reduce .....................: (0.01, 0.02)
31:     all-grads-sync .................................: (0.16, 0.23)
31:     optimizer-copy-to-main-grad ....................: (0.15, 0.40)
31:     optimizer-inner-step ...........................: (0.56, 0.68)
31:     optimizer-copy-main-to-model-params ............: (0.29, 1.04)
31:     optimizer ......................................: (2.73, 3.48)
31:     batch-generator ................................: (4.18, 6.66)
31:     forward-compute ................................: (493.06, 533.37)
31:     backward-compute ...............................: (1033.15, 1072.98)
31:  [2026-08-18 04:15:14.817227] iteration      308/   18141 | consumed samples:        88704 | elapsed time per iteration (ms): 1618.1 | throughput per GPU (TFLOP/s/GPU): 361.9 | learning rate: 2.464000E-04 | global batch size:   288 | lm loss: 4.668708E+00 | loss scale: 1.0 | grad norm: 1.581 | params norm: 667.485 | number of skipped iterations:   0 | number of nan iterations:   0 |
31: INFO:megatron.core.timers:(min, max) time across ranks (ms):
31:     forward-backward ...............................: (1599.24, 1599.36)
31:     embedding-grads-all-reduce .....................: (0.01, 0.02)
31:     all-grads-sync .................................: (0.17, 0.23)
31:     optimizer-copy-to-main-grad ....................: (0.15, 0.38)
31:     optimizer-inner-step ...........................: (0.56, 0.69)
31:     optimizer-copy-main-to-model-params ............: (0.30, 0.91)
31:     optimizer ......................................: (2.78, 3.39)
31:     batch-generator ................................: (4.09, 5.28)
31:     forward-compute ................................: (502.19, 536.28)
31:     backward-compute ...............................: (1058.08, 1092.95)
31:  [2026-08-18 04:15:16.400703] iteration      309/   18141 | consumed samples:        88992 | elapsed time per iteration (ms): 1583.3 | throughput per GPU (TFLOP/s/GPU): 369.6 | learning rate: 2.472000E-04 | global batch size:   288 | lm loss: 4.681516E+00 | loss scale: 1.0 | grad norm: 1.220 | params norm: 667.547 | number of skipped iterations:   0 | number of nan iterations:   0 |
31: INFO:megatron.core.timers:(min, max) time across ranks (ms):
31:     forward-backward ...............................: (1563.87, 1563.99)
31:     embedding-grads-all-reduce .....................: (0.02, 0.02)
31:     all-grads-sync .................................: (0.17, 0.23)
31:     optimizer-copy-to-main-grad ....................: (0.15, 0.40)
31:     optimizer-inner-step ...........................: (0.56, 0.68)
31:     optimizer-copy-main-to-model-params ............: (0.35, 1.01)
31:     optimizer ......................................: (2.85, 3.51)
31:     batch-generator ................................: (4.24, 6.41)
31:     forward-compute ................................: (489.09, 527.46)
31:     backward-compute ...............................: (1031.79, 1071.17)
31:  [2026-08-18 04:15:18.008386] iteration      310/   18141 | consumed samples:        89280 | elapsed time per iteration (ms): 1607.5 | throughput per GPU (TFLOP/s/GPU): 363.4 | learning rate: 2.480000E-04 | global batch size:   288 | lm loss: 4.687272E+00 | loss scale: 1.0 | grad norm: 2.040 | params norm: 667.608 | number of skipped iterations:   0 | number of nan iterations:   0 |
31: INFO:megatron.core.timers:(min, max) time across ranks (ms):
31:     forward-backward ...............................: (1589.09, 1589.24)
31:     embedding-grads-all-reduce .....................: (0.02, 0.02)
31:     all-grads-sync .................................: (0.16, 0.26)
31:     optimizer-copy-to-main-grad ....................: (0.15, 0.39)
31:     optimizer-inner-step ...........................: (0.56, 0.68)
31:     optimizer-copy-main-to-model-params ............: (0.35, 0.87)
31:     optimizer ......................................: (2.75, 3.28)
31:     batch-generator ................................: (4.07, 6.33)
31:     forward-compute ................................: (490.32, 529.89)
31:     backward-compute ...............................: (1053.38, 1093.45)
31:  [2026-08-18 04:15:19.623161] iteration      311/   18141 | consumed samples:        89568 | elapsed time per iteration (ms): 1614.7 | throughput per GPU (TFLOP/s/GPU): 363.4 | learning rate: 2.488000E-04 | global batch size:   288 | lm loss: 4.725648E+00 | loss scale: 1.0 | grad norm: 2.262 | params norm: 667.669 | number of skipped iterations:   0 | number of nan iterations:   0 |
31: INFO:megatron.core.timers:(min, max) time across ranks (ms):
31:     forward-backward ...............................: (1596.04, 1596.18)
31:     embedding-grads-all-reduce .....................: (0.02, 0.02)
31:     all-grads-sync .................................: (0.17, 0.23)
31:     optimizer-copy-to-main-grad ....................: (0.16, 0.42)
31:     optimizer-inner-step ...........................: (0.56, 0.67)
31:     optimizer-copy-main-to-model-params ............: (0.32, 0.92)
31:     optimizer ......................................: (2.75, 3.35)
31:     batch-generator ................................: (4.11, 6.47)
31:     forward-compute ................................: (495.49, 532.47)
31:     backward-compute ...............................: (1059.98, 1094.53)
31:  [2026-08-18 04:15:21.204706] iteration      312/   18141 | consumed samples:        89856 | elapsed time per iteration (ms): 1581.3 | throughput per GPU (TFLOP/s/GPU): 368.3 | learning rate: 2.496000E-04 | global batch size:   288 | lm loss: 4.671390E+00 | loss scale: 1.0 | grad norm: 1.191 | params norm: 667.731 | number of skipped iterations:   0 | number of nan iterations:   0 |
31: INFO:megatron.core.timers:(min, max) time across ranks (ms):
31:     forward-backward ...............................: (1562.22, 1562.35)
31:     embedding-grads-all-reduce .....................: (0.02, 0.02)
31:     all-grads-sync .................................: (0.17, 0.25)
31:     optimizer-copy-to-main-grad ....................: (0.16, 0.39)
31:     optimizer-inner-step ...........................: (0.56, 0.69)
31:     optimizer-copy-main-to-model-params ............: (0.30, 0.88)
31:     optimizer ......................................: (2.76, 3.33)
31:     batch-generator ................................: (4.08, 6.08)
31:     forward-compute ................................: (477.67, 520.61)
31:     backward-compute ...............................: (1037.11, 1080.26)
31:  [2026-08-18 04:15:22.804970] iteration      313/   18141 | consumed samples:        90144 | elapsed time per iteration (ms): 1600.1 | throughput per GPU (TFLOP/s/GPU): 364.5 | learning rate: 2.504000E-04 | global batch size:   288 | lm loss: 4.699845E+00 | loss scale: 1.0 | grad norm: 1.315 | params norm: 667.794 | number of skipped iterations:   0 | number of nan iterations:   0 |
31: INFO:megatron.core.timers:(min, max) time across ranks (ms):
31:     forward-backward ...............................: (1581.24, 1581.40)
31:     embedding-grads-all-reduce .....................: (0.02, 0.02)
31:     all-grads-sync .................................: (0.16, 0.24)
31:     optimizer-copy-to-main-grad ....................: (0.16, 0.41)
31:     optimizer-inner-step ...........................: (0.57, 0.68)
31:     optimizer-copy-main-to-model-params ............: (0.31, 0.94)
31:     optimizer ......................................: (2.76, 3.39)
31:     batch-generator ................................: (4.18, 5.93)
31:     forward-compute ................................: (482.92, 527.19)
31:     backward-compute ...............................: (1049.27, 1094.00)
31:  [2026-08-18 04:15:24.380128] iteration      314/   18141 | consumed samples:        90432 | elapsed time per iteration (ms): 1574.9 | throughput per GPU (TFLOP/s/GPU): 372.3 | learning rate: 2.512000E-04 | global batch size:   288 | lm loss: 4.673792E+00 | loss scale: 1.0 | grad norm: 1.589 | params norm: 667.857 | number of skipped iterations:   0 | number of nan iterations:   0 |
31: INFO:megatron.core.timers:(min, max) time across ranks (ms):
31:     forward-backward ...............................: (1556.01, 1556.16)
31:     embedding-grads-all-reduce .....................: (0.01, 0.02)
31:     all-grads-sync .................................: (0.16, 0.22)
31:     optimizer-copy-to-main-grad ....................: (0.15, 0.38)
31:     optimizer-inner-step ...........................: (0.57, 0.72)
31:     optimizer-copy-main-to-model-params ............: (0.31, 0.94)
31:     optimizer ......................................: (2.84, 3.47)
31:     batch-generator ................................: (4.19, 6.06)
31:     forward-compute ................................: (491.49, 526.01)
31:     backward-compute ...............................: (1025.01, 1059.54)
31:  [2026-08-18 04:15:25.996426] iteration      315/   18141 | consumed samples:        90720 | elapsed time per iteration (ms): 1616.1 | throughput per GPU (TFLOP/s/GPU): 363.0 | learning rate: 2.520000E-04 | global batch size:   288 | lm loss: 4.709768E+00 | loss scale: 1.0 | grad norm: 2.430 | params norm: 667.920 | number of skipped iterations:   0 | number of nan iterations:   0 |
31: INFO:megatron.core.timers:(min, max) time across ranks (ms):
31:     forward-backward ...............................: (1596.70, 1596.79)
31:     embedding-grads-all-reduce .....................: (0.01, 0.02)
31:     all-grads-sync .................................: (0.17, 0.22)
31:     optimizer-copy-to-main-grad ....................: (0.15, 0.37)
31:     optimizer-inner-step ...........................: (0.56, 0.68)
31:     optimizer-copy-main-to-model-params ............: (0.32, 0.85)
31:     optimizer ......................................: (2.75, 3.29)
31:     batch-generator ................................: (4.24, 6.16)
31:     forward-compute ................................: (491.95, 536.97)
31:     backward-compute ...............................: (1051.11, 1101.39)
31:  [2026-08-18 04:15:27.602004] iteration      316/   18141 | consumed samples:        91008 | elapsed time per iteration (ms): 1605.4 | throughput per GPU (TFLOP/s/GPU): 365.5 | learning rate: 2.528000E-04 | global batch size:   288 | lm loss: 4.697885E+00 | loss scale: 1.0 | grad norm: 1.494 | params norm: 667.983 | number of skipped iterations:   0 | number of nan iterations:   0 |
31: INFO:megatron.core.timers:(min, max) time across ranks (ms):
31:     forward-backward ...............................: (1586.21, 1586.34)
31:     embedding-grads-all-reduce .....................: (0.02, 0.02)
31:     all-grads-sync .................................: (0.17, 0.25)
31:     optimizer-copy-to-main-grad ....................: (0.16, 0.40)
31:     optimizer-inner-step ...........................: (0.56, 0.69)
31:     optimizer-copy-main-to-model-params ............: (0.30, 0.96)
31:     optimizer ......................................: (2.76, 3.43)
31:     batch-generator ................................: (4.10, 6.03)
31:     forward-compute ................................: (503.72, 529.04)
31:     backward-compute ...............................: (1048.62, 1079.37)
31:  [2026-08-18 04:15:29.193556] iteration      317/   18141 | consumed samples:        91296 | elapsed time per iteration (ms): 1591.4 | throughput per GPU (TFLOP/s/GPU): 366.7 | learning rate: 2.536000E-04 | global batch size:   288 | lm loss: 4.689312E+00 | loss scale: 1.0 | grad norm: 2.312 | params norm: 668.045 | number of skipped iterations:   0 | number of nan iterations:   0 |
31: INFO:megatron.core.timers:(min, max) time across ranks (ms):
31:     forward-backward ...............................: (1572.82, 1572.93)
31:     embedding-grads-all-reduce .....................: (0.02, 0.02)
31:     all-grads-sync .................................: (0.16, 0.28)
31:     optimizer-copy-to-main-grad ....................: (0.16, 0.39)
31:     optimizer-inner-step ...........................: (0.56, 0.68)
31:     optimizer-copy-main-to-model-params ............: (0.32, 0.92)
31:     optimizer ......................................: (2.79, 3.39)
31:     batch-generator ................................: (4.13, 6.06)
31:     forward-compute ................................: (481.02, 526.54)
31:     backward-compute ...............................: (1042.58, 1086.90)
31:  [2026-08-18 04:15:30.804745] iteration      318/   18141 | consumed samples:        91584 | elapsed time per iteration (ms): 1611.0 | throughput per GPU (TFLOP/s/GPU): 364.4 | learning rate: 2.544000E-04 | global batch size:   288 | lm loss: 4.730528E+00 | loss scale: 1.0 | grad norm: 3.139 | params norm: 668.107 | number of skipped iterations:   0 | number of nan iterations:   0 |
31: INFO:megatron.core.timers:(min, max) time across ranks (ms):
31:     forward-backward ...............................: (1592.04, 1592.15)
31:     embedding-grads-all-reduce .....................: (0.02, 0.02)
31:     all-grads-sync .................................: (0.17, 0.22)
31:     optimizer-copy-to-main-grad ....................: (0.16, 0.45)
31:     optimizer-inner-step ...........................: (0.56, 0.68)
31:     optimizer-copy-main-to-model-params ............: (0.30, 0.94)
31:     optimizer ......................................: (2.79, 3.43)
31:     batch-generator ................................: (4.21, 5.80)
31:     forward-compute ................................: (486.56, 539.89)
31:     backward-compute ...............................: (1046.77, 1101.27)
31:  [2026-08-18 04:15:32.446031] iteration      319/   18141 | consumed samples:        91872 | elapsed time per iteration (ms): 1640.9 | throughput per GPU (TFLOP/s/GPU): 355.4 | learning rate: 2.552000E-04 | global batch size:   288 | lm loss: 4.662059E+00 | loss scale: 1.0 | grad norm: 1.523 | params norm: 668.168 | number of skipped iterations:   0 | number of nan iterations:   0 |
31: INFO:megatron.core.timers:(min, max) time across ranks (ms):
31:     forward-backward ...............................: (1621.68, 1621.91)
31:     embedding-grads-all-reduce .....................: (0.02, 0.02)
31:     all-grads-sync .................................: (0.16, 0.24)
31:     optimizer-copy-to-main-grad ....................: (0.15, 0.39)
31:     optimizer-inner-step ...........................: (0.56, 0.68)
31:     optimizer-copy-main-to-model-params ............: (0.32, 0.91)
31:     optimizer ......................................: (2.82, 3.42)
31:     batch-generator ................................: (4.04, 6.10)
31:     forward-compute ................................: (497.30, 534.16)
31:     backward-compute ...............................: (1082.17, 1120.25)
31:  [2026-08-18 04:15:34.109559] iteration      320/   18141 | consumed samples:        92160 | elapsed time per iteration (ms): 1663.5 | throughput per GPU (TFLOP/s/GPU): 351.6 | learning rate: 2.560000E-04 | global batch size:   288 | lm loss: 4.701824E+00 | loss scale: 1.0 | grad norm: 1.590 | params norm: 668.231 | number of skipped iterations:   0 | number of nan iterations:   0 |
31: INFO:megatron.core.timers:(min, max) time across ranks (ms):
31:     forward-backward ...............................: (1644.40, 1644.55)
31:     embedding-grads-all-reduce .....................: (0.02, 0.02)
31:     all-grads-sync .................................: (0.16, 0.23)
31:     optimizer-copy-to-main-grad ....................: (0.15, 0.38)
31:     optimizer-inner-step ...........................: (0.56, 0.67)
31:     optimizer-copy-main-to-model-params ............: (0.31, 0.93)
31:     optimizer ......................................: (2.73, 3.35)
31:     batch-generator ................................: (4.20, 6.47)
31:     forward-compute ................................: (492.57, 548.59)
31:     backward-compute ...............................: (1089.97, 1147.73)
31:  [2026-08-18 04:15:35.721197] iteration      321/   18141 | consumed samples:        92448 | elapsed time per iteration (ms): 1611.6 | throughput per GPU (TFLOP/s/GPU): 362.7 | learning rate: 2.568000E-04 | global batch size:   288 | lm loss: 4.646067E+00 | loss scale: 1.0 | grad norm: 1.356 | params norm: 668.294 | number of skipped iterations:   0 | number of nan iterations:   0 |
31: INFO:megatron.core.timers:(min, max) time across ranks (ms):
31:     forward-backward ...............................: (1592.61, 1592.77)
31:     embedding-grads-all-reduce .....................: (0.01, 0.02)
31:     all-grads-sync .................................: (0.17, 0.23)
31:     optimizer-copy-to-main-grad ....................: (0.15, 0.40)
31:     optimizer-inner-step ...........................: (0.57, 0.69)
31:     optimizer-copy-main-to-model-params ............: (0.32, 0.93)
31:     optimizer ......................................: (2.80, 3.41)
31:     batch-generator ................................: (4.27, 7.45)
31:     forward-compute ................................: (486.69, 536.11)
31:     backward-compute ...............................: (1050.67, 1102.00)
31:  [2026-08-18 04:15:37.313371] iteration      322/   18141 | consumed samples:        92736 | elapsed time per iteration (ms): 1592.0 | throughput per GPU (TFLOP/s/GPU): 366.2 | learning rate: 2.576000E-04 | global batch size:   288 | lm loss: 4.664264E+00 | loss scale: 1.0 | grad norm: 1.543 | params norm: 668.359 | number of skipped iterations:   0 | number of nan iterations:   0 |
31: INFO:megatron.core.timers:(min, max) time across ranks (ms):
31:     forward-backward ...............................: (1572.75, 1572.87)
31:     embedding-grads-all-reduce .....................: (0.01, 0.02)
31:     all-grads-sync .................................: (0.17, 0.23)
31:     optimizer-copy-to-main-grad ....................: (0.16, 0.41)
31:     optimizer-inner-step ...........................: (0.56, 0.70)
31:     optimizer-copy-main-to-model-params ............: (0.29, 0.94)
31:     optimizer ......................................: (2.82, 3.47)
31:     batch-generator ................................: (4.32, 5.99)
31:     forward-compute ................................: (498.81, 535.04)
31:     backward-compute ...............................: (1033.74, 1070.25)
31:  [2026-08-18 04:15:38.915628] iteration      323/   18141 | consumed samples:        93024 | elapsed time per iteration (ms): 1602.1 | throughput per GPU (TFLOP/s/GPU): 363.7 | learning rate: 2.584000E-04 | global batch size:   288 | lm loss: 4.664121E+00 | loss scale: 1.0 | grad norm: 1.591 | params norm: 668.425 | number of skipped iterations:   0 | number of nan iterations:   0 |
31: INFO:megatron.core.timers:(min, max) time across ranks (ms):
31:     forward-backward ...............................: (1582.97, 1583.09)
31:     embedding-grads-all-reduce .....................: (0.02, 0.02)
31:     all-grads-sync .................................: (0.17, 0.23)
31:     optimizer-copy-to-main-grad ....................: (0.15, 0.39)
31:     optimizer-inner-step ...........................: (0.56, 0.70)
31:     optimizer-copy-main-to-model-params ............: (0.30, 0.91)
31:     optimizer ......................................: (2.76, 3.37)
31:     batch-generator ................................: (4.24, 5.62)
31:     forward-compute ................................: (491.58, 535.31)
31:     backward-compute ...............................: (1044.26, 1085.76)
31:  [2026-08-18 04:15:40.520762] iteration      324/   18141 | consumed samples:        93312 | elapsed time per iteration (ms): 1604.6 | throughput per GPU (TFLOP/s/GPU): 364.8 | learning rate: 2.592000E-04 | global batch size:   288 | lm loss: 4.707475E+00 | loss scale: 1.0 | grad norm: 1.837 | params norm: 668.492 | number of skipped iterations:   0 | number of nan iterations:   0 |
31: INFO:megatron.core.timers:(min, max) time across ranks (ms):
31:     forward-backward ...............................: (1586.00, 1586.11)
31:     embedding-grads-all-reduce .....................: (0.02, 0.02)
31:     all-grads-sync .................................: (0.17, 0.25)
31:     optimizer-copy-to-main-grad ....................: (0.15, 0.40)
31:     optimizer-inner-step ...........................: (0.56, 0.68)
31:     optimizer-copy-main-to-model-params ............: (0.31, 0.93)
31:     optimizer ......................................: (2.81, 3.43)
31:     batch-generator ................................: (4.19, 4.93)
31:     forward-compute ................................: (483.19, 529.29)
31:     backward-compute ...............................: (1050.02, 1096.62)
31:  [2026-08-18 04:15:42.149311] iteration      325/   18141 | consumed samples:        93600 | elapsed time per iteration (ms): 1628.4 | throughput per GPU (TFLOP/s/GPU): 360.1 | learning rate: 2.600000E-04 | global batch size:   288 | lm loss: 4.728353E+00 | loss scale: 1.0 | grad norm: 2.720 | params norm: 668.558 | number of skipped iterations:   0 | number of nan iterations:   0 |
31: INFO:megatron.core.timers:(min, max) time across ranks (ms):
31:     forward-backward ...............................: (1609.27, 1609.37)
31:     embedding-grads-all-reduce .....................: (0.02, 0.02)
31:     all-grads-sync .................................: (0.17, 0.22)
31:     optimizer-copy-to-main-grad ....................: (0.15, 0.38)
31:     optimizer-inner-step ...........................: (0.56, 0.69)
31:     optimizer-copy-main-to-model-params ............: (0.31, 0.91)
31:     optimizer ......................................: (2.77, 3.37)
31:     batch-generator ................................: (4.23, 5.25)
31:     forward-compute ................................: (492.02, 535.44)
31:     backward-compute ...............................: (1066.90, 1113.11)
31:  [2026-08-18 04:15:43.756817] iteration      326/   18141 | consumed samples:        93888 | elapsed time per iteration (ms): 1607.3 | throughput per GPU (TFLOP/s/GPU): 365.1 | learning rate: 2.608000E-04 | global batch size:   288 | lm loss: 4.693250E+00 | loss scale: 1.0 | grad norm: 1.984 | params norm: 668.623 | number of skipped iterations:   0 | number of nan iterations:   0 |
31: INFO:megatron.core.timers:(min, max) time across ranks (ms):
31:     forward-backward ...............................: (1588.52, 1588.68)
31:     embedding-grads-all-reduce .....................: (0.02, 0.02)
31:     all-grads-sync .................................: (0.17, 0.23)
31:     optimizer-copy-to-main-grad ....................: (0.16, 0.41)
31:     optimizer-inner-step ...........................: (0.56, 0.68)
31:     optimizer-copy-main-to-model-params ............: (0.33, 0.92)
31:     optimizer ......................................: (2.76, 3.36)
31:     batch-generator ................................: (4.25, 5.62)
31:     forward-compute ................................: (490.91, 533.92)
31:     backward-compute ...............................: (1051.20, 1091.44)
31:  [2026-08-18 04:15:45.347342] iteration      327/   18141 | consumed samples:        94176 | elapsed time per iteration (ms): 1590.1 | throughput per GPU (TFLOP/s/GPU): 367.2 | learning rate: 2.616000E-04 | global batch size:   288 | lm loss: 4.656747E+00 | loss scale: 1.0 | grad norm: 1.417 | params norm: 668.690 | number of skipped iterations:   0 | number of nan iterations:   0 |
31: INFO:megatron.core.timers:(min, max) time across ranks (ms):
31:     forward-backward ...............................: (1570.95, 1571.08)
31:     embedding-grads-all-reduce .....................: (0.01, 0.02)
31:     all-grads-sync .................................: (0.17, 0.24)
31:     optimizer-copy-to-main-grad ....................: (0.16, 0.38)
31:     optimizer-inner-step ...........................: (0.56, 0.68)
31:     optimizer-copy-main-to-model-params ............: (0.30, 0.97)
31:     optimizer ......................................: (2.74, 3.42)
31:     batch-generator ................................: (4.25, 6.00)
31:     forward-compute ................................: (495.86, 532.58)
31:     backward-compute ...............................: (1029.78, 1072.09)
31:  [2026-08-18 04:15:46.978348] iteration      328/   18141 | consumed samples:        94464 | elapsed time per iteration (ms): 1630.8 | throughput per GPU (TFLOP/s/GPU): 358.6 | learning rate: 2.624000E-04 | global batch size:   288 | lm loss: 4.645758E+00 | loss scale: 1.0 | grad norm: 1.605 | params norm: 668.757 | number of skipped iterations:   0 | number of nan iterations:   0 |
31: INFO:megatron.core.timers:(min, max) time across ranks (ms):
31:     forward-backward ...............................: (1610.20, 1610.34)
31:     embedding-grads-all-reduce .....................: (0.01, 0.02)
31:     all-grads-sync .................................: (0.16, 0.25)
31:     optimizer-copy-to-main-grad ....................: (0.16, 0.39)
31:     optimizer-inner-step ...........................: (0.56, 0.69)
31:     optimizer-copy-main-to-model-params ............: (0.30, 0.98)
31:     optimizer ......................................: (2.77, 3.45)
31:     batch-generator ................................: (4.09, 7.18)
31:     forward-compute ................................: (490.54, 533.96)
31:     backward-compute ...............................: (1072.66, 1115.42)
31:  [2026-08-18 04:15:48.560498] iteration      329/   18141 | consumed samples:        94752 | elapsed time per iteration (ms): 1582.0 | throughput per GPU (TFLOP/s/GPU): 370.0 | learning rate: 2.632000E-04 | global batch size:   288 | lm loss: 4.660672E+00 | loss scale: 1.0 | grad norm: 2.069 | params norm: 668.824 | number of skipped iterations:   0 | number of nan iterations:   0 |
31: INFO:megatron.core.timers:(min, max) time across ranks (ms):
31:     forward-backward ...............................: (1562.87, 1562.98)
31:     embedding-grads-all-reduce .....................: (0.02, 0.02)
31:     all-grads-sync .................................: (0.17, 0.23)
31:     optimizer-copy-to-main-grad ....................: (0.15, 0.37)
31:     optimizer-inner-step ...........................: (0.56, 0.70)
31:     optimizer-copy-main-to-model-params ............: (0.30, 0.98)
31:     optimizer ......................................: (2.78, 3.46)
31:     batch-generator ................................: (4.03, 6.70)
31:     forward-compute ................................: (479.52, 524.88)
31:     backward-compute ...............................: (1034.53, 1079.21)
31:  [2026-08-18 04:15:50.135954] iteration      330/   18141 | consumed samples:        95040 | elapsed time per iteration (ms): 1575.3 | throughput per GPU (TFLOP/s/GPU): 370.6 | learning rate: 2.640000E-04 | global batch size:   288 | lm loss: 4.711630E+00 | loss scale: 1.0 | grad norm: 3.061 | params norm: 668.890 | number of skipped iterations:   0 | number of nan iterations:   0 |
31: INFO:megatron.core.timers:(min, max) time across ranks (ms):
31:     forward-backward ...............................: (1555.86, 1555.98)
31:     embedding-grads-all-reduce .....................: (0.02, 0.02)
31:     all-grads-sync .................................: (0.16, 0.24)
31:     optimizer-copy-to-main-grad ....................: (0.16, 0.40)
31:     optimizer-inner-step ...........................: (0.56, 0.70)
31:     optimizer-copy-main-to-model-params ............: (0.31, 0.96)
31:     optimizer ......................................: (2.77, 3.41)
31:     batch-generator ................................: (4.05, 6.29)
31:     forward-compute ................................: (489.16, 529.09)
31:     backward-compute ...............................: (1022.54, 1061.86)
31:  [2026-08-18 04:15:51.756478] iteration      331/   18141 | consumed samples:        95328 | elapsed time per iteration (ms): 1620.2 | throughput per GPU (TFLOP/s/GPU): 361.4 | learning rate: 2.648000E-04 | global batch size:   288 | lm loss: 4.700503E+00 | loss scale: 1.0 | grad norm: 2.116 | params norm: 668.958 | number of skipped iterations:   0 | number of nan iterations:   0 |
31: INFO:megatron.core.timers:(min, max) time across ranks (ms):
31:     forward-backward ...............................: (1600.98, 1601.09)
31:     embedding-grads-all-reduce .....................: (0.01, 0.02)
31:     all-grads-sync .................................: (0.17, 0.22)
31:     optimizer-copy-to-main-grad ....................: (0.15, 0.39)
31:     optimizer-inner-step ...........................: (0.56, 0.70)
31:     optimizer-copy-main-to-model-params ............: (0.31, 0.91)
31:     optimizer ......................................: (2.83, 3.44)
31:     batch-generator ................................: (4.17, 8.60)
31:     forward-compute ................................: (496.33, 536.10)
31:     backward-compute ...............................: (1060.64, 1101.34)
31:  [2026-08-18 04:15:53.338144] iteration      332/   18141 | consumed samples:        95616 | elapsed time per iteration (ms): 1581.6 | throughput per GPU (TFLOP/s/GPU): 368.7 | learning rate: 2.656000E-04 | global batch size:   288 | lm loss: 4.633464E+00 | loss scale: 1.0 | grad norm: 1.489 | params norm: 669.026 | number of skipped iterations:   0 | number of nan iterations:   0 |
31: INFO:megatron.core.timers:(min, max) time across ranks (ms):
31:     forward-backward ...............................: (1562.37, 1562.48)
31:     embedding-grads-all-reduce .....................: (0.01, 0.02)
31:     all-grads-sync .................................: (0.16, 0.23)
31:     optimizer-copy-to-main-grad ....................: (0.15, 0.40)
31:     optimizer-inner-step ...........................: (0.57, 0.69)
31:     optimizer-copy-main-to-model-params ............: (0.31, 0.95)
31:     optimizer ......................................: (2.76, 3.40)
31:     batch-generator ................................: (4.20, 6.28)
31:     forward-compute ................................: (491.67, 517.33)
31:     backward-compute ...............................: (1041.49, 1065.48)
31:  [2026-08-18 04:15:54.942062] iteration      333/   18141 | consumed samples:        95904 | elapsed time per iteration (ms): 1603.7 | throughput per GPU (TFLOP/s/GPU): 365.1 | learning rate: 2.664000E-04 | global batch size:   288 | lm loss: 4.672274E+00 | loss scale: 1.0 | grad norm: 1.813 | params norm: 669.094 | number of skipped iterations:   0 | number of nan iterations:   0 |
31: INFO:megatron.core.timers:(min, max) time across ranks (ms):
31:     forward-backward ...............................: (1583.62, 1583.74)
31:     embedding-grads-all-reduce .....................: (0.02, 0.02)
31:     all-grads-sync .................................: (0.17, 0.22)
31:     optimizer-copy-to-main-grad ....................: (0.16, 0.41)
31:     optimizer-inner-step ...........................: (0.56, 0.68)
31:     optimizer-copy-main-to-model-params ............: (0.30, 0.92)
31:     optimizer ......................................: (3.80, 4.42)
31:     batch-generator ................................: (4.26, 5.94)
31:     forward-compute ................................: (494.79, 529.39)
31:     backward-compute ...............................: (1050.28, 1085.11)
31:  [2026-08-18 04:15:56.516087] iteration      334/   18141 | consumed samples:        96192 | elapsed time per iteration (ms): 1573.8 | throughput per GPU (TFLOP/s/GPU): 371.2 | learning rate: 2.672000E-04 | global batch size:   288 | lm loss: 4.689048E+00 | loss scale: 1.0 | grad norm: 2.006 | params norm: 669.161 | number of skipped iterations:   0 | number of nan iterations:   0 |
31: INFO:megatron.core.timers:(min, max) time across ranks (ms):
31:     forward-backward ...............................: (1555.05, 1555.17)
31:     embedding-grads-all-reduce .....................: (0.01, 0.02)
31:     all-grads-sync .................................: (0.16, 0.22)
31:     optimizer-copy-to-main-grad ....................: (0.15, 0.38)
31:     optimizer-inner-step ...........................: (0.56, 0.68)
31:     optimizer-copy-main-to-model-params ............: (0.30, 0.94)
31:     optimizer ......................................: (2.73, 3.37)
31:     batch-generator ................................: (4.17, 5.36)
31:     forward-compute ................................: (490.54, 524.99)
31:     backward-compute ...............................: (1023.97, 1059.11)
31:  [2026-08-18 04:15:58.139973] iteration      335/   18141 | consumed samples:        96480 | elapsed time per iteration (ms): 1623.7 | throughput per GPU (TFLOP/s/GPU): 359.3 | learning rate: 2.680000E-04 | global batch size:   288 | lm loss: 4.690948E+00 | loss scale: 1.0 | grad norm: 1.944 | params norm: 669.229 | number of skipped iterations:   0 | number of nan iterations:   0 |
31: INFO:megatron.core.timers:(min, max) time across ranks (ms):
31:     forward-backward ...............................: (1605.24, 1605.34)
31:     embedding-grads-all-reduce .....................: (0.01, 0.02)
31:     all-grads-sync .................................: (0.17, 0.23)
31:     optimizer-copy-to-main-grad ....................: (0.16, 0.39)
31:     optimizer-inner-step ...........................: (0.56, 0.71)
31:     optimizer-copy-main-to-model-params ............: (0.29, 0.92)
31:     optimizer ......................................: (2.75, 3.38)
31:     batch-generator ................................: (4.22, 9.35)
31:     forward-compute ................................: (502.31, 540.20)
31:     backward-compute ...............................: (1061.89, 1097.96)
31:  [2026-08-18 04:15:59.718016] iteration      336/   18141 | consumed samples:        96768 | elapsed time per iteration (ms): 1577.8 | throughput per GPU (TFLOP/s/GPU): 370.0 | learning rate: 2.688000E-04 | global batch size:   288 | lm loss: 4.662506E+00 | loss scale: 1.0 | grad norm: 1.942 | params norm: 669.297 | number of skipped iterations:   0 | number of nan iterations:   0 |
31: INFO:megatron.core.timers:(min, max) time across ranks (ms):
31:     forward-backward ...............................: (1558.93, 1559.04)
31:     embedding-grads-all-reduce .....................: (0.02, 0.02)
31:     all-grads-sync .................................: (0.16, 0.26)
31:     optimizer-copy-to-main-grad ....................: (0.16, 0.39)
31:     optimizer-inner-step ...........................: (0.57, 0.68)
31:     optimizer-copy-main-to-model-params ............: (0.30, 0.93)
31:     optimizer ......................................: (2.75, 3.38)
31:     batch-generator ................................: (4.16, 6.03)
31:     forward-compute ................................: (490.10, 527.14)
31:     backward-compute ...............................: (1028.28, 1061.43)
31:  [2026-08-18 04:16:01.371673] iteration      337/   18141 | consumed samples:        97056 | elapsed time per iteration (ms): 1653.5 | throughput per GPU (TFLOP/s/GPU): 354.9 | learning rate: 2.696000E-04 | global batch size:   288 | lm loss: 4.672586E+00 | loss scale: 1.0 | grad norm: 1.529 | params norm: 669.365 | number of skipped iterations:   0 | number of nan iterations:   0 |
31: INFO:megatron.core.timers:(min, max) time across ranks (ms):
31:     forward-backward ...............................: (1634.19, 1634.33)
31:     embedding-grads-all-reduce .....................: (0.01, 0.02)
31:     all-grads-sync .................................: (0.17, 0.23)
31:     optimizer-copy-to-main-grad ....................: (0.15, 0.38)
31:     optimizer-inner-step ...........................: (0.56, 0.68)
31:     optimizer-copy-main-to-model-params ............: (0.31, 0.97)
31:     optimizer ......................................: (2.77, 3.42)
31:     batch-generator ................................: (4.21, 5.55)
31:     forward-compute ................................: (490.11, 537.26)
31:     backward-compute ...............................: (1093.33, 1138.22)
31:  [2026-08-18 04:16:02.946214] iteration      338/   18141 | consumed samples:        97344 | elapsed time per iteration (ms): 1574.3 | throughput per GPU (TFLOP/s/GPU): 372.1 | learning rate: 2.704000E-04 | global batch size:   288 | lm loss: 4.623058E+00 | loss scale: 1.0 | grad norm: 1.557 | params norm: 669.434 | number of skipped iterations:   0 | number of nan iterations:   0 |
31: INFO:megatron.core.timers:(min, max) time across ranks (ms):
31:     forward-backward ...............................: (1555.53, 1555.65)
31:     embedding-grads-all-reduce .....................: (0.02, 0.02)
31:     all-grads-sync .................................: (0.16, 0.24)
31:     optimizer-copy-to-main-grad ....................: (0.15, 0.40)
31:     optimizer-inner-step ...........................: (0.57, 0.69)
31:     optimizer-copy-main-to-model-params ............: (0.29, 0.92)
31:     optimizer ......................................: (2.73, 3.36)
31:     batch-generator ................................: (4.11, 6.02)
31:     forward-compute ................................: (492.91, 525.89)
31:     backward-compute ...............................: (1024.62, 1058.15)
31:  [2026-08-18 04:16:04.534456] iteration      339/   18141 | consumed samples:        97632 | elapsed time per iteration (ms): 1587.9 | throughput per GPU (TFLOP/s/GPU): 368.9 | learning rate: 2.712000E-04 | global batch size:   288 | lm loss: 4.692029E+00 | loss scale: 1.0 | grad norm: 1.814 | params norm: 669.501 | number of skipped iterations:   0 | number of nan iterations:   0 |
31: INFO:megatron.core.timers:(min, max) time across ranks (ms):
31:     forward-backward ...............................: (1569.47, 1569.62)
31:     embedding-grads-all-reduce .....................: (0.01, 0.02)
31:     all-grads-sync .................................: (0.16, 0.22)
31:     optimizer-copy-to-main-grad ....................: (0.15, 0.36)
31:     optimizer-inner-step ...........................: (0.56, 0.69)
31:     optimizer-copy-main-to-model-params ............: (0.30, 0.94)
31:     optimizer ......................................: (2.74, 3.38)
31:     batch-generator ................................: (4.21, 5.66)
31:     forward-compute ................................: (495.33, 532.62)
31:     backward-compute ...............................: (1032.41, 1070.30)
31:  [2026-08-18 04:16:06.141761] iteration      340/   18141 | consumed samples:        97920 | elapsed time per iteration (ms): 1607.0 | throughput per GPU (TFLOP/s/GPU): 364.2 | learning rate: 2.720000E-04 | global batch size:   288 | lm loss: 4.693680E+00 | loss scale: 1.0 | grad norm: 2.709 | params norm: 669.568 | number of skipped iterations:   0 | number of nan iterations:   0 |
31: INFO:megatron.core.timers:(min, max) time across ranks (ms):
31:     forward-backward ...............................: (1588.28, 1588.42)
31:     embedding-grads-all-reduce .....................: (0.01, 0.02)
31:     all-grads-sync .................................: (0.17, 0.23)
31:     optimizer-copy-to-main-grad ....................: (0.16, 0.38)
31:     optimizer-inner-step ...........................: (0.56, 0.70)
31:     optimizer-copy-main-to-model-params ............: (0.32, 0.94)
31:     optimizer ......................................: (2.83, 3.46)
31:     batch-generator ................................: (4.16, 5.31)
31:     forward-compute ................................: (488.59, 532.69)
31:     backward-compute ...............................: (1049.67, 1095.50)
31:  [2026-08-18 04:16:07.755425] iteration      341/   18141 | consumed samples:        98208 | elapsed time per iteration (ms): 1613.5 | throughput per GPU (TFLOP/s/GPU): 362.6 | learning rate: 2.728000E-04 | global batch size:   288 | lm loss: 4.666131E+00 | loss scale: 1.0 | grad norm: 1.222 | params norm: 669.636 | number of skipped iterations:   0 | number of nan iterations:   0 |
31: INFO:megatron.core.timers:(min, max) time across ranks (ms):
31:     forward-backward ...............................: (1594.10, 1594.23)
31:     embedding-grads-all-reduce .....................: (0.02, 0.02)
31:     all-grads-sync .................................: (0.16, 0.23)
31:     optimizer-copy-to-main-grad ....................: (0.16, 0.36)
31:     optimizer-inner-step ...........................: (0.57, 0.69)
31:     optimizer-copy-main-to-model-params ............: (0.31, 0.94)
31:     optimizer ......................................: (2.72, 3.37)
31:     batch-generator ................................: (4.15, 6.19)
31:     forward-compute ................................: (491.84, 532.16)
31:     backward-compute ...............................: (1056.76, 1098.26)
31:  [2026-08-18 04:16:09.371457] iteration      342/   18141 | consumed samples:        98496 | elapsed time per iteration (ms): 1615.8 | throughput per GPU (TFLOP/s/GPU): 362.9 | learning rate: 2.736000E-04 | global batch size:   288 | lm loss: 4.660182E+00 | loss scale: 1.0 | grad norm: 2.174 | params norm: 669.703 | number of skipped iterations:   0 | number of nan iterations:   0 |
31: INFO:megatron.core.timers:(min, max) time across ranks (ms):
31:     forward-backward ...............................: (1596.27, 1596.41)
31:     embedding-grads-all-reduce .....................: (0.01, 0.02)
31:     all-grads-sync .................................: (0.16, 0.24)
31:     optimizer-copy-to-main-grad ....................: (0.16, 0.41)
31:     optimizer-inner-step ...........................: (0.56, 0.69)
31:     optimizer-copy-main-to-model-params ............: (0.30, 0.91)
31:     optimizer ......................................: (2.74, 3.34)
31:     batch-generator ................................: (4.18, 5.70)
31:     forward-compute ................................: (489.73, 530.08)
31:     backward-compute ...............................: (1061.53, 1101.83)
31:  [2026-08-18 04:16:10.980994] iteration      343/   18141 | consumed samples:        98784 | elapsed time per iteration (ms): 1609.4 | throughput per GPU (TFLOP/s/GPU): 363.8 | learning rate: 2.744000E-04 | global batch size:   288 | lm loss: 4.636271E+00 | loss scale: 1.0 | grad norm: 1.319 | params norm: 669.773 | number of skipped iterations:   0 | number of nan iterations:   0 |
31: INFO:megatron.core.timers:(min, max) time across ranks (ms):
31:     forward-backward ...............................: (1590.76, 1590.84)
31:     embedding-grads-all-reduce .....................: (0.01, 0.02)
31:     all-grads-sync .................................: (0.17, 0.23)
31:     optimizer-copy-to-main-grad ....................: (0.16, 0.39)
31:     optimizer-inner-step ...........................: (0.57, 0.68)
31:     optimizer-copy-main-to-model-params ............: (0.29, 0.92)
31:     optimizer ......................................: (2.74, 3.37)
31:     batch-generator ................................: (4.10, 6.48)
31:     forward-compute ................................: (494.34, 534.48)
31:     backward-compute ...............................: (1052.03, 1092.22)
31:  [2026-08-18 04:16:12.572459] iteration      344/   18141 | consumed samples:        99072 | elapsed time per iteration (ms): 1591.3 | throughput per GPU (TFLOP/s/GPU): 369.3 | learning rate: 2.752000E-04 | global batch size:   288 | lm loss: 4.618205E+00 | loss scale: 1.0 | grad norm: 1.041 | params norm: 669.841 | number of skipped iterations:   0 | number of nan iterations:   0 |
31: INFO:megatron.core.timers:(min, max) time across ranks (ms):
31:     forward-backward ...............................: (1572.45, 1572.56)
31:     embedding-grads-all-reduce .....................: (0.01, 0.02)
31:     all-grads-sync .................................: (0.17, 0.24)
31:     optimizer-copy-to-main-grad ....................: (0.15, 0.39)
31:     optimizer-inner-step ...........................: (0.56, 0.68)
31:     optimizer-copy-main-to-model-params ............: (0.31, 0.93)
31:     optimizer ......................................: (2.76, 3.39)
31:     batch-generator ................................: (4.20, 5.41)
31:     forward-compute ................................: (496.92, 529.83)
31:     backward-compute ...............................: (1039.12, 1071.74)
31:  [2026-08-18 04:16:14.192359] iteration      345/   18141 | consumed samples:        99360 | elapsed time per iteration (ms): 1619.6 | throughput per GPU (TFLOP/s/GPU): 358.8 | learning rate: 2.760000E-04 | global batch size:   288 | lm loss: 4.641952E+00 | loss scale: 1.0 | grad norm: 2.033 | params norm: 669.909 | number of skipped iterations:   0 | number of nan iterations:   0 |
31: INFO:megatron.core.timers:(min, max) time across ranks (ms):
31:     forward-backward ...............................: (1600.43, 1600.54)
31:     embedding-grads-all-reduce .....................: (0.01, 0.02)
31:     all-grads-sync .................................: (0.17, 0.22)
31:     optimizer-copy-to-main-grad ....................: (0.15, 0.39)
31:     optimizer-inner-step ...........................: (0.56, 0.68)
31:     optimizer-copy-main-to-model-params ............: (0.31, 0.93)
31:     optimizer ......................................: (2.77, 3.39)
31:     batch-generator ................................: (4.22, 6.04)
31:     forward-compute ................................: (479.48, 535.21)
31:     backward-compute ...............................: (1061.81, 1116.08)
31:  [2026-08-18 04:16:15.854298] iteration      346/   18141 | consumed samples:        99648 | elapsed time per iteration (ms): 1661.7 | throughput per GPU (TFLOP/s/GPU): 351.9 | learning rate: 2.768000E-04 | global batch size:   288 | lm loss: 4.663279E+00 | loss scale: 1.0 | grad norm: 1.270 | params norm: 669.978 | number of skipped iterations:   0 | number of nan iterations:   0 |
31: INFO:megatron.core.timers:(min, max) time across ranks (ms):
31:     forward-backward ...............................: (1642.23, 1642.39)
31:     embedding-grads-all-reduce .....................: (0.02, 0.02)
31:     all-grads-sync .................................: (0.18, 0.24)
31:     optimizer-copy-to-main-grad ....................: (0.15, 0.42)
31:     optimizer-inner-step ...........................: (0.56, 0.68)
31:     optimizer-copy-main-to-model-params ............: (0.32, 0.95)
31:     optimizer ......................................: (2.83, 3.46)
31:     batch-generator ................................: (4.12, 5.01)
31:     forward-compute ................................: (494.95, 552.31)
31:     backward-compute ...............................: (1086.58, 1140.50)
31:  [2026-08-18 04:16:17.474085] iteration      347/   18141 | consumed samples:        99936 | elapsed time per iteration (ms): 1619.7 | throughput per GPU (TFLOP/s/GPU): 362.8 | learning rate: 2.776000E-04 | global batch size:   288 | lm loss: 4.664122E+00 | loss scale: 1.0 | grad norm: 1.873 | params norm: 670.048 | number of skipped iterations:   0 | number of nan iterations:   0 |
31: INFO:megatron.core.timers:(min, max) time across ranks (ms):
31:     forward-backward ...............................: (1600.04, 1600.14)
31:     embedding-grads-all-reduce .....................: (0.01, 0.02)
31:     all-grads-sync .................................: (0.17, 0.23)
31:     optimizer-copy-to-main-grad ....................: (0.15, 0.40)
31:     optimizer-inner-step ...........................: (0.56, 0.68)
31:     optimizer-copy-main-to-model-params ............: (0.30, 0.94)
31:     optimizer ......................................: (2.75, 3.39)
31:     batch-generator ................................: (4.28, 6.33)
31:     forward-compute ................................: (493.14, 533.74)
31:     backward-compute ...............................: (1062.68, 1103.24)
31:  [2026-08-18 04:16:19.100914] iteration      348/   18141 | consumed samples:       100224 | elapsed time per iteration (ms): 1626.6 | throughput per GPU (TFLOP/s/GPU): 360.9 | learning rate: 2.784000E-04 | global batch size:   288 | lm loss: 4.617384E+00 | loss scale: 1.0 | grad norm: 1.467 | params norm: 670.117 | number of skipped iterations:   0 | number of nan iterations:   0 |
31: INFO:megatron.core.timers:(min, max) time across ranks (ms):
31:     forward-backward ...............................: (1605.51, 1605.70)
31:     embedding-grads-all-reduce .....................: (0.01, 0.02)
31:     all-grads-sync .................................: (0.17, 0.25)
31:     optimizer-copy-to-main-grad ....................: (0.16, 0.40)
31:     optimizer-inner-step ...........................: (0.56, 0.67)
31:     optimizer-copy-main-to-model-params ............: (0.32, 0.94)
31:     optimizer ......................................: (2.77, 3.40)
31:     batch-generator ................................: (4.17, 6.21)
31:     forward-compute ................................: (495.29, 535.57)
31:     backward-compute ...............................: (1066.41, 1106.12)
31:  [2026-08-18 04:16:20.730106] iteration      349/   18141 | consumed samples:       100512 | elapsed time per iteration (ms): 1629.0 | throughput per GPU (TFLOP/s/GPU): 360.8 | learning rate: 2.792000E-04 | global batch size:   288 | lm loss: 4.654516E+00 | loss scale: 1.0 | grad norm: 1.163 | params norm: 670.186 | number of skipped iterations:   0 | number of nan iterations:   0 |
31: INFO:megatron.core.timers:(min, max) time across ranks (ms):
31:     forward-backward ...............................: (1609.91, 1610.03)
31:     embedding-grads-all-reduce .....................: (0.02, 0.02)
31:     all-grads-sync .................................: (0.18, 0.24)
31:     optimizer-copy-to-main-grad ....................: (0.17, 0.37)
31:     optimizer-inner-step ...........................: (0.57, 0.68)
31:     optimizer-copy-main-to-model-params ............: (0.29, 0.94)
31:     optimizer ......................................: (2.73, 3.38)
31:     batch-generator ................................: (4.25, 5.91)
31:     forward-compute ................................: (491.51, 531.63)
31:     backward-compute ...............................: (1072.50, 1111.15)
31:  [2026-08-18 04:16:22.349963] iteration      350/   18141 | consumed samples:       100800 | elapsed time per iteration (ms): 1619.7 | throughput per GPU (TFLOP/s/GPU): 362.0 | learning rate: 2.800000E-04 | global batch size:   288 | lm loss: 4.626091E+00 | loss scale: 1.0 | grad norm: 1.245 | params norm: 670.257 | number of skipped iterations:   0 | number of nan iterations:   0 |
31: INFO:megatron.core.timers:(min, max) time across ranks (ms):
31:     forward-backward ...............................: (1600.63, 1600.76)
31:     embedding-grads-all-reduce .....................: (0.02, 0.02)
31:     all-grads-sync .................................: (0.16, 0.24)
31:     optimizer-copy-to-main-grad ....................: (0.16, 0.40)
31:     optimizer-inner-step ...........................: (0.57, 0.68)
31:     optimizer-copy-main-to-model-params ............: (0.31, 0.97)
31:     optimizer ......................................: (2.76, 3.42)
31:     batch-generator ................................: (4.26, 6.09)
31:     forward-compute ................................: (488.52, 533.20)
31:     backward-compute ...............................: (1062.27, 1106.41)
31:  [2026-08-18 04:16:23.970046] iteration      351/   18141 | consumed samples:       101088 | elapsed time per iteration (ms): 1619.9 | throughput per GPU (TFLOP/s/GPU): 359.9 | learning rate: 2.808000E-04 | global batch size:   288 | lm loss: 4.634241E+00 | loss scale: 1.0 | grad norm: 1.691 | params norm: 670.328 | number of skipped iterations:   0 | number of nan iterations:   0 |
31: INFO:megatron.core.timers:(min, max) time across ranks (ms):
31:     forward-backward ...............................: (1600.99, 1601.12)
31:     embedding-grads-all-reduce .....................: (0.02, 0.02)
31:     all-grads-sync .................................: (0.16, 0.23)
31:     optimizer-copy-to-main-grad ....................: (0.15, 0.39)
31:     optimizer-inner-step ...........................: (0.57, 0.68)
31:     optimizer-copy-main-to-model-params ............: (0.31, 0.94)
31:     optimizer ......................................: (2.77, 3.42)
31:     batch-generator ................................: (4.10, 5.57)
31:     forward-compute ................................: (494.40, 528.78)
31:     backward-compute ...............................: (1068.70, 1103.39)
31:  [2026-08-18 04:16:25.585108] iteration      352/   18141 | consumed samples:       101376 | elapsed time per iteration (ms): 1614.9 | throughput per GPU (TFLOP/s/GPU): 362.4 | learning rate: 2.816000E-04 | global batch size:   288 | lm loss: 4.606076E+00 | loss scale: 1.0 | grad norm: 0.860 | params norm: 670.398 | number of skipped iterations:   0 | number of nan iterations:   0 |
31: INFO:megatron.core.timers:(min, max) time across ranks (ms):
31:     forward-backward ...............................: (1595.91, 1596.02)
31:     embedding-grads-all-reduce .....................: (0.01, 0.02)
31:     all-grads-sync .................................: (0.17, 0.23)
31:     optimizer-copy-to-main-grad ....................: (0.16, 0.40)
31:     optimizer-inner-step ...........................: (0.56, 0.70)
31:     optimizer-copy-main-to-model-params ............: (0.30, 0.91)
31:     optimizer ......................................: (2.75, 3.35)
31:     batch-generator ................................: (4.16, 6.38)
31:     forward-compute ................................: (496.39, 538.13)
31:     backward-compute ...............................: (1054.38, 1096.26)
31:  [2026-08-18 04:16:27.229360] iteration      353/   18141 | consumed samples:       101664 | elapsed time per iteration (ms): 1644.1 | throughput per GPU (TFLOP/s/GPU): 355.6 | learning rate: 2.824000E-04 | global batch size:   288 | lm loss: 4.614892E+00 | loss scale: 1.0 | grad norm: 1.519 | params norm: 670.470 | number of skipped iterations:   0 | number of nan iterations:   0 |
31: INFO:megatron.core.timers:(min, max) time across ranks (ms):
31:     forward-backward ...............................: (1625.16, 1625.25)
31:     embedding-grads-all-reduce .....................: (0.02, 0.02)
31:     all-grads-sync .................................: (0.17, 0.23)
31:     optimizer-copy-to-main-grad ....................: (0.15, 0.38)
31:     optimizer-inner-step ...........................: (0.56, 0.68)
31:     optimizer-copy-main-to-model-params ............: (0.31, 0.95)
31:     optimizer ......................................: (2.78, 3.42)
31:     batch-generator ................................: (4.20, 5.70)
31:     forward-compute ................................: (491.36, 535.56)
31:     backward-compute ...............................: (1082.55, 1130.00)
31:  [2026-08-18 04:16:28.826508] iteration      354/   18141 | consumed samples:       101952 | elapsed time per iteration (ms): 1596.6 | throughput per GPU (TFLOP/s/GPU): 366.3 | learning rate: 2.832000E-04 | global batch size:   288 | lm loss: 4.617442E+00 | loss scale: 1.0 | grad norm: 1.362 | params norm: 670.543 | number of skipped iterations:   0 | number of nan iterations:   0 |
31: INFO:megatron.core.timers:(min, max) time across ranks (ms):
31:     forward-backward ...............................: (1577.87, 1577.99)
31:     embedding-grads-all-reduce .....................: (0.02, 0.06)
31:     all-grads-sync .................................: (0.17, 0.22)
31:     optimizer-copy-to-main-grad ....................: (0.16, 0.38)
31:     optimizer-inner-step ...........................: (0.56, 0.68)
31:     optimizer-copy-main-to-model-params ............: (0.33, 1.02)
31:     optimizer ......................................: (2.75, 3.44)
31:     batch-generator ................................: (4.20, 8.72)
31:     forward-compute ................................: (493.78, 530.27)
31:     backward-compute ...............................: (1043.09, 1079.92)
31:  [2026-08-18 04:16:30.417879] iteration      355/   18141 | consumed samples:       102240 | elapsed time per iteration (ms): 1591.1 | throughput per GPU (TFLOP/s/GPU): 367.7 | learning rate: 2.840000E-04 | global batch size:   288 | lm loss: 4.641146E+00 | loss scale: 1.0 | grad norm: 1.243 | params norm: 670.616 | number of skipped iterations:   0 | number of nan iterations:   0 |
31: INFO:megatron.core.timers:(min, max) time across ranks (ms):
31:     forward-backward ...............................: (1572.08, 1572.21)
31:     embedding-grads-all-reduce .....................: (0.02, 0.02)
31:     all-grads-sync .................................: (0.17, 0.24)
31:     optimizer-copy-to-main-grad ....................: (0.16, 0.39)
31:     optimizer-inner-step ...........................: (0.57, 0.70)
31:     optimizer-copy-main-to-model-params ............: (0.32, 0.92)
31:     optimizer ......................................: (2.80, 3.41)
31:     batch-generator ................................: (4.23, 7.00)
31:     forward-compute ................................: (494.28, 528.77)
31:     backward-compute ...............................: (1039.80, 1073.17)
31:  [2026-08-18 04:16:32.022862] iteration      356/   18141 | consumed samples:       102528 | elapsed time per iteration (ms): 1604.7 | throughput per GPU (TFLOP/s/GPU): 365.0 | learning rate: 2.848000E-04 | global batch size:   288 | lm loss: 4.583808E+00 | loss scale: 1.0 | grad norm: 1.116 | params norm: 670.690 | number of skipped iterations:   0 | number of nan iterations:   0 |
31: INFO:megatron.core.timers:(min, max) time across ranks (ms):
31:     forward-backward ...............................: (1585.67, 1585.81)
31:     embedding-grads-all-reduce .....................: (0.02, 0.02)
31:     all-grads-sync .................................: (0.17, 0.26)
31:     optimizer-copy-to-main-grad ....................: (0.15, 0.37)
31:     optimizer-inner-step ...........................: (0.56, 0.67)
31:     optimizer-copy-main-to-model-params ............: (0.34, 0.95)
31:     optimizer ......................................: (2.76, 3.36)
31:     batch-generator ................................: (4.20, 5.99)
31:     forward-compute ................................: (488.87, 530.10)
31:     backward-compute ...............................: (1047.42, 1091.80)
31:  [2026-08-18 04:16:33.610323] iteration      357/   18141 | consumed samples:       102816 | elapsed time per iteration (ms): 1587.3 | throughput per GPU (TFLOP/s/GPU): 368.5 | learning rate: 2.856000E-04 | global batch size:   288 | lm loss: 4.557901E+00 | loss scale: 1.0 | grad norm: 0.881 | params norm: 670.763 | number of skipped iterations:   0 | number of nan iterations:   0 |
31: INFO:megatron.core.timers:(min, max) time across ranks (ms):
31:     forward-backward ...............................: (1568.74, 1568.88)
31:     embedding-grads-all-reduce .....................: (0.02, 0.02)
31:     all-grads-sync .................................: (0.17, 0.22)
31:     optimizer-copy-to-main-grad ....................: (0.16, 0.38)
31:     optimizer-inner-step ...........................: (0.56, 0.68)
31:     optimizer-copy-main-to-model-params ............: (0.32, 0.95)
31:     optimizer ......................................: (2.76, 3.39)
31:     batch-generator ................................: (4.28, 5.83)
31:     forward-compute ................................: (490.83, 527.10)
31:     backward-compute ...............................: (1038.48, 1071.16)
31:  [2026-08-18 04:16:35.205708] iteration      358/   18141 | consumed samples:       103104 | elapsed time per iteration (ms): 1595.2 | throughput per GPU (TFLOP/s/GPU): 366.3 | learning rate: 2.864000E-04 | global batch size:   288 | lm loss: 4.570941E+00 | loss scale: 1.0 | grad norm: 0.923 | params norm: 670.838 | number of skipped iterations:   0 | number of nan iterations:   0 |
31: INFO:megatron.core.timers:(min, max) time across ranks (ms):
31:     forward-backward ...............................: (1576.37, 1576.47)
31:     embedding-grads-all-reduce .....................: (0.02, 0.02)
31:     all-grads-sync .................................: (0.17, 0.23)
31:     optimizer-copy-to-main-grad ....................: (0.16, 0.39)
31:     optimizer-inner-step ...........................: (0.55, 0.68)
31:     optimizer-copy-main-to-model-params ............: (0.33, 0.92)
31:     optimizer ......................................: (2.78, 3.37)
31:     batch-generator ................................: (4.21, 5.92)
31:     forward-compute ................................: (495.55, 530.90)
31:     backward-compute ...............................: (1041.83, 1076.73)
31:  [2026-08-18 04:16:36.816939] iteration      359/   18141 | consumed samples:       103392 | elapsed time per iteration (ms): 1611.1 | throughput per GPU (TFLOP/s/GPU): 363.3 | learning rate: 2.872000E-04 | global batch size:   288 | lm loss: 4.594344E+00 | loss scale: 1.0 | grad norm: 1.265 | params norm: 670.913 | number of skipped iterations:   0 | number of nan iterations:   0 |
31: INFO:megatron.core.timers:(min, max) time across ranks (ms):
31:     forward-backward ...............................: (1591.65, 1591.77)
31:     embedding-grads-all-reduce .....................: (0.02, 0.02)
31:     all-grads-sync .................................: (0.17, 0.23)
31:     optimizer-copy-to-main-grad ....................: (0.16, 0.38)
31:     optimizer-inner-step ...........................: (0.56, 0.70)
31:     optimizer-copy-main-to-model-params ............: (0.31, 0.91)
31:     optimizer ......................................: (2.84, 3.44)
31:     batch-generator ................................: (4.21, 5.80)
31:     forward-compute ................................: (497.12, 537.66)
31:     backward-compute ...............................: (1049.02, 1090.68)
31:  [2026-08-18 04:16:38.422927] iteration      360/   18141 | consumed samples:       103680 | elapsed time per iteration (ms): 1605.8 | throughput per GPU (TFLOP/s/GPU): 365.1 | learning rate: 2.880000E-04 | global batch size:   288 | lm loss: 4.586254E+00 | loss scale: 1.0 | grad norm: 1.323 | params norm: 670.988 | number of skipped iterations:   0 | number of nan iterations:   0 |
31: INFO:megatron.core.timers:(min, max) time across ranks (ms):
31:     forward-backward ...............................: (1586.76, 1586.98)
31:     embedding-grads-all-reduce .....................: (0.02, 0.02)
31:     all-grads-sync .................................: (0.17, 0.26)
31:     optimizer-copy-to-main-grad ....................: (0.15, 0.40)
31:     optimizer-inner-step ...........................: (0.56, 0.68)
31:     optimizer-copy-main-to-model-params ............: (0.33, 0.96)
31:     optimizer ......................................: (2.78, 3.41)
31:     batch-generator ................................: (4.19, 5.42)
31:     forward-compute ................................: (498.95, 538.39)
31:     backward-compute ...............................: (1044.93, 1082.26)
31:  [2026-08-18 04:16:40.014761] iteration      361/   18141 | consumed samples:       103968 | elapsed time per iteration (ms): 1591.7 | throughput per GPU (TFLOP/s/GPU): 365.7 | learning rate: 2.888000E-04 | global batch size:   288 | lm loss: 4.537180E+00 | loss scale: 1.0 | grad norm: 0.975 | params norm: 671.064 | number of skipped iterations:   0 | number of nan iterations:   0 |
31: INFO:megatron.core.timers:(min, max) time across ranks (ms):
31:     forward-backward ...............................: (1572.69, 1572.82)
31:     embedding-grads-all-reduce .....................: (0.02, 0.02)
31:     all-grads-sync .................................: (0.16, 0.23)
31:     optimizer-copy-to-main-grad ....................: (0.16, 0.38)
31:     optimizer-inner-step ...........................: (0.56, 0.68)
31:     optimizer-copy-main-to-model-params ............: (0.32, 0.96)
31:     optimizer ......................................: (2.73, 3.37)
31:     batch-generator ................................: (4.16, 6.97)
31:     forward-compute ................................: (492.01, 527.30)
31:     backward-compute ...............................: (1039.22, 1076.25)
31:  [2026-08-18 04:16:41.646094] iteration      362/   18141 | consumed samples:       104256 | elapsed time per iteration (ms): 1631.1 | throughput per GPU (TFLOP/s/GPU): 358.9 | learning rate: 2.896000E-04 | global batch size:   288 | lm loss: 4.537696E+00 | loss scale: 1.0 | grad norm: 0.923 | params norm: 671.139 | number of skipped iterations:   0 | number of nan iterations:   0 |
31: INFO:megatron.core.timers:(min, max) time across ranks (ms):
31:     forward-backward ...............................: (1611.71, 1611.90)
31:     embedding-grads-all-reduce .....................: (0.02, 0.02)
31:     all-grads-sync .................................: (0.17, 0.22)
31:     optimizer-copy-to-main-grad ....................: (0.16, 0.41)
31:     optimizer-inner-step ...........................: (0.56, 0.70)
31:     optimizer-copy-main-to-model-params ............: (0.31, 0.95)
31:     optimizer ......................................: (2.78, 3.42)
31:     batch-generator ................................: (4.17, 6.49)
31:     forward-compute ................................: (498.74, 540.76)
31:     backward-compute ...............................: (1067.30, 1109.56)
31:  [2026-08-18 04:16:43.244454] iteration      363/   18141 | consumed samples:       104544 | elapsed time per iteration (ms): 1598.2 | throughput per GPU (TFLOP/s/GPU): 365.6 | learning rate: 2.904000E-04 | global batch size:   288 | lm loss: 4.512669E+00 | loss scale: 1.0 | grad norm: 0.766 | params norm: 671.215 | number of skipped iterations:   0 | number of nan iterations:   0 |
31: INFO:megatron.core.timers:(min, max) time across ranks (ms):
31:     forward-backward ...............................: (1579.45, 1579.58)
31:     embedding-grads-all-reduce .....................: (0.02, 0.05)
31:     all-grads-sync .................................: (0.16, 0.23)
31:     optimizer-copy-to-main-grad ....................: (0.15, 0.36)
31:     optimizer-inner-step ...........................: (0.56, 0.67)
31:     optimizer-copy-main-to-model-params ............: (0.32, 0.99)
31:     optimizer ......................................: (2.76, 3.44)
31:     batch-generator ................................: (4.22, 6.15)
31:     forward-compute ................................: (492.60, 527.21)
31:     backward-compute ...............................: (1048.82, 1083.65)
31:  [2026-08-18 04:16:44.861668] iteration      364/   18141 | consumed samples:       104832 | elapsed time per iteration (ms): 1617.0 | throughput per GPU (TFLOP/s/GPU): 363.0 | learning rate: 2.912000E-04 | global batch size:   288 | lm loss: 4.505365E+00 | loss scale: 1.0 | grad norm: 0.779 | params norm: 671.291 | number of skipped iterations:   0 | number of nan iterations:   0 |
31: INFO:megatron.core.timers:(min, max) time across ranks (ms):
31:     forward-backward ...............................: (1598.06, 1598.13)
31:     embedding-grads-all-reduce .....................: (0.02, 0.02)
31:     all-grads-sync .................................: (0.18, 0.24)
31:     optimizer-copy-to-main-grad ....................: (0.16, 0.39)
31:     optimizer-inner-step ...........................: (0.56, 0.67)
31:     optimizer-copy-main-to-model-params ............: (0.32, 0.95)
31:     optimizer ......................................: (2.77, 3.40)
31:     batch-generator ................................: (4.29, 5.91)
31:     forward-compute ................................: (497.18, 534.05)
31:     backward-compute ...............................: (1060.55, 1096.74)
31:  [2026-08-18 04:16:46.442187] iteration      365/   18141 | consumed samples:       105120 | elapsed time per iteration (ms): 1580.3 | throughput per GPU (TFLOP/s/GPU): 369.4 | learning rate: 2.920000E-04 | global batch size:   288 | lm loss: 4.517956E+00 | loss scale: 1.0 | grad norm: 0.727 | params norm: 671.367 | number of skipped iterations:   0 | number of nan iterations:   0 |
31: INFO:megatron.core.timers:(min, max) time across ranks (ms):
31:     forward-backward ...............................: (1561.18, 1561.31)
31:     embedding-grads-all-reduce .....................: (0.01, 0.02)
31:     all-grads-sync .................................: (0.17, 0.23)
31:     optimizer-copy-to-main-grad ....................: (0.16, 0.40)
31:     optimizer-inner-step ...........................: (0.56, 0.69)
31:     optimizer-copy-main-to-model-params ............: (0.32, 0.94)
31:     optimizer ......................................: (2.79, 3.42)
31:     batch-generator ................................: (4.22, 5.73)
31:     forward-compute ................................: (482.22, 527.45)
31:     backward-compute ...............................: (1030.27, 1074.76)
31:  [2026-08-18 04:16:48.044015] iteration      366/   18141 | consumed samples:       105408 | elapsed time per iteration (ms): 1601.7 | throughput per GPU (TFLOP/s/GPU): 365.4 | learning rate: 2.928000E-04 | global batch size:   288 | lm loss: 4.514051E+00 | loss scale: 1.0 | grad norm: 0.627 | params norm: 671.443 | number of skipped iterations:   0 | number of nan iterations:   0 |
31: INFO:megatron.core.timers:(min, max) time across ranks (ms):
31:     forward-backward ...............................: (1582.51, 1582.61)
31:     embedding-grads-all-reduce .....................: (0.02, 0.02)
31:     all-grads-sync .................................: (0.17, 0.22)
31:     optimizer-copy-to-main-grad ....................: (0.16, 0.39)
31:     optimizer-inner-step ...........................: (0.56, 0.71)
31:     optimizer-copy-main-to-model-params ............: (0.33, 0.94)
31:     optimizer ......................................: (2.79, 3.41)
31:     batch-generator ................................: (4.24, 5.52)
31:     forward-compute ................................: (487.23, 531.28)
31:     backward-compute ...............................: (1044.21, 1088.62)
31:  [2026-08-18 04:16:49.642182] iteration      367/   18141 | consumed samples:       105696 | elapsed time per iteration (ms): 1598.0 | throughput per GPU (TFLOP/s/GPU): 364.4 | learning rate: 2.936000E-04 | global batch size:   288 | lm loss: 4.471599E+00 | loss scale: 1.0 | grad norm: 0.555 | params norm: 671.519 | number of skipped iterations:   0 | number of nan iterations:   0 |
31: INFO:megatron.core.timers:(min, max) time across ranks (ms):
31:     forward-backward ...............................: (1578.94, 1579.05)
31:     embedding-grads-all-reduce .....................: (0.01, 0.02)
31:     all-grads-sync .................................: (0.17, 0.24)
31:     optimizer-copy-to-main-grad ....................: (0.15, 0.39)
31:     optimizer-inner-step ...........................: (0.56, 0.68)
31:     optimizer-copy-main-to-model-params ............: (0.29, 0.99)
31:     optimizer ......................................: (2.75, 3.44)
31:     batch-generator ................................: (4.16, 5.99)
31:     forward-compute ................................: (489.53, 537.00)
31:     backward-compute ...............................: (1038.58, 1083.17)
31:  [2026-08-18 04:16:51.225396] iteration      368/   18141 | consumed samples:       105984 | elapsed time per iteration (ms): 1582.7 | throughput per GPU (TFLOP/s/GPU): 367.8 | learning rate: 2.944000E-04 | global batch size:   288 | lm loss: 4.474919E+00 | loss scale: 1.0 | grad norm: 0.568 | params norm: 671.596 | number of skipped iterations:   0 | number of nan iterations:   0 |
31: INFO:megatron.core.timers:(min, max) time across ranks (ms):
31:     forward-backward ...............................: (1563.89, 1564.01)
31:     embedding-grads-all-reduce .....................: (0.02, 0.02)
31:     all-grads-sync .................................: (0.16, 0.23)
31:     optimizer-copy-to-main-grad ....................: (0.15, 0.38)
31:     optimizer-inner-step ...........................: (0.56, 0.68)
31:     optimizer-copy-main-to-model-params ............: (0.30, 0.93)
31:     optimizer ......................................: (2.76, 3.39)
31:     batch-generator ................................: (4.16, 6.20)
31:     forward-compute ................................: (485.78, 523.68)
31:     backward-compute ...............................: (1035.14, 1073.88)
31:  [2026-08-18 04:16:52.856518] iteration      369/   18141 | consumed samples:       106272 | elapsed time per iteration (ms): 1631.0 | throughput per GPU (TFLOP/s/GPU): 359.9 | learning rate: 2.952000E-04 | global batch size:   288 | lm loss: 4.491785E+00 | loss scale: 1.0 | grad norm: 0.551 | params norm: 671.672 | number of skipped iterations:   0 | number of nan iterations:   0 |
31: INFO:megatron.core.timers:(min, max) time across ranks (ms):
31:     forward-backward ...............................: (1612.02, 1612.15)
31:     embedding-grads-all-reduce .....................: (0.02, 0.02)
31:     all-grads-sync .................................: (0.17, 0.24)
31:     optimizer-copy-to-main-grad ....................: (0.16, 0.39)
31:     optimizer-inner-step ...........................: (0.56, 0.68)
31:     optimizer-copy-main-to-model-params ............: (0.31, 0.93)
31:     optimizer ......................................: (2.79, 3.40)
31:     batch-generator ................................: (4.18, 7.21)
31:     forward-compute ................................: (496.86, 541.81)
31:     backward-compute ...............................: (1066.77, 1111.13)
31:  [2026-08-18 04:16:54.437285] iteration      370/   18141 | consumed samples:       106560 | elapsed time per iteration (ms): 1580.5 | throughput per GPU (TFLOP/s/GPU): 369.1 | learning rate: 2.960000E-04 | global batch size:   288 | lm loss: 4.473783E+00 | loss scale: 1.0 | grad norm: 0.477 | params norm: 671.747 | number of skipped iterations:   0 | number of nan iterations:   0 |
31: INFO:megatron.core.timers:(min, max) time across ranks (ms):
31:     forward-backward ...............................: (1561.54, 1561.69)
31:     embedding-grads-all-reduce .....................: (0.02, 0.02)
31:     all-grads-sync .................................: (0.16, 0.26)
31:     optimizer-copy-to-main-grad ....................: (0.15, 0.42)
31:     optimizer-inner-step ...........................: (0.56, 0.70)
31:     optimizer-copy-main-to-model-params ............: (0.30, 0.98)
31:     optimizer ......................................: (2.79, 3.47)
31:     batch-generator ................................: (4.17, 5.95)
31:     forward-compute ................................: (492.98, 529.78)
31:     backward-compute ...............................: (1025.91, 1062.58)
31:  [2026-08-18 04:16:56.018541] iteration      371/   18141 | consumed samples:       106848 | elapsed time per iteration (ms): 1581.1 | throughput per GPU (TFLOP/s/GPU): 369.7 | learning rate: 2.968000E-04 | global batch size:   288 | lm loss: 4.463194E+00 | loss scale: 1.0 | grad norm: 0.582 | params norm: 671.822 | number of skipped iterations:   0 | number of nan iterations:   0 |
31: INFO:megatron.core.timers:(min, max) time across ranks (ms):
31:     forward-backward ...............................: (1561.89, 1562.02)
31:     embedding-grads-all-reduce .....................: (0.02, 0.02)
31:     all-grads-sync .................................: (0.17, 0.23)
31:     optimizer-copy-to-main-grad ....................: (0.15, 0.38)
31:     optimizer-inner-step ...........................: (0.57, 0.68)
31:     optimizer-copy-main-to-model-params ............: (0.30, 0.96)
31:     optimizer ......................................: (2.68, 3.34)
31:     batch-generator ................................: (4.11, 5.61)
31:     forward-compute ................................: (480.55, 530.84)
31:     backward-compute ...............................: (1027.65, 1076.43)
31:  [2026-08-18 04:16:57.621222] iteration      372/   18141 | consumed samples:       107136 | elapsed time per iteration (ms): 1602.2 | throughput per GPU (TFLOP/s/GPU): 365.7 | learning rate: 2.976000E-04 | global batch size:   288 | lm loss: 4.441167E+00 | loss scale: 1.0 | grad norm: 0.549 | params norm: 671.898 | number of skipped iterations:   0 | number of nan iterations:   0 |
31: INFO:megatron.core.timers:(min, max) time across ranks (ms):
31:     forward-backward ...............................: (1583.54, 1583.70)
31:     embedding-grads-all-reduce .....................: (0.02, 0.02)
31:     all-grads-sync .................................: (0.16, 0.22)
31:     optimizer-copy-to-main-grad ....................: (0.15, 0.38)
31:     optimizer-inner-step ...........................: (0.57, 0.71)
31:     optimizer-copy-main-to-model-params ............: (0.29, 0.92)
31:     optimizer ......................................: (2.74, 3.37)
31:     batch-generator ................................: (4.17, 6.16)
31:     forward-compute ................................: (496.09, 529.00)
31:     backward-compute ...............................: (1049.61, 1084.16)
31:  [2026-08-18 04:16:59.196380] iteration      373/   18141 | consumed samples:       107424 | elapsed time per iteration (ms): 1575.1 | throughput per GPU (TFLOP/s/GPU): 369.2 | learning rate: 2.984000E-04 | global batch size:   288 | lm loss: 4.427464E+00 | loss scale: 1.0 | grad norm: 0.530 | params norm: 671.972 | number of skipped iterations:   0 | number of nan iterations:   0 |
31: INFO:megatron.core.timers:(min, max) time across ranks (ms):
31:     forward-backward ...............................: (1556.51, 1556.63)
31:     embedding-grads-all-reduce .....................: (0.01, 0.02)
31:     all-grads-sync .................................: (0.17, 0.23)
31:     optimizer-copy-to-main-grad ....................: (0.15, 0.39)
31:     optimizer-inner-step ...........................: (0.57, 0.69)
31:     optimizer-copy-main-to-model-params ............: (0.31, 0.92)
31:     optimizer ......................................: (2.76, 3.38)
31:     batch-generator ................................: (4.15, 5.60)
31:     forward-compute ................................: (488.78, 524.82)
31:     backward-compute ...............................: (1026.33, 1062.43)
31:  [2026-08-18 04:17:00.852528] iteration      374/   18141 | consumed samples:       107712 | elapsed time per iteration (ms): 1656.0 | throughput per GPU (TFLOP/s/GPU): 353.3 | learning rate: 2.992000E-04 | global batch size:   288 | lm loss: 4.430236E+00 | loss scale: 1.0 | grad norm: 0.566 | params norm: 672.047 | number of skipped iterations:   0 | number of nan iterations:   0 |
31: INFO:megatron.core.timers:(min, max) time across ranks (ms):
31:     forward-backward ...............................: (1637.15, 1637.26)
31:     embedding-grads-all-reduce .....................: (0.01, 0.02)
31:     all-grads-sync .................................: (0.16, 0.23)
31:     optimizer-copy-to-main-grad ....................: (0.16, 0.39)
31:     optimizer-inner-step ...........................: (0.56, 0.68)
31:     optimizer-copy-main-to-model-params ............: (0.32, 0.94)
31:     optimizer ......................................: (2.79, 3.44)
31:     batch-generator ................................: (4.27, 5.67)
31:     forward-compute ................................: (498.42, 550.22)
31:     backward-compute ...............................: (1083.46, 1132.67)
31:  [2026-08-18 04:17:02.422959] iteration      375/   18141 | consumed samples:       108000 | elapsed time per iteration (ms): 1570.2 | throughput per GPU (TFLOP/s/GPU): 371.4 | learning rate: 3.000000E-04 | global batch size:   288 | lm loss: 4.427272E+00 | loss scale: 1.0 | grad norm: 0.533 | params norm: 672.121 | number of skipped iterations:   0 | number of nan iterations:   0 |
31: INFO:megatron.core.timers:(min, max) time across ranks (ms):
31:     forward-backward ...............................: (1551.54, 1551.75)
31:     embedding-grads-all-reduce .....................: (0.02, 0.02)
31:     all-grads-sync .................................: (0.17, 0.23)
31:     optimizer-copy-to-main-grad ....................: (0.15, 0.39)
31:     optimizer-inner-step ...........................: (0.56, 0.68)
31:     optimizer-copy-main-to-model-params ............: (0.33, 0.97)
31:     optimizer ......................................: (2.77, 3.41)
31:     batch-generator ................................: (4.21, 7.79)
31:     forward-compute ................................: (487.05, 524.90)
31:     backward-compute ...............................: (1019.64, 1060.76)
31:  [2026-08-18 04:17:04.015846] iteration      376/   18141 | consumed samples:       108288 | elapsed time per iteration (ms): 1592.6 | throughput per GPU (TFLOP/s/GPU): 367.2 | learning rate: 3.008000E-04 | global batch size:   288 | lm loss: 4.412216E+00 | loss scale: 1.0 | grad norm: 0.491 | params norm: 672.194 | number of skipped iterations:   0 | number of nan iterations:   0 |
31: INFO:megatron.core.timers:(min, max) time across ranks (ms):
31:     forward-backward ...............................: (1573.59, 1573.72)
31:     embedding-grads-all-reduce .....................: (0.02, 0.02)
31:     all-grads-sync .................................: (0.17, 0.23)
31:     optimizer-copy-to-main-grad ....................: (0.15, 0.38)
31:     optimizer-inner-step ...........................: (0.57, 0.68)
31:     optimizer-copy-main-to-model-params ............: (0.32, 0.91)
31:     optimizer ......................................: (2.74, 3.33)
31:     batch-generator ................................: (4.17, 6.29)
31:     forward-compute ................................: (487.48, 531.11)
31:     backward-compute ...............................: (1037.32, 1082.94)
31:  [2026-08-18 04:17:05.589076] iteration      377/   18141 | consumed samples:       108576 | elapsed time per iteration (ms): 1573.0 | throughput per GPU (TFLOP/s/GPU): 370.4 | learning rate: 3.016000E-04 | global batch size:   288 | lm loss: 4.402529E+00 | loss scale: 1.0 | grad norm: 0.495 | params norm: 672.268 | number of skipped iterations:   0 | number of nan iterations:   0 |
31: INFO:megatron.core.timers:(min, max) time across ranks (ms):
31:     forward-backward ...............................: (1553.81, 1553.94)
31:     embedding-grads-all-reduce .....................: (0.02, 0.02)
31:     all-grads-sync .................................: (0.17, 0.22)
31:     optimizer-copy-to-main-grad ....................: (0.16, 0.42)
31:     optimizer-inner-step ...........................: (0.57, 0.69)
31:     optimizer-copy-main-to-model-params ............: (0.31, 1.01)
31:     optimizer ......................................: (2.87, 3.56)
31:     batch-generator ................................: (4.15, 10.60)
31:     forward-compute ................................: (492.09, 527.72)
31:     backward-compute ...............................: (1019.93, 1057.91)
31:  [2026-08-18 04:17:07.199382] iteration      378/   18141 | consumed samples:       108864 | elapsed time per iteration (ms): 1610.1 | throughput per GPU (TFLOP/s/GPU): 362.4 | learning rate: 3.024000E-04 | global batch size:   288 | lm loss: 4.405301E+00 | loss scale: 1.0 | grad norm: 0.611 | params norm: 672.341 | number of skipped iterations:   0 | number of nan iterations:   0 |
31: INFO:megatron.core.timers:(min, max) time across ranks (ms):
31:     forward-backward ...............................: (1590.94, 1591.03)
31:     embedding-grads-all-reduce .....................: (0.02, 0.02)
31:     all-grads-sync .................................: (0.17, 0.25)
31:     optimizer-copy-to-main-grad ....................: (0.16, 0.37)
31:     optimizer-inner-step ...........................: (0.56, 0.67)
31:     optimizer-copy-main-to-model-params ............: (0.32, 0.94)
31:     optimizer ......................................: (2.71, 3.34)
31:     batch-generator ................................: (4.19, 4.90)
31:     forward-compute ................................: (485.76, 533.52)
31:     backward-compute ...............................: (1050.70, 1100.97)
31:  [2026-08-18 04:17:08.793109] iteration      379/   18141 | consumed samples:       109152 | elapsed time per iteration (ms): 1593.6 | throughput per GPU (TFLOP/s/GPU): 367.7 | learning rate: 3.032000E-04 | global batch size:   288 | lm loss: 4.409243E+00 | loss scale: 1.0 | grad norm: 0.668 | params norm: 672.415 | number of skipped iterations:   0 | number of nan iterations:   0 |
31: INFO:megatron.core.timers:(min, max) time across ranks (ms):
31:     forward-backward ...............................: (1574.39, 1574.49)
31:     embedding-grads-all-reduce .....................: (0.01, 0.02)
31:     all-grads-sync .................................: (0.16, 0.22)
31:     optimizer-copy-to-main-grad ....................: (0.16, 0.43)
31:     optimizer-inner-step ...........................: (0.56, 0.69)
31:     optimizer-copy-main-to-model-params ............: (0.31, 1.01)
31:     optimizer ......................................: (2.77, 3.47)
31:     batch-generator ................................: (4.19, 6.51)
31:     forward-compute ................................: (491.88, 537.39)
31:     backward-compute ...............................: (1032.73, 1075.77)
31:  [2026-08-18 04:17:10.353963] iteration      380/   18141 | consumed samples:       109440 | elapsed time per iteration (ms): 1560.6 | throughput per GPU (TFLOP/s/GPU): 372.2 | learning rate: 3.040000E-04 | global batch size:   288 | lm loss: 4.380534E+00 | loss scale: 1.0 | grad norm: 0.665 | params norm: 672.489 | number of skipped iterations:   0 | number of nan iterations:   0 |
31: INFO:megatron.core.timers:(min, max) time across ranks (ms):
31:     forward-backward ...............................: (1541.83, 1541.93)
31:     embedding-grads-all-reduce .....................: (0.02, 0.02)
31:     all-grads-sync .................................: (0.16, 0.22)
31:     optimizer-copy-to-main-grad ....................: (0.16, 0.39)
31:     optimizer-inner-step ...........................: (0.57, 0.70)
31:     optimizer-copy-main-to-model-params ............: (0.31, 0.96)
31:     optimizer ......................................: (2.80, 3.45)
31:     batch-generator ................................: (4.17, 5.41)
31:     forward-compute ................................: (480.29, 520.37)
31:     backward-compute ...............................: (1017.72, 1055.63)
31:  [2026-08-18 04:17:11.963190] iteration      381/   18141 | consumed samples:       109728 | elapsed time per iteration (ms): 1609.1 | throughput per GPU (TFLOP/s/GPU): 363.0 | learning rate: 3.048000E-04 | global batch size:   288 | lm loss: 4.363752E+00 | loss scale: 1.0 | grad norm: 0.578 | params norm: 672.561 | number of skipped iterations:   0 | number of nan iterations:   0 |
31: INFO:megatron.core.timers:(min, max) time across ranks (ms):
31:     forward-backward ...............................: (1590.20, 1590.33)
31:     embedding-grads-all-reduce .....................: (0.02, 0.02)
31:     all-grads-sync .................................: (0.16, 0.23)
31:     optimizer-copy-to-main-grad ....................: (0.16, 0.39)
31:     optimizer-inner-step ...........................: (0.56, 0.67)
31:     optimizer-copy-main-to-model-params ............: (0.32, 0.97)
31:     optimizer ......................................: (2.75, 3.40)
31:     batch-generator ................................: (4.08, 6.22)
31:     forward-compute ................................: (488.87, 531.82)
31:     backward-compute ...............................: (1052.51, 1097.14)
31:  [2026-08-18 04:17:13.558144] iteration      382/   18141 | consumed samples:       110016 | elapsed time per iteration (ms): 1594.7 | throughput per GPU (TFLOP/s/GPU): 365.5 | learning rate: 3.056000E-04 | global batch size:   288 | lm loss: 4.342573E+00 | loss scale: 1.0 | grad norm: 0.468 | params norm: 672.634 | number of skipped iterations:   0 | number of nan iterations:   0 |
31: INFO:megatron.core.timers:(min, max) time across ranks (ms):
31:     forward-backward ...............................: (1575.75, 1575.97)
31:     embedding-grads-all-reduce .....................: (0.02, 0.02)
31:     all-grads-sync .................................: (0.16, 0.24)
31:     optimizer-copy-to-main-grad ....................: (0.16, 0.40)
31:     optimizer-inner-step ...........................: (0.56, 0.70)
31:     optimizer-copy-main-to-model-params ............: (0.32, 0.98)
31:     optimizer ......................................: (2.78, 3.45)
31:     batch-generator ................................: (4.19, 5.41)
31:     forward-compute ................................: (496.54, 534.16)
31:     backward-compute ...............................: (1036.43, 1076.18)
31:  [2026-08-18 04:17:15.168872] iteration      383/   18141 | consumed samples:       110304 | elapsed time per iteration (ms): 1610.6 | throughput per GPU (TFLOP/s/GPU): 362.5 | learning rate: 3.064000E-04 | global batch size:   288 | lm loss: 4.355766E+00 | loss scale: 1.0 | grad norm: 0.442 | params norm: 672.707 | number of skipped iterations:   0 | number of nan iterations:   0 |
31: INFO:megatron.core.timers:(min, max) time across ranks (ms):
31:     forward-backward ...............................: (1591.07, 1591.23)
31:     embedding-grads-all-reduce .....................: (0.02, 0.02)
31:     all-grads-sync .................................: (0.17, 0.33)
31:     optimizer-copy-to-main-grad ....................: (0.16, 0.43)
31:     optimizer-inner-step ...........................: (0.56, 0.68)
31:     optimizer-copy-main-to-model-params ............: (0.30, 0.99)
31:     optimizer ......................................: (2.77, 3.47)
31:     batch-generator ................................: (4.15, 7.59)
31:     forward-compute ................................: (491.53, 532.77)
31:     backward-compute ...............................: (1052.82, 1094.13)
31:  [2026-08-18 04:17:16.774221] iteration      384/   18141 | consumed samples:       110592 | elapsed time per iteration (ms): 1605.1 | throughput per GPU (TFLOP/s/GPU): 366.1 | learning rate: 3.072000E-04 | global batch size:   288 | lm loss: 4.384202E+00 | loss scale: 1.0 | grad norm: 0.420 | params norm: 672.780 | number of skipped iterations:   0 | number of nan iterations:   0 |
31: INFO:megatron.core.timers:(min, max) time across ranks (ms):
31:     forward-backward ...............................: (1586.33, 1586.47)
31:     embedding-grads-all-reduce .....................: (0.02, 0.02)
31:     all-grads-sync .................................: (0.16, 0.23)
31:     optimizer-copy-to-main-grad ....................: (0.15, 0.37)
31:     optimizer-inner-step ...........................: (0.57, 0.68)
31:     optimizer-copy-main-to-model-params ............: (0.31, 0.92)
31:     optimizer ......................................: (2.76, 3.38)
31:     batch-generator ................................: (4.18, 6.13)
31:     forward-compute ................................: (501.73, 526.84)
31:     backward-compute ...............................: (1054.16, 1081.02)
31:  [2026-08-18 04:17:18.371332] iteration      385/   18141 | consumed samples:       110880 | elapsed time per iteration (ms): 1597.0 | throughput per GPU (TFLOP/s/GPU): 365.6 | learning rate: 3.080000E-04 | global batch size:   288 | lm loss: 4.352793E+00 | loss scale: 1.0 | grad norm: 0.424 | params norm: 672.852 | number of skipped iterations:   0 | number of nan iterations:   0 |
31: INFO:megatron.core.timers:(min, max) time across ranks (ms):
31:     forward-backward ...............................: (1578.18, 1578.31)
31:     embedding-grads-all-reduce .....................: (0.02, 0.02)
31:     all-grads-sync .................................: (0.16, 0.22)
31:     optimizer-copy-to-main-grad ....................: (0.15, 0.41)
31:     optimizer-inner-step ...........................: (0.56, 0.67)
31:     optimizer-copy-main-to-model-params ............: (0.32, 0.91)
31:     optimizer ......................................: (2.75, 3.33)
31:     batch-generator ................................: (4.09, 6.43)
31:     forward-compute ................................: (480.31, 533.35)
31:     backward-compute ...............................: (1038.83, 1094.12)
31:  [2026-08-18 04:17:19.971531] iteration      386/   18141 | consumed samples:       111168 | elapsed time per iteration (ms): 1600.0 | throughput per GPU (TFLOP/s/GPU): 367.3 | learning rate: 3.088000E-04 | global batch size:   288 | lm loss: 4.355883E+00 | loss scale: 1.0 | grad norm: 0.487 | params norm: 672.924 | number of skipped iterations:   0 | number of nan iterations:   0 |
31: INFO:megatron.core.timers:(min, max) time across ranks (ms):
31:     forward-backward ...............................: (1580.98, 1581.11)
31:     embedding-grads-all-reduce .....................: (0.02, 0.02)
31:     all-grads-sync .................................: (0.17, 0.22)
31:     optimizer-copy-to-main-grad ....................: (0.15, 0.39)
31:     optimizer-inner-step ...........................: (0.57, 0.69)
31:     optimizer-copy-main-to-model-params ............: (0.34, 0.97)
31:     optimizer ......................................: (2.82, 3.45)
31:     batch-generator ................................: (4.14, 5.14)
31:     forward-compute ................................: (484.26, 530.29)
31:     backward-compute ...............................: (1046.80, 1092.99)
31:  [2026-08-18 04:17:21.603211] iteration      387/   18141 | consumed samples:       111456 | elapsed time per iteration (ms): 1631.5 | throughput per GPU (TFLOP/s/GPU): 356.1 | learning rate: 3.096000E-04 | global batch size:   288 | lm loss: 4.351047E+00 | loss scale: 1.0 | grad norm: 0.713 | params norm: 672.996 | number of skipped iterations:   0 | number of nan iterations:   0 |
31: INFO:megatron.core.timers:(min, max) time across ranks (ms):
31:     forward-backward ...............................: (1612.68, 1612.81)
31:     embedding-grads-all-reduce .....................: (0.02, 0.02)
31:     all-grads-sync .................................: (0.17, 0.24)
31:     optimizer-copy-to-main-grad ....................: (0.16, 0.37)
31:     optimizer-inner-step ...........................: (0.57, 0.69)
31:     optimizer-copy-main-to-model-params ............: (0.33, 0.97)
31:     optimizer ......................................: (2.75, 3.40)
31:     batch-generator ................................: (4.16, 6.52)
31:     forward-compute ................................: (489.73, 536.60)
31:     backward-compute ...............................: (1070.03, 1119.19)
31:  [2026-08-18 04:17:23.231878] iteration      388/   18141 | consumed samples:       111744 | elapsed time per iteration (ms): 1628.4 | throughput per GPU (TFLOP/s/GPU): 359.6 | learning rate: 3.104000E-04 | global batch size:   288 | lm loss: 4.402480E+00 | loss scale: 1.0 | grad norm: 1.947 | params norm: 673.066 | number of skipped iterations:   0 | number of nan iterations:   0 |
31: INFO:megatron.core.timers:(min, max) time across ranks (ms):
31:     forward-backward ...............................: (1609.59, 1609.69)
31:     embedding-grads-all-reduce .....................: (0.02, 0.02)
31:     all-grads-sync .................................: (0.17, 0.23)
31:     optimizer-copy-to-main-grad ....................: (0.16, 0.39)
31:     optimizer-inner-step ...........................: (0.56, 0.68)
31:     optimizer-copy-main-to-model-params ............: (0.33, 0.89)
31:     optimizer ......................................: (2.77, 3.33)
31:     batch-generator ................................: (4.25, 5.85)
31:     forward-compute ................................: (492.35, 533.69)
31:     backward-compute ...............................: (1069.66, 1109.31)
31:  [2026-08-18 04:17:24.816030] iteration      389/   18141 | consumed samples:       112032 | elapsed time per iteration (ms): 1583.8 | throughput per GPU (TFLOP/s/GPU): 368.8 | learning rate: 3.112000E-04 | global batch size:   288 | lm loss: 4.319072E+00 | loss scale: 1.0 | grad norm: 0.568 | params norm: 673.137 | number of skipped iterations:   0 | number of nan iterations:   0 |
31: INFO:megatron.core.timers:(min, max) time across ranks (ms):
31:     forward-backward ...............................: (1564.99, 1565.11)
31:     embedding-grads-all-reduce .....................: (0.02, 0.02)
31:     all-grads-sync .................................: (0.17, 0.22)
31:     optimizer-copy-to-main-grad ....................: (0.15, 0.38)
31:     optimizer-inner-step ...........................: (0.56, 0.68)
31:     optimizer-copy-main-to-model-params ............: (0.31, 0.95)
31:     optimizer ......................................: (2.74, 3.38)
31:     batch-generator ................................: (4.17, 6.42)
31:     forward-compute ................................: (496.12, 528.90)
31:     backward-compute ...............................: (1029.77, 1065.25)
31:  [2026-08-18 04:17:26.410479] iteration      390/   18141 | consumed samples:       112320 | elapsed time per iteration (ms): 1594.4 | throughput per GPU (TFLOP/s/GPU): 365.4 | learning rate: 3.120000E-04 | global batch size:   288 | lm loss: 4.367066E+00 | loss scale: 1.0 | grad norm: 0.706 | params norm: 673.209 | number of skipped iterations:   0 | number of nan iterations:   0 |
31: INFO:megatron.core.timers:(min, max) time across ranks (ms):
31:     forward-backward ...............................: (1575.12, 1575.34)
31:     embedding-grads-all-reduce .....................: (0.02, 0.02)
31:     all-grads-sync .................................: (0.16, 0.22)
31:     optimizer-copy-to-main-grad ....................: (0.16, 0.38)
31:     optimizer-inner-step ...........................: (0.56, 0.68)
31:     optimizer-copy-main-to-model-params ............: (0.31, 0.95)
31:     optimizer ......................................: (2.78, 3.42)
31:     batch-generator ................................: (4.17, 5.98)
31:     forward-compute ................................: (474.69, 533.10)
31:     backward-compute ...............................: (1038.69, 1096.32)
31:  [2026-08-18 04:17:28.053304] iteration      391/   18141 | consumed samples:       112608 | elapsed time per iteration (ms): 1642.6 | throughput per GPU (TFLOP/s/GPU): 356.6 | learning rate: 3.128000E-04 | global batch size:   288 | lm loss: 4.386411E+00 | loss scale: 1.0 | grad norm: 0.787 | params norm: 673.280 | number of skipped iterations:   0 | number of nan iterations:   0 |
31: INFO:megatron.core.timers:(min, max) time across ranks (ms):
31:     forward-backward ...............................: (1623.52, 1623.65)
31:     embedding-grads-all-reduce .....................: (0.02, 0.02)
31:     all-grads-sync .................................: (0.16, 0.22)
31:     optimizer-copy-to-main-grad ....................: (0.16, 0.44)
31:     optimizer-inner-step ...........................: (0.55, 0.68)
31:     optimizer-copy-main-to-model-params ............: (0.31, 0.92)
31:     optimizer ......................................: (2.82, 3.44)
31:     batch-generator ................................: (4.32, 6.71)
31:     forward-compute ................................: (482.58, 548.32)
31:     backward-compute ...............................: (1071.69, 1137.74)
31:  [2026-08-18 04:17:29.618746] iteration      392/   18141 | consumed samples:       112896 | elapsed time per iteration (ms): 1565.3 | throughput per GPU (TFLOP/s/GPU): 373.1 | learning rate: 3.136000E-04 | global batch size:   288 | lm loss: 4.359354E+00 | loss scale: 1.0 | grad norm: 0.891 | params norm: 673.353 | number of skipped iterations:   0 | number of nan iterations:   0 |
31: INFO:megatron.core.timers:(min, max) time across ranks (ms):
31:     forward-backward ...............................: (1546.49, 1546.64)
31:     embedding-grads-all-reduce .....................: (0.02, 0.06)
31:     all-grads-sync .................................: (0.17, 0.22)
31:     optimizer-copy-to-main-grad ....................: (0.15, 0.37)
31:     optimizer-inner-step ...........................: (0.56, 0.70)
31:     optimizer-copy-main-to-model-params ............: (0.33, 0.96)
31:     optimizer ......................................: (2.79, 3.42)
31:     batch-generator ................................: (4.16, 6.38)
31:     forward-compute ................................: (493.11, 524.12)
31:     backward-compute ...............................: (1018.84, 1048.37)
31:  [2026-08-18 04:17:31.234934] iteration      393/   18141 | consumed samples:       113184 | elapsed time per iteration (ms): 1616.0 | throughput per GPU (TFLOP/s/GPU): 360.2 | learning rate: 3.144000E-04 | global batch size:   288 | lm loss: 4.354628E+00 | loss scale: 1.0 | grad norm: 0.901 | params norm: 673.426 | number of skipped iterations:   0 | number of nan iterations:   0 |
31: INFO:megatron.core.timers:(min, max) time across ranks (ms):
31:     forward-backward ...............................: (1597.69, 1597.86)
31:     embedding-grads-all-reduce .....................: (0.02, 0.02)
31:     all-grads-sync .................................: (0.17, 0.23)
31:     optimizer-copy-to-main-grad ....................: (0.15, 0.39)
31:     optimizer-inner-step ...........................: (0.56, 0.68)
31:     optimizer-copy-main-to-model-params ............: (0.32, 0.92)
31:     optimizer ......................................: (2.76, 3.36)
31:     batch-generator ................................: (4.18, 5.81)
31:     forward-compute ................................: (486.33, 528.63)
31:     backward-compute ...............................: (1063.02, 1107.69)
31:  [2026-08-18 04:17:32.862724] iteration      394/   18141 | consumed samples:       113472 | elapsed time per iteration (ms): 1627.7 | throughput per GPU (TFLOP/s/GPU): 359.6 | learning rate: 3.152000E-04 | global batch size:   288 | lm loss: 4.358815E+00 | loss scale: 1.0 | grad norm: 0.939 | params norm: 673.502 | number of skipped iterations:   0 | number of nan iterations:   0 |
31: INFO:megatron.core.timers:(min, max) time across ranks (ms):
31:     forward-backward ...............................: (1608.72, 1608.83)
31:     embedding-grads-all-reduce .....................: (0.02, 0.02)
31:     all-grads-sync .................................: (0.16, 0.23)
31:     optimizer-copy-to-main-grad ....................: (0.16, 0.39)
31:     optimizer-inner-step ...........................: (0.56, 0.69)
31:     optimizer-copy-main-to-model-params ............: (0.31, 0.93)
31:     optimizer ......................................: (2.74, 3.37)
31:     batch-generator ................................: (4.12, 5.63)
31:     forward-compute ................................: (491.79, 542.77)
31:     backward-compute ...............................: (1062.96, 1112.22)
31:  [2026-08-18 04:17:34.515733] iteration      395/   18141 | consumed samples:       113760 | elapsed time per iteration (ms): 1652.8 | throughput per GPU (TFLOP/s/GPU): 353.3 | learning rate: 3.160000E-04 | global batch size:   288 | lm loss: 4.384563E+00 | loss scale: 1.0 | grad norm: 0.960 | params norm: 673.577 | number of skipped iterations:   0 | number of nan iterations:   0 |
31: INFO:megatron.core.timers:(min, max) time across ranks (ms):
31:     forward-backward ...............................: (1634.01, 1634.13)
31:     embedding-grads-all-reduce .....................: (0.02, 0.02)
31:     all-grads-sync .................................: (0.17, 0.22)
31:     optimizer-copy-to-main-grad ....................: (0.16, 0.37)
31:     optimizer-inner-step ...........................: (0.56, 0.69)
31:     optimizer-copy-main-to-model-params ............: (0.32, 0.92)
31:     optimizer ......................................: (2.78, 3.38)
31:     batch-generator ................................: (4.26, 6.77)
31:     forward-compute ................................: (499.22, 539.47)
31:     backward-compute ...............................: (1089.76, 1128.66)
31:  [2026-08-18 04:17:36.144989] iteration      396/   18141 | consumed samples:       114048 | elapsed time per iteration (ms): 1629.1 | throughput per GPU (TFLOP/s/GPU): 358.7 | learning rate: 3.168000E-04 | global batch size:   288 | lm loss: 4.389781E+00 | loss scale: 1.0 | grad norm: 1.188 | params norm: 673.654 | number of skipped iterations:   0 | number of nan iterations:   0 |
31: INFO:megatron.core.timers:(min, max) time across ranks (ms):
31:     forward-backward ...............................: (1610.06, 1610.25)
31:     embedding-grads-all-reduce .....................: (0.02, 0.02)
31:     all-grads-sync .................................: (0.17, 0.24)
31:     optimizer-copy-to-main-grad ....................: (0.16, 0.41)
31:     optimizer-inner-step ...........................: (0.57, 0.71)
31:     optimizer-copy-main-to-model-params ............: (0.30, 0.93)
31:     optimizer ......................................: (2.82, 3.46)
31:     batch-generator ................................: (4.20, 7.19)
31:     forward-compute ................................: (489.54, 538.99)
31:     backward-compute ...............................: (1067.73, 1114.70)
31:  [2026-08-18 04:17:37.754731] iteration      397/   18141 | consumed samples:       114336 | elapsed time per iteration (ms): 1609.4 | throughput per GPU (TFLOP/s/GPU): 363.5 | learning rate: 3.176000E-04 | global batch size:   288 | lm loss: 4.379407E+00 | loss scale: 1.0 | grad norm: 1.660 | params norm: 673.731 | number of skipped iterations:   0 | number of nan iterations:   0 |
31: INFO:megatron.core.timers:(min, max) time across ranks (ms):
31:     forward-backward ...............................: (1590.65, 1590.76)
31:     embedding-grads-all-reduce .....................: (0.02, 0.02)
31:     all-grads-sync .................................: (0.17, 0.24)
31:     optimizer-copy-to-main-grad ....................: (0.16, 0.40)
31:     optimizer-inner-step ...........................: (0.56, 0.68)
31:     optimizer-copy-main-to-model-params ............: (0.32, 0.96)
31:     optimizer ......................................: (2.76, 3.40)
31:     batch-generator ................................: (4.16, 6.74)
31:     forward-compute ................................: (492.28, 530.81)
31:     backward-compute ...............................: (1055.51, 1093.68)
31:  [2026-08-18 04:17:39.346911] iteration      398/   18141 | consumed samples:       114624 | elapsed time per iteration (ms): 1592.0 | throughput per GPU (TFLOP/s/GPU): 367.8 | learning rate: 3.184000E-04 | global batch size:   288 | lm loss: 4.371136E+00 | loss scale: 1.0 | grad norm: 0.730 | params norm: 673.808 | number of skipped iterations:   0 | number of nan iterations:   0 |
31: INFO:megatron.core.timers:(min, max) time across ranks (ms):
31:     forward-backward ...............................: (1573.36, 1573.49)
31:     embedding-grads-all-reduce .....................: (0.02, 0.02)
31:     all-grads-sync .................................: (0.17, 0.24)
31:     optimizer-copy-to-main-grad ....................: (0.15, 0.38)
31:     optimizer-inner-step ...........................: (0.56, 0.69)
31:     optimizer-copy-main-to-model-params ............: (0.32, 0.93)
31:     optimizer ......................................: (2.72, 3.33)
31:     batch-generator ................................: (4.17, 5.33)
31:     forward-compute ................................: (491.08, 530.95)
31:     backward-compute ...............................: (1037.56, 1078.31)
31:  [2026-08-18 04:17:40.934478] iteration      399/   18141 | consumed samples:       114912 | elapsed time per iteration (ms): 1587.2 | throughput per GPU (TFLOP/s/GPU): 368.8 | learning rate: 3.192000E-04 | global batch size:   288 | lm loss: 4.429052E+00 | loss scale: 1.0 | grad norm: 3.122 | params norm: 673.884 | number of skipped iterations:   0 | number of nan iterations:   0 |
31: INFO:megatron.core.timers:(min, max) time across ranks (ms):
31:     forward-backward ...............................: (1568.66, 1568.81)
31:     embedding-grads-all-reduce .....................: (0.02, 0.02)
31:     all-grads-sync .................................: (0.17, 0.23)
31:     optimizer-copy-to-main-grad ....................: (0.16, 0.39)
31:     optimizer-inner-step ...........................: (0.57, 0.70)
31:     optimizer-copy-main-to-model-params ............: (0.32, 0.93)
31:     optimizer ......................................: (2.77, 3.38)
31:     batch-generator ................................: (4.19, 6.56)
31:     forward-compute ................................: (496.02, 528.66)
31:     backward-compute ...............................: (1035.82, 1069.17)
31:  [2026-08-18 04:17:42.514875] iteration      400/   18141 | consumed samples:       115200 | elapsed time per iteration (ms): 1580.2 | throughput per GPU (TFLOP/s/GPU): 368.4 | learning rate: 3.200000E-04 | global batch size:   288 | lm loss: 4.389338E+00 | loss scale: 1.0 | grad norm: 1.529 | params norm: 673.960 | number of skipped iterations:   0 | number of nan iterations:   0 |
31: INFO:megatron.core.timers:(min, max) time across ranks (ms):
31:     forward-backward ...............................: (1562.08, 1562.22)
31:     embedding-grads-all-reduce .....................: (0.02, 0.02)
31:     all-grads-sync .................................: (0.17, 0.24)
31:     optimizer-copy-to-main-grad ....................: (0.16, 0.42)
31:     optimizer-inner-step ...........................: (0.56, 0.68)
31:     optimizer-copy-main-to-model-params ............: (0.32, 0.89)
31:     optimizer ......................................: (2.75, 3.32)
31:     batch-generator ................................: (4.08, 4.97)
31:     forward-compute ................................: (495.59, 526.42)
31:     backward-compute ...............................: (1029.33, 1060.45)
31:  [2026-08-18 04:17:44.106125] iteration      401/   18141 | consumed samples:       115488 | elapsed time per iteration (ms): 1591.1 | throughput per GPU (TFLOP/s/GPU): 367.7 | learning rate: 3.208000E-04 | global batch size:   288 | lm loss: 4.352799E+00 | loss scale: 1.0 | grad norm: 0.606 | params norm: 674.034 | number of skipped iterations:   0 | number of nan iterations:   0 |
31: INFO:megatron.core.timers:(min, max) time across ranks (ms):
31:     forward-backward ...............................: (1572.18, 1572.34)
31:     embedding-grads-all-reduce .....................: (0.02, 0.02)
31:     all-grads-sync .................................: (0.17, 0.23)
31:     optimizer-copy-to-main-grad ....................: (0.16, 0.38)
31:     optimizer-inner-step ...........................: (0.55, 0.70)
31:     optimizer-copy-main-to-model-params ............: (0.31, 0.96)
31:     optimizer ......................................: (2.76, 3.42)
31:     batch-generator ................................: (4.30, 6.64)
31:     forward-compute ................................: (488.18, 525.68)
31:     backward-compute ...............................: (1039.07, 1079.20)
31:  [2026-08-18 04:17:45.699779] iteration      402/   18141 | consumed samples:       115776 | elapsed time per iteration (ms): 1593.5 | throughput per GPU (TFLOP/s/GPU): 366.8 | learning rate: 3.216000E-04 | global batch size:   288 | lm loss: 4.345849E+00 | loss scale: 1.0 | grad norm: 1.006 | params norm: 674.111 | number of skipped iterations:   0 | number of nan iterations:   0 |
31: INFO:megatron.core.timers:(min, max) time across ranks (ms):
31:     forward-backward ...............................: (1574.96, 1575.07)
31:     embedding-grads-all-reduce .....................: (0.02, 0.02)
31:     all-grads-sync .................................: (0.16, 0.23)
31:     optimizer-copy-to-main-grad ....................: (0.15, 0.36)
31:     optimizer-inner-step ...........................: (0.56, 0.69)
31:     optimizer-copy-main-to-model-params ............: (0.32, 0.97)
31:     optimizer ......................................: (2.72, 3.38)
31:     batch-generator ................................: (4.23, 8.11)
31:     forward-compute ................................: (496.00, 541.83)
31:     backward-compute ...............................: (1029.64, 1075.92)
31:  [2026-08-18 04:17:47.305156] iteration      403/   18141 | consumed samples:       116064 | elapsed time per iteration (ms): 1605.2 | throughput per GPU (TFLOP/s/GPU): 363.7 | learning rate: 3.224000E-04 | global batch size:   288 | lm loss: 4.367286E+00 | loss scale: 1.0 | grad norm: 1.698 | params norm: 674.187 | number of skipped iterations:   0 | number of nan iterations:   0 |
31: INFO:megatron.core.timers:(min, max) time across ranks (ms):
31:     forward-backward ...............................: (1586.46, 1586.57)
31:     embedding-grads-all-reduce .....................: (0.02, 0.02)
31:     all-grads-sync .................................: (0.17, 0.22)
31:     optimizer-copy-to-main-grad ....................: (0.15, 0.38)
31:     optimizer-inner-step ...........................: (0.56, 0.69)
31:     optimizer-copy-main-to-model-params ............: (0.32, 0.94)
31:     optimizer ......................................: (2.76, 3.39)
31:     batch-generator ................................: (4.03, 5.18)
31:     forward-compute ................................: (492.48, 535.61)
31:     backward-compute ...............................: (1047.47, 1089.28)
31:  [2026-08-18 04:17:48.960219] iteration      404/   18141 | consumed samples:       116352 | elapsed time per iteration (ms): 1654.9 | throughput per GPU (TFLOP/s/GPU): 354.0 | learning rate: 3.232000E-04 | global batch size:   288 | lm loss: 4.377211E+00 | loss scale: 1.0 | grad norm: 1.010 | params norm: 674.265 | number of skipped iterations:   0 | number of nan iterations:   0 |
31: INFO:megatron.core.timers:(min, max) time across ranks (ms):
31:     forward-backward ...............................: (1636.22, 1636.33)
31:     embedding-grads-all-reduce .....................: (0.02, 0.02)
31:     all-grads-sync .................................: (0.17, 0.22)
31:     optimizer-copy-to-main-grad ....................: (0.15, 0.41)
31:     optimizer-inner-step ...........................: (0.56, 0.70)
31:     optimizer-copy-main-to-model-params ............: (0.31, 0.91)
31:     optimizer ......................................: (2.81, 3.42)
31:     batch-generator ................................: (4.22, 5.89)
31:     forward-compute ................................: (495.00, 548.59)
31:     backward-compute ...............................: (1084.19, 1136.26)
31:  [2026-08-18 04:17:50.554836] iteration      405/   18141 | consumed samples:       116640 | elapsed time per iteration (ms): 1594.5 | throughput per GPU (TFLOP/s/GPU): 367.6 | learning rate: 3.240000E-04 | global batch size:   288 | lm loss: 4.442012E+00 | loss scale: 1.0 | grad norm: 5.100 | params norm: 674.342 | number of skipped iterations:   0 | number of nan iterations:   0 |
31: INFO:megatron.core.timers:(min, max) time across ranks (ms):
31:     forward-backward ...............................: (1575.75, 1575.91)
31:     embedding-grads-all-reduce .....................: (0.02, 0.02)
31:     all-grads-sync .................................: (0.17, 0.22)
31:     optimizer-copy-to-main-grad ....................: (0.15, 0.39)
31:     optimizer-inner-step ...........................: (0.57, 0.70)
31:     optimizer-copy-main-to-model-params ............: (0.32, 0.90)
31:     optimizer ......................................: (2.82, 3.42)
31:     batch-generator ................................: (4.19, 6.37)
31:     forward-compute ................................: (491.67, 526.13)
31:     backward-compute ...............................: (1044.46, 1079.05)
31:  [2026-08-18 04:17:52.198792] iteration      406/   18141 | consumed samples:       116928 | elapsed time per iteration (ms): 1643.7 | throughput per GPU (TFLOP/s/GPU): 356.1 | learning rate: 3.248000E-04 | global batch size:   288 | lm loss: 4.422401E+00 | loss scale: 1.0 | grad norm: 1.057 | params norm: 674.417 | number of skipped iterations:   0 | number of nan iterations:   0 |
31: INFO:megatron.core.timers:(min, max) time across ranks (ms):
31:     forward-backward ...............................: (1624.73, 1624.84)
31:     embedding-grads-all-reduce .....................: (0.02, 0.02)
31:     all-grads-sync .................................: (0.17, 0.23)
31:     optimizer-copy-to-main-grad ....................: (0.15, 0.37)
31:     optimizer-inner-step ...........................: (0.56, 0.67)
31:     optimizer-copy-main-to-model-params ............: (0.32, 0.93)
31:     optimizer ......................................: (2.78, 3.40)
31:     batch-generator ................................: (4.05, 7.23)
31:     forward-compute ................................: (497.86, 543.16)
31:     backward-compute ...............................: (1078.25, 1120.71)
31:  [2026-08-18 04:17:53.845154] iteration      407/   18141 | consumed samples:       117216 | elapsed time per iteration (ms): 1646.1 | throughput per GPU (TFLOP/s/GPU): 356.0 | learning rate: 3.256000E-04 | global batch size:   288 | lm loss: 4.480466E+00 | loss scale: 1.0 | grad norm: 3.525 | params norm: 674.494 | number of skipped iterations:   0 | number of nan iterations:   0 |
31: INFO:megatron.core.timers:(min, max) time across ranks (ms):
31:     forward-backward ...............................: (1626.96, 1627.14)
31:     embedding-grads-all-reduce .....................: (0.02, 0.02)
31:     all-grads-sync .................................: (0.17, 0.23)
31:     optimizer-copy-to-main-grad ....................: (0.15, 0.42)
31:     optimizer-inner-step ...........................: (0.56, 0.70)
31:     optimizer-copy-main-to-model-params ............: (0.31, 0.93)
31:     optimizer ......................................: (2.82, 3.45)
31:     batch-generator ................................: (4.08, 8.35)
31:     forward-compute ................................: (490.64, 551.56)
31:     backward-compute ...............................: (1072.16, 1128.56)
31:  [2026-08-18 04:17:55.443300] iteration      408/   18141 | consumed samples:       117504 | elapsed time per iteration (ms): 1597.9 | throughput per GPU (TFLOP/s/GPU): 365.9 | learning rate: 3.264000E-04 | global batch size:   288 | lm loss: 4.544463E+00 | loss scale: 1.0 | grad norm: 7.866 | params norm: 674.570 | number of skipped iterations:   0 | number of nan iterations:   0 |
31: INFO:megatron.core.timers:(min, max) time across ranks (ms):
31:     forward-backward ...............................: (1578.98, 1579.11)
31:     embedding-grads-all-reduce .....................: (0.01, 0.02)
31:     all-grads-sync .................................: (0.18, 0.23)
31:     optimizer-copy-to-main-grad ....................: (0.15, 0.39)
31:     optimizer-inner-step ...........................: (0.56, 0.69)
31:     optimizer-copy-main-to-model-params ............: (0.31, 0.92)
31:     optimizer ......................................: (2.76, 3.38)
31:     batch-generator ................................: (4.08, 7.05)
31:     forward-compute ................................: (492.96, 531.28)
31:     backward-compute ...............................: (1043.82, 1081.85)
