START TIME: Thu Sep  3 17:24:05 CEST 2026
Total dataset prefixes: 49
[Thu Sep  3 17:24:05 CEST 2026] WANDB API key detected. Enabling WANDB logging.
[Thu Sep  3 17:24:07 CEST 2026] WandB logs will be sent to:
           Organization/Workspace: unknown
           Project: fineweb-40B_gutenberg-3B
           Experiment: test-llama3-1b-hybrid-qwen-scf1-fineweb40B-gutenberg3B-3281021
Test+train: llama3-1b hybrid-qwen fineweb40B+gutenberg3B  nodes=8  gbs=288  mbs=3  steps=18141  datasets=49
[Thu Sep  3 17:24:12 CEST 2026] Launching pretrain_gpt_native.py (--tests on first forward step, then trains)...
13: LANG_RL Log directory: None
14: LANG_RL Log directory: None
12: LANG_RL Log directory: None
15: LANG_RL Log directory: None
 8: LANG_RL Log directory: None
10: LANG_RL Log directory: None
11: LANG_RL Log directory: None
 9: LANG_RL Log directory: None
 1: LANG_RL Log directory: None
 3: LANG_RL Log directory: None
 2: LANG_RL Log directory: None
 0: LANG_RL Log directory: None
17: LANG_RL Log directory: None
18: LANG_RL Log directory: None
19: LANG_RL Log directory: None
16: LANG_RL Log directory: None
30: LANG_RL Log directory: None
31: LANG_RL Log directory: None
28: LANG_RL Log directory: None
 4: LANG_RL Log directory: None
 7: LANG_RL Log directory: None
 6: LANG_RL Log directory: None
 5: LANG_RL Log directory: None
20: LANG_RL Log directory: None
22: LANG_RL Log directory: None
21: LANG_RL Log directory: None
24: LANG_RL Log directory: None
25: LANG_RL Log directory: None
26: LANG_RL Log directory: None
27: LANG_RL Log directory: None
29: LANG_RL Log directory: None
23: LANG_RL Log directory: None
13: INFO:datasets:PyTorch version 2.11.0a0+eb65b36914.nv26.2 available.
14: INFO:datasets:PyTorch version 2.11.0a0+eb65b36914.nv26.2 available.
 4: INFO:datasets:PyTorch version 2.11.0a0+eb65b36914.nv26.2 available.
29: INFO:datasets:PyTorch version 2.11.0a0+eb65b36914.nv26.2 available.
30: INFO:datasets:PyTorch version 2.11.0a0+eb65b36914.nv26.2 available.
11: INFO:datasets:PyTorch version 2.11.0a0+eb65b36914.nv26.2 available.
 1: INFO:datasets:PyTorch version 2.11.0a0+eb65b36914.nv26.2 available.
20: INFO:datasets:PyTorch version 2.11.0a0+eb65b36914.nv26.2 available.
21: INFO:datasets:PyTorch version 2.11.0a0+eb65b36914.nv26.2 available.
23: INFO:datasets:PyTorch version 2.11.0a0+eb65b36914.nv26.2 available.
18: INFO:datasets:PyTorch version 2.11.0a0+eb65b36914.nv26.2 available.
19: INFO:datasets:PyTorch version 2.11.0a0+eb65b36914.nv26.2 available.
28: INFO:datasets:PyTorch version 2.11.0a0+eb65b36914.nv26.2 available.
 3: INFO:datasets:PyTorch version 2.11.0a0+eb65b36914.nv26.2 available.
24: INFO:datasets:PyTorch version 2.11.0a0+eb65b36914.nv26.2 available.
25: INFO:datasets:PyTorch version 2.11.0a0+eb65b36914.nv26.2 available.
 7: INFO:datasets:PyTorch version 2.11.0a0+eb65b36914.nv26.2 available.
17: INFO:datasets:PyTorch version 2.11.0a0+eb65b36914.nv26.2 available.
10: INFO:datasets:PyTorch version 2.11.0a0+eb65b36914.nv26.2 available.
12: INFO:datasets:PyTorch version 2.11.0a0+eb65b36914.nv26.2 available.
15: INFO:datasets:PyTorch version 2.11.0a0+eb65b36914.nv26.2 available.
31: INFO:datasets:PyTorch version 2.11.0a0+eb65b36914.nv26.2 available.
 6: INFO:datasets:PyTorch version 2.11.0a0+eb65b36914.nv26.2 available.
22: INFO:datasets:PyTorch version 2.11.0a0+eb65b36914.nv26.2 available.
 9: INFO:datasets:PyTorch version 2.11.0a0+eb65b36914.nv26.2 available.
 0: INFO:datasets:PyTorch version 2.11.0a0+eb65b36914.nv26.2 available.
 2: INFO:datasets:PyTorch version 2.11.0a0+eb65b36914.nv26.2 available.
 8: INFO:datasets:PyTorch version 2.11.0a0+eb65b36914.nv26.2 available.
 5: INFO:datasets:PyTorch version 2.11.0a0+eb65b36914.nv26.2 available.
16: INFO:datasets:PyTorch version 2.11.0a0+eb65b36914.nv26.2 available.
27: INFO:datasets:PyTorch version 2.11.0a0+eb65b36914.nv26.2 available.
26: INFO:datasets:PyTorch version 2.11.0a0+eb65b36914.nv26.2 available.
 0: using world size: 32, data-parallel size: 32, context-parallel size: 1, hierarchical context-parallel sizes: None, tensor-model-parallel size: 1, pipeline-model-parallel size: 1
 0: Number of virtual stages per pipeline stage: None
 0: accumulate and all-reduce gradients in fp32 for bfloat16 data type.
 0: using torch.bfloat16 for parameters ...
 0: ------------------------ arguments ------------------------
 0:   _is_global_batch_size_explicitly_specified ...... True
 0:   account_for_embedding_in_pipeline_split ......... False
 0:   account_for_loss_in_pipeline_split .............. False
 0:   accumulate_allreduce_grads_in_fp32 .............. True
 0:   activation_func_clamp_value ..................... None
 0:   adam_beta1 ...................................... 0.9
 0:   adam_beta2 ...................................... 0.95
 0:   adam_eps ........................................ 1e-08
 0:   add_bias_linear ................................. False
 0:   add_position_embedding .......................... True
 0:   add_qkv_bias .................................... False
 0:   adlr_autoresume ................................. False
 0:   adlr_autoresume_interval ........................ 1000
 0:   align_grad_reduce ............................... True
 0:   align_param_gather .............................. False
 0:   allow_ambiguous_pad_tokens ...................... False
 0:   app_tag_run_name ................................ None
 0:   app_tag_run_version ............................. 0.0.0
 0:   apply_query_key_layer_scaling ................... False
 0:   apply_residual_connection_post_layernorm ........ False
 0:   apply_rope_fusion ............................... True
 0:   apply_wd_to_qk_layernorm ........................ False
 0:   async_ckpt_cpu_priority ......................... 10
 0:   async_ckpt_io_priority .......................... 3
 0:   async_ckpt_use_cpu_shm .......................... False
 0:   async_save ...................................... False
 0:   async_strategy .................................. mcore
 0:   attention_backend ............................... AttnBackend.auto
 0:   attention_dropout ............................... 0.0
 0:   attention_output_gate ........................... True
 0:   attention_softmax_in_fp32 ....................... False
 0:   auto_detect_ckpt_format ......................... False
 0:   barrier_with_L1_time ............................ True
 0:   batch_invariant_mode ............................ False
 0:   bert_binary_head ................................ True
 0:   bert_embedder_type .............................. megatron
 0:   bert_load ....................................... None
 0:   bf16 ............................................ True
 0:   bias_dropout_fusion ............................. True
 0:   bias_gelu_fusion ................................ False
 0:   bias_swiglu_fusion .............................. True
 0:   biencoder_projection_dim ........................ 0
 0:   biencoder_shared_query_context_model ............ False
 0:   block_data_path ................................. None
 0:   cache_mla_latents ............................... False
 0:   calc_ft_timeouts ................................ False
 0:   calculate_per_token_loss ........................ False
 0:   chat_template ................................... None
 0:   check_for_large_grads ........................... False
 0:   check_for_nan_in_loss_and_grad .................. False
 0:   check_for_spiky_loss ............................ False
 0:   check_weight_hash_across_dp_replicas_interval ... None
 0:   ckpt_assume_constant_structure .................. False
 0:   ckpt_convert_format ............................. None
 0:   ckpt_convert_save ............................... None
 0:   ckpt_convert_update_legacy_dist_opt_format ...... False
 0:   ckpt_format ..................................... torch_dist
 0:   ckpt_fully_parallel_load ........................ True
 0:   ckpt_fully_parallel_load_exchange_algo .......... broadcast
 0:   ckpt_fully_parallel_load_process_group .......... dp
 0:   ckpt_fully_parallel_save ........................ True
 0:   ckpt_fully_parallel_save_deprecated ............. False
 0:   ckpt_fully_parallel_save_process_group .......... dp
 0:   ckpt_load_validate_sharding_integrity ........... True
 0:   ckpt_step ....................................... None
 0:   classes_fraction ................................ 1.0
 0:   clip_grad ....................................... 1.0
 0:   clone_scatter_output_in_embedding ............... True
 0:   config_logger_dir ............................... 
 0:   consumed_train_samples .......................... 0
 0:   consumed_valid_samples .......................... 0
 0:   context_parallel_size ........................... 1
 0:   cp_comm_type .................................... ['p2p']
 0:   cpu_offloading_num_layers ....................... 0
 0:   cpu_offloading_retain_pinned_cpu_buffers ........ False
 0:   create_all_gather_group ......................... False
 0:   create_attention_mask_in_dataloader ............. False
 0:   cross_entropy_fusion_impl ....................... native
 0:   cross_entropy_loss_fusion ....................... True
 0:   cuda_graph_impl ................................. none
 0:   cuda_graph_modules .............................. []
 0:   cuda_graph_warmup_steps ......................... 3
 0:   data_args_path .................................. None
 0:   data_cache_path ................................. /iopsstor/scratch/cscs/elyulina/datasets/cache
 0:   data_parallel_random_init ....................... False
 0:   data_parallel_sharding_strategy ................. optim_grads_params
 0:   data_parallel_size .............................. 32
 0:   data_path ....................................... ['/iopsstor/scratch/cscs/elyulina/datasets/tokenized/fineweb-edu-dedup-160B-datatrove_0.25/dump_0/00000_tokens', '/iopsstor/scratch/cscs/elyulina/datasets/tokenized/fineweb-edu-dedup-160B-datatrove_0.25/dump_0/00001_tokens', '/iopsstor/scratch/cscs/elyulina/datasets/tokenized/fineweb-edu-dedup-160B-datatrove_0.25/dump_0/00002_tokens', '/iopsstor/scratch/cscs/elyulina/datasets/tokenized/fineweb-edu-dedup-160B-datatrove_0.25/dump_0/00003_tokens', '/iopsstor/scratch/cscs/elyulina/datasets/tokenized/fineweb-edu-dedup-160B-datatrove_0.25/dump_0/00004_tokens', '/iopsstor/scratch/cscs/elyulina/datasets/tokenized/fineweb-edu-dedup-160B-datatrove_0.25/dump_0/00005_tokens', '/iopsstor/scratch/cscs/elyulina/datasets/tokenized/fineweb-edu-dedup-160B-datatrove_0.25/dump_0/00006_tokens', '/iopsstor/scratch/cscs/elyulina/datasets/tokenized/fineweb-edu-dedup-160B-datatrove_0.25/dump_0/00007_tokens', '/iopsstor/scratch/cscs/elyulina/datasets/tokenized/fineweb-edu-dedup-160B-
 0: datatrove_0.25/dump_0/00008_tokens', '/iopsstor/scratch/cscs/elyulina/datasets/tokenized/fineweb-edu-dedup-160B-datatrove_0.25/dump_0/00009_tokens', '/iopsstor/scratch/cscs/elyulina/datasets/tokenized/fineweb-edu-dedup-160B-datatrove_0.25/dump_0/00010_tokens', '/iopsstor/scratch/cscs/elyulina/datasets/tokenized/fineweb-edu-dedup-160B-datatrove_0.25/dump_0/00011_tokens', '/iopsstor/scratch/cscs/elyulina/datasets/tokenized/fineweb-edu-dedup-160B-datatrove_0.25/dump_0/00012_tokens', '/iopsstor/scratch/cscs/elyulina/datasets/tokenized/fineweb-edu-dedup-160B-datatrove_0.25/dump_0/00013_tokens', '/iopsstor/scratch/cscs/elyulina/datasets/tokenized/fineweb-edu-dedup-160B-datatrove_0.25/dump_0/00014_tokens', '/iopsstor/scratch/cscs/elyulina/datasets/tokenized/fineweb-edu-dedup-160B-datatrove_0.25/dump_0/00015_tokens', '/iopsstor/scratch/cscs/elyulina/datasets/tokenized/fineweb-edu-dedup-160B-datatrove_0.25/dump_0/00016_tokens', '/iopsstor/scratch/cscs/elyulina/datasets/tokenized/fineweb-edu-dedup-160B-datatrove_0.25/d
 0: ump_0/00017_tokens', '/iopsstor/scratch/cscs/elyulina/datasets/tokenized/fineweb-edu-dedup-160B-datatrove_0.25/dump_0/00018_tokens', '/iopsstor/scratch/cscs/elyulina/datasets/tokenized/fineweb-edu-dedup-160B-datatrove_0.25/dump_0/00019_tokens', '/iopsstor/scratch/cscs/elyulina/datasets/tokenized/fineweb-edu-dedup-160B-datatrove_0.25/dump_1/00000_tokens', '/iopsstor/scratch/cscs/elyulina/datasets/tokenized/fineweb-edu-dedup-160B-datatrove_0.25/dump_1/00001_tokens', '/iopsstor/scratch/cscs/elyulina/datasets/tokenized/fineweb-edu-dedup-160B-datatrove_0.25/dump_1/00002_tokens', '/iopsstor/scratch/cscs/elyulina/datasets/tokenized/fineweb-edu-dedup-160B-datatrove_0.25/dump_1/00003_tokens', '/iopsstor/scratch/cscs/elyulina/datasets/tokenized/fineweb-edu-dedup-160B-datatrove_0.25/dump_1/00004_tokens', '/iopsstor/scratch/cscs/elyulina/datasets/tokenized/fineweb-edu-dedup-160B-datatrove_0.25/dump_1/00005_tokens', '/iopsstor/scratch/cscs/elyulina/datasets/tokenized/fineweb-edu-dedup-160B-datatrove_0.25/dump_1/00006_toke
 0: ns', '/iopsstor/scratch/cscs/elyulina/datasets/tokenized/fineweb-edu-dedup-160B-datatrove_0.25/dump_1/00007_tokens', '/iopsstor/scratch/cscs/elyulina/datasets/tokenized/fineweb-edu-dedup-160B-datatrove_0.25/dump_1/00008_tokens', '/iopsstor/scratch/cscs/elyulina/datasets/tokenized/fineweb-edu-dedup-160B-datatrove_0.25/dump_1/00009_tokens', '/iopsstor/scratch/cscs/elyulina/datasets/tokenized/fineweb-edu-dedup-160B-datatrove_0.25/dump_1/00010_tokens', '/iopsstor/scratch/cscs/elyulina/datasets/tokenized/fineweb-edu-dedup-160B-datatrove_0.25/dump_1/00011_tokens', '/iopsstor/scratch/cscs/elyulina/datasets/tokenized/fineweb-edu-dedup-160B-datatrove_0.25/dump_1/00012_tokens', '/iopsstor/scratch/cscs/elyulina/datasets/tokenized/fineweb-edu-dedup-160B-datatrove_0.25/dump_1/00013_tokens', '/iopsstor/scratch/cscs/elyulina/datasets/tokenized/fineweb-edu-dedup-160B-datatrove_0.25/dump_1/00014_tokens', '/iopsstor/scratch/cscs/elyulina/datasets/tokenized/fineweb-edu-dedup-160B-datatrove_0.25/dump_1/00015_tokens', '/iopsstor
 0: /scratch/cscs/elyulina/datasets/tokenized/fineweb-edu-dedup-160B-datatrove_0.25/dump_1/00016_tokens', '/iopsstor/scratch/cscs/elyulina/datasets/tokenized/fineweb-edu-dedup-160B-datatrove_0.25/dump_1/00017_tokens', '/iopsstor/scratch/cscs/elyulina/datasets/tokenized/fineweb-edu-dedup-160B-datatrove_0.25/dump_1/00018_tokens', '/iopsstor/scratch/cscs/elyulina/datasets/tokenized/fineweb-edu-dedup-160B-datatrove_0.25/dump_1/00019_tokens', '/iopsstor/scratch/cscs/elyulina/datasets/tokenized/gutenberg_rep_1_256/rep_128_tokens', '/iopsstor/scratch/cscs/elyulina/datasets/tokenized/gutenberg_rep_1_256/rep_16_tokens', '/iopsstor/scratch/cscs/elyulina/datasets/tokenized/gutenberg_rep_1_256/rep_1_tokens', '/iopsstor/scratch/cscs/elyulina/datasets/tokenized/gutenberg_rep_1_256/rep_256_tokens', '/iopsstor/scratch/cscs/elyulina/datasets/tokenized/gutenberg_rep_1_256/rep_2_tokens', '/iopsstor/scratch/cscs/elyulina/datasets/tokenized/gutenberg_rep_1_256/rep_32_tokens', '/iopsstor/scratch/cscs/elyulina/datasets/tokenized/gutenb
 0: erg_rep_1_256/rep_4_tokens', '/iopsstor/scratch/cscs/elyulina/datasets/tokenized/gutenberg_rep_1_256/rep_64_tokens', '/iopsstor/scratch/cscs/elyulina/datasets/tokenized/gutenberg_rep_1_256/rep_8_tokens']
 0:   data_per_class_fraction ......................... 1.0
 0:   data_sharding ................................... True
 0:   dataloader_defer_npy_index_mmap ................. False
 0:   dataloader_fast_cache_load ...................... False
 0:   dataloader_type ................................. single
 0:   ddp_average_in_collective ....................... False
 0:   ddp_bucket_size ................................. None
 0:   ddp_num_buckets ................................. None
 0:   ddp_pad_buckets_for_high_nccl_busbw ............. False
 0:   ddp_param_name_patterns_for_fp32_local_accumulation  []
 0:   ddp_reduce_scatter_with_fp32_accumulation ....... False
 0:   decode_only_cuda_graphs ......................... False
 0:   decoder_first_pipeline_num_layers ............... None
 0:   decoder_last_pipeline_num_layers ................ None
 0:   decoder_num_layers .............................. None
 0:   decoder_seq_length .............................. None
 0:   decoupled_lr .................................... None
 0:   decoupled_min_lr ................................ None
 0:   decrease_batch_size_if_needed ................... False
 0:   defer_embedding_wgrad_compute ................... False
 0:   delay_wgrad_compute ............................. False
 0:   deprecated_use_mcore_models ..................... False
 0:   deterministic_mode .............................. False
 0:   dino_bottleneck_size ............................ 256
 0:   dino_freeze_last_layer .......................... 1
 0:   dino_head_hidden_size ........................... 2048
 0:   dino_local_crops_number ......................... 10
 0:   dino_local_img_size ............................. 96
 0:   dino_norm_last_layer ............................ False
 0:   dino_teacher_temp ............................... 0.07
 0:   dino_warmup_teacher_temp ........................ 0.04
 0:   dino_warmup_teacher_temp_epochs ................. 30
 0:   disable_bf16_reduced_precision_matmul ........... False
 0:   disable_jit_fuser ............................... False
 0:   disable_msc_deprecated .......................... False
 0:   disable_straggler_on_startup .................... False
 0:   disable_symmetric_registration .................. False
 0:   dist_ckpt_format_deprecated ..................... None
 0:   dist_ckpt_optim_fully_reshardable ............... False
 0:   dist_ckpt_save_pre_mcore_014 .................... False
 0:   dist_ckpt_strictness ............................ assume_ok_unexpected
 0:   dist_ckpt_workers ............................... 1
 0:   distrib_optim_fully_reshardable_mem_efficient ... False
 0:   distribute_saved_activations .................... False
 0:   distributed_backend ............................. nccl
 0:   distributed_timeout_minutes ..................... 10
 0:   distributed_timeout_seconds_after_init .......... None
 0:   dsa_indexer_head_dim ............................ None
 0:   dsa_indexer_loss_coeff .......................... None
 0:   dsa_indexer_n_heads ............................. None
 0:   dsa_indexer_topk ................................ None
 0:   dsa_indexer_use_sparse_loss ..................... False
 0:   dump_param_to_param_group_map ................... None
 0:   embedding_init_method_std ....................... None
 0:   embedding_path .................................. None
 0:   empty_unused_memory_level ....................... 0
 0:   enable_chunked_prefill .......................... False
 0:   enable_cuda_graph ............................... False
 0:   enable_experimental ............................. False
 0:   enable_ft_package ............................... False
 0:   enable_full_sharding_in_hsdp .................... False
 0:   enable_gpt_oss .................................. False
 0:   enable_msc ...................................... False
 0:   enable_one_logger ............................... True
 0:   encoder_num_layers .............................. 16
 0:   encoder_seq_length .............................. 8192
 0:   end_weight_decay ................................ 0.1
 0:   eod_mask_loss ................................... True
 0:   ep_overlap_early_attn_memory_release ............ False
 0:   error_injection_rate ............................ 0
 0:   error_injection_type ............................ transient_error
 0:   eval_global_batch_size .......................... 288
 0:   eval_interval ................................... 100000000000
 0:   eval_iters ...................................... 0
 0:   eval_micro_batch_size ........................... 3
 0:   evidence_data_path .............................. None
 0:   exit_duration_in_mins ........................... None
 0:   exit_interval ................................... None
 0:   exit_on_missing_checkpoint ...................... False
 0:   exit_signal ..................................... 15
 0:   exit_signal_handler ............................. False
 0:   exit_signal_handler_for_dataloader .............. False
 0:   exit_signal_handler_for_training ................ False
 0:   exp_avg_dtype ................................... torch.float32
 0:   exp_avg_sq_dtype ................................ torch.float32
 0:   experimental_attention_variant .................. gated_delta_net
 0:   expert_model_parallel_size ...................... 1
 0:   expert_tensor_parallel_size ..................... 1
 0:   export_default_te_spec .......................... False
 0:   export_force_local_attention .................... False
 0:   export_kd_cfg ................................... None
 0:   export_kd_teacher_ckpt_format ................... None
 0:   export_kd_teacher_load .......................... None
 0:   export_kd_teacher_model_config .................. None
 0:   export_kv_cache_quant ........................... none
 0:   export_legacy_megatron .......................... False
 0:   export_model_type ............................... GPTModel
 0:   export_moe_apply_probs_on_input ................. False
 0:   export_offline_model ............................ False
 0:   export_qk_l2_norm ............................... False
 0:   export_quant_cfg ................................ None
 0:   export_real_quant_cfg ........................... None
 0:   export_te_mcore_model ........................... False
 0:   external_cuda_graph ............................. False
 0:   fake_process_group .............................. False
 0:   fault_injector_delay_start_iteration ............ None
 0:   fault_injector_fault_delay ...................... None
 0:   fault_injector_fault_probabilities .............. None
 0:   fault_injector_fault_types ...................... None
 0:   fault_injector_mtti_seconds ..................... None
 0:   fault_injector_num_ranks ........................ None
 0:   fault_injector_offset_seconds ................... None
 0:   fault_injector_ranks ............................ None
 0:   fault_injector_seed ............................. None
 0:   ffn_hidden_size ................................. 6208
 0:   fim_data ........................................ False
 0:   fim_eod_token ................................... <|endoftext|>
 0:   fim_fragment_rate ............................... None
 0:   fim_middle_token ................................ <fim_middle>
 0:   fim_no_prefix ................................... None
 0:   fim_pad_token ................................... <fim_pad>
 0:   fim_prefix_token ................................ <fim_prefix>
 0:   fim_rate ........................................ 0.5
 0:   fim_split_sample ................................ None
 0:   fim_spm_rate .................................... 0.5
 0:   fim_suffix_token ................................ <fim_suffix>
 0:   fine_grained_activation_offloading .............. False
 0:   fine_grained_offloading_max_inflight_offloads ... None
 0:   finetune ........................................ False
 0:   finetune_data_split ............................. train
 0:   finetune_hf_dataset ............................. None
 0:   first_last_layers_bf16 .......................... False
 0:   flash_decode .................................... False
 0:   flight_recorder_dump_on_timeout ................. True
 0:   flight_recorder_dump_path ....................... None
 0:   flight_recorder_extra_dump_on_exec .............. True
 0:   flight_recorder_include_only_active ............. True
 0:   flight_recorder_include_stack_trace ............. False
 0:   flight_recorder_trace_buffer_size ............... 2000
 0:   fp16 ............................................ False
 0:   fp16_lm_cross_entropy ........................... False
 0:   fp32_residual_connection ........................ False
 0:   fp4 ............................................. None
 0:   fp4_param_gather ................................ False
 0:   fp4_quantizer_factory ........................... None
 0:   fp4_recipe ...................................... nvfp4
 0:   fp8 ............................................. None
 0:   fp8_amax_compute_algo ........................... most_recent
 0:   fp8_amax_history_len ............................ 1
 0:   fp8_interval .................................... 1
 0:   fp8_margin ...................................... 0
 0:   fp8_output_proj ................................. False
 0:   fp8_param_gather ................................ False
 0:   fp8_quantizer_factory ........................... None
 0:   fp8_recipe ...................................... delayed
 0:   fp8_wgrad ....................................... True
 0:   freeze_all_layers ............................... False
 0:   fsdp_double_buffer .............................. False
 0:   fsdp_manual_registration ........................ False
 0:   ft_num_warmup_iters ............................. 5
 0:   full_validation ................................. False
 0:   fused_residual_rmsnorm .......................... False
 0:   gdn_state_carry_ratio ........................... 0.0
 0:   global_batch_size ............................... 288
 0:   glu_linear_offset ............................... 0.0
 0:   goldfish_h ...................................... 50
 0:   goldfish_k ...................................... 50
 0:   goldfish_loss ................................... False
 0:   gpu_sniff_test_interval ......................... None
 0:   grad_reduce_in_bf16 ............................. False
 0:   gradient_accumulation_fusion .................... True
 0:   gradient_reduce_div_fusion ...................... True
 0:   group_query_attention ........................... True
 0:   grpo_clamp_eps_lower ............................ 0.01
 0:   grpo_clamp_eps_upper ............................ 0.01
 0:   grpo_entropy_term_weight ........................ 0.0
 0:   grpo_filter_groups_with_same_reward ............. False
 0:   grpo_group_size ................................. 2
 0:   grpo_iterations ................................. 2
 0:   grpo_kl_beta .................................... 0.001
 0:   grpo_prompts_per_step ........................... 32
 0:   head_lr_mult .................................... 1.0
 0:   heterogeneous_layers_config_encoded_json ........ None
 0:   heterogeneous_layers_config_path ................ None
 0:   hidden_dropout .................................. 0.0
 0:   hidden_size ..................................... 2048
 0:   hierarchical_context_parallel_sizes ............. None
 0:   high_priority_a2a_comm_stream ................... False
 0:   high_priority_stream_groups ..................... []
 0:   hybrid_context_parallel ......................... False
 0:   hybrid_layer_pattern ............................ None
 0:   hybrid_override_pattern ......................... None
 0:   hysteresis ...................................... 2
 0:   ict_head_size ................................... None
 0:   ict_load ........................................ None
 0:   img_h ........................................... 224
 0:   img_w ........................................... 224
 0:   indexer_batch_size .............................. 128
 0:   indexer_log_interval ............................ 1000
 0:   inference_batch_times_seqlen_threshold .......... -1
 0:   inference_coordinator_port ...................... None
 0:   inference_cuda_graph_all_prefills ............... False
 0:   inference_cuda_graph_scope ...................... InferenceCudaGraphScope.none
 0:   inference_disable_ep_consensus .................. False
 0:   inference_disable_triton_nvls_kernels ........... False
 0:   inference_dynamic_batching ...................... False
 0:   inference_dynamic_batching_block_size ........... 256
 0:   inference_dynamic_batching_buffer_size_gb ....... 40.0
 0:   inference_dynamic_batching_cuda_graph_mixed_prefill_count  16
 0:   inference_dynamic_batching_cuda_graph_sizing_distribution  exponential
 0:   inference_dynamic_batching_enable_prefix_caching  False
 0:   inference_dynamic_batching_mamba_memory_ratio ... None
 0:   inference_dynamic_batching_max_requests ......... None
 0:   inference_dynamic_batching_max_tokens ........... None
 0:   inference_dynamic_batching_num_cuda_graphs ...... 16
 0:   inference_dynamic_batching_paused_buffer_size_gb  None
 0:   inference_dynamic_batching_prefix_caching_coordinator_policy  first_prefix_block
 0:   inference_dynamic_batching_prefix_caching_eviction_policy  ref_zero
 0:   inference_dynamic_batching_prefix_caching_mamba_gb  None
 0:   inference_dynamic_batching_prefix_caching_routing_alpha  0.5
 0:   inference_dynamic_batching_sampling_backend ..... torch
 0:   inference_dynamic_batching_track_generated_token_events  False
 0:   inference_dynamic_batching_track_paused_request_events  False
 0:   inference_dynamic_batching_unified_memory_level . 0
 0:   inference_fuse_tp_communication ................. False
 0:   inference_grouped_gemm_backend .................. vllm
 0:   inference_logging_step_interval ................. 0
 0:   inference_max_requests .......................... 8
 0:   inference_max_seq_length ........................ 2560
 0:   inference_moe_disable_fused_quant_kernels ....... False
 0:   inference_moe_token_dispatcher_type ............. nvls
 0:   inference_rng_tracker ........................... False
 0:   inference_text_gen_server_logging ............... False
 0:   inference_use_synchronous_zmq_collectives ....... False
 0:   inference_wandb_logging ......................... False
 0:   init_method_std ................................. 0.02
 0:   init_method_xavier_uniform ...................... False
 0:   init_model_with_meta_device ..................... False
 0:   initial_loss_scale .............................. 4294967296
 0:   inprocess_active_world_size ..................... 32
 0:   inprocess_barrier_timeout ....................... 120
 0:   inprocess_completion_timeout .................... 120
 0:   inprocess_empty_cuda_cache ...................... False
 0:   inprocess_granularity ........................... node
 0:   inprocess_hard_timeout .......................... 90
 0:   inprocess_heartbeat_interval .................... 30
 0:   inprocess_heartbeat_timeout ..................... 60
 0:   inprocess_last_call_wait ........................ 1
 0:   inprocess_max_iterations ........................ None
 0:   inprocess_monitor_process_interval .............. 1.0
 0:   inprocess_monitor_thread_interval ............... 1.0
 0:   inprocess_progress_watchdog_interval ............ 1.0
 0:   inprocess_restart ............................... False
 0:   inprocess_soft_timeout .......................... 60
 0:   inprocess_termination_grace_time ................ 1
 0:   is_hybrid_model ................................. False
 0:   iter_per_epoch .................................. 1250
 0:   iterations_to_skip .............................. []
 0:   keep_fp8_transpose_cache ........................ False
 0:   kitchen_attention_backend ....................... sdpa
 0:   kv_channels ..................................... 64
 0:   kv_lora_rank .................................... 32
 0:   langrl_env_config ............................... None
 0:   layernorm_epsilon ............................... 1e-05
 0:   layernorm_zero_centered_gamma ................... False
 0:   lazy_mpu_init ................................... False
 0:   linear_attention_freq ........................... 4
 0:   linear_conv_kernel_dim .......................... 4
 0:   linear_key_head_dim ............................. 192
 0:   linear_num_key_heads ............................ 8
 0:   linear_num_value_heads .......................... 8
 0:   linear_value_head_dim ........................... 384
 0:   lion_beta1 ...................................... 0.95
 0:   lion_beta2 ...................................... 0.98
 0:   load ............................................ /iopsstor/scratch/cscs/elyulina/Megatron-LM-Attention-Benchmark/attn_bench/results/pretrain/fineweb-40B_gutenberg-3B/test-llama3-1b-hybrid-qwen-scf1-fineweb40B-gutenberg3B/checkpoints
 0:   load_main_params_from_ckpt ...................... False
 0:   local_rank ...................................... 0
 0:   log_device_memory_used .......................... False
 0:   log_energy ...................................... False
 0:   log_interval .................................... 1
 0:   log_loss_scale_to_tensorboard ................... False
 0:   log_max_attention_logit ......................... False
 0:   log_memory_interval ............................. None
 0:   log_memory_to_tensorboard ....................... True
 0:   log_num_zeros_in_grad ........................... False
 0:   log_params_norm ................................. True
 0:   log_progress .................................... True
 0:   log_straggler ................................... False
 0:   log_throughput .................................. True
 0:   log_timers_to_tensorboard ....................... True
 0:   log_validation_ppl_to_tensorboard ............... False
 0:   log_world_size_to_tensorboard ................... False
 0:   logging_level ................................... None
 0:   logits_load_decode_threads ...................... 4
 0:   logits_load_dir ................................. None
 0:   logits_load_ignore_errors ....................... False
 0:   logits_load_kd_loss_alpha ....................... 1.0
 0:   logits_load_msc_prefetch_depth .................. 2
 0:   logits_load_prefetch_factor ..................... 3
 0:   logits_save_dir ................................. None
 0:   logits_save_dtype ............................... fp16
 0:   logits_save_top_k ............................... None
 0:   logits_save_top_p ............................... None
 0:   logits_save_top_p_min_k ......................... 1
 0:   loss_scale ...................................... None
 0:   loss_scale_window ............................... 1000
 0:   lr .............................................. 0.0004
 0:   lr_decay_iters .................................. None
 0:   lr_decay_samples ................................ None
 0:   lr_decay_style .................................. cosine
 0:   lr_warmup_fraction .............................. None
 0:   lr_warmup_init .................................. 0.0
 0:   lr_warmup_iters ................................. 500
 0:   lr_warmup_samples ............................... 0
 0:   lr_wsd_decay_iters .............................. None
 0:   lr_wsd_decay_samples ............................ None
 0:   lr_wsd_decay_style .............................. exponential
 0:   main_grads_dtype ................................ torch.float32
 0:   main_params_dtype ............................... torch.float32
 0:   make_vocab_size_divisible_by .................... 128
 0:   mamba_head_dim .................................. 64
 0:   mamba_inference_conv_states_dtype ............... torch.bfloat16
 0:   mamba_inference_ssm_states_dtype ................ torch.bfloat16
 0:   mamba_num_groups ................................ 8
 0:   mamba_num_heads ................................. None
 0:   mamba_state_dim ................................. 128
 0:   mamba_training_ssm_states_dtype ................. None
 0:   manual_gc ....................................... True
 0:   manual_gc_eval .................................. True
 0:   manual_gc_interval .............................. 500
 0:   mask_factor ..................................... 1.0
 0:   mask_prob ....................................... 0.15
 0:   mask_type ....................................... random
 0:   masked_softmax_fusion ........................... True
 0:   max_position_embeddings ......................... 8192
 0:   max_seqlen_per_dp_cp_rank ....................... None
 0:   max_tokens_to_oom ............................... 12000
 0:   megatron_fsdp_enable_fine_grained_param_gather .. False
 0:   megatron_fsdp_grad_comm_dtype ................... None
 0:   megatron_fsdp_main_grads_dtype .................. None
 0:   megatron_fsdp_main_params_dtype ................. torch.float32
 0:   memory_snapshot_path ............................ snapshot.pickle
 0:   merge_file ...................................... None
 0:   metadata_path ................................... None
 0:   micro_batch_size ................................ 3
 0:   microbatch_group_size_per_vp_stage .............. None
 0:   mid_level_dataset_surplus ....................... 0.005
 0:   min_loss_scale .................................. 1.0
 0:   min_lr .......................................... 4e-05
 0:   min_offloaded_tensor_size ....................... 1048576
 0:   mla_down_proj_fusion ............................ False
 0:   mlp_chunks_for_prefill .......................... 1
 0:   mlp_chunks_for_training ......................... 1
 0:   mmap_bin_files .................................. True
 0:   mock_data ....................................... False
 0:   modelopt_enabled ................................ False
 0:   moe_apply_probs_on_input ........................ False
 0:   moe_aux_loss_coeff .............................. 0.0
 0:   moe_deepep_num_sms .............................. 20
 0:   moe_enable_deepep ............................... False
 0:   moe_enable_routing_replay ....................... False
 0:   moe_expert_capacity_factor ...................... None
 0:   moe_expert_rank_capacity_factor ................. None
 0:   moe_ffn_hidden_size ............................. None
 0:   moe_flex_dispatcher_backend ..................... deepep
 0:   moe_grouped_gemm ................................ False
 0:   moe_hybridep_num_blocks_permute ................. None
 0:   moe_hybridep_num_blocks_unpermute ............... None
 0:   moe_hybridep_num_sms ............................ None
 0:   moe_hybridep_num_sms_preprocessing .............. 108
 0:   moe_input_jitter_eps ............................ None
 0:   moe_latent_size ................................. None
 0:   moe_layer_freq .................................. 1
 0:   moe_layer_recompute ............................. False
 0:   moe_mlp_glu_interleave_size ..................... None
 0:   moe_pad_expert_input_to_capacity ................ False
 0:   moe_pad_experts_for_cuda_graph_inference ........ False
 0:   moe_paged_stash ................................. False
 0:   moe_paged_stash_buffer_size_factor_cpu .......... 0.0
 0:   moe_paged_stash_buffer_size_factor_cuda ......... 1.1
 0:   moe_paged_stash_page_size ....................... 64
 0:   moe_per_layer_logging ........................... False
 0:   moe_permute_fusion .............................. False
 0:   moe_permute_fusion_into_hybridep ................ False
 0:   moe_router_bias_update_rate ..................... 0.001
 0:   moe_router_dtype ................................ None
 0:   moe_router_enable_expert_bias ................... False
 0:   moe_router_force_biased ......................... None
 0:   moe_router_force_load_balancing ................. False
 0:   moe_router_fusion ............................... False
 0:   moe_router_group_topk ........................... None
 0:   moe_router_load_balancing_type .................. aux_loss
 0:   moe_router_num_groups ........................... None
 0:   moe_router_padding_for_fp8 ...................... False
 0:   moe_router_padding_for_quantization ............. False
 0:   moe_router_pre_softmax .......................... False
 0:   moe_router_score_function ....................... softmax
 0:   moe_router_topk ................................. 2
 0:   moe_router_topk_scaling_factor .................. None
 0:   moe_shared_expert_gate .......................... False
 0:   moe_shared_expert_intermediate_size ............. None
 0:   moe_shared_expert_overlap ....................... False
 0:   moe_single_grouped_bias ......................... False
 0:   moe_single_grouped_weight ....................... False
 0:   moe_token_dispatcher_type ....................... allgather
 0:   moe_token_drop_policy ........................... probs
 0:   moe_upcycling_granularity ....................... 1
 0:   moe_use_upcycling ............................... False
 0:   moe_z_loss_coeff ................................ None
 0:   mrope_section ................................... None
 0:   mscale .......................................... 1.0
 0:   mscale_all_dim .................................. 0.0
 0:   mtp_detach_heads ................................ False
 0:   mtp_hybrid_override_pattern ..................... None
 0:   mtp_loss_scaling_factor ......................... 0.1
 0:   mtp_num_layers .................................. None
 0:   mtp_standalone .................................. False
 0:   mtp_use_repeated_layer .......................... False
 0:   multi_latent_attention .......................... False
 0:   multiple_validation_sets ........................ False
 0:   muon_coefficient_type ........................... quintic
 0:   muon_extra_scale_factor ......................... 1.0
 0:   muon_fp32_matmul_prec ........................... medium
 0:   muon_momentum ................................... 0.9
 0:   muon_nesterov ................................... False
 0:   muon_num_ns_steps ............................... 5
 0:   muon_scalar_optimizer ........................... adam
 0:   muon_scale_mode ................................. spectral
 0:   muon_split_qkv .................................. True
 0:   muon_tp_mode .................................... blockwise
 0:   mup_attn_scale_power ............................ 1.0
 0:   mup_base_head_dim ............................... None
 0:   mup_base_hidden_size ............................ None
 0:   mup_embedding_mult .............................. 1.0
 0:   mup_output_mult ................................. 1.0
 0:   mup_width_mult .................................. 1.0
 0:   nccl_all_reduce_for_prefill ..................... False
 0:   nccl_communicator_config_path ................... None
 0:   nccl_ub ......................................... False
 0:   no_load_optim ................................... None
 0:   no_load_rng ..................................... None
 0:   no_persist_layer_norm ........................... False
 0:   no_rope_freq .................................... None
 0:   no_save_optim ................................... None
 0:   no_save_rng ..................................... None
 0:   no_weight_decay_cond_type ....................... None
 0:   non_persistent_ckpt_type ........................ None
 0:   non_persistent_global_ckpt_dir .................. None
 0:   non_persistent_local_ckpt_algo .................. fully_parallel
 0:   non_persistent_local_ckpt_dir ................... None
 0:   non_persistent_save_interval .................... None
 0:   normalization ................................... RMSNorm
 0:   null_tokenizer_eod_id ........................... None
 0:   null_tokenizer_pad_id ........................... -1
 0:   num_attention_heads ............................. 32
 0:   num_channels .................................... 3
 0:   num_classes ..................................... 1000
 0:   num_dataset_builder_threads ..................... 4
 0:   num_distributed_optimizer_instances ............. 1
 0:   num_experts ..................................... None
 0:   num_layers ...................................... 16
 0:   num_layers_at_end_in_bf16 ....................... 1
 0:   num_layers_at_start_in_bf16 ..................... 1
 0:   num_layers_per_virtual_pipeline_stage ........... None
 0:   num_query_groups ................................ 8
 0:   num_speculative_tokens .......................... 0
 0:   num_virtual_stages_per_pipeline_rank ............ None
 0:   num_workers ..................................... 2
 0:   nvtx_ranges ..................................... False
 0:   object_storage_cache_path ....................... None
 0:   offload_modules ................................. []
 0:   one_logger_async ................................ False
 0:   one_logger_project .............................. megatron-lm
 0:   one_logger_run_name ............................. None
 0:   onnx_safe ....................................... None
 0:   openai_gelu ..................................... False
 0:   optimizer ....................................... adam
 0:   optimizer_cpu_offload ........................... False
 0:   optimizer_cuda_graph ............................ False
 0:   optimizer_offload_fraction ...................... 1.0
 0:   outer_dp_sharding_strategy ...................... no_shard
 0:   output_bert_embeddings .......................... False
 0:   overlap_cpu_optimizer_d2h_h2d ................... False
 0:   overlap_dispatch_backward_with_experts_wgrad .... False
 0:   overlap_grad_reduce ............................. True
 0:   overlap_moe_expert_parallel_comm ................ False
 0:   overlap_p2p_comm ................................ False
 0:   overlap_p2p_comm_warmup_flush ................... False
 0:   overlap_param_gather ............................ True
 0:   overlap_param_gather_with_optimizer_step ........ False
 0:   override_ckpt_iteration ......................... None
 0:   override_opt_param_scheduler .................... False
 0:   pad_vocab_size .................................. True
 0:   padded_vocab_size ............................... None
 0:   params_dtype .................................... torch.bfloat16
 0:   patch_dim ....................................... 16
 0:   per_dataset_sequences_path ...................... None
 0:   per_split_data_args_path ........................ None
 0:   perform_initialization .......................... True
 0:   perform_rl_step ................................. False
 0:   phase_transition_iterations ..................... None
 0:   pin_cpu_grads ................................... True
 0:   pin_cpu_params .................................. True
 0:   pipeline_model_parallel_comm_backend ............ None
 0:   pipeline_model_parallel_layout .................. None
 0:   pipeline_model_parallel_size .................... 1
 0:   position_embedding_type ......................... rope
 0:   pretrained_checkpoint ........................... None
 0:   profile ......................................... False
 0:   profile_ranks ................................... []
 0:   profile_step_end ................................ 12
 0:   profile_step_start .............................. 10
 0:   pytorch_profiler_collect_callstack .............. False
 0:   pytorch_profiler_collect_chakra ................. False
 0:   pytorch_profiler_collect_shapes ................. False
 0:   q_lora_rank ..................................... None
 0:   qk_clip ......................................... False
 0:   qk_clip_alpha ................................... 0.5
 0:   qk_clip_threshold ............................... 100
 0:   qk_head_dim ..................................... 128
 0:   qk_l2_norm ...................................... False
 0:   qk_layernorm .................................... False
 0:   qk_pos_emb_head_dim ............................. 64
 0:   query_in_block_prob ............................. 0.1
 0:   quick_geglu ..................................... False
 0:   rampup_batch_size ............................... None
 0:   rank ............................................ 0
 0:   recompute_granularity ........................... None
 0:   recompute_method ................................ None
 0:   recompute_modules ............................... None
 0:   recompute_num_layers ............................ None
 0:   record_memory_history ........................... False
 0:   record_shapes ................................... False
 0:   refit_method .................................... gloo
 0:   relative_attention_max_distance ................. 128
 0:   relative_attention_num_buckets .................. 32
 0:   replication ..................................... False
 0:   replication_factor .............................. 2
 0:   replication_jump ................................ None
 0:   rerun_mode ...................................... validate_results
 0:   reset_attention_mask ............................ False
 0:   reset_position_ids .............................. True
 0:   result_rejected_tracker_filename ................ None
 0:   retriever_report_topk_accuracies ................ []
 0:   retriever_score_scaling ......................... False
 0:   reuse_grad_buf_for_mxfp8_param_ag ............... False
 0:   rl_default_temperature .......................... 1.0
 0:   rl_default_top_k ................................ -1
 0:   rl_default_top_p ................................ 0
 0:   rl_generation_batch_size ........................ None
 0:   rl_importance_sampling_truncation_coef .......... None
 0:   rl_inference_expert_model_parallel_size ......... None
 0:   rl_inference_expert_tensor_model_parallel_size .. None
 0:   rl_inference_logprobs_is_correction ............. False
 0:   rl_inference_model_unified_memory_level ......... 0
 0:   rl_inference_parsers ............................ []
 0:   rl_inference_pipeline_model_parallel_size ....... None
 0:   rl_inference_tensor_model_parallel_size ......... None
 0:   rl_kv_cache_management_mode ..................... persist
 0:   rl_num_parallel_generation_batches .............. None
 0:   rl_num_parallel_generations ..................... None
 0:   rl_offload_inference_model_weights_when_idle .... False
 0:   rl_offload_optimizer_during_inference ........... False
 0:   rl_parallel_generation_tasks .................... None
 0:   rl_partial_rollouts ............................. False
 0:   rl_persist_cuda_graphs .......................... False
 0:   rl_profile ...................................... False
 0:   rl_profile_dir .................................. None
 0:   rl_prompts_per_eval ............................. 32
 0:   rl_sequence_packing_algo ........................ fifo
 0:   rl_sequence_packing_max_sequences_per_bin ....... 50
 0:   rl_skip_bos_token ............................... False
 0:   rl_training_cuda_graphs ......................... False
 0:   rl_use_sequence_packing ......................... False
 0:   rl_verify_model_weights_swap .................... False
 0:   rope_scaling_factor ............................. 1.0
 0:   rope_type ....................................... None
 0:   rotary_base ..................................... 500000
 0:   rotary_interleaved .............................. False
 0:   rotary_percent .................................. 1.0
 0:   rotary_scaling_factor ........................... 1.0
 0:   rotary_seq_len_interpolation_factor ............. None
 0:   run_workload_inspector_server ................... False
 0:   sample_rate ..................................... 1.0
 0:   save ............................................ /iopsstor/scratch/cscs/elyulina/Megatron-LM-Attention-Benchmark/attn_bench/results/pretrain/fineweb-40B_gutenberg-3B/test-llama3-1b-hybrid-qwen-scf1-fineweb40B-gutenberg3B/checkpoints
 0:   save_activations_interval ....................... None
 0:   save_dgrads_interval ............................ None
 0:   save_interval ................................... 50
 0:   save_params_interval ............................ None
 0:   save_retain_interval ............................ 50000
 0:   save_tokens_per_expert_interval ................. None
 0:   save_wgrads_interval ............................ None
 0:   seed ............................................ 28
 0:   seq_length ...................................... 8192
 0:   sequence_parallel ............................... False
 0:   sft ............................................. False
 0:   sft_tokenizer_prompt_format ..................... nemotron-h-aligned
 0:   sgd_momentum .................................... 0.9
 0:   sharp_enabled_group ............................. None
 0:   short_seq_prob .................................. 0.1
 0:   skip_train ...................................... False
 0:   skipped_train_samples ........................... 0
 0:   softmax_type .................................... vanilla
 0:   spec ............................................ None
 0:   special_tokens .................................. None
 0:   split ........................................... 100,0,0
 0:   squared_relu .................................... False
 0:   start_eval_at_iter .............................. None
 0:   start_weight_decay .............................. 0.1
 0:   step_batch_size_schedule ........................ None
 0:   straggler_ctrlr_port ............................ 65535
 0:   straggler_minmax_count .......................... 1
 0:   strict_fsdp_dtensor_load ........................ True
 0:   suggested_communication_unit_size ............... None
 0:   swiglu .......................................... True
 0:   swin_backbone_type .............................. tiny
 0:   symmetric_ar_type ............................... None
 0:   te_precision_config_file ........................ None
 0:   te_rng_tracker .................................. False
 0:   tensor_model_parallel_size ...................... 1
 0:   tensorboard_dir ................................. /iopsstor/scratch/cscs/elyulina/Megatron-LM-Attention-Benchmark/attn_bench/results/pretrain/fineweb-40B_gutenberg-3B/test-llama3-1b-hybrid-qwen-scf1-fineweb40B-gutenberg3B/logging/tensorboard
 0:   tensorboard_log_interval ........................ 1
 0:   tensorboard_queue_size .......................... 1000
 0:   test_data_path .................................. None
 0:   test_mode ....................................... False
 0:   tests ........................................... ['xdoc_mask=pass', 'xdoc_loss=pass', 'xdoc_position_ids=pass', 'gdn=pass', 'gated=pass', 'sink=fail']
 0:   tiktoken_num_special_tokens ..................... 1000
 0:   tiktoken_pattern ................................ None
 0:   timing_log_level ................................ 2
 0:   timing_log_option ............................... minmax
 0:   titles_data_path ................................ None
 0:   tokenizer_hf_no_include_special_tokens .......... False
 0:   tokenizer_hf_no_use_fast ........................ False
 0:   tokenizer_model ................................. /iopsstor/scratch/cscs/elyulina/tokenizers/llama-3.2-1b
 0:   tokenizer_sentencepiece_ignore_extra_whitespaces  True
 0:   tokenizer_sentencepiece_legacy .................. False
 0:   tokenizer_type .................................. HuggingFaceTokenizer
 0:   torch_fsdp2_reshard_after_forward ............... True
 0:   tp_comm_bootstrap_backend ....................... nccl
 0:   tp_comm_bulk_dgrad .............................. True
 0:   tp_comm_bulk_wgrad .............................. True
 0:   tp_comm_overlap ................................. False
 0:   tp_comm_overlap_ag .............................. True
 0:   tp_comm_overlap_cfg ............................. None
 0:   tp_comm_overlap_rs .............................. True
 0:   tp_comm_overlap_rs_dgrad ........................ False
 0:   tp_comm_split_ag ................................ True
 0:   tp_comm_split_rs ................................ True
 0:   train_data_path ................................. None
 0:   train_iters ..................................... 18141
 0:   train_samples ................................... None
 0:   train_sync_interval ............................. None
 0:   transformer_impl ................................ transformer_engine
 0:   transformer_pipeline_model_parallel_size ........ 1
 0:   trust_remote_code ............................... False
 0:   untie_embeddings_and_output_weights ............. False
 0:   use_checkpoint_args ............................. False
 0:   use_checkpoint_opt_param_scheduler .............. False
 0:   use_cpu_initialization .......................... None
 0:   use_dist_ckpt ................................... True
 0:   use_dist_ckpt_deprecated ........................ False
 0:   use_distributed_optimizer ....................... True
 0:   use_flash_attn .................................. False
 0:   use_fused_weighted_squared_relu ................. False
 0:   use_gloo_process_groups ......................... True
 0:   use_grouped_gemm_for_dense_mlp .................. False
 0:   use_kitchen_attention ........................... False
 0:   use_layer_wise_distributed_optimizer ............ False
 0:   use_layer_wise_param_layout ..................... True
 0:   use_legacy_static_engine ........................ False
 0:   use_mamba_mem_eff_path .......................... True
 0:   use_megatron_fsdp ............................... False
 0:   use_mp_args_from_checkpoint_args ................ False
 0:   use_mup ......................................... False
 0:   use_one_sent_docs ............................... False
 0:   use_packed_seq_params ........................... True
 0:   use_persistent_ckpt_worker ...................... False
 0:   use_precision_aware_optimizer ................... False
 0:   use_pytorch_profiler ............................ False
 0:   use_ring_exchange_p2p ........................... False
 0:   use_rope_scaling ................................ True
 0:   use_rotary_position_embeddings .................. False
 0:   use_sharp ....................................... False
 0:   use_te_activation_func .......................... False
 0:   use_tokenizer_model_from_checkpoint_args ........ True
 0:   use_torch_fsdp2 ................................. False
 0:   use_torch_optimizer_for_cpu_offload ............. False
 0:   use_tp_pp_dp_mapping ............................ False
 0:   use_transformer_engine_op_fuser ................. False
 0:   v_head_dim ...................................... 128
 0:   valid_data_path ................................. None
 0:   validation_set_names ............................ None
 0:   variable_seq_lengths ............................ False
 0:   verify_integrity ................................ False
 0:   virtual_pipeline_model_parallel_size ............ None
 0:   vision_backbone_type ............................ vit
 0:   vision_pretraining .............................. False
 0:   vision_pretraining_type ......................... classify
 0:   vocab_extra_ids ................................. 0
 0:   vocab_file ...................................... None
 0:   vocab_size ...................................... None
 0:   wandb_entity .................................... None
 0:   wandb_exp_name .................................. test-llama3-1b-hybrid-qwen-scf1-fineweb40B-gutenberg3B-3281021
 0:   wandb_project ................................... fineweb-40B_gutenberg-3B
 0:   wandb_save_dir .................................. /iopsstor/scratch/cscs/elyulina/Megatron-LM-Attention-Benchmark/attn_bench/results/pretrain/fineweb-40B_gutenberg-3B/test-llama3-1b-hybrid-qwen-scf1-fineweb40B-gutenberg3B/logging
 0:   weight_decay .................................... 0.1
 0:   weight_decay_incr_style ......................... constant
 0:   wgrad_deferral_limit ............................ 0
 0:   window_attn_skip_freq ........................... None
 0:   window_size ..................................... None
 0:   world_size ...................................... 32
 0:   yaml_cfg ........................................ None
 0: -------------------- end of arguments ---------------------
 0: INFO:megatron.core.num_microbatches_calculator:setting number of microbatches to constant 3
31: > setting tensorboard ...
 0: INFO:megatron.core.tokenizers.utils.build_tokenizer: > padded vocab (size: 128256) with 0 dummy tokens (new size: 128256)
 0: WARNING:megatron.core.rerun_state_machine:RerunStateMachine initialized in mode RerunMode.VALIDATE_RESULTS
 0: > initializing torch distributed ...
31: WARNING: one_logger package is required to enable e2e metrics tracking. please go to https://confluence.nvidia.com/display/MLWFO/Package+Repositories for details to install it
 0: > initialized tensor model parallel with size 1
 0: > initialized pipeline model parallel with size 1
 0: > setting random seeds to 28 ...
 0: > compiling dataset index builder ...
 0: make: Entering directory '/iopsstor/scratch/cscs/elyulina/Megatron-LM-Attention-Benchmark/megatron/core/datasets'
 0: make: Nothing to be done for 'default'.
 0: make: Leaving directory '/iopsstor/scratch/cscs/elyulina/Megatron-LM-Attention-Benchmark/megatron/core/datasets'
 0: >>> done with dataset index builder. Compilation time: 0.187 seconds
 0: time to initialize megatron (seconds): 38.136
 0: [after in-process setup and before initialize_megatron] datetime: 2026-09-03 17:25:38.760324 
 0: [after in-job setup and before initialize_megatron] datetime: 2026-09-03 17:25:38.810876 
 0: [before library-setup] datetime: 2026-09-03 17:24:36.125698
 0: [after library-setup] datetime: 2026-09-03 17:25:37.918813
 0: [before megatron-init] datetime: 2026-09-03 17:25:38.760323
31: INFO:megatron.core.timers:(min, max) time across ranks (ms):
31:     startup-program-entry-spread ...................: (0.38, 96.40)
31:     startup-library-setup ..........................: (61660.61, 61828.22)
31:     startup-program-setup ..........................: (807.75, 3193.25)
31:     startup-in-process-setup .......................: (0.00, 0.00)
31:     startup-in-job-setup ...........................: (48.21, 52.01)
31:     startup-initialize-megatron ....................: (17162.39, 19564.83)
31:     startup-set-jit-fusion-options .................: (3180.23, 3590.78)
31:     all-reduce-start-timestamps-tensor .............: (1.13, 411.76)
31:     startup-megatron-init-local ....................: (20806.34, 23206.14)
31:     startup-megatron-init-global ...................: (85755.71, 85755.84)
 0: [after megatron is initialized] datetime: 2026-09-03 17:26:02.153971 
 0: Failed to inspect checkpoint in /iopsstor/scratch/cscs/elyulina/Megatron-LM-Attention-Benchmark/attn_bench/results/pretrain/fineweb-40B_gutenberg-3B/test-llama3-1b-hybrid-qwen-scf1-fineweb40B-gutenberg3B/checkpoints: /iopsstor/scratch/cscs/elyulina/Megatron-LM-Attention-Benchmark/attn_bench/results/pretrain/fineweb-40B_gutenberg-3B/test-llama3-1b-hybrid-qwen-scf1-fineweb40B-gutenberg3B/checkpoints is not a MLM or NeMo sharded checkpoint!
 0: building GPT model ...
 0:  > number of parameters on (tensor, pipeline) model parallel rank (0, 0): 1234410176
 0: INFO:megatron.core.distributed.distributed_data_parallel:Setting up DistributedDataParallel with config DistributedDataParallelConfig(grad_reduce_in_fp32=True, overlap_grad_reduce=True, overlap_param_gather=True, align_param_gather=False, use_distributed_optimizer=True, num_distributed_optimizer_instances=1, check_for_nan_in_grad=False, check_for_large_grads=False, bucket_size=40000000, num_buckets=None, pad_buckets_for_high_nccl_busbw=False, reduce_scatter_with_fp32_accumulation=False, param_name_patterns_for_fp32_local_accumulation=(), average_in_collective=False, fp8_param_gather=False, fp4_param_gather=False, reuse_grad_buf_for_mxfp8_param_ag=False, use_megatron_fsdp=False, use_custom_fsdp=False, data_parallel_sharding_strategy='optim_grads_params', gradient_reduce_div_fusion=True, suggested_communication_unit_size=None, keep_fp8_transpose_cache=False, nccl_ub=False, fsdp_double_buffer=False, fsdp_db_use_persist_buf_on_alloc_fail=False, fsdp_all_gather_in_start_param_sync=True, outer_dp_sharding_strategy=
 0: 'no_shard', disable_symmetric_registration=False, fsdp_manual_registration=False, delay_wgrad_compute=False, megatron_fsdp_main_params_dtype=torch.float32, megatron_fsdp_main_grads_dtype=None, megatron_fsdp_grad_comm_dtype=None, megatron_fsdp_use_decoupled_grad=False, megatron_fsdp_cuda_graph_mode=False, megatron_fsdp_enable_fine_grained_param_gather=False)
 0: INFO:megatron.core.distributed.param_and_grad_buffer:Number of buckets for gradient all-reduce / reduce-scatter: 17
 0: Params for bucket 1 (48631808 elements, 48631808 padded size, 0 param(s) with extra main_grads):
 0: 	module.decoder.final_layernorm.weight (param.main_grad.dtype=torch.float32)
 0: 	module.decoder.layers.15.mlp.linear_fc2.weight (param.main_grad.dtype=torch.float32)
 0: 	module.decoder.layers.15.mlp.linear_fc1.weight (param.main_grad.dtype=torch.float32)
 0: 	module.decoder.layers.15.mlp.linear_fc1.layer_norm_weight (param.main_grad.dtype=torch.float32)
 0: 	module.decoder.layers.15.self_attention.linear_qkv.weight (param.main_grad.dtype=torch.float32)
 0: Params for bucket 2 (42338304 elements, 42338304 padded size, 0 param(s) with extra main_grads):
 0: 	module.decoder.layers.15.self_attention.linear_qkv.layer_norm_weight (param.main_grad.dtype=torch.float32)
 0: 	module.decoder.layers.15.self_attention.linear_proj.weight (param.main_grad.dtype=torch.float32)
 0: 	module.decoder.layers.14.mlp.linear_fc2.weight (param.main_grad.
 0: dtype=torch.float32)
 0: 	module.decoder.layers.14.mlp.linear_fc1.weight (param.main_grad.dtype=torch.float32)
 0: Params for bucket 3 (63369616 elements, 63369728 padded size, 0 param(s) with extra main_grads):
 0: 	module.decoder.layers.14.mlp.linear_fc1.layer_norm_weight (param.main_grad.dtype=torch.float32)
 0: 	module.decoder.layers.14.self_attention.out_proj.weight (param.main_grad.dtype=torch.float32)
 0: 	module.decoder.layers.14.self_attention.out_norm.weight (param.main_grad.dtype=torch.float32)
 0: 	module.decoder.layers.14.self_attention.conv1d.weight (param.main_grad.dtype=torch.float32)
 0: 	module.decoder.layers.14.self_attention.in_proj.weight (param.main_grad.dtype=torch.float32)
 0: 	module.decoder.layers.14.self_attention.in_proj.layer_norm_weight (param.main_grad.dtype=torch.float32)
 0: 	module.decoder.layers.14.self_attention.A_log (param.main_grad.dtype=torch.float32)
 0: 	module.decoder.layers.14.self_attention.dt_bias (param.main_grad.dtype=torch.float32)
 0: 	module.decoder.layers.13.mlp.linear_fc2.weight (param.main_grad.dtyp
 0: e=torch.float32)
 0: 	module.decoder.layers.13.mlp.linear_fc1.weight (param.main_grad.dtype=torch.float32)
 0: Params for bucket 4 (63369616 elements, 63369728 padded size, 0 param(s) with extra main_grads):
 0: 	module.decoder.layers.13.mlp.linear_fc1.layer_norm_weight (param.main_grad.dtype=torch.float32)
 0: 	module.decoder.layers.13.self_attention.out_proj.weight (param.main_grad.dtype=torch.float32)
 0: 	module.decoder.layers.13.self_attention.out_norm.weight (param.main_grad.dtype=torch.float32)
 0: 	module.decoder.layers.13.self_attention.conv1d.weight (param.main_grad.dtype=torch.float32)
 0: 	module.decoder.layers.13.self_attention.in_proj.weight (param.main_grad.dtype=torch.float32)
 0: 	module.decoder.layers.13.self_attention.in_proj.layer_norm_weight (param.main_grad.dtype=torch.float32)
 0: 	module.decoder.layers.13.self_attention.A_log (param.main_grad.dtype=torch.float32)
 0: 	module.decoder.layers.13.self_attention.dt_bias (param.main_grad.dtype=torch.float32)
 0: 	module.decoder.layers.12.mlp.linear_fc2.weight (param.main_grad.dtype=to
 0: rch.float32)
 0: 	module.decoder.layers.12.mlp.linear_fc1.weight (param.main_grad.dtype=torch.float32)
 0: Params for bucket 5 (63369616 elements, 63369728 padded size, 0 param(s) with extra main_grads):
 0: 	module.decoder.layers.12.mlp.linear_fc1.layer_norm_weight (param.main_grad.dtype=torch.float32)
 0: 	module.decoder.layers.12.self_attention.out_proj.weight (param.main_grad.dtype=torch.float32)
 0: 	module.decoder.layers.12.self_attention.out_norm.weight (param.main_grad.dtype=torch.float32)
 0: 	module.decoder.layers.12.self_attention.conv1d.weight (param.main_grad.dtype=torch.float32)
 0: 	module.decoder.layers.12.self_attention.in_proj.weight (param.main_grad.dtype=torch.float32)
 0: 	module.decoder.layers.12.self_attention.in_proj.layer_norm_weight (param.main_grad.dtype=torch.float32)
 0: 	module.decoder.layers.12.self_attention.A_log (param.main_grad.dtype=torch.float32)
 0: 	module.decoder.layers.12.self_attention.dt_bias (param.main_grad.dtype=torch.float32)
 0: 	module.decoder.layers.11.mlp.linear_fc2.weight (param.main_grad.dtype=torch
 0: .float32)
 0: 	module.decoder.layers.11.mlp.linear_fc1.weight (param.main_grad.dtype=torch.float32)
 0: Params for bucket 6 (52826112 elements, 52826112 padded size, 0 param(s) with extra main_grads):
 0: 	module.decoder.layers.11.mlp.linear_fc1.layer_norm_weight (param.main_grad.dtype=torch.float32)
 0: 	module.decoder.layers.11.self_attention.linear_qkv.weight (param.main_grad.dtype=torch.float32)
 0: 	module.decoder.layers.11.self_attention.linear_qkv.layer_norm_weight (param.main_grad.dtype=torch.float32)
 0: 	module.decoder.layers.11.self_attention.linear_proj.weight (param.main_grad.dtype=torch.float32)
 0: 	module.decoder.layers.10.mlp.linear_fc2.weight (param.main_grad.dtype=torch.float32)
 0: 	module.decoder.layers.10.mlp.linear_fc1.weight (param.main_grad.dtype=torch.float32)
 0: Params for bucket 7 (63369616 elements, 63369728 padded size, 0 param(s) with extra main_grads):
 0: 	module.decoder.layers.10.mlp.linear_fc1.layer_norm_weight (param.main_grad.dtype=torch.float32)
 0: 	module.decoder.layers.10.self_attention.out_proj.weight (param.m
 0: ain_grad.dtype=torch.float32)
 0: 	module.decoder.layers.10.self_attention.out_norm.weight (param.main_grad.dtype=torch.float32)
 0: 	module.decoder.layers.10.self_attention.conv1d.weight (param.main_grad.dtype=torch.float32)
 0: 	module.decoder.layers.10.self_attention.in_proj.weight (param.main_grad.dtype=torch.float32)
 0: 	module.decoder.layers.10.self_attention.in_proj.layer_norm_weight (param.main_grad.dtype=torch.float32)
 0: 	module.decoder.layers.10.self_attention.A_log (param.main_grad.dtype=torch.float32)
 0: 	module.decoder.layers.10.self_attention.dt_bias (param.main_grad.dtype=torch.float32)
 0: 	module.decoder.layers.9.mlp.linear_fc2.weight (param.main_grad.dtype=torch.float32)
 0: 	module.decoder.layers.9.mlp.linear_fc1.weight (param.main_grad.dtype=torch.float32)
 0: Params for bucket 8 (63369616 elements, 63369728 padded size, 0 param(s) with extra main_grads):
 0: 	module.decoder.layers.9.mlp.linear_fc1.layer_norm_weight (param.main_grad.dtype=torch.float32)
 0: 	module.decoder.layers.9.self_attention.out_proj.weight (param.main_grad
 0: .dtype=torch.float32)
 0: 	module.decoder.layers.9.self_attention.out_norm.weight (param.main_grad.dtype=torch.float32)
 0: 	module.decoder.layers.9.self_attention.conv1d.weight (param.main_grad.dtype=torch.float32)
 0: 	module.decoder.layers.9.self_attention.in_proj.weight (param.main_grad.dtype=torch.float32)
 0: 	module.decoder.layers.9.self_attention.in_proj.layer_norm_weight (param.main_grad.dtype=torch.float32)
 0: 	module.decoder.layers.9.self_attention.A_log (param.main_grad.dtype=torch.float32)
 0: 	module.decoder.layers.9.self_attention.dt_bias (param.main_grad.dtype=torch.float32)
 0: 	module.decoder.layers.8.mlp.linear_fc2.weight (param.main_grad.dtype=torch.float32)
 0: 	module.decoder.layers.8.mlp.linear_fc1.weight (param.main_grad.dtype=torch.float32)
 0: Params for bucket 9 (63369616 elements, 63369728 padded size, 0 param(s) with extra main_grads):
 0: 	module.decoder.layers.8.mlp.linear_fc1.layer_norm_weight (param.main_grad.dtype=torch.float32)
 0: 	module.decoder.layers.8.self_attention.out_proj.weight (param.main_grad.dtype=torch.f
 0: loat32)
 0: 	module.decoder.layers.8.self_attention.out_norm.weight (param.main_grad.dtype=torch.float32)
 0: 	module.decoder.layers.8.self_attention.conv1d.weight (param.main_grad.dtype=torch.float32)
 0: 	module.decoder.layers.8.self_attention.in_proj.weight (param.main_grad.dtype=torch.float32)
 0: 	module.decoder.layers.8.self_attention.in_proj.layer_norm_weight (param.main_grad.dtype=torch.float32)
 0: 	module.decoder.layers.8.self_attention.A_log (param.main_grad.dtype=torch.float32)
 0: 	module.decoder.layers.8.self_attention.dt_bias (param.main_grad.dtype=torch.float32)
 0: 	module.decoder.layers.7.mlp.linear_fc2.weight (param.main_grad.dtype=torch.float32)
 0: 	module.decoder.layers.7.mlp.linear_fc1.weight (param.main_grad.dtype=torch.float32)
 0: Params for bucket 10 (52826112 elements, 52826112 padded size, 0 param(s) with extra main_grads):
 0: 	module.decoder.layers.7.mlp.linear_fc1.layer_norm_weight (param.main_grad.dtype=torch.float32)
 0: 	module.decoder.layers.7.self_attention.linear_qkv.weight (param.main_grad.dtype=torch.float32)
 0: 	m
 0: odule.decoder.layers.7.self_attention.linear_qkv.layer_norm_weight (param.main_grad.dtype=torch.float32)
 0: 	module.decoder.layers.7.self_attention.linear_proj.weight (param.main_grad.dtype=torch.float32)
 0: 	module.decoder.layers.6.mlp.linear_fc2.weight (param.main_grad.dtype=torch.float32)
 0: 	module.decoder.layers.6.mlp.linear_fc1.weight (param.main_grad.dtype=torch.float32)
 0: Params for bucket 11 (63369616 elements, 63369728 padded size, 0 param(s) with extra main_grads):
 0: 	module.decoder.layers.6.mlp.linear_fc1.layer_norm_weight (param.main_grad.dtype=torch.float32)
 0: 	module.decoder.layers.6.self_attention.out_proj.weight (param.main_grad.dtype=torch.float32)
 0: 	module.decoder.layers.6.self_attention.out_norm.weight (param.main_grad.dtype=torch.float32)
 0: 	module.decoder.layers.6.self_attention.conv1d.weight (param.main_grad.dtype=torch.float32)
 0: 	module.decoder.layers.6.self_attention.in_proj.weight (param.main_grad.dtype=torch.float32)
 0: 	module.decoder.layers.6.self_attention.in_proj.layer_norm_weight (param.main_grad.dt
 0: ype=torch.float32)
 0: 	module.decoder.layers.6.self_attention.A_log (param.main_grad.dtype=torch.float32)
 0: 	module.decoder.layers.6.self_attention.dt_bias (param.main_grad.dtype=torch.float32)
 0: 	module.decoder.layers.5.mlp.linear_fc2.weight (param.main_grad.dtype=torch.float32)
 0: 	module.decoder.layers.5.mlp.linear_fc1.weight (param.main_grad.dtype=torch.float32)
 0: Params for bucket 12 (63369616 elements, 63369728 padded size, 0 param(s) with extra main_grads):
 0: 	module.decoder.layers.5.mlp.linear_fc1.layer_norm_weight (param.main_grad.dtype=torch.float32)
 0: 	module.decoder.layers.5.self_attention.out_proj.weight (param.main_grad.dtype=torch.float32)
 0: 	module.decoder.layers.5.self_attention.out_norm.weight (param.main_grad.dtype=torch.float32)
 0: 	module.decoder.layers.5.self_attention.conv1d.weight (param.main_grad.dtype=torch.float32)
 0: 	module.decoder.layers.5.self_attention.in_proj.weight (param.main_grad.dtype=torch.float32)
 0: 	module.decoder.layers.5.self_attention.in_proj.layer_norm_weight (param.main_grad.dtype=torch.flo
 0: at32)
 0: 	module.decoder.layers.5.self_attention.A_log (param.main_grad.dtype=torch.float32)
 0: 	module.decoder.layers.5.self_attention.dt_bias (param.main_grad.dtype=torch.float32)
 0: 	module.decoder.layers.4.mlp.linear_fc2.weight (param.main_grad.dtype=torch.float32)
 0: 	module.decoder.layers.4.mlp.linear_fc1.weight (param.main_grad.dtype=torch.float32)
 0: Params for bucket 13 (63369616 elements, 63369728 padded size, 0 param(s) with extra main_grads):
 0: 	module.decoder.layers.4.mlp.linear_fc1.layer_norm_weight (param.main_grad.dtype=torch.float32)
 0: 	module.decoder.layers.4.self_attention.out_proj.weight (param.main_grad.dtype=torch.float32)
 0: 	module.decoder.layers.4.self_attention.out_norm.weight (param.main_grad.dtype=torch.float32)
 0: 	module.decoder.layers.4.self_attention.conv1d.weight (param.main_grad.dtype=torch.float32)
 0: 	module.decoder.layers.4.self_attention.in_proj.weight (param.main_grad.dtype=torch.float32)
 0: 	module.decoder.layers.4.self_attention.in_proj.layer_norm_weight (param.main_grad.dtype=torch.float32)
 0: 	module
 0: .decoder.layers.4.self_attention.A_log (param.main_grad.dtype=torch.float32)
 0: 	module.decoder.layers.4.self_attention.dt_bias (param.main_grad.dtype=torch.float32)
 0: 	module.decoder.layers.3.mlp.linear_fc2.weight (param.main_grad.dtype=torch.float32)
 0: 	module.decoder.layers.3.mlp.linear_fc1.weight (param.main_grad.dtype=torch.float32)
 0: Params for bucket 14 (52826112 elements, 52826112 padded size, 0 param(s) with extra main_grads):
 0: 	module.decoder.layers.3.mlp.linear_fc1.layer_norm_weight (param.main_grad.dtype=torch.float32)
 0: 	module.decoder.layers.3.self_attention.linear_qkv.weight (param.main_grad.dtype=torch.float32)
 0: 	module.decoder.layers.3.self_attention.linear_qkv.layer_norm_weight (param.main_grad.dtype=torch.float32)
 0: 	module.decoder.layers.3.self_attention.linear_proj.weight (param.main_grad.dtype=torch.float32)
 0: 	module.decoder.layers.2.mlp.linear_fc2.weight (param.main_grad.dtype=torch.float32)
 0: 	module.decoder.layers.2.mlp.linear_fc1.weight (param.main_grad.dtype=torch.float32)
 0: Params for bucket 15 (6336
 0: 9616 elements, 63369728 padded size, 0 param(s) with extra main_grads):
 0: 	module.decoder.layers.2.mlp.linear_fc1.layer_norm_weight (param.main_grad.dtype=torch.float32)
 0: 	module.decoder.layers.2.self_attention.out_proj.weight (param.main_grad.dtype=torch.float32)
 0: 	module.decoder.layers.2.self_attention.out_norm.weight (param.main_grad.dtype=torch.float32)
 0: 	module.decoder.layers.2.self_attention.conv1d.weight (param.main_grad.dtype=torch.float32)
 0: 	module.decoder.layers.2.self_attention.in_proj.weight (param.main_grad.dtype=torch.float32)
 0: 	module.decoder.layers.2.self_attention.in_proj.layer_norm_weight (param.main_grad.dtype=torch.float32)
 0: 	module.decoder.layers.2.self_attention.A_log (param.main_grad.dtype=torch.float32)
 0: 	module.decoder.layers.2.self_attention.dt_bias (param.main_grad.dtype=torch.float32)
 0: 	module.decoder.layers.1.mlp.linear_fc2.weight (param.main_grad.dtype=torch.float32)
 0: 	module.decoder.layers.1.mlp.linear_fc1.weight (param.main_grad.dtype=torch.float32)
 0: Params for bucket 16 (63369616 elements
 0: , 63369728 padded size, 0 param(s) with extra main_grads):
 0: 	module.decoder.layers.1.mlp.linear_fc1.layer_norm_weight (param.main_grad.dtype=torch.float32)
 0: 	module.decoder.layers.1.self_attention.out_proj.weight (param.main_grad.dtype=torch.float32)
 0: 	module.decoder.layers.1.self_attention.out_norm.weight (param.main_grad.dtype=torch.float32)
 0: 	module.decoder.layers.1.self_attention.conv1d.weight (param.main_grad.dtype=torch.float32)
 0: 	module.decoder.layers.1.self_attention.in_proj.weight (param.main_grad.dtype=torch.float32)
 0: 	module.decoder.layers.1.self_attention.in_proj.layer_norm_weight (param.main_grad.dtype=torch.float32)
 0: 	module.decoder.layers.1.self_attention.A_log (param.main_grad.dtype=torch.float32)
 0: 	module.decoder.layers.1.self_attention.dt_bias (param.main_grad.dtype=torch.float32)
 0: 	module.decoder.layers.0.mlp.linear_fc2.weight (param.main_grad.dtype=torch.float32)
 0: 	module.decoder.layers.0.mlp.linear_fc1.weight (param.main_grad.dtype=torch.float32)
 0: Params for bucket 17 (287895952 elements, 287896064 
 0: padded size, 0 param(s) with extra main_grads):
 0: 	module.decoder.layers.0.mlp.linear_fc1.layer_norm_weight (param.main_grad.dtype=torch.float32)
 0: 	module.decoder.layers.0.self_attention.out_proj.weight (param.main_grad.dtype=torch.float32)
 0: 	module.decoder.layers.0.self_attention.out_norm.weight (param.main_grad.dtype=torch.float32)
 0: 	module.decoder.layers.0.self_attention.conv1d.weight (param.main_grad.dtype=torch.float32)
 0: 	module.decoder.layers.0.self_attention.in_proj.weight (param.main_grad.dtype=torch.float32)
 0: 	module.decoder.layers.0.self_attention.in_proj.layer_norm_weight (param.main_grad.dtype=torch.float32)
 0: 	module.decoder.layers.0.self_attention.A_log (param.main_grad.dtype=torch.float32)
 0: 	module.decoder.layers.0.self_attention.dt_bias (param.main_grad.dtype=torch.float32)
 0: 	module.embedding.word_embeddings.weight (param.main_grad.dtype=torch.float32)
 0: INFO:megatron.core.distributed.param_and_grad_buffer:Using reduce-scatter for gradient reductions because self.ddp_config.use_distributed_optimizer=True
 0: INFO:megatron.core.distributed.param_and_grad_buffer:Using reduce-scatter for gradient reductions because self.ddp_config.use_distributed_optimizer=True
 0: INFO:megatron.core.distributed.param_and_grad_buffer:Using reduce-scatter for gradient reductions because self.ddp_config.use_distributed_optimizer=True
 0: INFO:megatron.core.distributed.param_and_grad_buffer:Using reduce-scatter for gradient reductions because self.ddp_config.use_distributed_optimizer=True
 0: INFO:megatron.core.distributed.param_and_grad_buffer:Using reduce-scatter for gradient reductions because self.ddp_config.use_distributed_optimizer=True
 0: INFO:megatron.core.distributed.param_and_grad_buffer:Using reduce-scatter for gradient reductions because self.ddp_config.use_distributed_optimizer=True
 0: INFO:megatron.core.distributed.param_and_grad_buffer:Using reduce-scatter for gradient reductions because self.ddp_config.use_distributed_optimizer=True
 0: INFO:megatron.core.distributed.param_and_grad_buffer:Using reduce-scatter for gradient reductions because self.ddp_config.use_distributed_optimizer=True
 0: INFO:megatron.core.distributed.param_and_grad_buffer:Using reduce-scatter for gradient reductions because self.ddp_config.use_distributed_optimizer=True
 0: INFO:megatron.core.distributed.param_and_grad_buffer:Using reduce-scatter for gradient reductions because self.ddp_config.use_distributed_optimizer=True
 0: INFO:megatron.core.distributed.param_and_grad_buffer:Using reduce-scatter for gradient reductions because self.ddp_config.use_distributed_optimizer=True
 0: INFO:megatron.core.distributed.param_and_grad_buffer:Using reduce-scatter for gradient reductions because self.ddp_config.use_distributed_optimizer=True
 0: INFO:megatron.core.distributed.param_and_grad_buffer:Using reduce-scatter for gradient reductions because self.ddp_config.use_distributed_optimizer=True
 0: INFO:megatron.core.distributed.param_and_grad_buffer:Using reduce-scatter for gradient reductions because self.ddp_config.use_distributed_optimizer=True
 0: INFO:megatron.core.distributed.param_and_grad_buffer:Using reduce-scatter for gradient reductions because self.ddp_config.use_distributed_optimizer=True
 0: INFO:megatron.core.distributed.param_and_grad_buffer:Using reduce-scatter for gradient reductions because self.ddp_config.use_distributed_optimizer=True
 0: INFO:megatron.core.distributed.param_and_grad_buffer:Using reduce-scatter for gradient reductions because self.ddp_config.use_distributed_optimizer=True
 0: INFO:megatron.core.optimizer:Setting up optimizer with config OptimizerConfig(lr=0.0004, min_lr=4e-05, decoupled_lr=None, decoupled_min_lr=None, weight_decay=0.1, apply_wd_to_qk_layernorm=False, fp8_recipe='delayed', fp16=False, bf16=True, reuse_grad_buf_for_mxfp8_param_ag=False, params_dtype=torch.bfloat16, use_precision_aware_optimizer=False, store_param_remainders=True, main_grads_dtype=torch.float32, main_params_dtype=torch.float32, exp_avg_dtype=torch.float32, exp_avg_sq_dtype=torch.float32, optimizer='adam', loss_scale=None, initial_loss_scale=4294967296, min_loss_scale=1.0, loss_scale_window=1000, hysteresis=2, adam_beta1=0.9, adam_beta2=0.95, adam_eps=1e-08, decoupled_weight_decay=True, sgd_momentum=0.9, muon_momentum=0.9, muon_split_qkv=True, muon_nesterov=False, muon_scale_mode='spectral', muon_fp32_matmul_prec='medium', muon_coefficient_type='quintic', muon_num_ns_steps=5, muon_tp_mode='blockwise', muon_extra_scale_factor=1.0, muon_scalar_optimizer='adam', lion_beta1=0.95, lion_beta2=0.98, soap_sha
 0: mpoo_beta=0.95, soap_precondition_frequency=1, soap_use_kl_shampoo=True, adaptive_muon_moment2_method='adamuon', adaptive_muon_beta2=0.95, adaptive_muon_eps=1e-08, use_distributed_optimizer=True, use_layer_wise_distributed_optimizer=False, overlap_param_gather=True, overlap_param_gather_with_optimizer_step=False, optimizer_cpu_offload=False, optimizer_offload_fraction=1.0, use_torch_optimizer_for_cpu_offload=False, overlap_cpu_optimizer_d2h_h2d=False, pin_cpu_grads=True, pin_cpu_params=True, clip_grad=1.0, grad_norm_skip_threshold=inf, log_num_zeros_in_grad=False, barrier_with_L1_time=True, timers=<megatron.core.timers.Timers object at 0x40055238da00>, config_logger_dir='', optimizer_cuda_graph=False)
 0: INFO:megatron.core.distributed.param_and_grad_buffer:Using reduce-scatter for gradient reductions because self.ddp_config.use_distributed_optimizer=True
 0: INFO:megatron.core.distributed.param_and_grad_buffer:Using reduce-scatter for gradient reductions because self.ddp_config.use_distributed_optimizer=True
 0: INFO:megatron.core.distributed.param_and_grad_buffer:Using reduce-scatter for gradient reductions because self.ddp_config.use_distributed_optimizer=True
 0: INFO:megatron.core.distributed.param_and_grad_buffer:Using reduce-scatter for gradient reductions because self.ddp_config.use_distributed_optimizer=True
 0: INFO:megatron.core.distributed.param_and_grad_buffer:Using reduce-scatter for gradient reductions because self.ddp_config.use_distributed_optimizer=True
 0: INFO:megatron.core.distributed.param_and_grad_buffer:Using reduce-scatter for gradient reductions because self.ddp_config.use_distributed_optimizer=True
 0: INFO:megatron.core.distributed.param_and_grad_buffer:Using reduce-scatter for gradient reductions because self.ddp_config.use_distributed_optimizer=True
 0: INFO:megatron.core.distributed.param_and_grad_buffer:Using reduce-scatter for gradient reductions because self.ddp_config.use_distributed_optimizer=True
 0: INFO:megatron.core.distributed.param_and_grad_buffer:Using reduce-scatter for gradient reductions because self.ddp_config.use_distributed_optimizer=True
 0: INFO:megatron.core.distributed.param_and_grad_buffer:Using reduce-scatter for gradient reductions because self.ddp_config.use_distributed_optimizer=True
 0: INFO:megatron.core.distributed.param_and_grad_buffer:Using reduce-scatter for gradient reductions because self.ddp_config.use_distributed_optimizer=True
 0: INFO:megatron.core.distributed.param_and_grad_buffer:Using reduce-scatter for gradient reductions because self.ddp_config.use_distributed_optimizer=True
 0: INFO:megatron.core.distributed.param_and_grad_buffer:Using reduce-scatter for gradient reductions because self.ddp_config.use_distributed_optimizer=True
 0: INFO:megatron.core.distributed.param_and_grad_buffer:Using reduce-scatter for gradient reductions because self.ddp_config.use_distributed_optimizer=True
 0: INFO:megatron.core.distributed.param_and_grad_buffer:Using reduce-scatter for gradient reductions because self.ddp_config.use_distributed_optimizer=True
 0: INFO:megatron.core.distributed.param_and_grad_buffer:Using reduce-scatter for gradient reductions because self.ddp_config.use_distributed_optimizer=True
 0: INFO:megatron.core.distributed.param_and_grad_buffer:Using reduce-scatter for gradient reductions because self.ddp_config.use_distributed_optimizer=True
 0: INFO:megatron.core.optimizer_param_scheduler:> learning rate decay style: cosine
 0: WARNING: could not find the metadata file /iopsstor/scratch/cscs/elyulina/Megatron-LM-Attention-Benchmark/attn_bench/results/pretrain/fineweb-40B_gutenberg-3B/test-llama3-1b-hybrid-qwen-scf1-fineweb40B-gutenberg3B/checkpoints/latest_checkpointed_iteration.txt
 0:     will not load any checkpoints and will start from random
31: INFO:megatron.core.timers:(min, max) time across ranks (ms):
31:     load-checkpoint ................................: (0.35, 0.41)
 0: [after model, optimizer, and learning rate scheduler are built] datetime: 2026-09-03 17:26:03.273737 
 0: > building train, validation, and test datasets ...
 0:  > datasets target sizes (minimum size):
 0:     train:      5224608
 0:     validation: 0
 0:     test:       0
 0: INFO:megatron.core.datasets.blended_megatron_dataset_config:Let split_matrix = [(0, 1.0), None, None]
 0: > building train, validation, and test datasets for GPT ...
 0: INFO:megatron.core.datasets.blended_megatron_dataset_builder:Building GPTDataset splits with sizes=(5224608, 0, 0) and config=GPTDatasetConfig(random_seed=28, sequence_length=8192, blend=(['/iopsstor/scratch/cscs/elyulina/datasets/tokenized/fineweb-edu-dedup-160B-datatrove_0.25/dump_0/00000_tokens', '/iopsstor/scratch/cscs/elyulina/datasets/tokenized/fineweb-edu-dedup-160B-datatrove_0.25/dump_0/00001_tokens', '/iopsstor/scratch/cscs/elyulina/datasets/tokenized/fineweb-edu-dedup-160B-datatrove_0.25/dump_0/00002_tokens', '/iopsstor/scratch/cscs/elyulina/datasets/tokenized/fineweb-edu-dedup-160B-datatrove_0.25/dump_0/00003_tokens', '/iopsstor/scratch/cscs/elyulina/datasets/tokenized/fineweb-edu-dedup-160B-datatrove_0.25/dump_0/00004_tokens', '/iopsstor/scratch/cscs/elyulina/datasets/tokenized/fineweb-edu-dedup-160B-datatrove_0.25/dump_0/00005_tokens', '/iopsstor/scratch/cscs/elyulina/datasets/tokenized/fineweb-edu-dedup-160B-datatrove_0.25/dump_0/00006_tokens', '/iopsstor/scratch/cscs/elyulina/datasets/tokenized
 0: /fineweb-edu-dedup-160B-datatrove_0.25/dump_0/00007_tokens', '/iopsstor/scratch/cscs/elyulina/datasets/tokenized/fineweb-edu-dedup-160B-datatrove_0.25/dump_0/00008_tokens', '/iopsstor/scratch/cscs/elyulina/datasets/tokenized/fineweb-edu-dedup-160B-datatrove_0.25/dump_0/00009_tokens', '/iopsstor/scratch/cscs/elyulina/datasets/tokenized/fineweb-edu-dedup-160B-datatrove_0.25/dump_0/00010_tokens', '/iopsstor/scratch/cscs/elyulina/datasets/tokenized/fineweb-edu-dedup-160B-datatrove_0.25/dump_0/00011_tokens', '/iopsstor/scratch/cscs/elyulina/datasets/tokenized/fineweb-edu-dedup-160B-datatrove_0.25/dump_0/00012_tokens', '/iopsstor/scratch/cscs/elyulina/datasets/tokenized/fineweb-edu-dedup-160B-datatrove_0.25/dump_0/00013_tokens', '/iopsstor/scratch/cscs/elyulina/datasets/tokenized/fineweb-edu-dedup-160B-datatrove_0.25/dump_0/00014_tokens', '/iopsstor/scratch/cscs/elyulina/datasets/tokenized/fineweb-edu-dedup-160B-datatrove_0.25/dump_0/00015_tokens', '/iopsstor/scratch/cscs/elyulina/datasets/tokenized/fineweb-edu-ded
 0: up-160B-datatrove_0.25/dump_0/00016_tokens', '/iopsstor/scratch/cscs/elyulina/datasets/tokenized/fineweb-edu-dedup-160B-datatrove_0.25/dump_0/00017_tokens', '/iopsstor/scratch/cscs/elyulina/datasets/tokenized/fineweb-edu-dedup-160B-datatrove_0.25/dump_0/00018_tokens', '/iopsstor/scratch/cscs/elyulina/datasets/tokenized/fineweb-edu-dedup-160B-datatrove_0.25/dump_0/00019_tokens', '/iopsstor/scratch/cscs/elyulina/datasets/tokenized/fineweb-edu-dedup-160B-datatrove_0.25/dump_1/00000_tokens', '/iopsstor/scratch/cscs/elyulina/datasets/tokenized/fineweb-edu-dedup-160B-datatrove_0.25/dump_1/00001_tokens', '/iopsstor/scratch/cscs/elyulina/datasets/tokenized/fineweb-edu-dedup-160B-datatrove_0.25/dump_1/00002_tokens', '/iopsstor/scratch/cscs/elyulina/datasets/tokenized/fineweb-edu-dedup-160B-datatrove_0.25/dump_1/00003_tokens', '/iopsstor/scratch/cscs/elyulina/datasets/tokenized/fineweb-edu-dedup-160B-datatrove_0.25/dump_1/00004_tokens', '/iopsstor/scratch/cscs/elyulina/datasets/tokenized/fineweb-edu-dedup-160B-datatrov
 0: e_0.25/dump_1/00005_tokens', '/iopsstor/scratch/cscs/elyulina/datasets/tokenized/fineweb-edu-dedup-160B-datatrove_0.25/dump_1/00006_tokens', '/iopsstor/scratch/cscs/elyulina/datasets/tokenized/fineweb-edu-dedup-160B-datatrove_0.25/dump_1/00007_tokens', '/iopsstor/scratch/cscs/elyulina/datasets/tokenized/fineweb-edu-dedup-160B-datatrove_0.25/dump_1/00008_tokens', '/iopsstor/scratch/cscs/elyulina/datasets/tokenized/fineweb-edu-dedup-160B-datatrove_0.25/dump_1/00009_tokens', '/iopsstor/scratch/cscs/elyulina/datasets/tokenized/fineweb-edu-dedup-160B-datatrove_0.25/dump_1/00010_tokens', '/iopsstor/scratch/cscs/elyulina/datasets/tokenized/fineweb-edu-dedup-160B-datatrove_0.25/dump_1/00011_tokens', '/iopsstor/scratch/cscs/elyulina/datasets/tokenized/fineweb-edu-dedup-160B-datatrove_0.25/dump_1/00012_tokens', '/iopsstor/scratch/cscs/elyulina/datasets/tokenized/fineweb-edu-dedup-160B-datatrove_0.25/dump_1/00013_tokens', '/iopsstor/scratch/cscs/elyulina/datasets/tokenized/fineweb-edu-dedup-160B-datatrove_0.25/dump_1/0
 0: 0014_tokens', '/iopsstor/scratch/cscs/elyulina/datasets/tokenized/fineweb-edu-dedup-160B-datatrove_0.25/dump_1/00015_tokens', '/iopsstor/scratch/cscs/elyulina/datasets/tokenized/fineweb-edu-dedup-160B-datatrove_0.25/dump_1/00016_tokens', '/iopsstor/scratch/cscs/elyulina/datasets/tokenized/fineweb-edu-dedup-160B-datatrove_0.25/dump_1/00017_tokens', '/iopsstor/scratch/cscs/elyulina/datasets/tokenized/fineweb-edu-dedup-160B-datatrove_0.25/dump_1/00018_tokens', '/iopsstor/scratch/cscs/elyulina/datasets/tokenized/fineweb-edu-dedup-160B-datatrove_0.25/dump_1/00019_tokens', '/iopsstor/scratch/cscs/elyulina/datasets/tokenized/gutenberg_rep_1_256/rep_128_tokens', '/iopsstor/scratch/cscs/elyulina/datasets/tokenized/gutenberg_rep_1_256/rep_16_tokens', '/iopsstor/scratch/cscs/elyulina/datasets/tokenized/gutenberg_rep_1_256/rep_1_tokens', '/iopsstor/scratch/cscs/elyulina/datasets/tokenized/gutenberg_rep_1_256/rep_256_tokens', '/iopsstor/scratch/cscs/elyulina/datasets/tokenized/gutenberg_rep_1_256/rep_2_tokens', '/iopsstor
 0: /scratch/cscs/elyulina/datasets/tokenized/gutenberg_rep_1_256/rep_32_tokens', '/iopsstor/scratch/cscs/elyulina/datasets/tokenized/gutenberg_rep_1_256/rep_4_tokens', '/iopsstor/scratch/cscs/elyulina/datasets/tokenized/gutenberg_rep_1_256/rep_64_tokens', '/iopsstor/scratch/cscs/elyulina/datasets/tokenized/gutenberg_rep_1_256/rep_8_tokens'], None), blend_per_split=None, multiple_validation_sets=False, full_validation=False, split='100,0,0', split_matrix=[(0, 1.0), None, None], num_dataset_builder_threads=4, path_to_cache='/iopsstor/scratch/cscs/elyulina/datasets/cache', mmap_bin_files=True, mock=False, tokenizer=<megatron.core.tokenizers.text.models.default_tokenizer.DefaultTokenizerText object at 0x4008b7ec12b0>, mid_level_dataset_surplus=0.005, allow_ambiguous_pad_tokens=False, fast_cache_load=False, defer_npy_index_mmap=False, reset_position_ids=True, reset_attention_mask=False, eod_mask_loss=True, goldfish_loss=False, goldfish_k=50, goldfish_h=50, create_attention_mask=False, drop_last_partial_validation_seq
 0: uence=True, add_extra_token_to_sequence=True, object_storage_cache_path=None, data_parallel_size=32, sequence_parallel_size=0, hybrid_context_parallel=False, sequences_per_dataset=None, token_dtype_code=4, context_parallel_size=1)
 0: INFO:megatron.core.datasets.indexed_dataset:Load the _IndexReader from /iopsstor/scratch/cscs/elyulina/datasets/tokenized/fineweb-edu-dedup-160B-datatrove_0.25/dump_0/00001_tokens.idx
 0: INFO:megatron.core.datasets.indexed_dataset:Load the _IndexReader from /iopsstor/scratch/cscs/elyulina/datasets/tokenized/fineweb-edu-dedup-160B-datatrove_0.25/dump_0/00002_tokens.idx
 0: INFO:megatron.core.datasets.indexed_dataset:Load the _IndexReader from /iopsstor/scratch/cscs/elyulina/datasets/tokenized/fineweb-edu-dedup-160B-datatrove_0.25/dump_0/00000_tokens.idx
 0: INFO:megatron.core.datasets.indexed_dataset:Load the _IndexReader from /iopsstor/scratch/cscs/elyulina/datasets/tokenized/fineweb-edu-dedup-160B-datatrove_0.25/dump_0/00003_tokens.idx
 0: INFO:megatron.core.datasets.indexed_dataset:Load the _IndexReader from /iopsstor/scratch/cscs/elyulina/datasets/tokenized/fineweb-edu-dedup-160B-datatrove_0.25/dump_0/00004_tokens.idx
 0: INFO:megatron.core.datasets.indexed_dataset:Load the _IndexReader from /iopsstor/scratch/cscs/elyulina/datasets/tokenized/fineweb-edu-dedup-160B-datatrove_0.25/dump_0/00005_tokens.idx
 0: INFO:megatron.core.datasets.indexed_dataset:Load the _IndexReader from /iopsstor/scratch/cscs/elyulina/datasets/tokenized/fineweb-edu-dedup-160B-datatrove_0.25/dump_0/00006_tokens.idx
 0: INFO:megatron.core.datasets.indexed_dataset:Load the _IndexReader from /iopsstor/scratch/cscs/elyulina/datasets/tokenized/fineweb-edu-dedup-160B-datatrove_0.25/dump_0/00007_tokens.idx
 0: INFO:megatron.core.datasets.indexed_dataset:	Extract the sequence lengths
 0: INFO:megatron.core.datasets.indexed_dataset:	Extract the sequence pointers
 0: INFO:megatron.core.datasets.indexed_dataset:	Extract the document indices
 0: INFO:megatron.core.datasets.indexed_dataset:> total number of sequences: 1000000
 0: INFO:megatron.core.datasets.indexed_dataset:> total number of documents: 1000000
 0: INFO:megatron.core.datasets.indexed_dataset:	Extract the sequence lengths
 0: INFO:megatron.core.datasets.indexed_dataset:	Extract the sequence pointers
 0: INFO:megatron.core.datasets.indexed_dataset:	Extract the document indices
 0: INFO:megatron.core.datasets.indexed_dataset:> total number of sequences: 1002500
 0: INFO:megatron.core.datasets.indexed_dataset:> total number of documents: 1002500
 0: INFO:megatron.core.datasets.indexed_dataset:	Extract the sequence lengths
 0: INFO:megatron.core.datasets.indexed_dataset:	Extract the sequence pointers
 0: INFO:megatron.core.datasets.indexed_dataset:	Extract the sequence lengths
 0: INFO:megatron.core.datasets.indexed_dataset:	Extract the sequence lengths
 0: INFO:megatron.core.datasets.indexed_dataset:	Extract the document indices
 0: INFO:megatron.core.datasets.indexed_dataset:	Extract the sequence lengths
 0: INFO:megatron.core.datasets.indexed_dataset:	Extract the sequence pointers
 0: INFO:megatron.core.datasets.indexed_dataset:	Extract the sequence lengths
 0: INFO:megatron.core.datasets.indexed_dataset:	Extract the sequence pointers
 0: INFO:megatron.core.datasets.indexed_dataset:	Extract the sequence lengths
 0: INFO:megatron.core.datasets.indexed_dataset:> total number of sequences: 997500
 0: INFO:megatron.core.datasets.indexed_dataset:	Extract the sequence pointers
 0: INFO:megatron.core.datasets.indexed_dataset:	Extract the document indices
 0: INFO:megatron.core.datasets.gpt_dataset:Load the GPTDataset train indices
 0: INFO:megatron.core.datasets.indexed_dataset:	Extract the sequence pointers
 0: INFO:megatron.core.datasets.indexed_dataset:	Extract the document indices
 0: INFO:megatron.core.datasets.indexed_dataset:	Extract the sequence pointers
 0: INFO:megatron.core.datasets.indexed_dataset:> total number of documents: 997500
 0: INFO:megatron.core.datasets.indexed_dataset:	Extract the document indices
 0: INFO:megatron.core.datasets.indexed_dataset:> total number of sequences: 1002500
 0: INFO:megatron.core.datasets.gpt_dataset:	Load the document index from 915ab8cb604230d8bc15cddca19e1457-GPTDataset-train-document_index.npy
 0: INFO:megatron.core.datasets.indexed_dataset:	Extract the document indices
 0: INFO:megatron.core.datasets.indexed_dataset:> total number of sequences: 1005000
 0: INFO:megatron.core.datasets.indexed_dataset:	Extract the document indices
 0: INFO:megatron.core.datasets.indexed_dataset:> total number of sequences: 1002500
 0: INFO:megatron.core.datasets.gpt_dataset:Load the GPTDataset train indices
 0: INFO:megatron.core.datasets.indexed_dataset:> total number of documents: 1002500
 0: INFO:megatron.core.datasets.indexed_dataset:> total number of sequences: 1002500
 0: INFO:megatron.core.datasets.indexed_dataset:> total number of documents: 1005000
 0: INFO:megatron.core.datasets.indexed_dataset:> total number of sequences: 1010000
 0: INFO:megatron.core.datasets.indexed_dataset:> total number of documents: 1002500
 0: INFO:megatron.core.datasets.gpt_dataset:	Load the document index from 3f9ec5520022eaa9466eb0b7f77e0ce5-GPTDataset-train-document_index.npy
 0: INFO:megatron.core.datasets.indexed_dataset:> total number of documents: 1002500
 0: INFO:megatron.core.datasets.indexed_dataset:> total number of documents: 1010000
 0: INFO:megatron.core.datasets.gpt_dataset:Load the GPTDataset train indices
 0: INFO:megatron.core.datasets.gpt_dataset:Load the GPTDataset train indices
 0: INFO:megatron.core.datasets.gpt_dataset:Load the GPTDataset train indices
 0: INFO:megatron.core.datasets.gpt_dataset:	Load the document index from e7945d55d0b14a6a819aa0bce0cfad0c-GPTDataset-train-document_index.npy
 0: INFO:megatron.core.datasets.gpt_dataset:	Load the sample index from 915ab8cb604230d8bc15cddca19e1457-GPTDataset-train-sample_index.npy
 0: INFO:megatron.core.datasets.gpt_dataset:	Load the document index from 76a3d6e7f425bf0d39a34fb92363d71d-GPTDataset-train-document_index.npy
 0: INFO:megatron.core.datasets.gpt_dataset:	Load the document index from 1b2bacb7c3ee2d5b588491a79d675e68-GPTDataset-train-document_index.npy
 0: INFO:megatron.core.datasets.gpt_dataset:Load the GPTDataset train indices
 0: INFO:megatron.core.datasets.gpt_dataset:	Load the document index from 7b6dbcc6999e41911d7ce0edcf079327-GPTDataset-train-document_index.npy
 0: INFO:megatron.core.datasets.gpt_dataset:Load the GPTDataset train indices
 0: INFO:megatron.core.datasets.gpt_dataset:	Load the document index from a89b65e4ea2ab7159ebb561c653eb63a-GPTDataset-train-document_index.npy
 0: INFO:megatron.core.datasets.gpt_dataset:Load the GPTDataset train indices
 0: INFO:megatron.core.datasets.gpt_dataset:	Load the document index from d866b8c3eaca0d0bfb7d3ff24522f41e-GPTDataset-train-document_index.npy
 0: INFO:megatron.core.datasets.gpt_dataset:	Load the shuffle index from 915ab8cb604230d8bc15cddca19e1457-GPTDataset-train-shuffle_index.npy
 0: INFO:megatron.core.datasets.gpt_dataset:	Load the sample index from 3f9ec5520022eaa9466eb0b7f77e0ce5-GPTDataset-train-sample_index.npy
 0: INFO:megatron.core.datasets.gpt_dataset:	Load the sample index from 76a3d6e7f425bf0d39a34fb92363d71d-GPTDataset-train-sample_index.npy
 0: INFO:megatron.core.datasets.gpt_dataset:	Load the sample index from 7b6dbcc6999e41911d7ce0edcf079327-GPTDataset-train-sample_index.npy
 0: INFO:megatron.core.datasets.gpt_dataset:> total number of samples: 122172
 0: INFO:megatron.core.datasets.gpt_dataset:	Load the sample index from 1b2bacb7c3ee2d5b588491a79d675e68-GPTDataset-train-sample_index.npy
 0: INFO:megatron.core.datasets.gpt_dataset:	Load the sample index from a89b65e4ea2ab7159ebb561c653eb63a-GPTDataset-train-sample_index.npy
 0: INFO:megatron.core.datasets.gpt_dataset:	Load the shuffle index from 3f9ec5520022eaa9466eb0b7f77e0ce5-GPTDataset-train-shuffle_index.npy
 0: INFO:megatron.core.datasets.gpt_dataset:	Load the sample index from d866b8c3eaca0d0bfb7d3ff24522f41e-GPTDataset-train-sample_index.npy
 0: INFO:megatron.core.datasets.gpt_dataset:	Load the sample index from e7945d55d0b14a6a819aa0bce0cfad0c-GPTDataset-train-sample_index.npy
 0: INFO:megatron.core.datasets.indexed_dataset:Load the _IndexReader from /iopsstor/scratch/cscs/elyulina/datasets/tokenized/fineweb-edu-dedup-160B-datatrove_0.25/dump_0/00008_tokens.idx
 0: INFO:megatron.core.datasets.gpt_dataset:	Load the shuffle index from 76a3d6e7f425bf0d39a34fb92363d71d-GPTDataset-train-shuffle_index.npy
 0: INFO:megatron.core.datasets.gpt_dataset:	Load the shuffle index from 7b6dbcc6999e41911d7ce0edcf079327-GPTDataset-train-shuffle_index.npy
 0: INFO:megatron.core.datasets.gpt_dataset:> total number of samples: 121738
 0: INFO:megatron.core.datasets.gpt_dataset:	Load the shuffle index from a89b65e4ea2ab7159ebb561c653eb63a-GPTDataset-train-shuffle_index.npy
 0: INFO:megatron.core.datasets.gpt_dataset:	Load the shuffle index from 1b2bacb7c3ee2d5b588491a79d675e68-GPTDataset-train-shuffle_index.npy
 0: INFO:megatron.core.datasets.gpt_dataset:	Load the shuffle index from d866b8c3eaca0d0bfb7d3ff24522f41e-GPTDataset-train-shuffle_index.npy
 0: INFO:megatron.core.datasets.gpt_dataset:> total number of samples: 122105
 0: INFO:megatron.core.datasets.gpt_dataset:	Load the shuffle index from e7945d55d0b14a6a819aa0bce0cfad0c-GPTDataset-train-shuffle_index.npy
 0: INFO:megatron.core.datasets.gpt_dataset:> total number of samples: 122216
 0: INFO:megatron.core.datasets.indexed_dataset:Load the _IndexReader from /iopsstor/scratch/cscs/elyulina/datasets/tokenized/fineweb-edu-dedup-160B-datatrove_0.25/dump_0/00009_tokens.idx
 0: INFO:megatron.core.datasets.indexed_dataset:	Extract the sequence lengths
 0: INFO:megatron.core.datasets.indexed_dataset:	Extract the sequence pointers
 0: INFO:megatron.core.datasets.indexed_dataset:	Extract the document indices
 0: INFO:megatron.core.datasets.indexed_dataset:> total number of sequences: 1007500
 0: INFO:megatron.core.datasets.indexed_dataset:> total number of documents: 1007500
 0: INFO:megatron.core.datasets.indexed_dataset:Load the _IndexReader from /iopsstor/scratch/cscs/elyulina/datasets/tokenized/fineweb-edu-dedup-160B-datatrove_0.25/dump_0/00010_tokens.idx
 0: INFO:megatron.core.datasets.indexed_dataset:Load the _IndexReader from /iopsstor/scratch/cscs/elyulina/datasets/tokenized/fineweb-edu-dedup-160B-datatrove_0.25/dump_0/00011_tokens.idx
 0: INFO:megatron.core.datasets.gpt_dataset:> total number of samples: 122144
 0: INFO:megatron.core.datasets.gpt_dataset:> total number of samples: 122129
 0: INFO:megatron.core.datasets.gpt_dataset:> total number of samples: 121997
 0: INFO:megatron.core.datasets.gpt_dataset:Load the GPTDataset train indices
 0: INFO:megatron.core.datasets.gpt_dataset:	Load the document index from 1e478b4a7f08c8a1ecacd7bdf434f16b-GPTDataset-train-document_index.npy
 0: INFO:megatron.core.datasets.indexed_dataset:Load the _IndexReader from /iopsstor/scratch/cscs/elyulina/datasets/tokenized/fineweb-edu-dedup-160B-datatrove_0.25/dump_0/00012_tokens.idx
 0: INFO:megatron.core.datasets.indexed_dataset:	Extract the sequence lengths
 0: INFO:megatron.core.datasets.indexed_dataset:	Extract the sequence pointers
 0: INFO:megatron.core.datasets.indexed_dataset:	Extract the document indices
 0: INFO:megatron.core.datasets.indexed_dataset:> total number of sequences: 1010000
 0: INFO:megatron.core.datasets.indexed_dataset:> total number of documents: 1010000
 0: INFO:megatron.core.datasets.indexed_dataset:Load the _IndexReader from /iopsstor/scratch/cscs/elyulina/datasets/tokenized/fineweb-edu-dedup-160B-datatrove_0.25/dump_0/00013_tokens.idx
 0: INFO:megatron.core.datasets.indexed_dataset:Load the _IndexReader from /iopsstor/scratch/cscs/elyulina/datasets/tokenized/fineweb-edu-dedup-160B-datatrove_0.25/dump_0/00014_tokens.idx
 0: INFO:megatron.core.datasets.indexed_dataset:	Extract the sequence lengths
 0: INFO:megatron.core.datasets.indexed_dataset:	Extract the sequence pointers
 0: INFO:megatron.core.datasets.indexed_dataset:	Extract the document indices
 0: INFO:megatron.core.datasets.indexed_dataset:> total number of sequences: 1010000
 0: INFO:megatron.core.datasets.indexed_dataset:> total number of documents: 1010000
 0: INFO:megatron.core.datasets.indexed_dataset:	Extract the sequence lengths
 0: INFO:megatron.core.datasets.indexed_dataset:	Extract the sequence pointers
 0: INFO:megatron.core.datasets.indexed_dataset:	Extract the document indices
 0: INFO:megatron.core.datasets.indexed_dataset:> total number of sequences: 1010000
 0: INFO:megatron.core.datasets.indexed_dataset:> total number of documents: 1010000
 0: INFO:megatron.core.datasets.gpt_dataset:Load the GPTDataset train indices
 0: INFO:megatron.core.datasets.gpt_dataset:	Load the document index from b5e5c92190160c5a513ee59f974bb32c-GPTDataset-train-document_index.npy
 0: INFO:megatron.core.datasets.indexed_dataset:	Extract the sequence lengths
 0: INFO:megatron.core.datasets.indexed_dataset:	Extract the sequence pointers
 0: INFO:megatron.core.datasets.indexed_dataset:	Extract the document indices
 0: INFO:megatron.core.datasets.indexed_dataset:> total number of sequences: 1012500
 0: INFO:megatron.core.datasets.indexed_dataset:> total number of documents: 1012500
 0: INFO:megatron.core.datasets.gpt_dataset:	Load the sample index from 1e478b4a7f08c8a1ecacd7bdf434f16b-GPTDataset-train-sample_index.npy
 0: INFO:megatron.core.datasets.indexed_dataset:	Extract the sequence lengths
 0: INFO:megatron.core.datasets.gpt_dataset:Load the GPTDataset train indices
 0: INFO:megatron.core.datasets.indexed_dataset:	Extract the sequence lengths
 0: INFO:megatron.core.datasets.indexed_dataset:	Extract the sequence pointers
 0: INFO:megatron.core.datasets.gpt_dataset:	Load the document index from 6bc6a36e8dc0c7c5ed89104fdb06968b-GPTDataset-train-document_index.npy
 0: INFO:megatron.core.datasets.indexed_dataset:	Extract the sequence pointers
 0: INFO:megatron.core.datasets.indexed_dataset:	Extract the document indices
 0: INFO:megatron.core.datasets.gpt_dataset:Load the GPTDataset train indices
 0: INFO:megatron.core.datasets.indexed_dataset:	Extract the document indices
 0: INFO:megatron.core.datasets.indexed_dataset:> total number of sequences: 1010000
 0: INFO:megatron.core.datasets.gpt_dataset:	Load the document index from 8dc1e9da1109a20cce2fd639ce7375b2-GPTDataset-train-document_index.npy
 0: INFO:megatron.core.datasets.indexed_dataset:> total number of sequences: 1010000
 0: INFO:megatron.core.datasets.indexed_dataset:> total number of documents: 1010000
 0: INFO:megatron.core.datasets.indexed_dataset:> total number of documents: 1010000
 0: INFO:megatron.core.datasets.gpt_dataset:Load the GPTDataset train indices
 0: INFO:megatron.core.datasets.gpt_dataset:	Load the document index from 5029826f57725a5990040c7861075fd4-GPTDataset-train-document_index.npy
 0: INFO:megatron.core.datasets.gpt_dataset:	Load the sample index from b5e5c92190160c5a513ee59f974bb32c-GPTDataset-train-sample_index.npy
 0: INFO:megatron.core.datasets.gpt_dataset:	Load the shuffle index from 1e478b4a7f08c8a1ecacd7bdf434f16b-GPTDataset-train-shuffle_index.npy
 0: INFO:megatron.core.datasets.gpt_dataset:	Load the sample index from 6bc6a36e8dc0c7c5ed89104fdb06968b-GPTDataset-train-sample_index.npy
 0: INFO:megatron.core.datasets.gpt_dataset:Load the GPTDataset train indices
 0: INFO:megatron.core.datasets.gpt_dataset:	Load the document index from 4a169cd7053d7d9ae00395c12a927951-GPTDataset-train-document_index.npy
 0: INFO:megatron.core.datasets.gpt_dataset:Load the GPTDataset train indices
 0: INFO:megatron.core.datasets.gpt_dataset:	Load the document index from f4e8cae8a5dfe784104866bf270e7fa5-GPTDataset-train-document_index.npy
 0: INFO:megatron.core.datasets.gpt_dataset:> total number of samples: 122680
 0: INFO:megatron.core.datasets.gpt_dataset:	Load the shuffle index from 6bc6a36e8dc0c7c5ed89104fdb06968b-GPTDataset-train-shuffle_index.npy
 0: INFO:megatron.core.datasets.gpt_dataset:	Load the sample index from 5029826f57725a5990040c7861075fd4-GPTDataset-train-sample_index.npy
 0: INFO:megatron.core.datasets.indexed_dataset:Load the _IndexReader from /iopsstor/scratch/cscs/elyulina/datasets/tokenized/fineweb-edu-dedup-160B-datatrove_0.25/dump_0/00015_tokens.idx
 0: INFO:megatron.core.datasets.gpt_dataset:	Load the sample index from 4a169cd7053d7d9ae00395c12a927951-GPTDataset-train-sample_index.npy
 0: INFO:megatron.core.datasets.gpt_dataset:	Load the sample index from f4e8cae8a5dfe784104866bf270e7fa5-GPTDataset-train-sample_index.npy
 0: INFO:megatron.core.datasets.gpt_dataset:> total number of samples: 122364
 0: INFO:megatron.core.datasets.gpt_dataset:> total number of samples: 122293
 0: INFO:megatron.core.datasets.gpt_dataset:	Load the shuffle index from 5029826f57725a5990040c7861075fd4-GPTDataset-train-shuffle_index.npy
 0: INFO:megatron.core.datasets.gpt_dataset:	Load the shuffle index from b5e5c92190160c5a513ee59f974bb32c-GPTDataset-train-shuffle_index.npy
 0: INFO:megatron.core.datasets.indexed_dataset:	Extract the sequence lengths
 0: INFO:megatron.core.datasets.indexed_dataset:	Extract the sequence pointers
 0: INFO:megatron.core.datasets.indexed_dataset:	Extract the document indices
 0: INFO:megatron.core.datasets.gpt_dataset:	Load the shuffle index from 4a169cd7053d7d9ae00395c12a927951-GPTDataset-train-shuffle_index.npy
 0: INFO:megatron.core.datasets.indexed_dataset:> total number of sequences: 1012500
 0: INFO:megatron.core.datasets.indexed_dataset:> total number of documents: 1012500
 0: INFO:megatron.core.datasets.indexed_dataset:Load the _IndexReader from /iopsstor/scratch/cscs/elyulina/datasets/tokenized/fineweb-edu-dedup-160B-datatrove_0.25/dump_0/00016_tokens.idx
 0: INFO:megatron.core.datasets.indexed_dataset:Load the _IndexReader from /iopsstor/scratch/cscs/elyulina/datasets/tokenized/fineweb-edu-dedup-160B-datatrove_0.25/dump_0/00017_tokens.idx
 0: INFO:megatron.core.datasets.gpt_dataset:	Load the shuffle index from f4e8cae8a5dfe784104866bf270e7fa5-GPTDataset-train-shuffle_index.npy
 0: INFO:megatron.core.datasets.gpt_dataset:	Load the sample index from 8dc1e9da1109a20cce2fd639ce7375b2-GPTDataset-train-sample_index.npy
 0: INFO:megatron.core.datasets.gpt_dataset:> total number of samples: 122260
 0: INFO:megatron.core.datasets.gpt_dataset:> total number of samples: 122579
 0: INFO:megatron.core.datasets.gpt_dataset:> total number of samples: 122013
 0: INFO:megatron.core.datasets.gpt_dataset:Load the GPTDataset train indices
 0: INFO:megatron.core.datasets.gpt_dataset:	Load the document index from 4ad037125f655af6e80d4d7e94132b78-GPTDataset-train-document_index.npy
 0: INFO:megatron.core.datasets.indexed_dataset:Load the _IndexReader from /iopsstor/scratch/cscs/elyulina/datasets/tokenized/fineweb-edu-dedup-160B-datatrove_0.25/dump_0/00018_tokens.idx
 0: INFO:megatron.core.datasets.gpt_dataset:> total number of samples: 121843
 0: INFO:megatron.core.datasets.indexed_dataset:Load the _IndexReader from /iopsstor/scratch/cscs/elyulina/datasets/tokenized/fineweb-edu-dedup-160B-datatrove_0.25/dump_0/00019_tokens.idx
 0: INFO:megatron.core.datasets.indexed_dataset:Load the _IndexReader from /iopsstor/scratch/cscs/elyulina/datasets/tokenized/fineweb-edu-dedup-160B-datatrove_0.25/dump_1/00000_tokens.idx
 0: INFO:megatron.core.datasets.gpt_dataset:	Load the shuffle index from 8dc1e9da1109a20cce2fd639ce7375b2-GPTDataset-train-shuffle_index.npy
 0: INFO:megatron.core.datasets.indexed_dataset:	Extract the sequence lengths
 0: INFO:megatron.core.datasets.indexed_dataset:	Extract the sequence pointers
 0: INFO:megatron.core.datasets.indexed_dataset:	Extract the document indices
 0: INFO:megatron.core.datasets.indexed_dataset:> total number of sequences: 1012500
 0: INFO:megatron.core.datasets.indexed_dataset:	Extract the sequence lengths
 0: INFO:megatron.core.datasets.indexed_dataset:> total number of documents: 1012500
 0: INFO:megatron.core.datasets.indexed_dataset:	Extract the sequence pointers
 0: INFO:megatron.core.datasets.indexed_dataset:Load the _IndexReader from /iopsstor/scratch/cscs/elyulina/datasets/tokenized/fineweb-edu-dedup-160B-datatrove_0.25/dump_1/00001_tokens.idx
 0: INFO:megatron.core.datasets.indexed_dataset:	Extract the document indices
 0: INFO:megatron.core.datasets.indexed_dataset:> total number of sequences: 1015000
 0: INFO:megatron.core.datasets.indexed_dataset:> total number of documents: 1015000
 0: INFO:megatron.core.datasets.indexed_dataset:	Extract the sequence lengths
 0: INFO:megatron.core.datasets.gpt_dataset:	Load the sample index from 4ad037125f655af6e80d4d7e94132b78-GPTDataset-train-sample_index.npy
 0: INFO:megatron.core.datasets.indexed_dataset:	Extract the sequence pointers
 0: INFO:megatron.core.datasets.indexed_dataset:	Extract the document indices
 0: INFO:megatron.core.datasets.indexed_dataset:> total number of sequences: 1015855
 0: INFO:megatron.core.datasets.gpt_dataset:> total number of samples: 122062
 0: INFO:megatron.core.datasets.indexed_dataset:	Extract the sequence lengths
 0: INFO:megatron.core.datasets.indexed_dataset:> total number of documents: 1015855
 0: INFO:megatron.core.datasets.gpt_dataset:Load the GPTDataset train indices
 0: INFO:megatron.core.datasets.indexed_dataset:	Extract the sequence pointers
 0: INFO:megatron.core.datasets.gpt_dataset:	Load the document index from 6e7436d075826338db9e86434c7397d7-GPTDataset-train-document_index.npy
 0: INFO:megatron.core.datasets.indexed_dataset:	Extract the document indices
 0: INFO:megatron.core.datasets.indexed_dataset:	Extract the sequence lengths
 0: INFO:megatron.core.datasets.gpt_dataset:Load the GPTDataset train indices
 0: INFO:megatron.core.datasets.indexed_dataset:> total number of sequences: 997500
 0: INFO:megatron.core.datasets.indexed_dataset:	Extract the sequence pointers
 0: INFO:megatron.core.datasets.gpt_dataset:	Load the document index from 0b8ab6e31f3dc23ff962af4eb4dc24a8-GPTDataset-train-document_index.npy
 0: INFO:megatron.core.datasets.indexed_dataset:> total number of documents: 997500
 0: INFO:megatron.core.datasets.indexed_dataset:	Extract the document indices
 0: INFO:megatron.core.datasets.indexed_dataset:	Extract the sequence lengths
 0: INFO:megatron.core.datasets.indexed_dataset:Load the _IndexReader from /iopsstor/scratch/cscs/elyulina/datasets/tokenized/fineweb-edu-dedup-160B-datatrove_0.25/dump_1/00002_tokens.idx
 0: INFO:megatron.core.datasets.indexed_dataset:> total number of sequences: 1015855
 0: INFO:megatron.core.datasets.indexed_dataset:	Extract the sequence pointers
 0: INFO:megatron.core.datasets.indexed_dataset:> total number of documents: 1015855
 0: INFO:megatron.core.datasets.indexed_dataset:	Extract the document indices
 0: INFO:megatron.core.datasets.gpt_dataset:	Load the shuffle index from 4ad037125f655af6e80d4d7e94132b78-GPTDataset-train-shuffle_index.npy
 0: INFO:megatron.core.datasets.gpt_dataset:Load the GPTDataset train indices
 0: INFO:megatron.core.datasets.indexed_dataset:> total number of sequences: 1000000
 0: INFO:megatron.core.datasets.gpt_dataset:	Load the document index from 471a6a8ef0b5957dbc4bd8d06184dac3-GPTDataset-train-document_index.npy
 0: INFO:megatron.core.datasets.indexed_dataset:> total number of documents: 1000000
 0: INFO:megatron.core.datasets.gpt_dataset:Load the GPTDataset train indices
 0: INFO:megatron.core.datasets.gpt_dataset:	Load the document index from d5ad77d5d973696152d9031c95d184fe-GPTDataset-train-document_index.npy
 0: INFO:megatron.core.datasets.gpt_dataset:	Load the sample index from 6e7436d075826338db9e86434c7397d7-GPTDataset-train-sample_index.npy
 0: INFO:megatron.core.datasets.indexed_dataset:	Extract the sequence lengths
 0: INFO:megatron.core.datasets.indexed_dataset:	Extract the sequence pointers
 0: INFO:megatron.core.datasets.indexed_dataset:	Extract the document indices
 0: INFO:megatron.core.datasets.indexed_dataset:> total number of sequences: 1005000
 0: INFO:megatron.core.datasets.indexed_dataset:> total number of documents: 1005000
 0: INFO:megatron.core.datasets.gpt_dataset:Load the GPTDataset train indices
 0: INFO:megatron.core.datasets.gpt_dataset:	Load the sample index from 0b8ab6e31f3dc23ff962af4eb4dc24a8-GPTDataset-train-sample_index.npy
 0: INFO:megatron.core.datasets.gpt_dataset:> total number of samples: 122106
 0: INFO:megatron.core.datasets.gpt_dataset:	Load the document index from 7c568d8ceb7c4042de30d6a1cedebf13-GPTDataset-train-document_index.npy
 0: INFO:megatron.core.datasets.gpt_dataset:Load the GPTDataset train indices
 0: INFO:megatron.core.datasets.gpt_dataset:	Load the document index from 1fe6a2cbc11b2847186842d70fc06215-GPTDataset-train-document_index.npy
 0: INFO:megatron.core.datasets.gpt_dataset:	Load the shuffle index from 6e7436d075826338db9e86434c7397d7-GPTDataset-train-shuffle_index.npy
 0: INFO:megatron.core.datasets.gpt_dataset:	Load the sample index from 471a6a8ef0b5957dbc4bd8d06184dac3-GPTDataset-train-sample_index.npy
 0: INFO:megatron.core.datasets.indexed_dataset:Load the _IndexReader from /iopsstor/scratch/cscs/elyulina/datasets/tokenized/fineweb-edu-dedup-160B-datatrove_0.25/dump_1/00003_tokens.idx
 0: INFO:megatron.core.datasets.gpt_dataset:	Load the sample index from d5ad77d5d973696152d9031c95d184fe-GPTDataset-train-sample_index.npy
 0: INFO:megatron.core.datasets.gpt_dataset:Load the GPTDataset train indices
 0: INFO:megatron.core.datasets.gpt_dataset:	Load the document index from 0070d6e3617d570c62dd6fa3cd4dd15a-GPTDataset-train-document_index.npy
 0: INFO:megatron.core.datasets.gpt_dataset:> total number of samples: 122118
 0: INFO:megatron.core.datasets.gpt_dataset:	Load the shuffle index from 0b8ab6e31f3dc23ff962af4eb4dc24a8-GPTDataset-train-shuffle_index.npy
 0: INFO:megatron.core.datasets.gpt_dataset:	Load the shuffle index from 471a6a8ef0b5957dbc4bd8d06184dac3-GPTDataset-train-shuffle_index.npy
 0: INFO:megatron.core.datasets.gpt_dataset:	Load the sample index from 7c568d8ceb7c4042de30d6a1cedebf13-GPTDataset-train-sample_index.npy
 0: INFO:megatron.core.datasets.indexed_dataset:Load the _IndexReader from /iopsstor/scratch/cscs/elyulina/datasets/tokenized/fineweb-edu-dedup-160B-datatrove_0.25/dump_1/00004_tokens.idx
 0: INFO:megatron.core.datasets.indexed_dataset:	Extract the sequence lengths
 0: INFO:megatron.core.datasets.indexed_dataset:	Extract the sequence pointers
 0: INFO:megatron.core.datasets.indexed_dataset:	Extract the document indices
 0: INFO:megatron.core.datasets.indexed_dataset:> total number of sequences: 1002500
 0: INFO:megatron.core.datasets.indexed_dataset:> total number of documents: 1002500
 0: INFO:megatron.core.datasets.gpt_dataset:	Load the sample index from 0070d6e3617d570c62dd6fa3cd4dd15a-GPTDataset-train-sample_index.npy
 0: INFO:megatron.core.datasets.gpt_dataset:> total number of samples: 122187
 0: INFO:megatron.core.datasets.gpt_dataset:	Load the shuffle index from 7c568d8ceb7c4042de30d6a1cedebf13-GPTDataset-train-shuffle_index.npy
 0: INFO:megatron.core.datasets.gpt_dataset:	Load the sample index from 1fe6a2cbc11b2847186842d70fc06215-GPTDataset-train-sample_index.npy
 0: INFO:megatron.core.datasets.gpt_dataset:Load the GPTDataset train indices
 0: INFO:megatron.core.datasets.gpt_dataset:	Load the document index from 0a43ff8ae94e9415c3f4aa23a153e6b6-GPTDataset-train-document_index.npy
 0: INFO:megatron.core.datasets.indexed_dataset:Load the _IndexReader from /iopsstor/scratch/cscs/elyulina/datasets/tokenized/fineweb-edu-dedup-160B-datatrove_0.25/dump_1/00005_tokens.idx
 0: INFO:megatron.core.datasets.indexed_dataset:	Extract the sequence lengths
 0: INFO:megatron.core.datasets.gpt_dataset:> total number of samples: 121969
 0: INFO:megatron.core.datasets.indexed_dataset:	Extract the sequence pointers
 0: INFO:megatron.core.datasets.indexed_dataset:	Extract the document indices
 0: INFO:megatron.core.datasets.indexed_dataset:> total number of sequences: 1005000
 0: INFO:megatron.core.datasets.gpt_dataset:	Load the shuffle index from d5ad77d5d973696152d9031c95d184fe-GPTDataset-train-shuffle_index.npy
 0: INFO:megatron.core.datasets.indexed_dataset:> total number of documents: 1005000
 0: INFO:megatron.core.datasets.gpt_dataset:> total number of samples: 121785
 0: INFO:megatron.core.datasets.gpt_dataset:	Load the shuffle index from 0070d6e3617d570c62dd6fa3cd4dd15a-GPTDataset-train-shuffle_index.npy
 0: INFO:megatron.core.datasets.gpt_dataset:	Load the sample index from 0a43ff8ae94e9415c3f4aa23a153e6b6-GPTDataset-train-sample_index.npy
 0: INFO:megatron.core.datasets.gpt_dataset:	Load the shuffle index from 1fe6a2cbc11b2847186842d70fc06215-GPTDataset-train-shuffle_index.npy
 0: INFO:megatron.core.datasets.indexed_dataset:Load the _IndexReader from /iopsstor/scratch/cscs/elyulina/datasets/tokenized/fineweb-edu-dedup-160B-datatrove_0.25/dump_1/00006_tokens.idx
 0: INFO:megatron.core.datasets.indexed_dataset:	Extract the sequence lengths
 0: INFO:megatron.core.datasets.indexed_dataset:	Extract the sequence pointers
 0: INFO:megatron.core.datasets.indexed_dataset:	Extract the document indices
 0: INFO:megatron.core.datasets.indexed_dataset:> total number of sequences: 1005000
 0: INFO:megatron.core.datasets.indexed_dataset:> total number of documents: 1005000
 0: INFO:megatron.core.datasets.indexed_dataset:Load the _IndexReader from /iopsstor/scratch/cscs/elyulina/datasets/tokenized/fineweb-edu-dedup-160B-datatrove_0.25/dump_1/00007_tokens.idx
 0: INFO:megatron.core.datasets.gpt_dataset:Load the GPTDataset train indices
 0: INFO:megatron.core.datasets.gpt_dataset:	Load the document index from 7025e238a488d092d8f4deb94ce23d1f-GPTDataset-train-document_index.npy
 0: INFO:megatron.core.datasets.gpt_dataset:> total number of samples: 122557
 0: INFO:megatron.core.datasets.gpt_dataset:> total number of samples: 122229
 0: INFO:megatron.core.datasets.gpt_dataset:Load the GPTDataset train indices
 0: INFO:megatron.core.datasets.gpt_dataset:> total number of samples: 122035
 0: INFO:megatron.core.datasets.gpt_dataset:	Load the document index from 7393370efc6f80a3997ee77ee7f10242-GPTDataset-train-document_index.npy
 0: INFO:megatron.core.datasets.gpt_dataset:	Load the shuffle index from 0a43ff8ae94e9415c3f4aa23a153e6b6-GPTDataset-train-shuffle_index.npy
 0: INFO:megatron.core.datasets.indexed_dataset:	Extract the sequence lengths
 0: INFO:megatron.core.datasets.indexed_dataset:	Extract the sequence pointers
 0: INFO:megatron.core.datasets.indexed_dataset:	Extract the document indices
 0: INFO:megatron.core.datasets.indexed_dataset:> total number of sequences: 1005000
 0: INFO:megatron.core.datasets.indexed_dataset:> total number of documents: 1005000
 0: INFO:megatron.core.datasets.indexed_dataset:Load the _IndexReader from /iopsstor/scratch/cscs/elyulina/datasets/tokenized/fineweb-edu-dedup-160B-datatrove_0.25/dump_1/00008_tokens.idx
 0: INFO:megatron.core.datasets.indexed_dataset:Load the _IndexReader from /iopsstor/scratch/cscs/elyulina/datasets/tokenized/fineweb-edu-dedup-160B-datatrove_0.25/dump_1/00009_tokens.idx
 0: INFO:megatron.core.datasets.indexed_dataset:Load the _IndexReader from /iopsstor/scratch/cscs/elyulina/datasets/tokenized/fineweb-edu-dedup-160B-datatrove_0.25/dump_1/00010_tokens.idx
 0: INFO:megatron.core.datasets.indexed_dataset:	Extract the sequence lengths
 0: INFO:megatron.core.datasets.indexed_dataset:	Extract the sequence pointers
 0: INFO:megatron.core.datasets.indexed_dataset:	Extract the document indices
 0: INFO:megatron.core.datasets.indexed_dataset:> total number of sequences: 1007500
 0: INFO:megatron.core.datasets.indexed_dataset:> total number of documents: 1007500
 0: INFO:megatron.core.datasets.gpt_dataset:> total number of samples: 122028
 0: INFO:megatron.core.datasets.gpt_dataset:Load the GPTDataset train indices
 0: INFO:megatron.core.datasets.gpt_dataset:	Load the document index from 9013f58fc2124a83c18aa10d18828db9-GPTDataset-train-document_index.npy
 0: INFO:megatron.core.datasets.gpt_dataset:	Load the sample index from 7025e238a488d092d8f4deb94ce23d1f-GPTDataset-train-sample_index.npy
 0: INFO:megatron.core.datasets.gpt_dataset:	Load the sample index from 7393370efc6f80a3997ee77ee7f10242-GPTDataset-train-sample_index.npy
 0: INFO:megatron.core.datasets.gpt_dataset:Load the GPTDataset train indices
 0: INFO:megatron.core.datasets.gpt_dataset:	Load the document index from dbaf98bcdab0f47c6d47d5c29af3d384-GPTDataset-train-document_index.npy
 0: INFO:megatron.core.datasets.indexed_dataset:Load the _IndexReader from /iopsstor/scratch/cscs/elyulina/datasets/tokenized/fineweb-edu-dedup-160B-datatrove_0.25/dump_1/00011_tokens.idx
 0: INFO:megatron.core.datasets.indexed_dataset:	Extract the sequence lengths
 0: INFO:megatron.core.datasets.indexed_dataset:	Extract the sequence pointers
 0: INFO:megatron.core.datasets.indexed_dataset:	Extract the document indices
 0: INFO:megatron.core.datasets.indexed_dataset:> total number of sequences: 1010000
 0: INFO:megatron.core.datasets.indexed_dataset:> total number of documents: 1010000
 0: INFO:megatron.core.datasets.indexed_dataset:	Extract the sequence lengths
 0: INFO:megatron.core.datasets.indexed_dataset:	Extract the sequence pointers
 0: INFO:megatron.core.datasets.indexed_dataset:	Extract the document indices
 0: INFO:megatron.core.datasets.indexed_dataset:> total number of sequences: 1010000
 0: INFO:megatron.core.datasets.indexed_dataset:> total number of documents: 1010000
 0: INFO:megatron.core.datasets.gpt_dataset:	Load the shuffle index from 7025e238a488d092d8f4deb94ce23d1f-GPTDataset-train-shuffle_index.npy
 0: INFO:megatron.core.datasets.gpt_dataset:	Load the shuffle index from 7393370efc6f80a3997ee77ee7f10242-GPTDataset-train-shuffle_index.npy
 0: INFO:megatron.core.datasets.indexed_dataset:	Extract the sequence lengths
 0: INFO:megatron.core.datasets.indexed_dataset:	Extract the sequence pointers
 0: INFO:megatron.core.datasets.indexed_dataset:	Extract the document indices
 0: INFO:megatron.core.datasets.indexed_dataset:> total number of sequences: 1010000
 0: INFO:megatron.core.datasets.indexed_dataset:> total number of documents: 1010000
 0: INFO:megatron.core.datasets.gpt_dataset:Load the GPTDataset train indices
 0: INFO:megatron.core.datasets.gpt_dataset:	Load the document index from 6dea74f5d300cad783ac791f835a87a4-GPTDataset-train-document_index.npy
 0: INFO:megatron.core.datasets.indexed_dataset:	Extract the sequence lengths
 0: INFO:megatron.core.datasets.indexed_dataset:	Extract the sequence pointers
 0: INFO:megatron.core.datasets.indexed_dataset:	Extract the document indices
 0: INFO:megatron.core.datasets.indexed_dataset:> total number of sequences: 1007500
 0: INFO:megatron.core.datasets.indexed_dataset:> total number of documents: 1007500
 0: INFO:megatron.core.datasets.gpt_dataset:	Load the sample index from dbaf98bcdab0f47c6d47d5c29af3d384-GPTDataset-train-sample_index.npy
 0: INFO:megatron.core.datasets.gpt_dataset:Load the GPTDataset train indices
 0: INFO:megatron.core.datasets.gpt_dataset:	Load the document index from ec880b1266d2fa781596289e07cdd47f-GPTDataset-train-document_index.npy
 0: INFO:megatron.core.datasets.gpt_dataset:> total number of samples: 122626
 0: INFO:megatron.core.datasets.gpt_dataset:> total number of samples: 122037
 0: INFO:megatron.core.datasets.gpt_dataset:Load the GPTDataset train indices
 0: INFO:megatron.core.datasets.gpt_dataset:	Load the sample index from 9013f58fc2124a83c18aa10d18828db9-GPTDataset-train-sample_index.npy
 0: INFO:megatron.core.datasets.gpt_dataset:	Load the document index from 18eb74ef791cf354c6c4e825f9c07103-GPTDataset-train-document_index.npy
 0: INFO:megatron.core.datasets.gpt_dataset:	Load the shuffle index from dbaf98bcdab0f47c6d47d5c29af3d384-GPTDataset-train-shuffle_index.npy
 0: INFO:megatron.core.datasets.gpt_dataset:Load the GPTDataset train indices
 0: INFO:megatron.core.datasets.gpt_dataset:	Load the document index from d8c9f76e77105b25cb474961139e85bf-GPTDataset-train-document_index.npy
 0: INFO:megatron.core.datasets.indexed_dataset:Load the _IndexReader from /iopsstor/scratch/cscs/elyulina/datasets/tokenized/fineweb-edu-dedup-160B-datatrove_0.25/dump_1/00012_tokens.idx
 0: INFO:megatron.core.datasets.gpt_dataset:	Load the sample index from 6dea74f5d300cad783ac791f835a87a4-GPTDataset-train-sample_index.npy
 0: INFO:megatron.core.datasets.indexed_dataset:Load the _IndexReader from /iopsstor/scratch/cscs/elyulina/datasets/tokenized/fineweb-edu-dedup-160B-datatrove_0.25/dump_1/00013_tokens.idx
 0: INFO:megatron.core.datasets.gpt_dataset:	Load the sample index from ec880b1266d2fa781596289e07cdd47f-GPTDataset-train-sample_index.npy
 0: INFO:megatron.core.datasets.gpt_dataset:> total number of samples: 122010
 0: INFO:megatron.core.datasets.gpt_dataset:	Load the shuffle index from 9013f58fc2124a83c18aa10d18828db9-GPTDataset-train-shuffle_index.npy
 0: INFO:megatron.core.datasets.gpt_dataset:	Load the shuffle index from 6dea74f5d300cad783ac791f835a87a4-GPTDataset-train-shuffle_index.npy
 0: INFO:megatron.core.datasets.gpt_dataset:	Load the sample index from 18eb74ef791cf354c6c4e825f9c07103-GPTDataset-train-sample_index.npy
 0: INFO:megatron.core.datasets.indexed_dataset:Load the _IndexReader from /iopsstor/scratch/cscs/elyulina/datasets/tokenized/fineweb-edu-dedup-160B-datatrove_0.25/dump_1/00014_tokens.idx
 0: INFO:megatron.core.datasets.gpt_dataset:	Load the sample index from d8c9f76e77105b25cb474961139e85bf-GPTDataset-train-sample_index.npy
 0: INFO:megatron.core.datasets.indexed_dataset:	Extract the sequence lengths
 0: INFO:megatron.core.datasets.indexed_dataset:	Extract the sequence pointers
 0: INFO:megatron.core.datasets.indexed_dataset:	Extract the document indices
 0: INFO:megatron.core.datasets.indexed_dataset:> total number of sequences: 1012500
 0: INFO:megatron.core.datasets.indexed_dataset:	Extract the sequence lengths
 0: INFO:megatron.core.datasets.indexed_dataset:> total number of documents: 1012500
 0: INFO:megatron.core.datasets.indexed_dataset:	Extract the sequence pointers
 0: INFO:megatron.core.datasets.gpt_dataset:> total number of samples: 122691
 0: INFO:megatron.core.datasets.indexed_dataset:	Extract the document indices
 0: INFO:megatron.core.datasets.gpt_dataset:> total number of samples: 122433
 0: INFO:megatron.core.datasets.indexed_dataset:> total number of sequences: 1012500
 0: INFO:megatron.core.datasets.indexed_dataset:> total number of documents: 1012500
 0: INFO:megatron.core.datasets.gpt_dataset:	Load the shuffle index from 18eb74ef791cf354c6c4e825f9c07103-GPTDataset-train-shuffle_index.npy
 0: INFO:megatron.core.datasets.indexed_dataset:	Extract the sequence lengths
 0: INFO:megatron.core.datasets.indexed_dataset:	Extract the sequence pointers
 0: INFO:megatron.core.datasets.indexed_dataset:	Extract the document indices
 0: INFO:megatron.core.datasets.indexed_dataset:Load the _IndexReader from /iopsstor/scratch/cscs/elyulina/datasets/tokenized/fineweb-edu-dedup-160B-datatrove_0.25/dump_1/00015_tokens.idx
 0: INFO:megatron.core.datasets.indexed_dataset:> total number of sequences: 1012500
 0: INFO:megatron.core.datasets.gpt_dataset:	Load the shuffle index from d8c9f76e77105b25cb474961139e85bf-GPTDataset-train-shuffle_index.npy
 0: INFO:megatron.core.datasets.indexed_dataset:> total number of documents: 1012500
 0: INFO:megatron.core.datasets.gpt_dataset:Load the GPTDataset train indices
 0: INFO:megatron.core.datasets.gpt_dataset:	Load the shuffle index from ec880b1266d2fa781596289e07cdd47f-GPTDataset-train-shuffle_index.npy
 0: INFO:megatron.core.datasets.indexed_dataset:Load the _IndexReader from /iopsstor/scratch/cscs/elyulina/datasets/tokenized/fineweb-edu-dedup-160B-datatrove_0.25/dump_1/00016_tokens.idx
 0: INFO:megatron.core.datasets.gpt_dataset:	Load the document index from 4dcce04223dd129e022ef40378fbbc20-GPTDataset-train-document_index.npy
 0: INFO:megatron.core.datasets.gpt_dataset:> total number of samples: 122119
 0: INFO:megatron.core.datasets.gpt_dataset:Load the GPTDataset train indices
 0: INFO:megatron.core.datasets.gpt_dataset:	Load the document index from 51477fbac4d42a6bee3a42fa65d0a6da-GPTDataset-train-document_index.npy
 0: INFO:megatron.core.datasets.gpt_dataset:> total number of samples: 122180
 0: INFO:megatron.core.datasets.gpt_dataset:> total number of samples: 122269
 0: INFO:megatron.core.datasets.gpt_dataset:Load the GPTDataset train indices
 0: INFO:megatron.core.datasets.indexed_dataset:Load the _IndexReader from /iopsstor/scratch/cscs/elyulina/datasets/tokenized/fineweb-edu-dedup-160B-datatrove_0.25/dump_1/00017_tokens.idx
 0: INFO:megatron.core.datasets.gpt_dataset:	Load the document index from 2517f301bcf76445b95b99a2a4674ac3-GPTDataset-train-document_index.npy
 0: INFO:megatron.core.datasets.indexed_dataset:Load the _IndexReader from /iopsstor/scratch/cscs/elyulina/datasets/tokenized/fineweb-edu-dedup-160B-datatrove_0.25/dump_1/00018_tokens.idx
 0: INFO:megatron.core.datasets.indexed_dataset:	Extract the sequence lengths
 0: INFO:megatron.core.datasets.indexed_dataset:	Extract the sequence pointers
 0: INFO:megatron.core.datasets.indexed_dataset:	Extract the document indices
 0: INFO:megatron.core.datasets.indexed_dataset:> total number of sequences: 1015000
 0: INFO:megatron.core.datasets.indexed_dataset:> total number of documents: 1015000
 0: INFO:megatron.core.datasets.gpt_dataset:	Load the sample index from 4dcce04223dd129e022ef40378fbbc20-GPTDataset-train-sample_index.npy
 0: INFO:megatron.core.datasets.indexed_dataset:Load the _IndexReader from /iopsstor/scratch/cscs/elyulina/datasets/tokenized/fineweb-edu-dedup-160B-datatrove_0.25/dump_1/00019_tokens.idx
 0: INFO:megatron.core.datasets.gpt_dataset:	Load the sample index from 51477fbac4d42a6bee3a42fa65d0a6da-GPTDataset-train-sample_index.npy
 0: INFO:megatron.core.datasets.indexed_dataset:	Extract the sequence lengths
 0: INFO:megatron.core.datasets.indexed_dataset:	Extract the sequence pointers
 0: INFO:megatron.core.datasets.indexed_dataset:	Extract the document indices
 0: INFO:megatron.core.datasets.indexed_dataset:> total number of sequences: 1015000
 0: INFO:megatron.core.datasets.indexed_dataset:> total number of documents: 1015000
 0: INFO:megatron.core.datasets.gpt_dataset:	Load the sample index from 2517f301bcf76445b95b99a2a4674ac3-GPTDataset-train-sample_index.npy
 0: INFO:megatron.core.datasets.indexed_dataset:	Extract the sequence lengths
 0: INFO:megatron.core.datasets.indexed_dataset:	Extract the sequence pointers
 0: INFO:megatron.core.datasets.gpt_dataset:Load the GPTDataset train indices
 0: INFO:megatron.core.datasets.indexed_dataset:	Extract the sequence lengths
 0: INFO:megatron.core.datasets.indexed_dataset:	Extract the document indices
 0: INFO:megatron.core.datasets.gpt_dataset:	Load the document index from 4119d912769d7dd2764189b9728ba7a4-GPTDataset-train-document_index.npy
 0: INFO:megatron.core.datasets.indexed_dataset:	Extract the sequence pointers
 0: INFO:megatron.core.datasets.indexed_dataset:> total number of sequences: 1015000
 0: INFO:megatron.core.datasets.indexed_dataset:	Extract the document indices
 0: INFO:megatron.core.datasets.indexed_dataset:> total number of documents: 1015000
 0: INFO:megatron.core.datasets.indexed_dataset:> total number of sequences: 1015000
 0: INFO:megatron.core.datasets.indexed_dataset:> total number of documents: 1015000
 0: INFO:megatron.core.datasets.gpt_dataset:	Load the shuffle index from 51477fbac4d42a6bee3a42fa65d0a6da-GPTDataset-train-shuffle_index.npy
 0: INFO:megatron.core.datasets.gpt_dataset:Load the GPTDataset train indices
 0: INFO:megatron.core.datasets.gpt_dataset:	Load the document index from 735498d3fc8e83d233d3bc6ef4d16784-GPTDataset-train-document_index.npy
 0: INFO:megatron.core.datasets.indexed_dataset:	Extract the sequence lengths
 0: INFO:megatron.core.datasets.indexed_dataset:	Extract the sequence pointers
 0: INFO:megatron.core.datasets.indexed_dataset:	Extract the document indices
 0: INFO:megatron.core.datasets.indexed_dataset:> total number of sequences: 1015855
 0: INFO:megatron.core.datasets.indexed_dataset:> total number of documents: 1015855
 0: INFO:megatron.core.datasets.gpt_dataset:	Load the shuffle index from 2517f301bcf76445b95b99a2a4674ac3-GPTDataset-train-shuffle_index.npy
 0: INFO:megatron.core.datasets.gpt_dataset:Load the GPTDataset train indices
 0: INFO:megatron.core.datasets.gpt_dataset:	Load the document index from 646f8a5da24f8687ef7d72c6ae922660-GPTDataset-train-document_index.npy
 0: INFO:megatron.core.datasets.gpt_dataset:> total number of samples: 122203
 0: INFO:megatron.core.datasets.gpt_dataset:Load the GPTDataset train indices
 0: INFO:megatron.core.datasets.gpt_dataset:	Load the document index from 97c6736a8e51cb7297a30b00fc337ae9-GPTDataset-train-document_index.npy
 0: INFO:megatron.core.datasets.gpt_dataset:Load the GPTDataset train indices
 0: INFO:megatron.core.datasets.gpt_dataset:	Load the document index from 8f448dad54688b59f36a542020b7de3b-GPTDataset-train-document_index.npy
 0: INFO:megatron.core.datasets.gpt_dataset:	Load the shuffle index from 4dcce04223dd129e022ef40378fbbc20-GPTDataset-train-shuffle_index.npy
 0: INFO:megatron.core.datasets.indexed_dataset:Load the _IndexReader from /iopsstor/scratch/cscs/elyulina/datasets/tokenized/gutenberg_rep_1_256/rep_128_tokens.idx
 0: INFO:megatron.core.datasets.gpt_dataset:> total number of samples: 122288
 0: INFO:megatron.core.datasets.gpt_dataset:	Load the sample index from 735498d3fc8e83d233d3bc6ef4d16784-GPTDataset-train-sample_index.npy
 0: INFO:megatron.core.datasets.indexed_dataset:Load the _IndexReader from /iopsstor/scratch/cscs/elyulina/datasets/tokenized/gutenberg_rep_1_256/rep_16_tokens.idx
 0: INFO:megatron.core.datasets.gpt_dataset:> total number of samples: 122285
 0: INFO:megatron.core.datasets.gpt_dataset:	Load the sample index from 646f8a5da24f8687ef7d72c6ae922660-GPTDataset-train-sample_index.npy
 0: INFO:megatron.core.datasets.gpt_dataset:	Load the sample index from 97c6736a8e51cb7297a30b00fc337ae9-GPTDataset-train-sample_index.npy
 0: INFO:megatron.core.datasets.gpt_dataset:	Load the sample index from 8f448dad54688b59f36a542020b7de3b-GPTDataset-train-sample_index.npy
 0: INFO:megatron.core.datasets.gpt_dataset:	Load the shuffle index from 735498d3fc8e83d233d3bc6ef4d16784-GPTDataset-train-shuffle_index.npy
 0: INFO:megatron.core.datasets.indexed_dataset:	Extract the sequence lengths
 0: INFO:megatron.core.datasets.indexed_dataset:	Extract the sequence pointers
 0: INFO:megatron.core.datasets.indexed_dataset:	Extract the document indices
 0: INFO:megatron.core.datasets.indexed_dataset:	Extract the sequence lengths
 0: INFO:megatron.core.datasets.indexed_dataset:> total number of sequences: 84480
 0: INFO:megatron.core.datasets.indexed_dataset:	Extract the sequence pointers
 0: INFO:megatron.core.datasets.indexed_dataset:> total number of documents: 84480
 0: INFO:megatron.core.datasets.indexed_dataset:	Extract the document indices
 0: INFO:megatron.core.datasets.indexed_dataset:Load the _IndexReader from /iopsstor/scratch/cscs/elyulina/datasets/tokenized/gutenberg_rep_1_256/rep_1_tokens.idx
 0: INFO:megatron.core.datasets.indexed_dataset:> total number of sequences: 10560
 0: INFO:megatron.core.datasets.indexed_dataset:> total number of documents: 10560
 0: INFO:megatron.core.datasets.gpt_dataset:	Load the shuffle index from 97c6736a8e51cb7297a30b00fc337ae9-GPTDataset-train-shuffle_index.npy
 0: INFO:megatron.core.datasets.gpt_dataset:	Load the shuffle index from 646f8a5da24f8687ef7d72c6ae922660-GPTDataset-train-shuffle_index.npy
 0: INFO:megatron.core.datasets.gpt_dataset:	Load the shuffle index from 8f448dad54688b59f36a542020b7de3b-GPTDataset-train-shuffle_index.npy
 0: INFO:megatron.core.datasets.gpt_dataset:Load the GPTDataset train indices
 0: INFO:megatron.core.datasets.gpt_dataset:	Load the document index from 4c16a1837e544df41c5501d810f0483b-GPTDataset-train-document_index.npy
 0: INFO:megatron.core.datasets.gpt_dataset:Load the GPTDataset train indices
 0: INFO:megatron.core.datasets.gpt_dataset:	Load the document index from 58357e396bc903398b108127186cfe71-GPTDataset-train-document_index.npy
 0: INFO:megatron.core.datasets.gpt_dataset:> total number of samples: 122266
 0: INFO:megatron.core.datasets.gpt_dataset:> total number of samples: 122428
 0: INFO:megatron.core.datasets.gpt_dataset:	Load the sample index from 58357e396bc903398b108127186cfe71-GPTDataset-train-sample_index.npy
 0: INFO:megatron.core.datasets.gpt_dataset:	Load the sample index from 4c16a1837e544df41c5501d810f0483b-GPTDataset-train-sample_index.npy
 0: INFO:megatron.core.datasets.indexed_dataset:Load the _IndexReader from /iopsstor/scratch/cscs/elyulina/datasets/tokenized/gutenberg_rep_1_256/rep_256_tokens.idx
 0: INFO:megatron.core.datasets.indexed_dataset:Load the _IndexReader from /iopsstor/scratch/cscs/elyulina/datasets/tokenized/gutenberg_rep_1_256/rep_2_tokens.idx
 0: INFO:megatron.core.datasets.gpt_dataset:	Load the shuffle index from 58357e396bc903398b108127186cfe71-GPTDataset-train-shuffle_index.npy
 0: INFO:megatron.core.datasets.gpt_dataset:> total number of samples: 121920
 0: INFO:megatron.core.datasets.indexed_dataset:	Extract the sequence lengths
 0: INFO:megatron.core.datasets.indexed_dataset:	Extract the sequence pointers
 0: INFO:megatron.core.datasets.indexed_dataset:	Extract the document indices
 0: INFO:megatron.core.datasets.indexed_dataset:> total number of sequences: 1320
 0: INFO:megatron.core.datasets.indexed_dataset:> total number of documents: 1320
 0: INFO:megatron.core.datasets.gpt_dataset:	Load the shuffle index from 4c16a1837e544df41c5501d810f0483b-GPTDataset-train-shuffle_index.npy
 0: INFO:megatron.core.datasets.gpt_dataset:> total number of samples: 10559
 0: INFO:megatron.core.datasets.indexed_dataset:Load the _IndexReader from /iopsstor/scratch/cscs/elyulina/datasets/tokenized/gutenberg_rep_1_256/rep_32_tokens.idx
 0: INFO:megatron.core.datasets.indexed_dataset:Load the _IndexReader from /iopsstor/scratch/cscs/elyulina/datasets/tokenized/gutenberg_rep_1_256/rep_4_tokens.idx
 0: INFO:megatron.core.datasets.gpt_dataset:Load the GPTDataset train indices
 0: INFO:megatron.core.datasets.gpt_dataset:	Load the document index from 46ee332eec9875644221f09c70a2b5e9-GPTDataset-train-document_index.npy
 0: INFO:megatron.core.datasets.gpt_dataset:> total number of samples: 84479
 0: INFO:megatron.core.datasets.indexed_dataset:	Extract the sequence lengths
 0: INFO:megatron.core.datasets.indexed_dataset:	Extract the sequence pointers
 0: INFO:megatron.core.datasets.indexed_dataset:	Extract the document indices
 0: INFO:megatron.core.datasets.indexed_dataset:> total number of sequences: 21120
 0: INFO:megatron.core.datasets.indexed_dataset:> total number of documents: 21120
 0: INFO:megatron.core.datasets.indexed_dataset:	Extract the sequence lengths
 0: INFO:megatron.core.datasets.indexed_dataset:	Extract the sequence pointers
 0: INFO:megatron.core.datasets.indexed_dataset:	Extract the document indices
 0: INFO:megatron.core.datasets.indexed_dataset:> total number of sequences: 2640
 0: INFO:megatron.core.datasets.gpt_dataset:	Load the sample index from 46ee332eec9875644221f09c70a2b5e9-GPTDataset-train-sample_index.npy
 0: INFO:megatron.core.datasets.indexed_dataset:> total number of documents: 2640
 0: INFO:megatron.core.datasets.indexed_dataset:Load the _IndexReader from /iopsstor/scratch/cscs/elyulina/datasets/tokenized/gutenberg_rep_1_256/rep_64_tokens.idx
 0: INFO:megatron.core.datasets.indexed_dataset:	Extract the sequence lengths
 0: INFO:megatron.core.datasets.indexed_dataset:	Extract the sequence pointers
 0: INFO:megatron.core.datasets.indexed_dataset:	Extract the document indices
 0: INFO:megatron.core.datasets.indexed_dataset:> total number of sequences: 660
 0: INFO:megatron.core.datasets.indexed_dataset:> total number of documents: 660
 0: INFO:megatron.core.datasets.gpt_dataset:Load the GPTDataset train indices
 0: INFO:megatron.core.datasets.gpt_dataset:> total number of samples: 122255
 0: INFO:megatron.core.datasets.gpt_dataset:	Load the document index from c49dc5fdf45deaed057f8655a5bcd9c8-GPTDataset-train-document_index.npy
 0: INFO:megatron.core.datasets.indexed_dataset:	Extract the sequence lengths
 0: INFO:megatron.core.datasets.indexed_dataset:	Extract the sequence pointers
 0: INFO:megatron.core.datasets.indexed_dataset:	Extract the document indices
 0: INFO:megatron.core.datasets.gpt_dataset:Load the GPTDataset train indices
 0: INFO:megatron.core.datasets.gpt_dataset:	Load the shuffle index from 46ee332eec9875644221f09c70a2b5e9-GPTDataset-train-shuffle_index.npy
 0: INFO:megatron.core.datasets.indexed_dataset:> total number of sequences: 168960
 0: INFO:megatron.core.datasets.gpt_dataset:	Load the document index from 5b694166f50bff94db4826ec63175b6f-GPTDataset-train-document_index.npy
 0: INFO:megatron.core.datasets.gpt_dataset:	Load the sample index from 4119d912769d7dd2764189b9728ba7a4-GPTDataset-train-sample_index.npy
 0: INFO:megatron.core.datasets.indexed_dataset:> total number of documents: 168960
 0: INFO:megatron.core.datasets.indexed_dataset:Load the _IndexReader from /iopsstor/scratch/cscs/elyulina/datasets/tokenized/gutenberg_rep_1_256/rep_8_tokens.idx
 0: INFO:megatron.core.datasets.gpt_dataset:Load the GPTDataset train indices
 0: INFO:megatron.core.datasets.gpt_dataset:	Load the document index from d1c1121ed9df87aebe8285b37c9e686a-GPTDataset-train-document_index.npy
 0: INFO:megatron.core.datasets.indexed_dataset:	Extract the sequence lengths
 0: INFO:megatron.core.datasets.indexed_dataset:	Extract the sequence pointers
 0: INFO:megatron.core.datasets.indexed_dataset:	Extract the document indices
 0: INFO:megatron.core.datasets.indexed_dataset:> total number of sequences: 42240
 0: INFO:megatron.core.datasets.indexed_dataset:> total number of documents: 42240
 0: INFO:megatron.core.datasets.gpt_dataset:	Load the sample index from c49dc5fdf45deaed057f8655a5bcd9c8-GPTDataset-train-sample_index.npy
 0: INFO:megatron.core.datasets.gpt_dataset:Load the GPTDataset train indices
 0: INFO:megatron.core.datasets.gpt_dataset:	Load the document index from eeadb232e6d0257db74b15ca120d2603-GPTDataset-train-document_index.npy
 0: INFO:megatron.core.datasets.gpt_dataset:	Load the sample index from d1c1121ed9df87aebe8285b37c9e686a-GPTDataset-train-sample_index.npy
 0: INFO:megatron.core.datasets.gpt_dataset:> total number of samples: 1319
 0: INFO:megatron.core.datasets.indexed_dataset:	Extract the sequence lengths
 0: INFO:megatron.core.datasets.indexed_dataset:	Extract the sequence pointers
 0: INFO:megatron.core.datasets.gpt_dataset:	Load the sample index from 5b694166f50bff94db4826ec63175b6f-GPTDataset-train-sample_index.npy
 0: INFO:megatron.core.datasets.indexed_dataset:	Extract the document indices
 0: INFO:megatron.core.datasets.gpt_dataset:Load the GPTDataset train indices
 0: INFO:megatron.core.datasets.indexed_dataset:> total number of sequences: 5280
 0: INFO:megatron.core.datasets.gpt_dataset:	Load the shuffle index from 4119d912769d7dd2764189b9728ba7a4-GPTDataset-train-shuffle_index.npy
 0: INFO:megatron.core.datasets.gpt_dataset:	Load the document index from c0eb8ca9c4c46c33f7c4217485796c74-GPTDataset-train-document_index.npy
 0: INFO:megatron.core.datasets.indexed_dataset:> total number of documents: 5280
 0: INFO:megatron.core.datasets.gpt_dataset:	Load the shuffle index from d1c1121ed9df87aebe8285b37c9e686a-GPTDataset-train-shuffle_index.npy
 0: INFO:megatron.core.datasets.gpt_dataset:	Load the sample index from eeadb232e6d0257db74b15ca120d2603-GPTDataset-train-sample_index.npy
 0: INFO:megatron.core.datasets.gpt_dataset:	Load the shuffle index from 5b694166f50bff94db4826ec63175b6f-GPTDataset-train-shuffle_index.npy
 0: INFO:megatron.core.datasets.gpt_dataset:	Load the shuffle index from c49dc5fdf45deaed057f8655a5bcd9c8-GPTDataset-train-shuffle_index.npy
 0: INFO:megatron.core.datasets.gpt_dataset:Load the GPTDataset train indices
 0: INFO:megatron.core.datasets.gpt_dataset:	Load the document index from f0101a762fa30ab122300eb8327bbcc6-GPTDataset-train-document_index.npy
 0: INFO:megatron.core.datasets.gpt_dataset:	Load the sample index from c0eb8ca9c4c46c33f7c4217485796c74-GPTDataset-train-sample_index.npy
 0: INFO:megatron.core.datasets.gpt_dataset:> total number of samples: 121918
 0: INFO:megatron.core.datasets.gpt_dataset:> total number of samples: 659
 0: INFO:megatron.core.datasets.gpt_dataset:> total number of samples: 2639
 0: INFO:megatron.core.datasets.gpt_dataset:	Load the sample index from f0101a762fa30ab122300eb8327bbcc6-GPTDataset-train-sample_index.npy
 0: INFO:megatron.core.datasets.gpt_dataset:	Load the shuffle index from eeadb232e6d0257db74b15ca120d2603-GPTDataset-train-shuffle_index.npy
 0: INFO:megatron.core.datasets.gpt_dataset:	Load the shuffle index from c0eb8ca9c4c46c33f7c4217485796c74-GPTDataset-train-shuffle_index.npy
 0: INFO:megatron.core.datasets.gpt_dataset:> total number of samples: 21119
 0: INFO:megatron.core.datasets.gpt_dataset:	Load the shuffle index from f0101a762fa30ab122300eb8327bbcc6-GPTDataset-train-shuffle_index.npy
 0: INFO:megatron.core.datasets.gpt_dataset:> total number of samples: 42239
 0: INFO:megatron.core.datasets.gpt_dataset:> total number of samples: 168959
 0: INFO:megatron.core.datasets.gpt_dataset:> total number of samples: 5279
 0: INFO:megatron.core.datasets.blended_dataset:Load the BlendedDataset indices
 0: INFO:megatron.core.datasets.blended_dataset:	Load the dataset index from /iopsstor/scratch/cscs/elyulina/datasets/cache/16555bc74714ab2930bf01910f4f668a-BlendedDataset-train-dataset_index.npy
 0: INFO:megatron.core.datasets.blended_dataset:	Load the dataset sample index from /iopsstor/scratch/cscs/elyulina/datasets/cache/16555bc74714ab2930bf01910f4f668a-BlendedDataset-train-dataset_sample_index.npy
 0: > finished creating GPT datasets ...
 0: [after dataloaders are built] datetime: 2026-09-03 17:26:05.030182 
 0: done with setup ...
 0: training ...
31: INFO:megatron.core.timers:(min, max) time across ranks (ms):
31:     model-and-optimizer-setup ......................: (1118.80, 1119.29)
31:     train/valid/test-data-iterators-setup ..........: (1707.46, 1753.69)
 0: Overwriting rerun_state_machine.current_iteration from -1 to 0...
 0: [before the start of training step] datetime: 2026-09-03 17:26:05.136540 
 0: 
 0: ### Test: mask_structure ###
 0: [SKIP] mask_structure: seq_len=8192 > 512 (O(n²) check + ASCII print not feasible; run with a short seq_len to verify mask structure)
 0: 
 0: ### Test: loss_isolation ###
 0: 
 0:   use_packed_seq_params=True  reset_position_ids=True  transformer_impl=transformer_engine  micro_batch_size=3
 0:   prefix_A[:4]=[119845, 124139, 10124, 55368]  prefix_B[:4]=[71848, 41487, 120301, 41544]
 0:   intra-row (cross-doc) max_diff=0.000000  mean_diff=0.000000
 0:   swap row 0: max_diff on rows 1..2 = 0.000000
 0:   swap row 1: max_diff on rows 2..2 = 0.000000
 0:   cross-row (cross-batch) max_diff=0.000000
 0: [PASS] loss_isolation: doc_diff=0.000000  row_diff=0.000000  (both < 0.0001) → docs & rows isolated
 0: 
 0: ### Test: position_ids_reset ###
 0:   reset_position_ids=True  unique=2732/8192
 0:   position_ids[:24]=[0, 1, 2, 3, 4, 5, 6, 7, 8, 9, 10, 11, 12, 13, 14, 15, 16, 17, 18, 19, 20, 21, 22, 23]
 0: [PASS] position_ids_reset: positions reset to 0 at each document boundary
 0: 
 0: ### Test: param_disturbance ###
 0: 
 0:   module.module.decoder.layers.0.self_attention.A_log: max_diff=4.670870
 0:   module.module.decoder.layers.0.self_attention.dt_bias: max_diff=3.508715
 0:   module.module.decoder.layers.0.self_attention.conv1d.weight: max_diff=4.968229
 0:   module.module.decoder.layers.0.self_attention.in_proj[z]: max_diff=5.347382
 0:   module.module.decoder.layers.0.self_attention.in_proj[beta]: max_diff=5.357149
 0:   module.module.decoder.layers.0.self_attention.in_proj[alpha]: max_diff=4.274117
 0:   module.module.decoder.layers.1.self_attention.A_log: max_diff=1.329011
 0:   module.module.decoder.layers.1.self_attention.dt_bias: max_diff=1.023836
 0:   module.module.decoder.layers.1.self_attention.conv1d.weight: max_diff=4.238442
 0:   module.module.decoder.layers.1.self_attention.in_proj[z]: max_diff=4.178806
 0:   module.module.decoder.layers.1.self_attention.in_proj[beta]: max_diff=2.702062
 0:   module.module.decoder.layers.1.self_attention.in_proj[alpha]: max_diff=2.921539
 0:   module.module.decoder.layers.2.self_attention.A_log: max_diff=0.848938
 0:   module.module.decoder.layers.2.self_attention.dt_bias: max_diff=0.743225
 0:   module.module.decoder.layers.2.self_attention.conv1d.weight: max_diff=3.328590
 0:   module.module.decoder.layers.2.self_attention.in_proj[z]: max_diff=4.640410
 0:   module.module.decoder.layers.2.self_attention.in_proj[beta]: max_diff=1.502647
 0:   module.module.decoder.layers.2.self_attention.in_proj[alpha]: max_diff=1.981522
 0:   module.module.decoder.layers.4.self_attention.A_log: max_diff=0.357396
 0:   module.module.decoder.layers.4.self_attention.dt_bias: max_diff=0.326147
 0:   module.module.decoder.layers.4.self_attention.conv1d.weight: max_diff=2.288425
 0:   module.module.decoder.layers.4.self_attention.in_proj[z]: max_diff=4.527806
 0:   module.module.decoder.layers.4.self_attention.in_proj[beta]: max_diff=0.975038
 0:   module.module.decoder.layers.4.self_attention.in_proj[alpha]: max_diff=1.192738
 0:   module.module.decoder.layers.5.self_attention.A_log: max_diff=0.506403
 0:   module.module.decoder.layers.5.self_attention.dt_bias: max_diff=0.350388
 0:   module.module.decoder.layers.5.self_attention.conv1d.weight: max_diff=1.983412
 0:   module.module.decoder.layers.5.self_attention.in_proj[z]: max_diff=4.683659
 0:   module.module.decoder.layers.5.self_attention.in_proj[beta]: max_diff=0.679958
 0:   module.module.decoder.layers.5.self_attention.in_proj[alpha]: max_diff=0.846326
 0:   module.module.decoder.layers.6.self_attention.A_log: max_diff=0.353061
 0:   module.module.decoder.layers.6.self_attention.dt_bias: max_diff=0.305985
 0:   module.module.decoder.layers.6.self_attention.conv1d.weight: max_diff=1.924602
 0:   module.module.decoder.layers.6.self_attention.in_proj[z]: max_diff=4.402522
 0:   module.module.decoder.layers.6.self_attention.in_proj[beta]: max_diff=0.499738
 0:   module.module.decoder.layers.6.self_attention.in_proj[alpha]: max_diff=0.693915
 0:   module.module.decoder.layers.8.self_attention.A_log: max_diff=0.309270
 0:   module.module.decoder.layers.8.self_attention.dt_bias: max_diff=0.245693
 0:   module.module.decoder.layers.8.self_attention.conv1d.weight: max_diff=1.298325
 0:   module.module.decoder.layers.8.self_attention.in_proj[z]: max_diff=4.988537
 0:   module.module.decoder.layers.8.self_attention.in_proj[beta]: max_diff=0.464604
 0:   module.module.decoder.layers.8.self_attention.in_proj[alpha]: max_diff=0.628977
 0:   module.module.decoder.layers.9.self_attention.A_log: max_diff=0.239186
 0:   module.module.decoder.layers.9.self_attention.dt_bias: max_diff=0.152532
 0:   module.module.decoder.layers.9.self_attention.conv1d.weight: max_diff=1.301529
 0:   module.module.decoder.layers.9.self_attention.in_proj[z]: max_diff=4.813790
 0:   module.module.decoder.layers.9.self_attention.in_proj[beta]: max_diff=0.374998
 0:   module.module.decoder.layers.9.self_attention.in_proj[alpha]: max_diff=0.541765
 0:   module.module.decoder.layers.10.self_attention.A_log: max_diff=0.203081
 0:   module.module.decoder.layers.10.self_attention.dt_bias: max_diff=0.132835
 0:   module.module.decoder.layers.10.self_attention.conv1d.weight: max_diff=1.077659
 0:   module.module.decoder.layers.10.self_attention.in_proj[z]: max_diff=3.987924
 0:   module.module.decoder.layers.10.self_attention.in_proj[beta]: max_diff=0.332879
 0:   module.module.decoder.layers.10.self_attention.in_proj[alpha]: max_diff=0.519282
 0:   module.module.decoder.layers.12.self_attention.A_log: max_diff=0.183220
 0:   module.module.decoder.layers.12.self_attention.dt_bias: max_diff=0.124793
 0:   module.module.decoder.layers.12.self_attention.conv1d.weight: max_diff=0.962699
 0:   module.module.decoder.layers.12.self_attention.in_proj[z]: max_diff=4.046888
 0:   module.module.decoder.layers.12.self_attention.in_proj[beta]: max_diff=0.350314
 0:   module.module.decoder.layers.12.self_attention.in_proj[alpha]: max_diff=0.351624
 0:   module.module.decoder.layers.13.self_attention.A_log: max_diff=0.133199
 0:   module.module.decoder.layers.13.self_attention.dt_bias: max_diff=0.108140
 0:   module.module.decoder.layers.13.self_attention.conv1d.weight: max_diff=0.761269
 0:   module.module.decoder.layers.13.self_attention.in_proj[z]: max_diff=4.447801
 0:   module.module.decoder.layers.13.self_attention.in_proj[beta]: max_diff=0.250202
 0:   module.module.decoder.layers.13.self_attention.in_proj[alpha]: max_diff=0.366835
 0:   module.module.decoder.layers.14.self_attention.A_log: max_diff=0.140298
 0:   module.module.decoder.layers.14.self_attention.dt_bias: max_diff=0.109282
 0:   module.module.decoder.layers.14.self_attention.conv1d.weight: max_diff=0.749383
 0:   module.module.decoder.layers.14.self_attention.in_proj[z]: max_diff=4.350224
 0:   module.module.decoder.layers.14.self_attention.in_proj[beta]: max_diff=0.249426
 0:   module.module.decoder.layers.14.self_attention.in_proj[alpha]: max_diff=0.312684
 0: [PASS] param_disturbance: all 72 targets affect output → wired into forward
 0: 
 0: ### Test: linear_qkv_shape ###
 0: 
 0:   expected: gated=5120  standard=3072  (nh=32, nkvh=8, kv_channels=64, tp=1)
 0:   module.module.decoder.layers.3.self_attention.linear_qkv: weight.shape[0]=5120
 0:   module.module.decoder.layers.7.self_attention.linear_qkv: weight.shape[0]=5120
 0:   module.module.decoder.layers.11.self_attention.linear_qkv: weight.shape[0]=5120
 0:   module.module.decoder.layers.15.self_attention.linear_qkv: weight.shape[0]=5120
 0: [PASS] linear_qkv_shape: all 4 linear_qkv modules have 4× output dim
 0: 
 0: ### Test: gated_output_sensitivity ###
 0:   max_diff (gate vs identity): 1.064564
 0: [PASS] gated_output_sensitivity: gate affects output → wired into attention computation
 0: 
 0: ### Test: softmax_offset_param ###
 0: [FAIL] softmax_offset_param: no sink parameter found (expected 'softmax_offset' or 'sink')
 0: 
 0: ### Test: sink_output_sensitivity ###
 0: 
 0: [FAIL] sink_output_sensitivity: no sink parameter found (expected 'softmax_offset' or 'sink')
 0: 
 0: ### Test: softmax_offset_init_values ###
 0: 
 0: [FAIL] softmax_offset_init_values: no sink parameter found
 0: 
 0: ### Test: norm_decomposition ###
 0: 
 0:   softmax_offset  (this rank): norm=0.000
 0:   all other params (this rank): norm=690.145
 0:   combined         (this rank): norm=690.145
 0:   note: Megatron's logged 'params norm' all-reduces across TP/PP groups and skips TP-duplicate params — compare rank 0 combined with the logged value
 0: [PASS] norm_decomposition: diagnostic complete
 0: 
 0: ### Test: gradient_flows ###
 0: [FAIL] gradient_flows: no sink parameter found
 0: 
 0: ### Summary ###
 0: 
 0: suite=xdoc_mask   expected=PASS  ->  PASS  [OK]
 0:     PASS   test_mask_structure
 0: suite=xdoc_loss   expected=PASS  ->  PASS  [OK]
 0:     PASS   test_loss_isolation
 0: suite=xdoc_position_ids   expected=PASS  ->  PASS  [OK]
 0:     PASS   test_position_ids_reset
 0: suite=gdn   expected=PASS  ->  PASS  [OK]
 0:     PASS   test_param_disturbance
 0: suite=gated   expected=PASS  ->  PASS  [OK]
 0:     PASS   test_linear_qkv_shape
 0:     PASS   test_gated_output_sensitivity
 0: suite=sink   expected=FAIL  ->  FAIL  [OK]
 0:     FAIL   test_softmax_offset_param
 0:     FAIL   test_sink_output_sensitivity
 0:     [diag] test_softmax_offset_init_values  (FAIL, not counted)
 0:     [diag] test_norm_decomposition  (PASS, not counted)
 0:     FAIL   test_gradient_flows
 0: 
 0: ### Verdict: ALL 6 SUITE(S) AS EXPECTED ###
 0: 
END TIME: Thu Sep  3 17:29:02 CEST 2026
Done. Results in /iopsstor/scratch/cscs/elyulina/Megatron-LM-Attention-Benchmark/attn_bench/results/pretrain/fineweb-40B_gutenberg-3B/test-llama3-1b-hybrid-qwen-scf1-fineweb40B-gutenberg3B
